solid OpenSCAD_Model
  facet normal 0 0 -1
    outer loop
      vertex -3.713444716953196 -4.839455375776534 0
      vertex -3.3184291436709463 -1.6364681538103047 0
      vertex -3.3889784214195733 -5.071964635045526 0
    endloop
  endfacet
  facet normal 0 0 -1
    outer loop
      vertex -3.3889784214195733 -5.071964635045526 0
      vertex -2.93540735907757 -2.2524172873322663 0
      vertex -3.05 -5.282754963085075 0
    endloop
  endfacet
  facet normal 0 0 -1
    outer loop
      vertex -3.3889784214195733 -5.071964635045526 0
      vertex -3.076437565519417 -2.055609862172528 0
      vertex -2.93540735907757 -2.2524172873322663 0
    endloop
  endfacet
  facet normal -0.773010453362736 -0.6343932841636467 0
    outer loop
      vertex -4.586222825621761 -4.02200947211042 0
      vertex -4.839455375776534 -3.713444716953196 2
      vertex -4.839455375776534 -3.713444716953196 0
    endloop
  endfacet
  facet normal -0.8128466845916155 -0.5824776968678019 0
    outer loop
      vertex -5.071964635045526 -3.3889784214195733 0
      vertex -4.839455375776534 -3.713444716953196 0
      vertex -5.071964635045526 -3.3889784214195733 2
    endloop
  endfacet
  facet normal -0.8492021815265791 -0.5280678506503677 0
    outer loop
      vertex -5.071964635045526 -3.3889784214195733 0
      vertex -5.282754963085075 -3.05 2
      vertex -5.282754963085075 -3.05 0
    endloop
  endfacet
  facet normal -0.6343932841636467 -0.773010453362736 0
    outer loop
      vertex -4.02200947211042 -4.586222825621761 0
      vertex -3.713444716953196 -4.839455375776534 0
      vertex -3.713444716953196 -4.839455375776534 2
    endloop
  endfacet
  facet normal -0.5824776968678019 -0.8128466845916155 0
    outer loop
      vertex -3.713444716953196 -4.839455375776534 0
      vertex -3.3889784214195733 -5.071964635045526 0
      vertex -3.3889784214195733 -5.071964635045526 2
    endloop
  endfacet
  facet normal -0.5280678506503677 -0.8492021815265791 0
    outer loop
      vertex -3.3889784214195733 -5.071964635045526 0
      vertex -3.05 -5.282754963085075 0
      vertex -3.05 -5.282754963085075 2
    endloop
  endfacet
  facet normal -0.7298640726978378 -0.6835923020228691 0
    outer loop
      vertex -4.586222825621761 -4.02200947211042 0
      vertex -4.31335136523794 -4.31335136523794 0
      vertex -4.586222825621761 -4.02200947211042 2
    endloop
  endfacet
  facet normal -0.6835923020228691 -0.7298640726978378 0
    outer loop
      vertex -4.02200947211042 -4.586222825621761 0
      vertex -4.02200947211042 -4.586222825621761 2
      vertex -4.31335136523794 -4.31335136523794 0
    endloop
  endfacet
  facet normal 0 0 -1
    outer loop
      vertex -5.470923723349398 -2.697961010335908 0
      vertex -5.635665148318849 -2.3343689374270475 0
      vertex -5.470923723349398 2.697961010335908 0
    endloop
  endfacet
  facet normal 0 0 -1
    outer loop
      vertex -5.470923723349398 -2.697961010335908 0
      vertex -5.282754963085075 3.05 0
      vertex -5.282754963085075 -3.05 0
    endloop
  endfacet
  facet normal 0 0 -1
    outer loop
      vertex -5.892147540363316 -1.5787961751253765 0
      vertex -5.982790210459705 -1.1900509642983823 0
      vertex -5.892147540363316 1.5787961751253765 0
    endloop
  endfacet
  facet normal 0 0 -1
    outer loop
      vertex -5.776273789920144 -1.9607807383492855 0
      vertex -5.892147540363316 -1.5787961751253765 0
      vertex -5.776273789920144 1.9607807383492855 0
    endloop
  endfacet
  facet normal 0 0 -1
    outer loop
      vertex -5.982790210459705 -1.1900509642983823 0
      vertex -6.047813654380243 -0.7962097725423145 0
      vertex -5.982790210459705 1.1900509642983823 0
    endloop
  endfacet
  facet normal 0 0 -1
    outer loop
      vertex -6.047813654380243 -0.7962097725423145 0
      vertex -6.086939431755481 -0.39895908830387267 0
      vertex -6.047813654380243 0.7962097725423145 0
    endloop
  endfacet
  facet normal 0 0 -1
    outer loop
      vertex -5.635665148318849 -2.3343689374270475 0
      vertex -5.776273789920144 -1.9607807383492855 0
      vertex -5.635665148318849 2.3343689374270475 0
    endloop
  endfacet
  facet normal 0 0 -1
    outer loop
      vertex -5.071964635045526 -3.3889784214195733 0
      vertex -5.282754963085075 -3.05 0
      vertex -5.071964635045526 3.3889784214195733 0
    endloop
  endfacet
  facet normal 0 0 -1
    outer loop
      vertex -4.586222825621761 -4.02200947211042 0
      vertex -4.839455375776534 -3.713444716953196 0
      vertex -4.586222825621761 4.02200947211042 0
    endloop
  endfacet
  facet normal 0 0 -1
    outer loop
      vertex -5.071964635045526 -3.3889784214195733 0
      vertex -4.839455375776534 3.713444716953196 0
      vertex -4.839455375776534 -3.713444716953196 0
    endloop
  endfacet
  facet normal 0 0 -1
    outer loop
      vertex -4.02200947211042 -4.586222825621761 0
      vertex -3.713444716953196 4.839455375776534 0
      vertex -3.713444716953196 -4.839455375776534 0
    endloop
  endfacet
  facet normal 0 0 -1
    outer loop
      vertex -3.713444716953196 -4.839455375776534 0
      vertex -3.5036414791318906 -1.1893260216216979 0
      vertex -3.418354270291761 -1.415928699750832 0
    endloop
  endfacet
  facet normal 0 0 -1
    outer loop
      vertex -3.713444716953196 -4.839455375776534 0
      vertex -3.418354270291761 -1.415928699750832 0
      vertex -3.3184291436709463 -1.6364681538103047 0
    endloop
  endfacet
  facet normal 0 0 -1
    outer loop
      vertex -3.713444716953196 -4.839455375776534 0
      vertex -3.5739255572695523 -0.9576304668793266 0
      vertex -3.5036414791318906 -1.1893260216216979 0
    endloop
  endfacet
  facet normal 0 0 -1
    outer loop
      vertex -3.3889784214195733 -5.071964635045526 0
      vertex -3.3184291436709463 -1.6364681538103047 0
      vertex -3.2042939940024224 -1.8499999999999999 0
    endloop
  endfacet
  facet normal 0 0 -1
    outer loop
      vertex -3.3889784214195733 -5.071964635045526 0
      vertex -3.2042939940024224 -1.8499999999999999 0
      vertex -3.076437565519417 -2.055609862172528 0
    endloop
  endfacet
  facet normal 0 0 -1
    outer loop
      vertex -3.713444716953196 -4.839455375776534 0
      vertex -3.6289055374919523 -0.7218341914596744 0
      vertex -3.5739255572695523 -0.9576304668793266 0
    endloop
  endfacet
  facet normal 0 0 -1
    outer loop
      vertex -3.713444716953196 -4.839455375776534 0
      vertex -3.6683459870830983 -0.4829469112141908 0
      vertex -3.6289055374919523 -0.7218341914596744 0
    endloop
  endfacet
  facet normal 0 0 -1
    outer loop
      vertex -3.713444716953196 -4.839455375776534 0
      vertex -3.692078015982833 -0.2419915781515293 0
      vertex -3.6683459870830983 -0.4829469112141908 0
    endloop
  endfacet
  facet normal 0 0 -1
    outer loop
      vertex -3.713444716953196 -4.839455375776534 0
      vertex -3.6999999999999997 0 0
      vertex -3.692078015982833 -0.2419915781515293 0
    endloop
  endfacet
  facet normal 0 0 -1
    outer loop
      vertex -4.586222825621761 -4.02200947211042 0
      vertex -4.31335136523794 4.31335136523794 0
      vertex -4.31335136523794 -4.31335136523794 0
    endloop
  endfacet
  facet normal 0 0 -1
    outer loop
      vertex -4.02200947211042 -4.586222825621761 0
      vertex -4.31335136523794 -4.31335136523794 0
      vertex -4.02200947211042 4.586222825621761 0
    endloop
  endfacet
  facet normal -0.881921264348355 -0.47139673682599764 0
    outer loop
      vertex -5.470923723349398 -2.697961010335908 0
      vertex -5.282754963085075 -3.05 0
      vertex -5.470923723349398 -2.697961010335908 2
    endloop
  endfacet
  facet normal -0.9108638249211755 -0.4127070298043954 0
    outer loop
      vertex -5.470923723349398 -2.697961010335908 0
      vertex -5.635665148318849 -2.3343689374270475 2
      vertex -5.635665148318849 -2.3343689374270475 0
    endloop
  endfacet
  facet normal -0.935905926757326 -0.35225004792123277 0
    outer loop
      vertex -5.635665148318849 -2.3343689374270475 0
      vertex -5.776273789920144 -1.9607807383492855 2
      vertex -5.776273789920144 -1.9607807383492855 0
    endloop
  endfacet
  facet normal -0.9569403357322087 -0.2902846772544628 0
    outer loop
      vertex -5.776273789920144 -1.9607807383492855 0
      vertex -5.892147540363316 -1.5787961751253765 2
      vertex -5.892147540363316 -1.5787961751253765 0
    endloop
  endfacet
  facet normal -0.9738769792773337 -0.2270762630343726 0
    outer loop
      vertex -5.892147540363316 -1.5787961751253765 0
      vertex -5.982790210459705 -1.1900509642983823 2
      vertex -5.982790210459705 -1.1900509642983823 0
    endloop
  endfacet
  facet normal -0.9866433320848791 -0.1628954733945886 0
    outer loop
      vertex -5.982790210459705 -1.1900509642983823 0
      vertex -6.047813654380243 -0.7962097725423145 2
      vertex -6.047813654380243 -0.7962097725423145 0
    endloop
  endfacet
  facet normal -0.9951847266721968 -0.09801714032956156 0
    outer loop
      vertex -6.047813654380243 -0.7962097725423145 0
      vertex -6.086939431755481 -0.39895908830387267 2
      vertex -6.086939431755481 -0.39895908830387267 0
    endloop
  endfacet
  facet normal -0.9994645874763657 -0.03271908282177562 0
    outer loop
      vertex -6.086939431755481 -0.39895908830387267 0
      vertex -6.1 0 2
      vertex -6.1 0 0
    endloop
  endfacet
  facet normal 0 0 -1
    outer loop
      vertex -2.697961010335908 -5.470923723349398 0
      vertex -2.2524172873322663 -2.93540735907757 0
      vertex -2.3343689374270475 -5.635665148318849 0
    endloop
  endfacet
  facet normal 0 0 -1
    outer loop
      vertex -2.3343689374270475 -5.635665148318849 0
      vertex -1.8499999999999999 -3.2042939940024224 0
      vertex -1.9607807383492855 -5.776273789920144 0
    endloop
  endfacet
  facet normal 0 0 -1
    outer loop
      vertex -1.9607807383492855 -5.776273789920144 0
      vertex -1.415928699750832 -3.418354270291761 0
      vertex -1.5787961751253765 -5.892147540363316 0
    endloop
  endfacet
  facet normal 0 0 -1
    outer loop
      vertex -2.697961010335908 -5.470923723349398 0
      vertex -3.05 -5.282754963085075 0
      vertex -2.616295090390226 -2.616295090390226 0
    endloop
  endfacet
  facet normal 0 0 -1
    outer loop
      vertex -3.05 -5.282754963085075 0
      vertex -2.781807287672216 -2.4395795158702547 0
      vertex -2.616295090390226 -2.616295090390226 0
    endloop
  endfacet
  facet normal 0 0 -1
    outer loop
      vertex -3.05 -5.282754963085075 0
      vertex -2.93540735907757 -2.2524172873322663 0
      vertex -2.781807287672216 -2.4395795158702547 0
    endloop
  endfacet
  facet normal 0 0 -1
    outer loop
      vertex -2.697961010335908 -5.470923723349398 0
      vertex -2.616295090390226 -2.616295090390226 0
      vertex -2.4395795158702547 -2.781807287672216 0
    endloop
  endfacet
  facet normal 0 0 -1
    outer loop
      vertex -2.697961010335908 -5.470923723349398 0
      vertex -2.4395795158702547 -2.781807287672216 0
      vertex -2.2524172873322663 -2.93540735907757 0
    endloop
  endfacet
  facet normal 0 0 -1
    outer loop
      vertex -2.3343689374270475 -5.635665148318849 0
      vertex -2.2524172873322663 -2.93540735907757 0
      vertex -2.055609862172528 -3.076437565519417 0
    endloop
  endfacet
  facet normal 0 0 -1
    outer loop
      vertex -2.3343689374270475 -5.635665148318849 0
      vertex -2.055609862172528 -3.076437565519417 0
      vertex -1.8499999999999999 -3.2042939940024224 0
    endloop
  endfacet
  facet normal 0 0 -1
    outer loop
      vertex -1.9607807383492855 -5.776273789920144 0
      vertex -1.8499999999999999 -3.2042939940024224 0
      vertex -1.6364681538103047 -3.3184291436709463 0
    endloop
  endfacet
  facet normal 0 0 -1
    outer loop
      vertex -1.9607807383492855 -5.776273789920144 0
      vertex -1.6364681538103047 -3.3184291436709463 0
      vertex -1.415928699750832 -3.418354270291761 0
    endloop
  endfacet
  facet normal 0 0 -1
    outer loop
      vertex -1.5787961751253765 -5.892147540363316 0
      vertex -1.1893260216216979 -3.5036414791318906 0
      vertex -1.1900509642983823 -5.982790210459705 0
    endloop
  endfacet
  facet normal 0 0 -1
    outer loop
      vertex -1.1900509642983823 -5.982790210459705 0
      vertex -0.7218341914596744 -3.6289055374919523 0
      vertex -0.7962097725423145 -6.047813654380243 0
    endloop
  endfacet
  facet normal 0 0 -1
    outer loop
      vertex -0.7962097725423145 -6.047813654380243 0
      vertex -0.2419915781515293 -3.692078015982833 0
      vertex -0.39895908830387267 -6.086939431755481 0
    endloop
  endfacet
  facet normal 0 0 -1
    outer loop
      vertex -0.39895908830387267 -6.086939431755481 0
      vertex -0.2419915781515293 -3.692078015982833 0
      vertex 0 -6.1 0
    endloop
  endfacet
  facet normal 0 0 -1
    outer loop
      vertex -1.5787961751253765 -5.892147540363316 0
      vertex -1.415928699750832 -3.418354270291761 0
      vertex -1.1893260216216979 -3.5036414791318906 0
    endloop
  endfacet
  facet normal 0 0 -1
    outer loop
      vertex -1.1900509642983823 -5.982790210459705 0
      vertex -0.9576304668793266 -3.5739255572695523 0
      vertex -0.7218341914596744 -3.6289055374919523 0
    endloop
  endfacet
  facet normal 0 0 -1
    outer loop
      vertex -1.1900509642983823 -5.982790210459705 0
      vertex -1.1893260216216979 -3.5036414791318906 0
      vertex -0.9576304668793266 -3.5739255572695523 0
    endloop
  endfacet
  facet normal 0 0 -1
    outer loop
      vertex -0.7962097725423145 -6.047813654380243 0
      vertex -0.7218341914596744 -3.6289055374919523 0
      vertex -0.4829469112141908 -3.6683459870830983 0
    endloop
  endfacet
  facet normal 0 0 -1
    outer loop
      vertex -0.7962097725423145 -6.047813654380243 0
      vertex -0.4829469112141908 -3.6683459870830983 0
      vertex -0.2419915781515293 -3.692078015982833 0
    endloop
  endfacet
  facet normal 0 0 -1
    outer loop
      vertex 0 -6.1 0
      vertex -0.2419915781515293 -3.692078015982833 0
      vertex 0 -3.6999999999999997 0
    endloop
  endfacet
  facet normal -0.47139673682599764 -0.881921264348355 0
    outer loop
      vertex -2.697961010335908 -5.470923723349398 0
      vertex -2.697961010335908 -5.470923723349398 2
      vertex -3.05 -5.282754963085075 0
    endloop
  endfacet
  facet normal -0.4127070298043954 -0.9108638249211755 0
    outer loop
      vertex -2.697961010335908 -5.470923723349398 0
      vertex -2.3343689374270475 -5.635665148318849 0
      vertex -2.3343689374270475 -5.635665148318849 2
    endloop
  endfacet
  facet normal -0.35225004792123277 -0.935905926757326 0
    outer loop
      vertex -2.3343689374270475 -5.635665148318849 0
      vertex -1.9607807383492855 -5.776273789920144 0
      vertex -1.9607807383492855 -5.776273789920144 2
    endloop
  endfacet
  facet normal -0.2902846772544628 -0.9569403357322087 0
    outer loop
      vertex -1.9607807383492855 -5.776273789920144 0
      vertex -1.5787961751253765 -5.892147540363316 0
      vertex -1.5787961751253765 -5.892147540363316 2
    endloop
  endfacet
  facet normal -0.2270762630343726 -0.9738769792773337 0
    outer loop
      vertex -1.5787961751253765 -5.892147540363316 0
      vertex -1.1900509642983823 -5.982790210459705 0
      vertex -1.1900509642983823 -5.982790210459705 2
    endloop
  endfacet
  facet normal -0.1628954733945886 -0.9866433320848791 0
    outer loop
      vertex -1.1900509642983823 -5.982790210459705 0
      vertex -0.7962097725423145 -6.047813654380243 0
      vertex -0.7962097725423145 -6.047813654380243 2
    endloop
  endfacet
  facet normal -0.09801714032956156 -0.9951847266721968 0
    outer loop
      vertex -0.7962097725423145 -6.047813654380243 0
      vertex -0.39895908830387267 -6.086939431755481 0
      vertex -0.39895908830387267 -6.086939431755481 2
    endloop
  endfacet
  facet normal -0.03271908282177562 -0.9994645874763657 0
    outer loop
      vertex -0.39895908830387267 -6.086939431755481 0
      vertex 0 -6.1 0
      vertex 0 -6.1 2
    endloop
  endfacet
  facet normal -0.773010453362736 -0.6343932841636467 0
    outer loop
      vertex -4.586222825621761 -4.02200947211042 0
      vertex -4.586222825621761 -4.02200947211042 2
      vertex -4.839455375776534 -3.713444716953196 2
    endloop
  endfacet
  facet normal -0.8492021815265791 -0.5280678506503677 0
    outer loop
      vertex -5.071964635045526 -3.3889784214195733 0
      vertex -5.071964635045526 -3.3889784214195733 2
      vertex -5.282754963085075 -3.05 2
    endloop
  endfacet
  facet normal -0.8128466845916155 -0.5824776968678019 0
    outer loop
      vertex -4.839455375776534 -3.713444716953196 0
      vertex -4.839455375776534 -3.713444716953196 2
      vertex -5.071964635045526 -3.3889784214195733 2
    endloop
  endfacet
  facet normal -0.6343932841636467 -0.773010453362736 0
    outer loop
      vertex -4.02200947211042 -4.586222825621761 0
      vertex -3.713444716953196 -4.839455375776534 2
      vertex -4.02200947211042 -4.586222825621761 2
    endloop
  endfacet
  facet normal -0.5824776968678019 -0.8128466845916155 0
    outer loop
      vertex -3.713444716953196 -4.839455375776534 0
      vertex -3.3889784214195733 -5.071964635045526 2
      vertex -3.713444716953196 -4.839455375776534 2
    endloop
  endfacet
  facet normal -0.5280678506503677 -0.8492021815265791 0
    outer loop
      vertex -3.3889784214195733 -5.071964635045526 0
      vertex -3.05 -5.282754963085075 2
      vertex -3.3889784214195733 -5.071964635045526 2
    endloop
  endfacet
  facet normal -0.7298640726978378 -0.6835923020228691 0
    outer loop
      vertex -4.31335136523794 -4.31335136523794 0
      vertex -4.31335136523794 -4.31335136523794 2
      vertex -4.586222825621761 -4.02200947211042 2
    endloop
  endfacet
  facet normal -0.6835923020228691 -0.7298640726978378 0
    outer loop
      vertex -4.31335136523794 -4.31335136523794 0
      vertex -4.02200947211042 -4.586222825621761 2
      vertex -4.31335136523794 -4.31335136523794 2
    endloop
  endfacet
  facet normal 0 0 1
    outer loop
      vertex -3.3889784214195733 -5.071964635045526 2
      vertex -3.05 -5.282754963085075 2
      vertex -3.195844965672818 -1.8451219512195118 2
    endloop
  endfacet
  facet normal 0 0 1
    outer loop
      vertex -3.713444716953196 -4.839455375776534 2
      vertex -3.3889784214195733 -5.071964635045526 2
      vertex -3.56450189067161 -0.9551054030246678 2
    endloop
  endfacet
  facet normal 0 0 1
    outer loop
      vertex -3.05 -5.282754963085075 2
      vertex -3.0683256668628065 -2.0501896647772146 2
      vertex -3.195844965672818 -1.8451219512195118 2
    endloop
  endfacet
  facet normal -0.881921264348355 -0.47139673682599764 0
    outer loop
      vertex -5.282754963085075 -3.05 0
      vertex -5.282754963085075 -3.05 2
      vertex -5.470923723349398 -2.697961010335908 2
    endloop
  endfacet
  facet normal -0.9108638249211755 -0.4127070298043954 0
    outer loop
      vertex -5.470923723349398 -2.697961010335908 0
      vertex -5.470923723349398 -2.697961010335908 2
      vertex -5.635665148318849 -2.3343689374270475 2
    endloop
  endfacet
  facet normal -0.9569403357322087 -0.2902846772544628 0
    outer loop
      vertex -5.776273789920144 -1.9607807383492855 0
      vertex -5.776273789920144 -1.9607807383492855 2
      vertex -5.892147540363316 -1.5787961751253765 2
    endloop
  endfacet
  facet normal -0.935905926757326 -0.35225004792123277 0
    outer loop
      vertex -5.635665148318849 -2.3343689374270475 0
      vertex -5.635665148318849 -2.3343689374270475 2
      vertex -5.776273789920144 -1.9607807383492855 2
    endloop
  endfacet
  facet normal -0.9738769792773337 -0.2270762630343726 0
    outer loop
      vertex -5.892147540363316 -1.5787961751253765 0
      vertex -5.892147540363316 -1.5787961751253765 2
      vertex -5.982790210459705 -1.1900509642983823 2
    endloop
  endfacet
  facet normal -0.9866433320848791 -0.1628954733945886 0
    outer loop
      vertex -5.982790210459705 -1.1900509642983823 0
      vertex -5.982790210459705 -1.1900509642983823 2
      vertex -6.047813654380243 -0.7962097725423145 2
    endloop
  endfacet
  facet normal -0.9951847266721968 -0.09801714032956156 0
    outer loop
      vertex -6.047813654380243 -0.7962097725423145 0
      vertex -6.047813654380243 -0.7962097725423145 2
      vertex -6.086939431755481 -0.39895908830387267 2
    endloop
  endfacet
  facet normal -0.9994645874763657 -0.03271908282177562 0
    outer loop
      vertex -6.086939431755481 -0.39895908830387267 0
      vertex -6.086939431755481 -0.39895908830387267 2
      vertex -6.1 0 2
    endloop
  endfacet
  facet normal 0 0 1
    outer loop
      vertex -5.635665148318849 -2.3343689374270475 2
      vertex -5.776273789920144 1.9607807383492855 2
      vertex -5.776273789920144 -1.9607807383492855 2
    endloop
  endfacet
  facet normal 0 0 1
    outer loop
      vertex -5.470923723349398 -2.697961010335908 2
      vertex -5.635665148318849 2.3343689374270475 2
      vertex -5.635665148318849 -2.3343689374270475 2
    endloop
  endfacet
  facet normal 0 0 1
    outer loop
      vertex -5.470923723349398 -2.697961010335908 2
      vertex -5.282754963085075 -3.05 2
      vertex -5.470923723349398 2.697961010335908 2
    endloop
  endfacet
  facet normal 0 0 1
    outer loop
      vertex -5.982790210459705 -1.1900509642983823 2
      vertex -6.047813654380243 0.7962097725423145 2
      vertex -6.047813654380243 -0.7962097725423145 2
    endloop
  endfacet
  facet normal 0 0 1
    outer loop
      vertex -5.892147540363316 -1.5787961751253765 2
      vertex -5.982790210459705 1.1900509642983823 2
      vertex -5.982790210459705 -1.1900509642983823 2
    endloop
  endfacet
  facet normal 0 0 1
    outer loop
      vertex -5.776273789920144 -1.9607807383492855 2
      vertex -5.892147540363316 1.5787961751253765 2
      vertex -5.892147540363316 -1.5787961751253765 2
    endloop
  endfacet
  facet normal 0 0 1
    outer loop
      vertex -6.047813654380243 -0.7962097725423145 2
      vertex -6.086939431755481 0.39895908830387267 2
      vertex -6.086939431755481 -0.39895908830387267 2
    endloop
  endfacet
  facet normal 0 0 1
    outer loop
      vertex -5.071964635045526 -3.3889784214195733 2
      vertex -4.839455375776534 -3.713444716953196 2
      vertex -5.071964635045526 3.3889784214195733 2
    endloop
  endfacet
  facet normal 0 0 1
    outer loop
      vertex -5.071964635045526 -3.3889784214195733 2
      vertex -5.282754963085075 3.05 2
      vertex -5.282754963085075 -3.05 2
    endloop
  endfacet
  facet normal 0 0 1
    outer loop
      vertex -4.586222825621761 -4.02200947211042 2
      vertex -4.839455375776534 3.713444716953196 2
      vertex -4.839455375776534 -3.713444716953196 2
    endloop
  endfacet
  facet normal 0 0 1
    outer loop
      vertex -4.02200947211042 -4.586222825621761 2
      vertex -4.31335136523794 4.31335136523794 2
      vertex -4.31335136523794 -4.31335136523794 2
    endloop
  endfacet
  facet normal 0 0 1
    outer loop
      vertex -4.02200947211042 -4.586222825621761 2
      vertex -3.713444716953196 -4.839455375776534 2
      vertex -4.02200947211042 4.586222825621761 2
    endloop
  endfacet
  facet normal 0 0 1
    outer loop
      vertex -3.3889784214195733 -5.071964635045526 2
      vertex -3.4944031364051087 -1.1861900268382524 2
      vertex -3.56450189067161 -0.9551054030246678 2
    endloop
  endfacet
  facet normal 0 0 1
    outer loop
      vertex -3.3889784214195733 -5.071964635045526 2
      vertex -3.3096791657047735 -1.632153142198412 2
      vertex -3.409340811437992 -1.4121952028497091 2
    endloop
  endfacet
  facet normal 0 0 1
    outer loop
      vertex -3.3889784214195733 -5.071964635045526 2
      vertex -3.195844965672818 -1.8451219512195118 2
      vertex -3.3096791657047735 -1.632153142198412 2
    endloop
  endfacet
  facet normal 0 0 1
    outer loop
      vertex -3.3889784214195733 -5.071964635045526 2
      vertex -3.409340811437992 -1.4121952028497091 2
      vertex -3.4944031364051087 -1.1861900268382524 2
    endloop
  endfacet
  facet normal 0 0 1
    outer loop
      vertex -3.713444716953196 -4.839455375776534 2
      vertex -3.56450189067161 -0.9551054030246678 2
      vertex -3.6193369006099694 -0.7199308712448829 2
    endloop
  endfacet
  facet normal 0 0 1
    outer loop
      vertex -3.713444716953196 -4.839455375776534 2
      vertex -3.6193369006099694 -0.7199308712448829 2
      vertex -3.658673354289207 -0.4816734849486293 2
    endloop
  endfacet
  facet normal 0 0 1
    outer loop
      vertex -3.713444716953196 -4.839455375776534 2
      vertex -3.658673354289207 -0.4816734849486293 2
      vertex -3.6823428069756265 -0.2413534988419669 2
    endloop
  endfacet
  facet normal 0 0 1
    outer loop
      vertex -3.713444716953196 -4.839455375776534 2
      vertex -3.6823428069756265 -0.2413534988419669 2
      vertex -3.690243902439024 0 2
    endloop
  endfacet
  facet normal 0 0 1
    outer loop
      vertex -4.586222825621761 -4.02200947211042 2
      vertex -4.31335136523794 -4.31335136523794 2
      vertex -4.586222825621761 4.02200947211042 2
    endloop
  endfacet
  facet normal -0.47139673682599764 -0.881921264348355 0
    outer loop
      vertex -3.05 -5.282754963085075 0
      vertex -2.697961010335908 -5.470923723349398 2
      vertex -3.05 -5.282754963085075 2
    endloop
  endfacet
  facet normal -0.4127070298043954 -0.9108638249211755 0
    outer loop
      vertex -2.697961010335908 -5.470923723349398 0
      vertex -2.3343689374270475 -5.635665148318849 2
      vertex -2.697961010335908 -5.470923723349398 2
    endloop
  endfacet
  facet normal -0.35225004792123277 -0.935905926757326 0
    outer loop
      vertex -2.3343689374270475 -5.635665148318849 0
      vertex -1.9607807383492855 -5.776273789920144 2
      vertex -2.3343689374270475 -5.635665148318849 2
    endloop
  endfacet
  facet normal -0.2902846772544628 -0.9569403357322087 0
    outer loop
      vertex -1.9607807383492855 -5.776273789920144 0
      vertex -1.5787961751253765 -5.892147540363316 2
      vertex -1.9607807383492855 -5.776273789920144 2
    endloop
  endfacet
  facet normal -0.2270762630343726 -0.9738769792773337 0
    outer loop
      vertex -1.5787961751253765 -5.892147540363316 0
      vertex -1.1900509642983823 -5.982790210459705 2
      vertex -1.5787961751253765 -5.892147540363316 2
    endloop
  endfacet
  facet normal -0.1628954733945886 -0.9866433320848791 0
    outer loop
      vertex -1.1900509642983823 -5.982790210459705 0
      vertex -0.7962097725423145 -6.047813654380243 2
      vertex -1.1900509642983823 -5.982790210459705 2
    endloop
  endfacet
  facet normal -0.09801714032956156 -0.9951847266721968 0
    outer loop
      vertex -0.7962097725423145 -6.047813654380243 0
      vertex -0.39895908830387267 -6.086939431755481 2
      vertex -0.7962097725423145 -6.047813654380243 2
    endloop
  endfacet
  facet normal -0.03271908282177562 -0.9994645874763657 0
    outer loop
      vertex -0.39895908830387267 -6.086939431755481 0
      vertex 0 -6.1 2
      vertex -0.39895908830387267 -6.086939431755481 2
    endloop
  endfacet
  facet normal 0 0 1
    outer loop
      vertex -2.697961010335908 -5.470923723349398 2
      vertex -2.3343689374270475 -5.635665148318849 2
      vertex -2.4331468737717175 -2.774472265160226 2
    endloop
  endfacet
  facet normal 0 0 1
    outer loop
      vertex -2.3343689374270475 -5.635665148318849 2
      vertex -1.9607807383492855 -5.776273789920144 2
      vertex -2.0501896647772146 -3.0683256668628065 2
    endloop
  endfacet
  facet normal 0 0 1
    outer loop
      vertex -1.9607807383492855 -5.776273789920144 2
      vertex -1.5787961751253765 -5.892147540363316 2
      vertex -1.845121951219512 -3.195844965672818 2
    endloop
  endfacet
  facet normal 0 0 1
    outer loop
      vertex -2.697961010335908 -5.470923723349398 2
      vertex -2.9276673264893627 -2.246478151439498 2
      vertex -3.05 -5.282754963085075 2
    endloop
  endfacet
  facet normal 0 0 1
    outer loop
      vertex -2.697961010335908 -5.470923723349398 2
      vertex -2.6093964876469427 -2.6093964876469427 2
      vertex -2.7744722651602256 -2.4331468737717175 2
    endloop
  endfacet
  facet normal 0 0 1
    outer loop
      vertex -3.05 -5.282754963085075 2
      vertex -2.9276673264893627 -2.246478151439498 2
      vertex -3.0683256668628065 -2.0501896647772146 2
    endloop
  endfacet
  facet normal 0 0 1
    outer loop
      vertex -2.697961010335908 -5.470923723349398 2
      vertex -2.7744722651602256 -2.4331468737717175 2
      vertex -2.9276673264893627 -2.246478151439498 2
    endloop
  endfacet
  facet normal 0 0 1
    outer loop
      vertex -2.697961010335908 -5.470923723349398 2
      vertex -2.4331468737717175 -2.774472265160226 2
      vertex -2.6093964876469427 -2.6093964876469427 2
    endloop
  endfacet
  facet normal 0 0 1
    outer loop
      vertex -2.3343689374270475 -5.635665148318849 2
      vertex -2.246478151439498 -2.9276673264893627 2
      vertex -2.4331468737717175 -2.774472265160226 2
    endloop
  endfacet
  facet normal 0 0 1
    outer loop
      vertex -2.3343689374270475 -5.635665148318849 2
      vertex -2.0501896647772146 -3.0683256668628065 2
      vertex -2.246478151439498 -2.9276673264893627 2
    endloop
  endfacet
  facet normal 0 0 1
    outer loop
      vertex -1.9607807383492855 -5.776273789920144 2
      vertex -1.845121951219512 -3.195844965672818 2
      vertex -2.0501896647772146 -3.0683256668628065 2
    endloop
  endfacet
  facet normal 0 0 1
    outer loop
      vertex -1.5787961751253765 -5.892147540363316 2
      vertex -1.4121952028497091 -3.409340811437992 2
      vertex -1.632153142198412 -3.3096791657047735 2
    endloop
  endfacet
  facet normal 0 0 1
    outer loop
      vertex -1.5787961751253765 -5.892147540363316 2
      vertex -1.632153142198412 -3.3096791657047735 2
      vertex -1.845121951219512 -3.195844965672818 2
    endloop
  endfacet
  facet normal 0 0 1
    outer loop
      vertex -1.5787961751253765 -5.892147540363316 2
      vertex -1.1900509642983823 -5.982790210459705 2
      vertex -1.4121952028497091 -3.409340811437992 2
    endloop
  endfacet
  facet normal 0 0 1
    outer loop
      vertex -1.1900509642983823 -5.982790210459705 2
      vertex -0.7962097725423145 -6.047813654380243 2
      vertex -0.9551054030246678 -3.56450189067161 2
    endloop
  endfacet
  facet normal 0 0 1
    outer loop
      vertex -0.7962097725423145 -6.047813654380243 2
      vertex -0.39895908830387267 -6.086939431755481 2
      vertex -0.4816734849486293 -3.658673354289207 2
    endloop
  endfacet
  facet normal 0 0 1
    outer loop
      vertex -0.39895908830387267 -6.086939431755481 2
      vertex 0 -6.1 2
      vertex -0.2413534988419669 -3.6823428069756265 2
    endloop
  endfacet
  facet normal 0 0 1
    outer loop
      vertex -1.1900509642983823 -5.982790210459705 2
      vertex -1.1861900268382524 -3.4944031364051087 2
      vertex -1.4121952028497091 -3.409340811437992 2
    endloop
  endfacet
  facet normal 0 0 1
    outer loop
      vertex -1.1900509642983823 -5.982790210459705 2
      vertex -0.9551054030246678 -3.56450189067161 2
      vertex -1.1861900268382524 -3.4944031364051087 2
    endloop
  endfacet
  facet normal 0 0 1
    outer loop
      vertex -0.7962097725423145 -6.047813654380243 2
      vertex -0.7199308712448829 -3.6193369006099694 2
      vertex -0.9551054030246678 -3.56450189067161 2
    endloop
  endfacet
  facet normal 0 0 1
    outer loop
      vertex -0.7962097725423145 -6.047813654380243 2
      vertex -0.4816734849486293 -3.658673354289207 2
      vertex -0.7199308712448829 -3.6193369006099694 2
    endloop
  endfacet
  facet normal 0 0 1
    outer loop
      vertex -0.39895908830387267 -6.086939431755481 2
      vertex -0.2413534988419669 -3.6823428069756265 2
      vertex -0.4816734849486293 -3.658673354289207 2
    endloop
  endfacet
  facet normal 0 0 1
    outer loop
      vertex 0 -6.1 2
      vertex 0 -3.690243902439024 2
      vertex -0.2413534988419669 -3.6823428069756265 2
    endloop
  endfacet
  facet normal 0 0 -1
    outer loop
      vertex -6.086939431755481 -0.39895908830387267 0
      vertex -6.1 0 0
      vertex -6.086939431755481 0.39895908830387267 0
    endloop
  endfacet
  facet normal 0 0 -1
    outer loop
      vertex -6.086939431755481 -0.39895908830387267 0
      vertex -6.086939431755481 0.39895908830387267 0
      vertex -6.047813654380243 0.7962097725423145 0
    endloop
  endfacet
  facet normal 0 0 -1
    outer loop
      vertex -6.047813654380243 -0.7962097725423145 0
      vertex -6.047813654380243 0.7962097725423145 0
      vertex -5.982790210459705 1.1900509642983823 0
    endloop
  endfacet
  facet normal 0 0 -1
    outer loop
      vertex -5.982790210459705 -1.1900509642983823 0
      vertex -5.982790210459705 1.1900509642983823 0
      vertex -5.892147540363316 1.5787961751253765 0
    endloop
  endfacet
  facet normal 0 0 -1
    outer loop
      vertex -5.892147540363316 -1.5787961751253765 0
      vertex -5.892147540363316 1.5787961751253765 0
      vertex -5.776273789920144 1.9607807383492855 0
    endloop
  endfacet
  facet normal 0 0 -1
    outer loop
      vertex -5.776273789920144 -1.9607807383492855 0
      vertex -5.776273789920144 1.9607807383492855 0
      vertex -5.635665148318849 2.3343689374270475 0
    endloop
  endfacet
  facet normal 0 0 -1
    outer loop
      vertex -5.635665148318849 -2.3343689374270475 0
      vertex -5.635665148318849 2.3343689374270475 0
      vertex -5.470923723349398 2.697961010335908 0
    endloop
  endfacet
  facet normal 0 0 -1
    outer loop
      vertex -5.470923723349398 -2.697961010335908 0
      vertex -5.470923723349398 2.697961010335908 0
      vertex -5.282754963085075 3.05 0
    endloop
  endfacet
  facet normal 0 0 -1
    outer loop
      vertex -5.282754963085075 -3.05 0
      vertex -5.282754963085075 3.05 0
      vertex -5.071964635045526 3.3889784214195733 0
    endloop
  endfacet
  facet normal 0 0 -1
    outer loop
      vertex -5.071964635045526 -3.3889784214195733 0
      vertex -5.071964635045526 3.3889784214195733 0
      vertex -4.839455375776534 3.713444716953196 0
    endloop
  endfacet
  facet normal 0 0 -1
    outer loop
      vertex -4.839455375776534 -3.713444716953196 0
      vertex -4.839455375776534 3.713444716953196 0
      vertex -4.586222825621761 4.02200947211042 0
    endloop
  endfacet
  facet normal 0 0 -1
    outer loop
      vertex -4.586222825621761 -4.02200947211042 0
      vertex -4.586222825621761 4.02200947211042 0
      vertex -4.31335136523794 4.31335136523794 0
    endloop
  endfacet
  facet normal 0 0 -1
    outer loop
      vertex -3.713444716953196 -4.839455375776534 0
      vertex -3.713444716953196 4.839455375776534 0
      vertex -3.6999999999999997 0 0
    endloop
  endfacet
  facet normal 0 0 -1
    outer loop
      vertex -4.31335136523794 -4.31335136523794 0
      vertex -4.31335136523794 4.31335136523794 0
      vertex -4.02200947211042 4.586222825621761 0
    endloop
  endfacet
  facet normal 0 0 -1
    outer loop
      vertex -4.02200947211042 -4.586222825621761 0
      vertex -4.02200947211042 4.586222825621761 0
      vertex -3.713444716953196 4.839455375776534 0
    endloop
  endfacet
  facet normal 0 0 -1
    outer loop
      vertex -3.713444716953196 4.839455375776534 0
      vertex -3.692078015982833 0.2419915781515293 0
      vertex -3.6999999999999997 0 0
    endloop
  endfacet
  facet normal 0 0 -1
    outer loop
      vertex -3.713444716953196 4.839455375776534 0
      vertex -3.6683459870830983 0.4829469112141908 0
      vertex -3.692078015982833 0.2419915781515293 0
    endloop
  endfacet
  facet normal 0 0 -1
    outer loop
      vertex -3.713444716953196 4.839455375776534 0
      vertex -3.6289055374919523 0.7218341914596744 0
      vertex -3.6683459870830983 0.4829469112141908 0
    endloop
  endfacet
  facet normal 0 0 -1
    outer loop
      vertex -3.713444716953196 4.839455375776534 0
      vertex -3.5739255572695523 0.9576304668793266 0
      vertex -3.6289055374919523 0.7218341914596744 0
    endloop
  endfacet
  facet normal 0 0 -1
    outer loop
      vertex -3.3889784214195733 5.071964635045526 0
      vertex -3.5036414791318906 1.1893260216216979 0
      vertex -3.5739255572695523 0.9576304668793266 0
    endloop
  endfacet
  facet normal 0 0 -1
    outer loop
      vertex -3.3889784214195733 5.071964635045526 0
      vertex -3.418354270291761 1.415928699750832 0
      vertex -3.5036414791318906 1.1893260216216979 0
    endloop
  endfacet
  facet normal 0 0 -1
    outer loop
      vertex -3.3889784214195733 5.071964635045526 0
      vertex -3.3184291436709463 1.6364681538103047 0
      vertex -3.418354270291761 1.415928699750832 0
    endloop
  endfacet
  facet normal 0 0 -1
    outer loop
      vertex -3.3889784214195733 5.071964635045526 0
      vertex -3.2042939940024224 1.8499999999999999 0
      vertex -3.3184291436709463 1.6364681538103047 0
    endloop
  endfacet
  facet normal -0.9994645874763657 0.03271908282177562 0
    outer loop
      vertex -6.1 0 0
      vertex -6.086939431755481 0.39895908830387267 2
      vertex -6.086939431755481 0.39895908830387267 0
    endloop
  endfacet
  facet normal -0.9951847266721968 0.09801714032956156 0
    outer loop
      vertex -6.086939431755481 0.39895908830387267 0
      vertex -6.047813654380243 0.7962097725423145 2
      vertex -6.047813654380243 0.7962097725423145 0
    endloop
  endfacet
  facet normal -0.9866433320848791 0.1628954733945886 0
    outer loop
      vertex -6.047813654380243 0.7962097725423145 0
      vertex -5.982790210459705 1.1900509642983823 2
      vertex -5.982790210459705 1.1900509642983823 0
    endloop
  endfacet
  facet normal -0.9738769792773337 0.2270762630343726 0
    outer loop
      vertex -5.982790210459705 1.1900509642983823 0
      vertex -5.892147540363316 1.5787961751253765 2
      vertex -5.892147540363316 1.5787961751253765 0
    endloop
  endfacet
  facet normal -0.9569403357322087 0.2902846772544628 0
    outer loop
      vertex -5.892147540363316 1.5787961751253765 0
      vertex -5.776273789920144 1.9607807383492855 2
      vertex -5.776273789920144 1.9607807383492855 0
    endloop
  endfacet
  facet normal -0.935905926757326 0.35225004792123277 0
    outer loop
      vertex -5.776273789920144 1.9607807383492855 0
      vertex -5.635665148318849 2.3343689374270475 2
      vertex -5.635665148318849 2.3343689374270475 0
    endloop
  endfacet
  facet normal -0.9108638249211755 0.4127070298043954 0
    outer loop
      vertex -5.635665148318849 2.3343689374270475 0
      vertex -5.470923723349398 2.697961010335908 2
      vertex -5.470923723349398 2.697961010335908 0
    endloop
  endfacet
  facet normal -0.881921264348355 0.47139673682599764 0
    outer loop
      vertex -5.470923723349398 2.697961010335908 0
      vertex -5.282754963085075 3.05 2
      vertex -5.282754963085075 3.05 0
    endloop
  endfacet
  facet normal 0 0 -1
    outer loop
      vertex -3.713444716953196 4.839455375776534 0
      vertex -3.3889784214195733 5.071964635045526 0
      vertex -3.5739255572695523 0.9576304668793266 0
    endloop
  endfacet
  facet normal 0 0 -1
    outer loop
      vertex -3.05 5.282754963085075 0
      vertex -3.076437565519417 2.055609862172528 0
      vertex -3.2042939940024224 1.8499999999999999 0
    endloop
  endfacet
  facet normal 0 0 -1
    outer loop
      vertex -3.3889784214195733 5.071964635045526 0
      vertex -3.05 5.282754963085075 0
      vertex -3.2042939940024224 1.8499999999999999 0
    endloop
  endfacet
  facet normal -0.8492021815265791 0.5280678506503677 0
    outer loop
      vertex -5.282754963085075 3.05 0
      vertex -5.071964635045526 3.3889784214195733 2
      vertex -5.071964635045526 3.3889784214195733 0
    endloop
  endfacet
  facet normal -0.8128466845916155 0.5824776968678019 0
    outer loop
      vertex -5.071964635045526 3.3889784214195733 0
      vertex -4.839455375776534 3.713444716953196 2
      vertex -4.839455375776534 3.713444716953196 0
    endloop
  endfacet
  facet normal -0.773010453362736 0.6343932841636467 0
    outer loop
      vertex -4.839455375776534 3.713444716953196 0
      vertex -4.586222825621761 4.02200947211042 2
      vertex -4.586222825621761 4.02200947211042 0
    endloop
  endfacet
  facet normal -0.7298640726978378 0.6835923020228691 0
    outer loop
      vertex -4.586222825621761 4.02200947211042 0
      vertex -4.31335136523794 4.31335136523794 2
      vertex -4.31335136523794 4.31335136523794 0
    endloop
  endfacet
  facet normal -0.6835923020228691 0.7298640726978378 0
    outer loop
      vertex -4.31335136523794 4.31335136523794 0
      vertex -4.31335136523794 4.31335136523794 2
      vertex -4.02200947211042 4.586222825621761 0
    endloop
  endfacet
  facet normal -0.6343932841636467 0.773010453362736 0
    outer loop
      vertex -4.02200947211042 4.586222825621761 0
      vertex -4.02200947211042 4.586222825621761 2
      vertex -3.713444716953196 4.839455375776534 0
    endloop
  endfacet
  facet normal -0.5824776968678019 0.8128466845916155 0
    outer loop
      vertex -3.713444716953196 4.839455375776534 0
      vertex -3.713444716953196 4.839455375776534 2
      vertex -3.3889784214195733 5.071964635045526 0
    endloop
  endfacet
  facet normal -0.5280678506503677 0.8492021815265791 0
    outer loop
      vertex -3.3889784214195733 5.071964635045526 0
      vertex -3.3889784214195733 5.071964635045526 2
      vertex -3.05 5.282754963085075 0
    endloop
  endfacet
  facet normal 0 0 -1
    outer loop
      vertex -3.05 5.282754963085075 0
      vertex -2.93540735907757 2.2524172873322663 0
      vertex -3.076437565519417 2.055609862172528 0
    endloop
  endfacet
  facet normal 0 0 -1
    outer loop
      vertex -2.697961010335908 5.470923723349398 0
      vertex -2.781807287672216 2.4395795158702547 0
      vertex -2.93540735907757 2.2524172873322663 0
    endloop
  endfacet
  facet normal 0 0 -1
    outer loop
      vertex -2.697961010335908 5.470923723349398 0
      vertex -2.616295090390226 2.616295090390226 0
      vertex -2.781807287672216 2.4395795158702547 0
    endloop
  endfacet
  facet normal 0 0 -1
    outer loop
      vertex -2.697961010335908 5.470923723349398 0
      vertex -2.4395795158702547 2.781807287672216 0
      vertex -2.616295090390226 2.616295090390226 0
    endloop
  endfacet
  facet normal 0 0 -1
    outer loop
      vertex -2.3343689374270475 5.635665148318849 0
      vertex -2.2524172873322663 2.93540735907757 0
      vertex -2.4395795158702547 2.781807287672216 0
    endloop
  endfacet
  facet normal 0 0 -1
    outer loop
      vertex -3.05 5.282754963085075 0
      vertex -2.697961010335908 5.470923723349398 0
      vertex -2.93540735907757 2.2524172873322663 0
    endloop
  endfacet
  facet normal 0 0 -1
    outer loop
      vertex -2.3343689374270475 5.635665148318849 0
      vertex -2.055609862172528 3.076437565519417 0
      vertex -2.2524172873322663 2.93540735907757 0
    endloop
  endfacet
  facet normal 0 0 -1
    outer loop
      vertex -1.9607807383492855 5.776273789920144 0
      vertex -1.8499999999999999 3.2042939940024224 0
      vertex -2.055609862172528 3.076437565519417 0
    endloop
  endfacet
  facet normal 0 0 -1
    outer loop
      vertex -1.5787961751253765 5.892147540363316 0
      vertex -1.6364681538103047 3.3184291436709463 0
      vertex -1.8499999999999999 3.2042939940024224 0
    endloop
  endfacet
  facet normal 0 0 -1
    outer loop
      vertex -1.5787961751253765 5.892147540363316 0
      vertex -1.415928699750832 3.418354270291761 0
      vertex -1.6364681538103047 3.3184291436709463 0
    endloop
  endfacet
  facet normal 0 0 -1
    outer loop
      vertex -2.697961010335908 5.470923723349398 0
      vertex -2.3343689374270475 5.635665148318849 0
      vertex -2.4395795158702547 2.781807287672216 0
    endloop
  endfacet
  facet normal 0 0 -1
    outer loop
      vertex -2.3343689374270475 5.635665148318849 0
      vertex -1.9607807383492855 5.776273789920144 0
      vertex -2.055609862172528 3.076437565519417 0
    endloop
  endfacet
  facet normal 0 0 -1
    outer loop
      vertex -1.9607807383492855 5.776273789920144 0
      vertex -1.5787961751253765 5.892147540363316 0
      vertex -1.8499999999999999 3.2042939940024224 0
    endloop
  endfacet
  facet normal 0 0 -1
    outer loop
      vertex -1.1900509642983823 5.982790210459705 0
      vertex -1.1893260216216979 3.5036414791318906 0
      vertex -1.415928699750832 3.418354270291761 0
    endloop
  endfacet
  facet normal 0 0 -1
    outer loop
      vertex -1.1900509642983823 5.982790210459705 0
      vertex -0.9576304668793266 3.5739255572695523 0
      vertex -1.1893260216216979 3.5036414791318906 0
    endloop
  endfacet
  facet normal 0 0 -1
    outer loop
      vertex -0.7962097725423145 6.047813654380243 0
      vertex -0.7218341914596744 3.6289055374919523 0
      vertex -0.9576304668793266 3.5739255572695523 0
    endloop
  endfacet
  facet normal 0 0 -1
    outer loop
      vertex -0.7962097725423145 6.047813654380243 0
      vertex -0.4829469112141908 3.6683459870830983 0
      vertex -0.7218341914596744 3.6289055374919523 0
    endloop
  endfacet
  facet normal 0 0 -1
    outer loop
      vertex -0.39895908830387267 6.086939431755481 0
      vertex -0.2419915781515293 3.692078015982833 0
      vertex -0.4829469112141908 3.6683459870830983 0
    endloop
  endfacet
  facet normal 0 0 -1
    outer loop
      vertex 0 6.1 0
      vertex 0 3.6999999999999997 0
      vertex -0.2419915781515293 3.692078015982833 0
    endloop
  endfacet
  facet normal 0 0 -1
    outer loop
      vertex -1.5787961751253765 5.892147540363316 0
      vertex -1.1900509642983823 5.982790210459705 0
      vertex -1.415928699750832 3.418354270291761 0
    endloop
  endfacet
  facet normal 0 0 -1
    outer loop
      vertex -1.1900509642983823 5.982790210459705 0
      vertex -0.7962097725423145 6.047813654380243 0
      vertex -0.9576304668793266 3.5739255572695523 0
    endloop
  endfacet
  facet normal 0 0 -1
    outer loop
      vertex -0.7962097725423145 6.047813654380243 0
      vertex -0.39895908830387267 6.086939431755481 0
      vertex -0.4829469112141908 3.6683459870830983 0
    endloop
  endfacet
  facet normal 0 0 -1
    outer loop
      vertex -0.39895908830387267 6.086939431755481 0
      vertex 0 6.1 0
      vertex -0.2419915781515293 3.692078015982833 0
    endloop
  endfacet
  facet normal -0.47139673682599764 0.881921264348355 0
    outer loop
      vertex -3.05 5.282754963085075 0
      vertex -3.05 5.282754963085075 2
      vertex -2.697961010335908 5.470923723349398 0
    endloop
  endfacet
  facet normal -0.4127070298043954 0.9108638249211755 0
    outer loop
      vertex -2.697961010335908 5.470923723349398 0
      vertex -2.697961010335908 5.470923723349398 2
      vertex -2.3343689374270475 5.635665148318849 0
    endloop
  endfacet
  facet normal -0.35225004792123277 0.935905926757326 0
    outer loop
      vertex -2.3343689374270475 5.635665148318849 0
      vertex -2.3343689374270475 5.635665148318849 2
      vertex -1.9607807383492855 5.776273789920144 0
    endloop
  endfacet
  facet normal -0.2902846772544628 0.9569403357322087 0
    outer loop
      vertex -1.9607807383492855 5.776273789920144 0
      vertex -1.9607807383492855 5.776273789920144 2
      vertex -1.5787961751253765 5.892147540363316 0
    endloop
  endfacet
  facet normal -0.2270762630343726 0.9738769792773337 0
    outer loop
      vertex -1.5787961751253765 5.892147540363316 0
      vertex -1.5787961751253765 5.892147540363316 2
      vertex -1.1900509642983823 5.982790210459705 0
    endloop
  endfacet
  facet normal -0.1628954733945886 0.9866433320848791 0
    outer loop
      vertex -1.1900509642983823 5.982790210459705 0
      vertex -1.1900509642983823 5.982790210459705 2
      vertex -0.7962097725423145 6.047813654380243 0
    endloop
  endfacet
  facet normal -0.09801714032956156 0.9951847266721968 0
    outer loop
      vertex -0.7962097725423145 6.047813654380243 0
      vertex -0.7962097725423145 6.047813654380243 2
      vertex -0.39895908830387267 6.086939431755481 0
    endloop
  endfacet
  facet normal -0.03271908282177562 0.9994645874763657 0
    outer loop
      vertex -0.39895908830387267 6.086939431755481 0
      vertex -0.39895908830387267 6.086939431755481 2
      vertex 0 6.1 0
    endloop
  endfacet
  facet normal -0.9994645874763657 0.03271908282177562 0
    outer loop
      vertex -6.1 0 0
      vertex -6.1 0 2
      vertex -6.086939431755481 0.39895908830387267 2
    endloop
  endfacet
  facet normal -0.9951847266721968 0.09801714032956156 0
    outer loop
      vertex -6.086939431755481 0.39895908830387267 0
      vertex -6.086939431755481 0.39895908830387267 2
      vertex -6.047813654380243 0.7962097725423145 2
    endloop
  endfacet
  facet normal -0.9866433320848791 0.1628954733945886 0
    outer loop
      vertex -6.047813654380243 0.7962097725423145 0
      vertex -6.047813654380243 0.7962097725423145 2
      vertex -5.982790210459705 1.1900509642983823 2
    endloop
  endfacet
  facet normal -0.9738769792773337 0.2270762630343726 0
    outer loop
      vertex -5.982790210459705 1.1900509642983823 0
      vertex -5.982790210459705 1.1900509642983823 2
      vertex -5.892147540363316 1.5787961751253765 2
    endloop
  endfacet
  facet normal -0.9569403357322087 0.2902846772544628 0
    outer loop
      vertex -5.892147540363316 1.5787961751253765 0
      vertex -5.892147540363316 1.5787961751253765 2
      vertex -5.776273789920144 1.9607807383492855 2
    endloop
  endfacet
  facet normal -0.935905926757326 0.35225004792123277 0
    outer loop
      vertex -5.776273789920144 1.9607807383492855 0
      vertex -5.776273789920144 1.9607807383492855 2
      vertex -5.635665148318849 2.3343689374270475 2
    endloop
  endfacet
  facet normal -0.9108638249211755 0.4127070298043954 0
    outer loop
      vertex -5.635665148318849 2.3343689374270475 0
      vertex -5.635665148318849 2.3343689374270475 2
      vertex -5.470923723349398 2.697961010335908 2
    endloop
  endfacet
  facet normal -0.881921264348355 0.47139673682599764 0
    outer loop
      vertex -5.470923723349398 2.697961010335908 0
      vertex -5.470923723349398 2.697961010335908 2
      vertex -5.282754963085075 3.05 2
    endloop
  endfacet
  facet normal 0 0 1
    outer loop
      vertex -6.086939431755481 -0.39895908830387267 2
      vertex -6.086939431755481 0.39895908830387267 2
      vertex -6.1 0 2
    endloop
  endfacet
  facet normal 0 0 1
    outer loop
      vertex -6.047813654380243 -0.7962097725423145 2
      vertex -6.047813654380243 0.7962097725423145 2
      vertex -6.086939431755481 0.39895908830387267 2
    endloop
  endfacet
  facet normal 0 0 1
    outer loop
      vertex -5.982790210459705 -1.1900509642983823 2
      vertex -5.982790210459705 1.1900509642983823 2
      vertex -6.047813654380243 0.7962097725423145 2
    endloop
  endfacet
  facet normal 0 0 1
    outer loop
      vertex -5.892147540363316 -1.5787961751253765 2
      vertex -5.892147540363316 1.5787961751253765 2
      vertex -5.982790210459705 1.1900509642983823 2
    endloop
  endfacet
  facet normal 0 0 1
    outer loop
      vertex -5.776273789920144 -1.9607807383492855 2
      vertex -5.776273789920144 1.9607807383492855 2
      vertex -5.892147540363316 1.5787961751253765 2
    endloop
  endfacet
  facet normal 0 0 1
    outer loop
      vertex -5.635665148318849 -2.3343689374270475 2
      vertex -5.635665148318849 2.3343689374270475 2
      vertex -5.776273789920144 1.9607807383492855 2
    endloop
  endfacet
  facet normal 0 0 1
    outer loop
      vertex -5.470923723349398 -2.697961010335908 2
      vertex -5.470923723349398 2.697961010335908 2
      vertex -5.635665148318849 2.3343689374270475 2
    endloop
  endfacet
  facet normal 0 0 1
    outer loop
      vertex -5.282754963085075 -3.05 2
      vertex -5.282754963085075 3.05 2
      vertex -5.470923723349398 2.697961010335908 2
    endloop
  endfacet
  facet normal 0 0 1
    outer loop
      vertex -5.071964635045526 -3.3889784214195733 2
      vertex -5.071964635045526 3.3889784214195733 2
      vertex -5.282754963085075 3.05 2
    endloop
  endfacet
  facet normal 0 0 1
    outer loop
      vertex -4.839455375776534 -3.713444716953196 2
      vertex -4.839455375776534 3.713444716953196 2
      vertex -5.071964635045526 3.3889784214195733 2
    endloop
  endfacet
  facet normal 0 0 1
    outer loop
      vertex -4.586222825621761 -4.02200947211042 2
      vertex -4.586222825621761 4.02200947211042 2
      vertex -4.839455375776534 3.713444716953196 2
    endloop
  endfacet
  facet normal 0 0 1
    outer loop
      vertex -4.31335136523794 -4.31335136523794 2
      vertex -4.31335136523794 4.31335136523794 2
      vertex -4.586222825621761 4.02200947211042 2
    endloop
  endfacet
  facet normal 0 0 1
    outer loop
      vertex -4.02200947211042 -4.586222825621761 2
      vertex -4.02200947211042 4.586222825621761 2
      vertex -4.31335136523794 4.31335136523794 2
    endloop
  endfacet
  facet normal 0 0 1
    outer loop
      vertex -3.713444716953196 -4.839455375776534 2
      vertex -3.690243902439024 0 2
      vertex -3.713444716953196 4.839455375776534 2
    endloop
  endfacet
  facet normal 0 0 1
    outer loop
      vertex -3.713444716953196 -4.839455375776534 2
      vertex -3.713444716953196 4.839455375776534 2
      vertex -4.02200947211042 4.586222825621761 2
    endloop
  endfacet
  facet normal 0 0 1
    outer loop
      vertex -3.713444716953196 4.839455375776534 2
      vertex -3.690243902439024 0 2
      vertex -3.6823428069756265 0.2413534988419669 2
    endloop
  endfacet
  facet normal 0 0 1
    outer loop
      vertex -3.713444716953196 4.839455375776534 2
      vertex -3.6823428069756265 0.2413534988419669 2
      vertex -3.658673354289207 0.4816734849486293 2
    endloop
  endfacet
  facet normal 0 0 1
    outer loop
      vertex -3.713444716953196 4.839455375776534 2
      vertex -3.658673354289207 0.4816734849486293 2
      vertex -3.6193369006099694 0.7199308712448829 2
    endloop
  endfacet
  facet normal 0 0 1
    outer loop
      vertex -3.713444716953196 4.839455375776534 2
      vertex -3.6193369006099694 0.7199308712448829 2
      vertex -3.56450189067161 0.9551054030246678 2
    endloop
  endfacet
  facet normal 0 0 1
    outer loop
      vertex -3.713444716953196 4.839455375776534 2
      vertex -3.56450189067161 0.9551054030246678 2
      vertex -3.4944031364051087 1.1861900268382524 2
    endloop
  endfacet
  facet normal 0 0 1
    outer loop
      vertex -3.713444716953196 4.839455375776534 2
      vertex -3.4944031364051087 1.1861900268382524 2
      vertex -3.409340811437992 1.4121952028497091 2
    endloop
  endfacet
  facet normal 0 0 1
    outer loop
      vertex -3.713444716953196 4.839455375776534 2
      vertex -3.409340811437992 1.4121952028497091 2
      vertex -3.3096791657047735 1.632153142198412 2
    endloop
  endfacet
  facet normal 0 0 1
    outer loop
      vertex -3.3889784214195733 5.071964635045526 2
      vertex -3.3096791657047735 1.632153142198412 2
      vertex -3.195844965672818 1.845121951219512 2
    endloop
  endfacet
  facet normal 0 0 1
    outer loop
      vertex -3.3889784214195733 5.071964635045526 2
      vertex -3.195844965672818 1.845121951219512 2
      vertex -3.0683256668628065 2.0501896647772146 2
    endloop
  endfacet
  facet normal -0.8492021815265791 0.5280678506503677 0
    outer loop
      vertex -5.282754963085075 3.05 0
      vertex -5.282754963085075 3.05 2
      vertex -5.071964635045526 3.3889784214195733 2
    endloop
  endfacet
  facet normal -0.8128466845916155 0.5824776968678019 0
    outer loop
      vertex -5.071964635045526 3.3889784214195733 0
      vertex -5.071964635045526 3.3889784214195733 2
      vertex -4.839455375776534 3.713444716953196 2
    endloop
  endfacet
  facet normal -0.773010453362736 0.6343932841636467 0
    outer loop
      vertex -4.839455375776534 3.713444716953196 0
      vertex -4.839455375776534 3.713444716953196 2
      vertex -4.586222825621761 4.02200947211042 2
    endloop
  endfacet
  facet normal -0.7298640726978378 0.6835923020228691 0
    outer loop
      vertex -4.586222825621761 4.02200947211042 0
      vertex -4.586222825621761 4.02200947211042 2
      vertex -4.31335136523794 4.31335136523794 2
    endloop
  endfacet
  facet normal -0.6835923020228691 0.7298640726978378 0
    outer loop
      vertex -4.02200947211042 4.586222825621761 0
      vertex -4.31335136523794 4.31335136523794 2
      vertex -4.02200947211042 4.586222825621761 2
    endloop
  endfacet
  facet normal -0.6343932841636467 0.773010453362736 0
    outer loop
      vertex -3.713444716953196 4.839455375776534 0
      vertex -4.02200947211042 4.586222825621761 2
      vertex -3.713444716953196 4.839455375776534 2
    endloop
  endfacet
  facet normal -0.5824776968678019 0.8128466845916155 0
    outer loop
      vertex -3.3889784214195733 5.071964635045526 0
      vertex -3.713444716953196 4.839455375776534 2
      vertex -3.3889784214195733 5.071964635045526 2
    endloop
  endfacet
  facet normal -0.5280678506503677 0.8492021815265791 0
    outer loop
      vertex -3.05 5.282754963085075 0
      vertex -3.3889784214195733 5.071964635045526 2
      vertex -3.05 5.282754963085075 2
    endloop
  endfacet
  facet normal 0 0 1
    outer loop
      vertex -3.3889784214195733 5.071964635045526 2
      vertex -3.0683256668628065 2.0501896647772146 2
      vertex -2.9276673264893627 2.246478151439498 2
    endloop
  endfacet
  facet normal 0 0 1
    outer loop
      vertex -3.713444716953196 4.839455375776534 2
      vertex -3.3096791657047735 1.632153142198412 2
      vertex -3.3889784214195733 5.071964635045526 2
    endloop
  endfacet
  facet normal 0 0 1
    outer loop
      vertex -3.3889784214195733 5.071964635045526 2
      vertex -2.9276673264893627 2.246478151439498 2
      vertex -3.05 5.282754963085075 2
    endloop
  endfacet
  facet normal -0.47139673682599764 0.881921264348355 0
    outer loop
      vertex -2.697961010335908 5.470923723349398 0
      vertex -3.05 5.282754963085075 2
      vertex -2.697961010335908 5.470923723349398 2
    endloop
  endfacet
  facet normal -0.4127070298043954 0.9108638249211755 0
    outer loop
      vertex -2.3343689374270475 5.635665148318849 0
      vertex -2.697961010335908 5.470923723349398 2
      vertex -2.3343689374270475 5.635665148318849 2
    endloop
  endfacet
  facet normal -0.35225004792123277 0.935905926757326 0
    outer loop
      vertex -1.9607807383492855 5.776273789920144 0
      vertex -2.3343689374270475 5.635665148318849 2
      vertex -1.9607807383492855 5.776273789920144 2
    endloop
  endfacet
  facet normal -0.2902846772544628 0.9569403357322087 0
    outer loop
      vertex -1.5787961751253765 5.892147540363316 0
      vertex -1.9607807383492855 5.776273789920144 2
      vertex -1.5787961751253765 5.892147540363316 2
    endloop
  endfacet
  facet normal -0.2270762630343726 0.9738769792773337 0
    outer loop
      vertex -1.1900509642983823 5.982790210459705 0
      vertex -1.5787961751253765 5.892147540363316 2
      vertex -1.1900509642983823 5.982790210459705 2
    endloop
  endfacet
  facet normal -0.1628954733945886 0.9866433320848791 0
    outer loop
      vertex -0.7962097725423145 6.047813654380243 0
      vertex -1.1900509642983823 5.982790210459705 2
      vertex -0.7962097725423145 6.047813654380243 2
    endloop
  endfacet
  facet normal -0.09801714032956156 0.9951847266721968 0
    outer loop
      vertex -0.39895908830387267 6.086939431755481 0
      vertex -0.7962097725423145 6.047813654380243 2
      vertex -0.39895908830387267 6.086939431755481 2
    endloop
  endfacet
  facet normal -0.03271908282177562 0.9994645874763657 0
    outer loop
      vertex -0.39895908830387267 6.086939431755481 2
      vertex 0 6.1 2
      vertex 0 6.1 0
    endloop
  endfacet
  facet normal 0 0 1
    outer loop
      vertex -3.05 5.282754963085075 2
      vertex -2.9276673264893627 2.246478151439498 2
      vertex -2.7744722651602256 2.4331468737717175 2
    endloop
  endfacet
  facet normal 0 0 1
    outer loop
      vertex -3.05 5.282754963085075 2
      vertex -2.7744722651602256 2.4331468737717175 2
      vertex -2.609396487646942 2.609396487646942 2
    endloop
  endfacet
  facet normal 0 0 1
    outer loop
      vertex -2.697961010335908 5.470923723349398 2
      vertex -2.609396487646942 2.609396487646942 2
      vertex -2.4331468737717175 2.7744722651602256 2
    endloop
  endfacet
  facet normal 0 0 1
    outer loop
      vertex -2.697961010335908 5.470923723349398 2
      vertex -2.4331468737717175 2.7744722651602256 2
      vertex -2.2464781514394985 2.9276673264893627 2
    endloop
  endfacet
  facet normal 0 0 1
    outer loop
      vertex -3.05 5.282754963085075 2
      vertex -2.609396487646942 2.609396487646942 2
      vertex -2.697961010335908 5.470923723349398 2
    endloop
  endfacet
  facet normal 0 0 1
    outer loop
      vertex -2.3343689374270475 5.635665148318849 2
      vertex -2.2464781514394985 2.9276673264893627 2
      vertex -2.0501896647772146 3.0683256668628065 2
    endloop
  endfacet
  facet normal 0 0 1
    outer loop
      vertex -2.3343689374270475 5.635665148318849 2
      vertex -2.0501896647772146 3.0683256668628065 2
      vertex -1.845121951219512 3.195844965672818 2
    endloop
  endfacet
  facet normal 0 0 1
    outer loop
      vertex -1.9607807383492855 5.776273789920144 2
      vertex -1.845121951219512 3.195844965672818 2
      vertex -1.632153142198412 3.3096791657047735 2
    endloop
  endfacet
  facet normal 0 0 1
    outer loop
      vertex -1.9607807383492855 5.776273789920144 2
      vertex -1.632153142198412 3.3096791657047735 2
      vertex -1.4121952028497091 3.409340811437992 2
    endloop
  endfacet
  facet normal 0 0 1
    outer loop
      vertex -2.697961010335908 5.470923723349398 2
      vertex -2.2464781514394985 2.9276673264893627 2
      vertex -2.3343689374270475 5.635665148318849 2
    endloop
  endfacet
  facet normal 0 0 1
    outer loop
      vertex -2.3343689374270475 5.635665148318849 2
      vertex -1.845121951219512 3.195844965672818 2
      vertex -1.9607807383492855 5.776273789920144 2
    endloop
  endfacet
  facet normal 0 0 1
    outer loop
      vertex -1.9607807383492855 5.776273789920144 2
      vertex -1.4121952028497091 3.409340811437992 2
      vertex -1.5787961751253765 5.892147540363316 2
    endloop
  endfacet
  facet normal 0 0 1
    outer loop
      vertex -1.5787961751253765 5.892147540363316 2
      vertex -1.4121952028497091 3.409340811437992 2
      vertex -1.1861900268382524 3.4944031364051087 2
    endloop
  endfacet
  facet normal 0 0 1
    outer loop
      vertex -1.1900509642983823 5.982790210459705 2
      vertex -1.1861900268382524 3.4944031364051087 2
      vertex -0.9551054030246678 3.56450189067161 2
    endloop
  endfacet
  facet normal 0 0 1
    outer loop
      vertex -1.1900509642983823 5.982790210459705 2
      vertex -0.9551054030246678 3.56450189067161 2
      vertex -0.7199308712448829 3.6193369006099694 2
    endloop
  endfacet
  facet normal 0 0 1
    outer loop
      vertex -0.7962097725423145 6.047813654380243 2
      vertex -0.7199308712448829 3.6193369006099694 2
      vertex -0.4816734849486293 3.658673354289207 2
    endloop
  endfacet
  facet normal 0 0 1
    outer loop
      vertex -0.7962097725423145 6.047813654380243 2
      vertex -0.4816734849486293 3.658673354289207 2
      vertex -0.2413534988419669 3.6823428069756265 2
    endloop
  endfacet
  facet normal 0 0 1
    outer loop
      vertex -0.39895908830387267 6.086939431755481 2
      vertex -0.2413534988419669 3.6823428069756265 2
      vertex 0 3.690243902439024 2
    endloop
  endfacet
  facet normal 0 0 1
    outer loop
      vertex -1.5787961751253765 5.892147540363316 2
      vertex -1.1861900268382524 3.4944031364051087 2
      vertex -1.1900509642983823 5.982790210459705 2
    endloop
  endfacet
  facet normal 0 0 1
    outer loop
      vertex -1.1900509642983823 5.982790210459705 2
      vertex -0.7199308712448829 3.6193369006099694 2
      vertex -0.7962097725423145 6.047813654380243 2
    endloop
  endfacet
  facet normal 0 0 1
    outer loop
      vertex -0.7962097725423145 6.047813654380243 2
      vertex -0.2413534988419669 3.6823428069756265 2
      vertex -0.39895908830387267 6.086939431755481 2
    endloop
  endfacet
  facet normal 0 0 1
    outer loop
      vertex -0.39895908830387267 6.086939431755481 2
      vertex 0 3.690243902439024 2
      vertex 0 6.1 2
    endloop
  endfacet
  facet normal 0 0 -1
    outer loop
      vertex 0 -6.1 0
      vertex 0.2419915781515293 -3.692078015982833 0
      vertex 0.39895908830387267 -6.086939431755481 0
    endloop
  endfacet
  facet normal 0 0 -1
    outer loop
      vertex 0.39895908830387267 -6.086939431755481 0
      vertex 0.4829469112141908 -3.6683459870830983 0
      vertex 0.7962097725423145 -6.047813654380243 0
    endloop
  endfacet
  facet normal 0 0 -1
    outer loop
      vertex 0.7962097725423145 -6.047813654380243 0
      vertex 0.9576304668793266 -3.5739255572695523 0
      vertex 1.1900509642983823 -5.982790210459705 0
    endloop
  endfacet
  facet normal 0 0 -1
    outer loop
      vertex 1.1900509642983823 -5.982790210459705 0
      vertex 1.415928699750832 -3.418354270291761 0
      vertex 1.5787961751253765 -5.892147540363316 0
    endloop
  endfacet
  facet normal 0 0 -1
    outer loop
      vertex 0 -6.1 0
      vertex 0 -3.6999999999999997 0
      vertex 0.2419915781515293 -3.692078015982833 0
    endloop
  endfacet
  facet normal 0 0 -1
    outer loop
      vertex 0.39895908830387267 -6.086939431755481 0
      vertex 0.2419915781515293 -3.692078015982833 0
      vertex 0.4829469112141908 -3.6683459870830983 0
    endloop
  endfacet
  facet normal 0 0 -1
    outer loop
      vertex 0.7962097725423145 -6.047813654380243 0
      vertex 0.4829469112141908 -3.6683459870830983 0
      vertex 0.7218341914596744 -3.6289055374919523 0
    endloop
  endfacet
  facet normal 0 0 -1
    outer loop
      vertex 0.7962097725423145 -6.047813654380243 0
      vertex 0.7218341914596744 -3.6289055374919523 0
      vertex 0.9576304668793266 -3.5739255572695523 0
    endloop
  endfacet
  facet normal 0 0 -1
    outer loop
      vertex 1.1900509642983823 -5.982790210459705 0
      vertex 0.9576304668793266 -3.5739255572695523 0
      vertex 1.1893260216216979 -3.5036414791318906 0
    endloop
  endfacet
  facet normal 0 0 -1
    outer loop
      vertex 1.1900509642983823 -5.982790210459705 0
      vertex 1.1893260216216979 -3.5036414791318906 0
      vertex 1.415928699750832 -3.418354270291761 0
    endloop
  endfacet
  facet normal 0 0 -1
    outer loop
      vertex 1.5787961751253765 -5.892147540363316 0
      vertex 1.8499999999999999 -3.2042939940024224 0
      vertex 1.9607807383492855 -5.776273789920144 0
    endloop
  endfacet
  facet normal 0 0 -1
    outer loop
      vertex 1.9607807383492855 -5.776273789920144 0
      vertex 2.055609862172528 -3.076437565519417 0
      vertex 2.3343689374270475 -5.635665148318849 0
    endloop
  endfacet
  facet normal 0 0 -1
    outer loop
      vertex 2.3343689374270475 -5.635665148318849 0
      vertex 2.4395795158702547 -2.781807287672216 0
      vertex 2.697961010335908 -5.470923723349398 0
    endloop
  endfacet
  facet normal 0 0 -1
    outer loop
      vertex 1.5787961751253765 -5.892147540363316 0
      vertex 1.415928699750832 -3.418354270291761 0
      vertex 1.6364681538103047 -3.3184291436709463 0
    endloop
  endfacet
  facet normal 0 0 -1
    outer loop
      vertex 1.5787961751253765 -5.892147540363316 0
      vertex 1.6364681538103047 -3.3184291436709463 0
      vertex 1.8499999999999999 -3.2042939940024224 0
    endloop
  endfacet
  facet normal 0 0 -1
    outer loop
      vertex 1.9607807383492855 -5.776273789920144 0
      vertex 1.8499999999999999 -3.2042939940024224 0
      vertex 2.055609862172528 -3.076437565519417 0
    endloop
  endfacet
  facet normal 0 0 -1
    outer loop
      vertex 2.3343689374270475 -5.635665148318849 0
      vertex 2.055609862172528 -3.076437565519417 0
      vertex 2.2524172873322663 -2.93540735907757 0
    endloop
  endfacet
  facet normal 0 0 -1
    outer loop
      vertex 2.697961010335908 -5.470923723349398 0
      vertex 2.93540735907757 -2.2524172873322663 0
      vertex 3.05 -5.282754963085075 0
    endloop
  endfacet
  facet normal 0 0 -1
    outer loop
      vertex 2.3343689374270475 -5.635665148318849 0
      vertex 2.2524172873322663 -2.93540735907757 0
      vertex 2.4395795158702547 -2.781807287672216 0
    endloop
  endfacet
  facet normal 0 0 -1
    outer loop
      vertex 2.697961010335908 -5.470923723349398 0
      vertex 2.4395795158702547 -2.781807287672216 0
      vertex 2.616295090390226 -2.616295090390226 0
    endloop
  endfacet
  facet normal 0 0 -1
    outer loop
      vertex 2.697961010335908 -5.470923723349398 0
      vertex 2.616295090390226 -2.616295090390226 0
      vertex 2.781807287672216 -2.4395795158702547 0
    endloop
  endfacet
  facet normal 0 0 -1
    outer loop
      vertex 2.697961010335908 -5.470923723349398 0
      vertex 2.781807287672216 -2.4395795158702547 0
      vertex 2.93540735907757 -2.2524172873322663 0
    endloop
  endfacet
  facet normal 0 0 -1
    outer loop
      vertex 3.05 -5.282754963085075 0
      vertex 2.93540735907757 -2.2524172873322663 0
      vertex 3.076437565519417 -2.055609862172528 0
    endloop
  endfacet
  facet normal 0.03271908282177562 -0.9994645874763657 0
    outer loop
      vertex 0 -6.1 0
      vertex 0.39895908830387267 -6.086939431755481 0
      vertex 0.39895908830387267 -6.086939431755481 2
    endloop
  endfacet
  facet normal 0.09801714032956156 -0.9951847266721968 0
    outer loop
      vertex 0.39895908830387267 -6.086939431755481 0
      vertex 0.7962097725423145 -6.047813654380243 0
      vertex 0.7962097725423145 -6.047813654380243 2
    endloop
  endfacet
  facet normal 0.1628954733945886 -0.9866433320848791 0
    outer loop
      vertex 0.7962097725423145 -6.047813654380243 0
      vertex 1.1900509642983823 -5.982790210459705 0
      vertex 1.1900509642983823 -5.982790210459705 2
    endloop
  endfacet
  facet normal 0.2270762630343726 -0.9738769792773337 0
    outer loop
      vertex 1.1900509642983823 -5.982790210459705 0
      vertex 1.5787961751253765 -5.892147540363316 0
      vertex 1.5787961751253765 -5.892147540363316 2
    endloop
  endfacet
  facet normal 0.2902846772544628 -0.9569403357322087 0
    outer loop
      vertex 1.5787961751253765 -5.892147540363316 0
      vertex 1.9607807383492855 -5.776273789920144 0
      vertex 1.9607807383492855 -5.776273789920144 2
    endloop
  endfacet
  facet normal 0.35225004792123277 -0.935905926757326 0
    outer loop
      vertex 1.9607807383492855 -5.776273789920144 0
      vertex 2.3343689374270475 -5.635665148318849 0
      vertex 2.3343689374270475 -5.635665148318849 2
    endloop
  endfacet
  facet normal 0.4127070298043954 -0.9108638249211755 0
    outer loop
      vertex 2.3343689374270475 -5.635665148318849 0
      vertex 2.697961010335908 -5.470923723349398 0
      vertex 2.697961010335908 -5.470923723349398 2
    endloop
  endfacet
  facet normal 0.47139673682599764 -0.881921264348355 0
    outer loop
      vertex 2.697961010335908 -5.470923723349398 0
      vertex 3.05 -5.282754963085075 0
      vertex 3.05 -5.282754963085075 2
    endloop
  endfacet
  facet normal 0 0 -1
    outer loop
      vertex 3.05 -5.282754963085075 0
      vertex 3.2042939940024224 -1.8499999999999999 0
      vertex 3.3889784214195733 -5.071964635045526 0
    endloop
  endfacet
  facet normal 0 0 -1
    outer loop
      vertex 3.05 -5.282754963085075 0
      vertex 3.076437565519417 -2.055609862172528 0
      vertex 3.2042939940024224 -1.8499999999999999 0
    endloop
  endfacet
  facet normal 0 0 -1
    outer loop
      vertex 3.3889784214195733 -5.071964635045526 0
      vertex 3.5739255572695523 -0.9576304668793266 0
      vertex 3.713444716953196 -4.839455375776534 0
    endloop
  endfacet
  facet normal 0.5280678506503677 -0.8492021815265791 0
    outer loop
      vertex 3.05 -5.282754963085075 0
      vertex 3.3889784214195733 -5.071964635045526 0
      vertex 3.3889784214195733 -5.071964635045526 2
    endloop
  endfacet
  facet normal 0.5824776968678019 -0.8128466845916155 0
    outer loop
      vertex 3.3889784214195733 -5.071964635045526 0
      vertex 3.713444716953196 -4.839455375776534 0
      vertex 3.713444716953196 -4.839455375776534 2
    endloop
  endfacet
  facet normal 0.6343932841636467 -0.773010453362736 0
    outer loop
      vertex 3.713444716953196 -4.839455375776534 0
      vertex 4.02200947211042 -4.586222825621761 0
      vertex 4.02200947211042 -4.586222825621761 2
    endloop
  endfacet
  facet normal 0.6835923020228691 -0.7298640726978378 0
    outer loop
      vertex 4.02200947211042 -4.586222825621761 0
      vertex 4.31335136523794 -4.31335136523794 0
      vertex 4.31335136523794 -4.31335136523794 2
    endloop
  endfacet
  facet normal 0.7298640726978378 -0.6835923020228691 0
    outer loop
      vertex 4.31335136523794 -4.31335136523794 0
      vertex 4.586222825621761 -4.02200947211042 0
      vertex 4.31335136523794 -4.31335136523794 2
    endloop
  endfacet
  facet normal 0.773010453362736 -0.6343932841636467 0
    outer loop
      vertex 4.586222825621761 -4.02200947211042 0
      vertex 4.839455375776534 -3.713444716953196 0
      vertex 4.586222825621761 -4.02200947211042 2
    endloop
  endfacet
  facet normal 0.8128466845916155 -0.5824776968678019 0
    outer loop
      vertex 4.839455375776534 -3.713444716953196 0
      vertex 5.071964635045526 -3.3889784214195733 0
      vertex 4.839455375776534 -3.713444716953196 2
    endloop
  endfacet
  facet normal 0.8492021815265791 -0.5280678506503677 0
    outer loop
      vertex 5.071964635045526 -3.3889784214195733 0
      vertex 5.282754963085075 -3.05 0
      vertex 5.071964635045526 -3.3889784214195733 2
    endloop
  endfacet
  facet normal 0 0 -1
    outer loop
      vertex 3.3889784214195733 -5.071964635045526 0
      vertex 3.2042939940024224 -1.8499999999999999 0
      vertex 3.3184291436709463 -1.6364681538103047 0
    endloop
  endfacet
  facet normal 0 0 -1
    outer loop
      vertex 3.3889784214195733 -5.071964635045526 0
      vertex 3.3184291436709463 -1.6364681538103047 0
      vertex 3.418354270291761 -1.415928699750832 0
    endloop
  endfacet
  facet normal 0 0 -1
    outer loop
      vertex 3.3889784214195733 -5.071964635045526 0
      vertex 3.418354270291761 -1.415928699750832 0
      vertex 3.5036414791318906 -1.1893260216216979 0
    endloop
  endfacet
  facet normal 0 0 -1
    outer loop
      vertex 3.3889784214195733 -5.071964635045526 0
      vertex 3.5036414791318906 -1.1893260216216979 0
      vertex 3.5739255572695523 -0.9576304668793266 0
    endloop
  endfacet
  facet normal 0 0 -1
    outer loop
      vertex 3.713444716953196 -4.839455375776534 0
      vertex 3.5739255572695523 -0.9576304668793266 0
      vertex 3.6289055374919523 -0.7218341914596744 0
    endloop
  endfacet
  facet normal 0 0 -1
    outer loop
      vertex 3.713444716953196 -4.839455375776534 0
      vertex 3.6289055374919523 -0.7218341914596744 0
      vertex 3.6683459870830983 -0.4829469112141908 0
    endloop
  endfacet
  facet normal 0 0 -1
    outer loop
      vertex 3.713444716953196 -4.839455375776534 0
      vertex 3.6683459870830983 -0.4829469112141908 0
      vertex 3.692078015982833 -0.2419915781515293 0
    endloop
  endfacet
  facet normal 0 0 -1
    outer loop
      vertex 3.713444716953196 -4.839455375776534 0
      vertex 3.692078015982833 -0.2419915781515293 0
      vertex 3.6999999999999997 0 0
    endloop
  endfacet
  facet normal 0 0 -1
    outer loop
      vertex 3.713444716953196 -4.839455375776534 0
      vertex 4.02200947211042 4.586222825621761 0
      vertex 4.02200947211042 -4.586222825621761 0
    endloop
  endfacet
  facet normal 0 0 -1
    outer loop
      vertex 4.02200947211042 -4.586222825621761 0
      vertex 4.31335136523794 4.31335136523794 0
      vertex 4.31335136523794 -4.31335136523794 0
    endloop
  endfacet
  facet normal 0 0 -1
    outer loop
      vertex 4.31335136523794 -4.31335136523794 0
      vertex 4.586222825621761 4.02200947211042 0
      vertex 4.586222825621761 -4.02200947211042 0
    endloop
  endfacet
  facet normal 0 0 -1
    outer loop
      vertex 4.586222825621761 -4.02200947211042 0
      vertex 4.839455375776534 3.713444716953196 0
      vertex 4.839455375776534 -3.713444716953196 0
    endloop
  endfacet
  facet normal 0 0 -1
    outer loop
      vertex 4.839455375776534 -3.713444716953196 0
      vertex 5.071964635045526 3.3889784214195733 0
      vertex 5.071964635045526 -3.3889784214195733 0
    endloop
  endfacet
  facet normal 0 0 -1
    outer loop
      vertex 5.071964635045526 -3.3889784214195733 0
      vertex 5.282754963085075 3.05 0
      vertex 5.282754963085075 -3.05 0
    endloop
  endfacet
  facet normal 0 0 -1
    outer loop
      vertex 5.282754963085075 -3.05 0
      vertex 5.470923723349398 2.697961010335908 0
      vertex 5.470923723349398 -2.697961010335908 0
    endloop
  endfacet
  facet normal 0 0 -1
    outer loop
      vertex 5.470923723349398 -2.697961010335908 0
      vertex 5.635665148318849 2.3343689374270475 0
      vertex 5.635665148318849 -2.3343689374270475 0
    endloop
  endfacet
  facet normal 0 0 -1
    outer loop
      vertex 5.635665148318849 -2.3343689374270475 0
      vertex 5.776273789920144 1.9607807383492855 0
      vertex 5.776273789920144 -1.9607807383492855 0
    endloop
  endfacet
  facet normal 0 0 -1
    outer loop
      vertex 5.776273789920144 -1.9607807383492855 0
      vertex 5.892147540363316 1.5787961751253765 0
      vertex 5.892147540363316 -1.5787961751253765 0
    endloop
  endfacet
  facet normal 0 0 -1
    outer loop
      vertex 5.892147540363316 -1.5787961751253765 0
      vertex 5.982790210459705 1.1900509642983823 0
      vertex 5.982790210459705 -1.1900509642983823 0
    endloop
  endfacet
  facet normal 0 0 -1
    outer loop
      vertex 5.982790210459705 -1.1900509642983823 0
      vertex 6.047813654380243 0.7962097725423145 0
      vertex 6.047813654380243 -0.7962097725423145 0
    endloop
  endfacet
  facet normal 0 0 -1
    outer loop
      vertex 6.047813654380243 -0.7962097725423145 0
      vertex 6.086939431755481 0.39895908830387267 0
      vertex 6.086939431755481 -0.39895908830387267 0
    endloop
  endfacet
  facet normal 0.881921264348355 -0.47139673682599764 0
    outer loop
      vertex 5.282754963085075 -3.05 0
      vertex 5.470923723349398 -2.697961010335908 0
      vertex 5.282754963085075 -3.05 2
    endloop
  endfacet
  facet normal 0.9108638249211755 -0.4127070298043954 0
    outer loop
      vertex 5.470923723349398 -2.697961010335908 0
      vertex 5.635665148318849 -2.3343689374270475 0
      vertex 5.470923723349398 -2.697961010335908 2
    endloop
  endfacet
  facet normal 0.935905926757326 -0.35225004792123277 0
    outer loop
      vertex 5.635665148318849 -2.3343689374270475 0
      vertex 5.776273789920144 -1.9607807383492855 0
      vertex 5.635665148318849 -2.3343689374270475 2
    endloop
  endfacet
  facet normal 0.9569403357322087 -0.2902846772544628 0
    outer loop
      vertex 5.776273789920144 -1.9607807383492855 0
      vertex 5.892147540363316 -1.5787961751253765 0
      vertex 5.776273789920144 -1.9607807383492855 2
    endloop
  endfacet
  facet normal 0.9738769792773337 -0.2270762630343726 0
    outer loop
      vertex 5.892147540363316 -1.5787961751253765 0
      vertex 5.982790210459705 -1.1900509642983823 0
      vertex 5.892147540363316 -1.5787961751253765 2
    endloop
  endfacet
  facet normal 0.9866433320848791 -0.1628954733945886 0
    outer loop
      vertex 5.982790210459705 -1.1900509642983823 0
      vertex 6.047813654380243 -0.7962097725423145 0
      vertex 5.982790210459705 -1.1900509642983823 2
    endloop
  endfacet
  facet normal 0.9951847266721968 -0.09801714032956156 0
    outer loop
      vertex 6.047813654380243 -0.7962097725423145 0
      vertex 6.086939431755481 -0.39895908830387267 0
      vertex 6.047813654380243 -0.7962097725423145 2
    endloop
  endfacet
  facet normal 0.9994645874763657 -0.03271908282177562 0
    outer loop
      vertex 6.086939431755481 -0.39895908830387267 0
      vertex 6.1 0 0
      vertex 6.086939431755481 -0.39895908830387267 2
    endloop
  endfacet
  facet normal 0.03271908282177562 -0.9994645874763657 0
    outer loop
      vertex 0 -6.1 0
      vertex 0.39895908830387267 -6.086939431755481 2
      vertex 0 -6.1 2
    endloop
  endfacet
  facet normal 0.09801714032956156 -0.9951847266721968 0
    outer loop
      vertex 0.39895908830387267 -6.086939431755481 0
      vertex 0.7962097725423145 -6.047813654380243 2
      vertex 0.39895908830387267 -6.086939431755481 2
    endloop
  endfacet
  facet normal 0.1628954733945886 -0.9866433320848791 0
    outer loop
      vertex 0.7962097725423145 -6.047813654380243 0
      vertex 1.1900509642983823 -5.982790210459705 2
      vertex 0.7962097725423145 -6.047813654380243 2
    endloop
  endfacet
  facet normal 0.2270762630343726 -0.9738769792773337 0
    outer loop
      vertex 1.1900509642983823 -5.982790210459705 0
      vertex 1.5787961751253765 -5.892147540363316 2
      vertex 1.1900509642983823 -5.982790210459705 2
    endloop
  endfacet
  facet normal 0.2902846772544628 -0.9569403357322087 0
    outer loop
      vertex 1.5787961751253765 -5.892147540363316 0
      vertex 1.9607807383492855 -5.776273789920144 2
      vertex 1.5787961751253765 -5.892147540363316 2
    endloop
  endfacet
  facet normal 0.35225004792123277 -0.935905926757326 0
    outer loop
      vertex 1.9607807383492855 -5.776273789920144 0
      vertex 2.3343689374270475 -5.635665148318849 2
      vertex 1.9607807383492855 -5.776273789920144 2
    endloop
  endfacet
  facet normal 0.4127070298043954 -0.9108638249211755 0
    outer loop
      vertex 2.3343689374270475 -5.635665148318849 0
      vertex 2.697961010335908 -5.470923723349398 2
      vertex 2.3343689374270475 -5.635665148318849 2
    endloop
  endfacet
  facet normal 0.47139673682599764 -0.881921264348355 0
    outer loop
      vertex 2.697961010335908 -5.470923723349398 0
      vertex 3.05 -5.282754963085075 2
      vertex 2.697961010335908 -5.470923723349398 2
    endloop
  endfacet
  facet normal 0 0 1
    outer loop
      vertex 0 -6.1 2
      vertex 0.39895908830387267 -6.086939431755481 2
      vertex 0 -3.690243902439024 2
    endloop
  endfacet
  facet normal 0 0 1
    outer loop
      vertex 0.39895908830387267 -6.086939431755481 2
      vertex 0.7962097725423145 -6.047813654380243 2
      vertex 0.2413534988419669 -3.6823428069756265 2
    endloop
  endfacet
  facet normal 0 0 1
    outer loop
      vertex 0.7962097725423145 -6.047813654380243 2
      vertex 1.1900509642983823 -5.982790210459705 2
      vertex 0.7199308712448829 -3.6193369006099694 2
    endloop
  endfacet
  facet normal 0 0 1
    outer loop
      vertex 1.1900509642983823 -5.982790210459705 2
      vertex 1.5787961751253765 -5.892147540363316 2
      vertex 1.1861900268382524 -3.4944031364051087 2
    endloop
  endfacet
  facet normal 0 0 1
    outer loop
      vertex 0.39895908830387267 -6.086939431755481 2
      vertex 0.2413534988419669 -3.6823428069756265 2
      vertex 0 -3.690243902439024 2
    endloop
  endfacet
  facet normal 0 0 1
    outer loop
      vertex 0.7962097725423145 -6.047813654380243 2
      vertex 0.4816734849486293 -3.658673354289207 2
      vertex 0.2413534988419669 -3.6823428069756265 2
    endloop
  endfacet
  facet normal 0 0 1
    outer loop
      vertex 0.7962097725423145 -6.047813654380243 2
      vertex 0.7199308712448829 -3.6193369006099694 2
      vertex 0.4816734849486293 -3.658673354289207 2
    endloop
  endfacet
  facet normal 0 0 1
    outer loop
      vertex 1.1900509642983823 -5.982790210459705 2
      vertex 0.9551054030246678 -3.56450189067161 2
      vertex 0.7199308712448829 -3.6193369006099694 2
    endloop
  endfacet
  facet normal 0 0 1
    outer loop
      vertex 1.1900509642983823 -5.982790210459705 2
      vertex 1.1861900268382524 -3.4944031364051087 2
      vertex 0.9551054030246678 -3.56450189067161 2
    endloop
  endfacet
  facet normal 0 0 1
    outer loop
      vertex 1.5787961751253765 -5.892147540363316 2
      vertex 1.4121952028497091 -3.409340811437992 2
      vertex 1.1861900268382524 -3.4944031364051087 2
    endloop
  endfacet
  facet normal 0 0 1
    outer loop
      vertex 1.5787961751253765 -5.892147540363316 2
      vertex 1.9607807383492855 -5.776273789920144 2
      vertex 1.4121952028497091 -3.409340811437992 2
    endloop
  endfacet
  facet normal 0 0 1
    outer loop
      vertex 1.9607807383492855 -5.776273789920144 2
      vertex 2.3343689374270475 -5.635665148318849 2
      vertex 1.845121951219512 -3.195844965672818 2
    endloop
  endfacet
  facet normal 0 0 1
    outer loop
      vertex 2.3343689374270475 -5.635665148318849 2
      vertex 2.697961010335908 -5.470923723349398 2
      vertex 2.2464781514394985 -2.9276673264893627 2
    endloop
  endfacet
  facet normal 0 0 1
    outer loop
      vertex 1.9607807383492855 -5.776273789920144 2
      vertex 1.632153142198412 -3.3096791657047735 2
      vertex 1.4121952028497091 -3.409340811437992 2
    endloop
  endfacet
  facet normal 0 0 1
    outer loop
      vertex 1.9607807383492855 -5.776273789920144 2
      vertex 1.845121951219512 -3.195844965672818 2
      vertex 1.632153142198412 -3.3096791657047735 2
    endloop
  endfacet
  facet normal 0 0 1
    outer loop
      vertex 2.3343689374270475 -5.635665148318849 2
      vertex 2.0501896647772146 -3.0683256668628065 2
      vertex 1.845121951219512 -3.195844965672818 2
    endloop
  endfacet
  facet normal 0 0 1
    outer loop
      vertex 2.3343689374270475 -5.635665148318849 2
      vertex 2.2464781514394985 -2.9276673264893627 2
      vertex 2.0501896647772146 -3.0683256668628065 2
    endloop
  endfacet
  facet normal 0 0 1
    outer loop
      vertex 2.697961010335908 -5.470923723349398 2
      vertex 3.05 -5.282754963085075 2
      vertex 2.609396487646942 -2.609396487646942 2
    endloop
  endfacet
  facet normal 0 0 1
    outer loop
      vertex 2.697961010335908 -5.470923723349398 2
      vertex 2.4331468737717175 -2.7744722651602256 2
      vertex 2.2464781514394985 -2.9276673264893627 2
    endloop
  endfacet
  facet normal 0 0 1
    outer loop
      vertex 2.697961010335908 -5.470923723349398 2
      vertex 2.609396487646942 -2.609396487646942 2
      vertex 2.4331468737717175 -2.7744722651602256 2
    endloop
  endfacet
  facet normal 0 0 1
    outer loop
      vertex 3.05 -5.282754963085075 2
      vertex 2.7744722651602256 -2.4331468737717175 2
      vertex 2.609396487646942 -2.609396487646942 2
    endloop
  endfacet
  facet normal 0 0 1
    outer loop
      vertex 3.05 -5.282754963085075 2
      vertex 2.9276673264893627 -2.246478151439498 2
      vertex 2.7744722651602256 -2.4331468737717175 2
    endloop
  endfacet
  facet normal 0.5280678506503677 -0.8492021815265791 0
    outer loop
      vertex 3.05 -5.282754963085075 0
      vertex 3.3889784214195733 -5.071964635045526 2
      vertex 3.05 -5.282754963085075 2
    endloop
  endfacet
  facet normal 0.5824776968678019 -0.8128466845916155 0
    outer loop
      vertex 3.3889784214195733 -5.071964635045526 0
      vertex 3.713444716953196 -4.839455375776534 2
      vertex 3.3889784214195733 -5.071964635045526 2
    endloop
  endfacet
  facet normal 0.6343932841636467 -0.773010453362736 0
    outer loop
      vertex 3.713444716953196 -4.839455375776534 0
      vertex 4.02200947211042 -4.586222825621761 2
      vertex 3.713444716953196 -4.839455375776534 2
    endloop
  endfacet
  facet normal 0.6835923020228691 -0.7298640726978378 0
    outer loop
      vertex 4.02200947211042 -4.586222825621761 0
      vertex 4.31335136523794 -4.31335136523794 2
      vertex 4.02200947211042 -4.586222825621761 2
    endloop
  endfacet
  facet normal 0.7298640726978378 -0.6835923020228691 0
    outer loop
      vertex 4.586222825621761 -4.02200947211042 0
      vertex 4.586222825621761 -4.02200947211042 2
      vertex 4.31335136523794 -4.31335136523794 2
    endloop
  endfacet
  facet normal 0.773010453362736 -0.6343932841636467 0
    outer loop
      vertex 4.839455375776534 -3.713444716953196 0
      vertex 4.839455375776534 -3.713444716953196 2
      vertex 4.586222825621761 -4.02200947211042 2
    endloop
  endfacet
  facet normal 0.8128466845916155 -0.5824776968678019 0
    outer loop
      vertex 5.071964635045526 -3.3889784214195733 0
      vertex 5.071964635045526 -3.3889784214195733 2
      vertex 4.839455375776534 -3.713444716953196 2
    endloop
  endfacet
  facet normal 0.8492021815265791 -0.5280678506503677 0
    outer loop
      vertex 5.282754963085075 -3.05 0
      vertex 5.282754963085075 -3.05 2
      vertex 5.071964635045526 -3.3889784214195733 2
    endloop
  endfacet
  facet normal 0 0 1
    outer loop
      vertex 3.05 -5.282754963085075 2
      vertex 3.3889784214195733 -5.071964635045526 2
      vertex 2.9276673264893627 -2.246478151439498 2
    endloop
  endfacet
  facet normal 0 0 1
    outer loop
      vertex 3.3889784214195733 -5.071964635045526 2
      vertex 3.713444716953196 -4.839455375776534 2
      vertex 3.3096791657047735 -1.632153142198412 2
    endloop
  endfacet
  facet normal 0 0 1
    outer loop
      vertex 3.3889784214195733 -5.071964635045526 2
      vertex 3.0683256668628065 -2.0501896647772146 2
      vertex 2.9276673264893627 -2.246478151439498 2
    endloop
  endfacet
  facet normal 0.881921264348355 -0.47139673682599764 0
    outer loop
      vertex 5.470923723349398 -2.697961010335908 0
      vertex 5.470923723349398 -2.697961010335908 2
      vertex 5.282754963085075 -3.05 2
    endloop
  endfacet
  facet normal 0.9108638249211755 -0.4127070298043954 0
    outer loop
      vertex 5.635665148318849 -2.3343689374270475 0
      vertex 5.635665148318849 -2.3343689374270475 2
      vertex 5.470923723349398 -2.697961010335908 2
    endloop
  endfacet
  facet normal 0.935905926757326 -0.35225004792123277 0
    outer loop
      vertex 5.776273789920144 -1.9607807383492855 0
      vertex 5.776273789920144 -1.9607807383492855 2
      vertex 5.635665148318849 -2.3343689374270475 2
    endloop
  endfacet
  facet normal 0.9569403357322087 -0.2902846772544628 0
    outer loop
      vertex 5.892147540363316 -1.5787961751253765 0
      vertex 5.892147540363316 -1.5787961751253765 2
      vertex 5.776273789920144 -1.9607807383492855 2
    endloop
  endfacet
  facet normal 0.9738769792773337 -0.2270762630343726 0
    outer loop
      vertex 5.982790210459705 -1.1900509642983823 0
      vertex 5.982790210459705 -1.1900509642983823 2
      vertex 5.892147540363316 -1.5787961751253765 2
    endloop
  endfacet
  facet normal 0.9866433320848791 -0.1628954733945886 0
    outer loop
      vertex 6.047813654380243 -0.7962097725423145 0
      vertex 6.047813654380243 -0.7962097725423145 2
      vertex 5.982790210459705 -1.1900509642983823 2
    endloop
  endfacet
  facet normal 0.9951847266721968 -0.09801714032956156 0
    outer loop
      vertex 6.086939431755481 -0.39895908830387267 0
      vertex 6.086939431755481 -0.39895908830387267 2
      vertex 6.047813654380243 -0.7962097725423145 2
    endloop
  endfacet
  facet normal 0.9994645874763657 -0.03271908282177562 0
    outer loop
      vertex 6.086939431755481 -0.39895908830387267 2
      vertex 6.1 0 0
      vertex 6.1 0 2
    endloop
  endfacet
  facet normal 0 0 1
    outer loop
      vertex 3.3889784214195733 -5.071964635045526 2
      vertex 3.195844965672818 -1.845121951219512 2
      vertex 3.0683256668628065 -2.0501896647772146 2
    endloop
  endfacet
  facet normal 0 0 1
    outer loop
      vertex 3.3889784214195733 -5.071964635045526 2
      vertex 3.3096791657047735 -1.632153142198412 2
      vertex 3.195844965672818 -1.845121951219512 2
    endloop
  endfacet
  facet normal 0 0 1
    outer loop
      vertex 3.713444716953196 -4.839455375776534 2
      vertex 3.409340811437992 -1.4121952028497091 2
      vertex 3.3096791657047735 -1.632153142198412 2
    endloop
  endfacet
  facet normal 0 0 1
    outer loop
      vertex 3.713444716953196 -4.839455375776534 2
      vertex 3.4944031364051087 -1.1861900268382524 2
      vertex 3.409340811437992 -1.4121952028497091 2
    endloop
  endfacet
  facet normal 0 0 1
    outer loop
      vertex 3.713444716953196 -4.839455375776534 2
      vertex 3.56450189067161 -0.9551054030246678 2
      vertex 3.4944031364051087 -1.1861900268382524 2
    endloop
  endfacet
  facet normal 0 0 1
    outer loop
      vertex 3.713444716953196 -4.839455375776534 2
      vertex 3.6193369006099694 -0.7199308712448829 2
      vertex 3.56450189067161 -0.9551054030246678 2
    endloop
  endfacet
  facet normal 0 0 1
    outer loop
      vertex 3.713444716953196 -4.839455375776534 2
      vertex 3.658673354289207 -0.4816734849486293 2
      vertex 3.6193369006099694 -0.7199308712448829 2
    endloop
  endfacet
  facet normal 0 0 1
    outer loop
      vertex 3.713444716953196 -4.839455375776534 2
      vertex 3.6823428069756265 -0.2413534988419669 2
      vertex 3.658673354289207 -0.4816734849486293 2
    endloop
  endfacet
  facet normal 0 0 1
    outer loop
      vertex 3.713444716953196 -4.839455375776534 2
      vertex 3.690243902439024 0 2
      vertex 3.6823428069756265 -0.2413534988419669 2
    endloop
  endfacet
  facet normal 0 0 1
    outer loop
      vertex 3.713444716953196 -4.839455375776534 2
      vertex 4.02200947211042 -4.586222825621761 2
      vertex 3.713444716953196 4.839455375776534 2
    endloop
  endfacet
  facet normal 0 0 1
    outer loop
      vertex 4.02200947211042 -4.586222825621761 2
      vertex 4.31335136523794 -4.31335136523794 2
      vertex 4.02200947211042 4.586222825621761 2
    endloop
  endfacet
  facet normal 0 0 1
    outer loop
      vertex 4.31335136523794 -4.31335136523794 2
      vertex 4.586222825621761 -4.02200947211042 2
      vertex 4.31335136523794 4.31335136523794 2
    endloop
  endfacet
  facet normal 0 0 1
    outer loop
      vertex 4.586222825621761 -4.02200947211042 2
      vertex 4.839455375776534 -3.713444716953196 2
      vertex 4.586222825621761 4.02200947211042 2
    endloop
  endfacet
  facet normal 0 0 1
    outer loop
      vertex 4.839455375776534 -3.713444716953196 2
      vertex 5.071964635045526 -3.3889784214195733 2
      vertex 4.839455375776534 3.713444716953196 2
    endloop
  endfacet
  facet normal 0 0 1
    outer loop
      vertex 5.071964635045526 -3.3889784214195733 2
      vertex 5.282754963085075 -3.05 2
      vertex 5.071964635045526 3.3889784214195733 2
    endloop
  endfacet
  facet normal 0 0 1
    outer loop
      vertex 5.282754963085075 -3.05 2
      vertex 5.470923723349398 -2.697961010335908 2
      vertex 5.282754963085075 3.05 2
    endloop
  endfacet
  facet normal 0 0 1
    outer loop
      vertex 5.470923723349398 -2.697961010335908 2
      vertex 5.635665148318849 -2.3343689374270475 2
      vertex 5.470923723349398 2.697961010335908 2
    endloop
  endfacet
  facet normal 0 0 1
    outer loop
      vertex 5.635665148318849 -2.3343689374270475 2
      vertex 5.776273789920144 -1.9607807383492855 2
      vertex 5.635665148318849 2.3343689374270475 2
    endloop
  endfacet
  facet normal 0 0 1
    outer loop
      vertex 5.776273789920144 -1.9607807383492855 2
      vertex 5.892147540363316 -1.5787961751253765 2
      vertex 5.776273789920144 1.9607807383492855 2
    endloop
  endfacet
  facet normal 0 0 1
    outer loop
      vertex 5.892147540363316 -1.5787961751253765 2
      vertex 5.982790210459705 -1.1900509642983823 2
      vertex 5.892147540363316 1.5787961751253765 2
    endloop
  endfacet
  facet normal 0 0 1
    outer loop
      vertex 5.982790210459705 -1.1900509642983823 2
      vertex 6.047813654380243 -0.7962097725423145 2
      vertex 5.982790210459705 1.1900509642983823 2
    endloop
  endfacet
  facet normal 0 0 1
    outer loop
      vertex 6.047813654380243 -0.7962097725423145 2
      vertex 6.086939431755481 -0.39895908830387267 2
      vertex 6.047813654380243 0.7962097725423145 2
    endloop
  endfacet
  facet normal 0 0 -1
    outer loop
      vertex 0 6.1 0
      vertex 0.2419915781515293 3.692078015982833 0
      vertex 0 3.6999999999999997 0
    endloop
  endfacet
  facet normal 0 0 -1
    outer loop
      vertex 0.7962097725423145 6.047813654380243 0
      vertex 0.4829469112141908 3.6683459870830983 0
      vertex 0.2419915781515293 3.692078015982833 0
    endloop
  endfacet
  facet normal 0 0 -1
    outer loop
      vertex 0.7962097725423145 6.047813654380243 0
      vertex 0.7218341914596744 3.6289055374919523 0
      vertex 0.4829469112141908 3.6683459870830983 0
    endloop
  endfacet
  facet normal 0 0 -1
    outer loop
      vertex 1.1900509642983823 5.982790210459705 0
      vertex 1.1893260216216979 3.5036414791318906 0
      vertex 0.9576304668793266 3.5739255572695523 0
    endloop
  endfacet
  facet normal 0 0 -1
    outer loop
      vertex 1.1900509642983823 5.982790210459705 0
      vertex 0.9576304668793266 3.5739255572695523 0
      vertex 0.7218341914596744 3.6289055374919523 0
    endloop
  endfacet
  facet normal 0 0 -1
    outer loop
      vertex 1.5787961751253765 5.892147540363316 0
      vertex 1.415928699750832 3.418354270291761 0
      vertex 1.1893260216216979 3.5036414791318906 0
    endloop
  endfacet
  facet normal 0 0 -1
    outer loop
      vertex 0 6.1 0
      vertex 0.39895908830387267 6.086939431755481 0
      vertex 0.2419915781515293 3.692078015982833 0
    endloop
  endfacet
  facet normal 0 0 -1
    outer loop
      vertex 0.39895908830387267 6.086939431755481 0
      vertex 0.7962097725423145 6.047813654380243 0
      vertex 0.2419915781515293 3.692078015982833 0
    endloop
  endfacet
  facet normal 0 0 -1
    outer loop
      vertex 0.7962097725423145 6.047813654380243 0
      vertex 1.1900509642983823 5.982790210459705 0
      vertex 0.7218341914596744 3.6289055374919523 0
    endloop
  endfacet
  facet normal 0 0 -1
    outer loop
      vertex 1.1900509642983823 5.982790210459705 0
      vertex 1.5787961751253765 5.892147540363316 0
      vertex 1.1893260216216979 3.5036414791318906 0
    endloop
  endfacet
  facet normal 0 0 -1
    outer loop
      vertex 1.9607807383492855 5.776273789920144 0
      vertex 1.6364681538103047 3.3184291436709463 0
      vertex 1.415928699750832 3.418354270291761 0
    endloop
  endfacet
  facet normal 0 0 -1
    outer loop
      vertex 1.9607807383492855 5.776273789920144 0
      vertex 1.8499999999999999 3.2042939940024224 0
      vertex 1.6364681538103047 3.3184291436709463 0
    endloop
  endfacet
  facet normal 0 0 -1
    outer loop
      vertex 2.3343689374270475 5.635665148318849 0
      vertex 2.055609862172528 3.076437565519417 0
      vertex 1.8499999999999999 3.2042939940024224 0
    endloop
  endfacet
  facet normal 0 0 -1
    outer loop
      vertex 2.3343689374270475 5.635665148318849 0
      vertex 2.2524172873322663 2.93540735907757 0
      vertex 2.055609862172528 3.076437565519417 0
    endloop
  endfacet
  facet normal 0 0 -1
    outer loop
      vertex 2.697961010335908 5.470923723349398 0
      vertex 2.4395795158702547 2.781807287672216 0
      vertex 2.2524172873322663 2.93540735907757 0
    endloop
  endfacet
  facet normal 0 0 -1
    outer loop
      vertex 2.697961010335908 5.470923723349398 0
      vertex 2.616295090390226 2.616295090390226 0
      vertex 2.4395795158702547 2.781807287672216 0
    endloop
  endfacet
  facet normal 0 0 -1
    outer loop
      vertex 3.05 5.282754963085075 0
      vertex 2.93540735907757 2.2524172873322663 0
      vertex 2.781807287672216 2.4395795158702547 0
    endloop
  endfacet
  facet normal 0 0 -1
    outer loop
      vertex 3.05 5.282754963085075 0
      vertex 2.781807287672216 2.4395795158702547 0
      vertex 2.616295090390226 2.616295090390226 0
    endloop
  endfacet
  facet normal 0 0 -1
    outer loop
      vertex 3.05 5.282754963085075 0
      vertex 2.616295090390226 2.616295090390226 0
      vertex 2.697961010335908 5.470923723349398 0
    endloop
  endfacet
  facet normal 0 0 -1
    outer loop
      vertex 1.5787961751253765 5.892147540363316 0
      vertex 1.9607807383492855 5.776273789920144 0
      vertex 1.415928699750832 3.418354270291761 0
    endloop
  endfacet
  facet normal 0 0 -1
    outer loop
      vertex 1.9607807383492855 5.776273789920144 0
      vertex 2.3343689374270475 5.635665148318849 0
      vertex 1.8499999999999999 3.2042939940024224 0
    endloop
  endfacet
  facet normal 0 0 -1
    outer loop
      vertex 2.3343689374270475 5.635665148318849 0
      vertex 2.697961010335908 5.470923723349398 0
      vertex 2.2524172873322663 2.93540735907757 0
    endloop
  endfacet
  facet normal 0.03271908282177562 0.9994645874763657 0
    outer loop
      vertex 0 6.1 0
      vertex 0 6.1 2
      vertex 0.39895908830387267 6.086939431755481 0
    endloop
  endfacet
  facet normal 0.09801714032956156 0.9951847266721968 0
    outer loop
      vertex 0.39895908830387267 6.086939431755481 0
      vertex 0.39895908830387267 6.086939431755481 2
      vertex 0.7962097725423145 6.047813654380243 0
    endloop
  endfacet
  facet normal 0.1628954733945886 0.9866433320848791 0
    outer loop
      vertex 0.7962097725423145 6.047813654380243 0
      vertex 0.7962097725423145 6.047813654380243 2
      vertex 1.1900509642983823 5.982790210459705 0
    endloop
  endfacet
  facet normal 0.2270762630343726 0.9738769792773337 0
    outer loop
      vertex 1.1900509642983823 5.982790210459705 0
      vertex 1.1900509642983823 5.982790210459705 2
      vertex 1.5787961751253765 5.892147540363316 0
    endloop
  endfacet
  facet normal 0.2902846772544628 0.9569403357322087 0
    outer loop
      vertex 1.5787961751253765 5.892147540363316 0
      vertex 1.5787961751253765 5.892147540363316 2
      vertex 1.9607807383492855 5.776273789920144 0
    endloop
  endfacet
  facet normal 0.35225004792123277 0.935905926757326 0
    outer loop
      vertex 1.9607807383492855 5.776273789920144 0
      vertex 1.9607807383492855 5.776273789920144 2
      vertex 2.3343689374270475 5.635665148318849 0
    endloop
  endfacet
  facet normal 0.4127070298043954 0.9108638249211755 0
    outer loop
      vertex 2.3343689374270475 5.635665148318849 0
      vertex 2.3343689374270475 5.635665148318849 2
      vertex 2.697961010335908 5.470923723349398 0
    endloop
  endfacet
  facet normal 0.47139673682599764 0.881921264348355 0
    outer loop
      vertex 3.05 5.282754963085075 0
      vertex 2.697961010335908 5.470923723349398 0
      vertex 2.697961010335908 5.470923723349398 2
    endloop
  endfacet
  facet normal 0 0 -1
    outer loop
      vertex 3.713444716953196 -4.839455375776534 0
      vertex 3.6999999999999997 0 0
      vertex 3.713444716953196 4.839455375776534 0
    endloop
  endfacet
  facet normal 0 0 -1
    outer loop
      vertex 4.02200947211042 -4.586222825621761 0
      vertex 4.02200947211042 4.586222825621761 0
      vertex 4.31335136523794 4.31335136523794 0
    endloop
  endfacet
  facet normal 0 0 -1
    outer loop
      vertex 4.31335136523794 -4.31335136523794 0
      vertex 4.31335136523794 4.31335136523794 0
      vertex 4.586222825621761 4.02200947211042 0
    endloop
  endfacet
  facet normal 0 0 -1
    outer loop
      vertex 3.713444716953196 4.839455375776534 0
      vertex 3.6999999999999997 0 0
      vertex 3.692078015982833 0.2419915781515293 0
    endloop
  endfacet
  facet normal 0 0 -1
    outer loop
      vertex 3.713444716953196 4.839455375776534 0
      vertex 3.692078015982833 0.2419915781515293 0
      vertex 3.6683459870830983 0.4829469112141908 0
    endloop
  endfacet
  facet normal 0 0 -1
    outer loop
      vertex 3.713444716953196 4.839455375776534 0
      vertex 3.6683459870830983 0.4829469112141908 0
      vertex 3.6289055374919523 0.7218341914596744 0
    endloop
  endfacet
  facet normal 0 0 -1
    outer loop
      vertex 3.713444716953196 4.839455375776534 0
      vertex 3.6289055374919523 0.7218341914596744 0
      vertex 3.5739255572695523 0.9576304668793266 0
    endloop
  endfacet
  facet normal 0 0 -1
    outer loop
      vertex 3.3889784214195733 5.071964635045526 0
      vertex 3.2042939940024224 1.8499999999999999 0
      vertex 3.076437565519417 2.055609862172528 0
    endloop
  endfacet
  facet normal 0 0 -1
    outer loop
      vertex 3.3889784214195733 5.071964635045526 0
      vertex 3.3184291436709463 1.6364681538103047 0
      vertex 3.2042939940024224 1.8499999999999999 0
    endloop
  endfacet
  facet normal 0 0 -1
    outer loop
      vertex 3.713444716953196 4.839455375776534 0
      vertex 3.5739255572695523 0.9576304668793266 0
      vertex 3.5036414791318906 1.1893260216216979 0
    endloop
  endfacet
  facet normal 0 0 -1
    outer loop
      vertex 3.713444716953196 4.839455375776534 0
      vertex 3.418354270291761 1.415928699750832 0
      vertex 3.3184291436709463 1.6364681538103047 0
    endloop
  endfacet
  facet normal 0 0 -1
    outer loop
      vertex 3.713444716953196 4.839455375776534 0
      vertex 3.5036414791318906 1.1893260216216979 0
      vertex 3.418354270291761 1.415928699750832 0
    endloop
  endfacet
  facet normal 0 0 -1
    outer loop
      vertex 3.713444716953196 -4.839455375776534 0
      vertex 3.713444716953196 4.839455375776534 0
      vertex 4.02200947211042 4.586222825621761 0
    endloop
  endfacet
  facet normal 0 0 -1
    outer loop
      vertex 4.839455375776534 -3.713444716953196 0
      vertex 4.839455375776534 3.713444716953196 0
      vertex 5.071964635045526 3.3889784214195733 0
    endloop
  endfacet
  facet normal 0 0 -1
    outer loop
      vertex 4.586222825621761 -4.02200947211042 0
      vertex 4.586222825621761 4.02200947211042 0
      vertex 4.839455375776534 3.713444716953196 0
    endloop
  endfacet
  facet normal 0 0 -1
    outer loop
      vertex 5.071964635045526 -3.3889784214195733 0
      vertex 5.071964635045526 3.3889784214195733 0
      vertex 5.282754963085075 3.05 0
    endloop
  endfacet
  facet normal 0 0 -1
    outer loop
      vertex 5.635665148318849 -2.3343689374270475 0
      vertex 5.635665148318849 2.3343689374270475 0
      vertex 5.776273789920144 1.9607807383492855 0
    endloop
  endfacet
  facet normal 0 0 -1
    outer loop
      vertex 6.086939431755481 -0.39895908830387267 0
      vertex 6.086939431755481 0.39895908830387267 0
      vertex 6.1 0 0
    endloop
  endfacet
  facet normal 0 0 -1
    outer loop
      vertex 6.047813654380243 -0.7962097725423145 0
      vertex 6.047813654380243 0.7962097725423145 0
      vertex 6.086939431755481 0.39895908830387267 0
    endloop
  endfacet
  facet normal 0 0 -1
    outer loop
      vertex 5.982790210459705 -1.1900509642983823 0
      vertex 5.982790210459705 1.1900509642983823 0
      vertex 6.047813654380243 0.7962097725423145 0
    endloop
  endfacet
  facet normal 0 0 -1
    outer loop
      vertex 5.776273789920144 -1.9607807383492855 0
      vertex 5.776273789920144 1.9607807383492855 0
      vertex 5.892147540363316 1.5787961751253765 0
    endloop
  endfacet
  facet normal 0 0 -1
    outer loop
      vertex 5.892147540363316 -1.5787961751253765 0
      vertex 5.892147540363316 1.5787961751253765 0
      vertex 5.982790210459705 1.1900509642983823 0
    endloop
  endfacet
  facet normal 0 0 -1
    outer loop
      vertex 5.282754963085075 -3.05 0
      vertex 5.282754963085075 3.05 0
      vertex 5.470923723349398 2.697961010335908 0
    endloop
  endfacet
  facet normal 0 0 -1
    outer loop
      vertex 5.470923723349398 -2.697961010335908 0
      vertex 5.470923723349398 2.697961010335908 0
      vertex 5.635665148318849 2.3343689374270475 0
    endloop
  endfacet
  facet normal 0.9994645874763657 0.03271908282177562 0
    outer loop
      vertex 6.1 0 0
      vertex 6.086939431755481 0.39895908830387267 0
      vertex 6.1 0 2
    endloop
  endfacet
  facet normal 0.9951847266721968 0.09801714032956156 0
    outer loop
      vertex 6.086939431755481 0.39895908830387267 0
      vertex 6.047813654380243 0.7962097725423145 0
      vertex 6.086939431755481 0.39895908830387267 2
    endloop
  endfacet
  facet normal 0.9866433320848791 0.1628954733945886 0
    outer loop
      vertex 6.047813654380243 0.7962097725423145 0
      vertex 5.982790210459705 1.1900509642983823 0
      vertex 6.047813654380243 0.7962097725423145 2
    endloop
  endfacet
  facet normal 0.9738769792773337 0.2270762630343726 0
    outer loop
      vertex 5.982790210459705 1.1900509642983823 0
      vertex 5.892147540363316 1.5787961751253765 0
      vertex 5.982790210459705 1.1900509642983823 2
    endloop
  endfacet
  facet normal 0.9569403357322087 0.2902846772544628 0
    outer loop
      vertex 5.892147540363316 1.5787961751253765 0
      vertex 5.776273789920144 1.9607807383492855 0
      vertex 5.892147540363316 1.5787961751253765 2
    endloop
  endfacet
  facet normal 0.935905926757326 0.35225004792123277 0
    outer loop
      vertex 5.776273789920144 1.9607807383492855 0
      vertex 5.635665148318849 2.3343689374270475 0
      vertex 5.776273789920144 1.9607807383492855 2
    endloop
  endfacet
  facet normal 0.9108638249211755 0.4127070298043954 0
    outer loop
      vertex 5.635665148318849 2.3343689374270475 0
      vertex 5.470923723349398 2.697961010335908 0
      vertex 5.635665148318849 2.3343689374270475 2
    endloop
  endfacet
  facet normal 0.881921264348355 0.47139673682599764 0
    outer loop
      vertex 5.282754963085075 3.05 0
      vertex 5.470923723349398 2.697961010335908 2
      vertex 5.470923723349398 2.697961010335908 0
    endloop
  endfacet
  facet normal 0 0 -1
    outer loop
      vertex 3.3889784214195733 5.071964635045526 0
      vertex 3.076437565519417 2.055609862172528 0
      vertex 2.93540735907757 2.2524172873322663 0
    endloop
  endfacet
  facet normal 0 0 -1
    outer loop
      vertex 3.05 5.282754963085075 0
      vertex 3.3889784214195733 5.071964635045526 0
      vertex 2.93540735907757 2.2524172873322663 0
    endloop
  endfacet
  facet normal 0 0 -1
    outer loop
      vertex 3.3889784214195733 5.071964635045526 0
      vertex 3.713444716953196 4.839455375776534 0
      vertex 3.3184291436709463 1.6364681538103047 0
    endloop
  endfacet
  facet normal 0.6835923020228691 0.7298640726978378 0
    outer loop
      vertex 4.31335136523794 4.31335136523794 0
      vertex 4.02200947211042 4.586222825621761 0
      vertex 4.02200947211042 4.586222825621761 2
    endloop
  endfacet
  facet normal 0.7298640726978378 0.6835923020228691 0
    outer loop
      vertex 4.31335136523794 4.31335136523794 0
      vertex 4.586222825621761 4.02200947211042 2
      vertex 4.586222825621761 4.02200947211042 0
    endloop
  endfacet
  facet normal 0.5280678506503677 0.8492021815265791 0
    outer loop
      vertex 3.05 5.282754963085075 0
      vertex 3.05 5.282754963085075 2
      vertex 3.3889784214195733 5.071964635045526 0
    endloop
  endfacet
  facet normal 0.5824776968678019 0.8128466845916155 0
    outer loop
      vertex 3.3889784214195733 5.071964635045526 0
      vertex 3.3889784214195733 5.071964635045526 2
      vertex 3.713444716953196 4.839455375776534 0
    endloop
  endfacet
  facet normal 0.6343932841636467 0.773010453362736 0
    outer loop
      vertex 3.713444716953196 4.839455375776534 0
      vertex 3.713444716953196 4.839455375776534 2
      vertex 4.02200947211042 4.586222825621761 0
    endloop
  endfacet
  facet normal 0.8492021815265791 0.5280678506503677 0
    outer loop
      vertex 5.282754963085075 3.05 0
      vertex 5.071964635045526 3.3889784214195733 0
      vertex 5.282754963085075 3.05 2
    endloop
  endfacet
  facet normal 0.8128466845916155 0.5824776968678019 0
    outer loop
      vertex 4.839455375776534 3.713444716953196 0
      vertex 5.071964635045526 3.3889784214195733 2
      vertex 5.071964635045526 3.3889784214195733 0
    endloop
  endfacet
  facet normal 0.773010453362736 0.6343932841636467 0
    outer loop
      vertex 4.839455375776534 3.713444716953196 0
      vertex 4.586222825621761 4.02200947211042 0
      vertex 4.839455375776534 3.713444716953196 2
    endloop
  endfacet
  facet normal 0.03271908282177562 0.9994645874763657 0
    outer loop
      vertex 0.39895908830387267 6.086939431755481 0
      vertex 0 6.1 2
      vertex 0.39895908830387267 6.086939431755481 2
    endloop
  endfacet
  facet normal 0.09801714032956156 0.9951847266721968 0
    outer loop
      vertex 0.7962097725423145 6.047813654380243 0
      vertex 0.39895908830387267 6.086939431755481 2
      vertex 0.7962097725423145 6.047813654380243 2
    endloop
  endfacet
  facet normal 0.1628954733945886 0.9866433320848791 0
    outer loop
      vertex 1.1900509642983823 5.982790210459705 0
      vertex 0.7962097725423145 6.047813654380243 2
      vertex 1.1900509642983823 5.982790210459705 2
    endloop
  endfacet
  facet normal 0.2270762630343726 0.9738769792773337 0
    outer loop
      vertex 1.5787961751253765 5.892147540363316 0
      vertex 1.1900509642983823 5.982790210459705 2
      vertex 1.5787961751253765 5.892147540363316 2
    endloop
  endfacet
  facet normal 0.2902846772544628 0.9569403357322087 0
    outer loop
      vertex 1.9607807383492855 5.776273789920144 0
      vertex 1.5787961751253765 5.892147540363316 2
      vertex 1.9607807383492855 5.776273789920144 2
    endloop
  endfacet
  facet normal 0.35225004792123277 0.935905926757326 0
    outer loop
      vertex 2.3343689374270475 5.635665148318849 0
      vertex 1.9607807383492855 5.776273789920144 2
      vertex 2.3343689374270475 5.635665148318849 2
    endloop
  endfacet
  facet normal 0.4127070298043954 0.9108638249211755 0
    outer loop
      vertex 2.697961010335908 5.470923723349398 0
      vertex 2.3343689374270475 5.635665148318849 2
      vertex 2.697961010335908 5.470923723349398 2
    endloop
  endfacet
  facet normal 0.47139673682599764 0.881921264348355 0
    outer loop
      vertex 3.05 5.282754963085075 0
      vertex 2.697961010335908 5.470923723349398 2
      vertex 3.05 5.282754963085075 2
    endloop
  endfacet
  facet normal 0 0 1
    outer loop
      vertex 0 6.1 2
      vertex 0 3.690243902439024 2
      vertex 0.2413534988419669 3.6823428069756265 2
    endloop
  endfacet
  facet normal 0 0 1
    outer loop
      vertex 0.39895908830387267 6.086939431755481 2
      vertex 0.2413534988419669 3.6823428069756265 2
      vertex 0.4816734849486293 3.658673354289207 2
    endloop
  endfacet
  facet normal 0 0 1
    outer loop
      vertex 0.7962097725423145 6.047813654380243 2
      vertex 0.4816734849486293 3.658673354289207 2
      vertex 0.7199308712448829 3.6193369006099694 2
    endloop
  endfacet
  facet normal 0 0 1
    outer loop
      vertex 0.7962097725423145 6.047813654380243 2
      vertex 0.7199308712448829 3.6193369006099694 2
      vertex 0.9551054030246678 3.56450189067161 2
    endloop
  endfacet
  facet normal 0 0 1
    outer loop
      vertex 1.1900509642983823 5.982790210459705 2
      vertex 0.9551054030246678 3.56450189067161 2
      vertex 1.1861900268382524 3.4944031364051087 2
    endloop
  endfacet
  facet normal 0 0 1
    outer loop
      vertex 1.1900509642983823 5.982790210459705 2
      vertex 1.1861900268382524 3.4944031364051087 2
      vertex 1.4121952028497091 3.409340811437992 2
    endloop
  endfacet
  facet normal 0 0 1
    outer loop
      vertex 0 6.1 2
      vertex 0.2413534988419669 3.6823428069756265 2
      vertex 0.39895908830387267 6.086939431755481 2
    endloop
  endfacet
  facet normal 0 0 1
    outer loop
      vertex 0.39895908830387267 6.086939431755481 2
      vertex 0.4816734849486293 3.658673354289207 2
      vertex 0.7962097725423145 6.047813654380243 2
    endloop
  endfacet
  facet normal 0 0 1
    outer loop
      vertex 0.7962097725423145 6.047813654380243 2
      vertex 0.9551054030246678 3.56450189067161 2
      vertex 1.1900509642983823 5.982790210459705 2
    endloop
  endfacet
  facet normal 0 0 1
    outer loop
      vertex 1.1900509642983823 5.982790210459705 2
      vertex 1.4121952028497091 3.409340811437992 2
      vertex 1.5787961751253765 5.892147540363316 2
    endloop
  endfacet
  facet normal 0 0 1
    outer loop
      vertex 1.5787961751253765 5.892147540363316 2
      vertex 1.632153142198412 3.3096791657047735 2
      vertex 1.845121951219512 3.195844965672818 2
    endloop
  endfacet
  facet normal 0 0 1
    outer loop
      vertex 1.5787961751253765 5.892147540363316 2
      vertex 1.4121952028497091 3.409340811437992 2
      vertex 1.632153142198412 3.3096791657047735 2
    endloop
  endfacet
  facet normal 0 0 1
    outer loop
      vertex 1.9607807383492855 5.776273789920144 2
      vertex 1.845121951219512 3.195844965672818 2
      vertex 2.0501896647772146 3.0683256668628065 2
    endloop
  endfacet
  facet normal 0 0 1
    outer loop
      vertex 2.3343689374270475 5.635665148318849 2
      vertex 2.0501896647772146 3.0683256668628065 2
      vertex 2.246478151439498 2.9276673264893627 2
    endloop
  endfacet
  facet normal 0 0 1
    outer loop
      vertex 2.3343689374270475 5.635665148318849 2
      vertex 2.246478151439498 2.9276673264893627 2
      vertex 2.4331468737717175 2.774472265160226 2
    endloop
  endfacet
  facet normal 0 0 1
    outer loop
      vertex 2.697961010335908 5.470923723349398 2
      vertex 2.4331468737717175 2.774472265160226 2
      vertex 2.6093964876469427 2.6093964876469427 2
    endloop
  endfacet
  facet normal 0 0 1
    outer loop
      vertex 2.697961010335908 5.470923723349398 2
      vertex 2.7744722651602256 2.4331468737717175 2
      vertex 2.9276673264893627 2.246478151439498 2
    endloop
  endfacet
  facet normal 0 0 1
    outer loop
      vertex 3.05 5.282754963085075 2
      vertex 2.9276673264893627 2.246478151439498 2
      vertex 3.0683256668628065 2.0501896647772146 2
    endloop
  endfacet
  facet normal 0 0 1
    outer loop
      vertex 2.697961010335908 5.470923723349398 2
      vertex 2.6093964876469427 2.6093964876469427 2
      vertex 2.7744722651602256 2.4331468737717175 2
    endloop
  endfacet
  facet normal 0 0 1
    outer loop
      vertex 3.05 5.282754963085075 2
      vertex 2.697961010335908 5.470923723349398 2
      vertex 2.9276673264893627 2.246478151439498 2
    endloop
  endfacet
  facet normal 0 0 1
    outer loop
      vertex 1.5787961751253765 5.892147540363316 2
      vertex 1.845121951219512 3.195844965672818 2
      vertex 1.9607807383492855 5.776273789920144 2
    endloop
  endfacet
  facet normal 0 0 1
    outer loop
      vertex 1.9607807383492855 5.776273789920144 2
      vertex 2.0501896647772146 3.0683256668628065 2
      vertex 2.3343689374270475 5.635665148318849 2
    endloop
  endfacet
  facet normal 0 0 1
    outer loop
      vertex 2.3343689374270475 5.635665148318849 2
      vertex 2.4331468737717175 2.774472265160226 2
      vertex 2.697961010335908 5.470923723349398 2
    endloop
  endfacet
  facet normal 0.9994645874763657 0.03271908282177562 0
    outer loop
      vertex 6.086939431755481 0.39895908830387267 0
      vertex 6.086939431755481 0.39895908830387267 2
      vertex 6.1 0 2
    endloop
  endfacet
  facet normal 0.9951847266721968 0.09801714032956156 0
    outer loop
      vertex 6.047813654380243 0.7962097725423145 0
      vertex 6.047813654380243 0.7962097725423145 2
      vertex 6.086939431755481 0.39895908830387267 2
    endloop
  endfacet
  facet normal 0.9866433320848791 0.1628954733945886 0
    outer loop
      vertex 5.982790210459705 1.1900509642983823 0
      vertex 5.982790210459705 1.1900509642983823 2
      vertex 6.047813654380243 0.7962097725423145 2
    endloop
  endfacet
  facet normal 0.9738769792773337 0.2270762630343726 0
    outer loop
      vertex 5.892147540363316 1.5787961751253765 0
      vertex 5.892147540363316 1.5787961751253765 2
      vertex 5.982790210459705 1.1900509642983823 2
    endloop
  endfacet
  facet normal 0.935905926757326 0.35225004792123277 0
    outer loop
      vertex 5.635665148318849 2.3343689374270475 0
      vertex 5.635665148318849 2.3343689374270475 2
      vertex 5.776273789920144 1.9607807383492855 2
    endloop
  endfacet
  facet normal 0.9569403357322087 0.2902846772544628 0
    outer loop
      vertex 5.776273789920144 1.9607807383492855 0
      vertex 5.776273789920144 1.9607807383492855 2
      vertex 5.892147540363316 1.5787961751253765 2
    endloop
  endfacet
  facet normal 0.9108638249211755 0.4127070298043954 0
    outer loop
      vertex 5.470923723349398 2.697961010335908 0
      vertex 5.470923723349398 2.697961010335908 2
      vertex 5.635665148318849 2.3343689374270475 2
    endloop
  endfacet
  facet normal 0.881921264348355 0.47139673682599764 0
    outer loop
      vertex 5.282754963085075 3.05 0
      vertex 5.282754963085075 3.05 2
      vertex 5.470923723349398 2.697961010335908 2
    endloop
  endfacet
  facet normal 0 0 1
    outer loop
      vertex 3.713444716953196 -4.839455375776534 2
      vertex 3.713444716953196 4.839455375776534 2
      vertex 3.690243902439024 0 2
    endloop
  endfacet
  facet normal 0 0 1
    outer loop
      vertex 4.586222825621761 -4.02200947211042 2
      vertex 4.586222825621761 4.02200947211042 2
      vertex 4.31335136523794 4.31335136523794 2
    endloop
  endfacet
  facet normal 0 0 1
    outer loop
      vertex 3.713444716953196 4.839455375776534 2
      vertex 3.6823428069756265 0.2413534988419669 2
      vertex 3.690243902439024 0 2
    endloop
  endfacet
  facet normal 0 0 1
    outer loop
      vertex 3.713444716953196 4.839455375776534 2
      vertex 3.658673354289207 0.4816734849486293 2
      vertex 3.6823428069756265 0.2413534988419669 2
    endloop
  endfacet
  facet normal 0 0 1
    outer loop
      vertex 3.713444716953196 4.839455375776534 2
      vertex 3.6193369006099694 0.7199308712448829 2
      vertex 3.658673354289207 0.4816734849486293 2
    endloop
  endfacet
  facet normal 0 0 1
    outer loop
      vertex 3.713444716953196 4.839455375776534 2
      vertex 3.56450189067161 0.9551054030246678 2
      vertex 3.6193369006099694 0.7199308712448829 2
    endloop
  endfacet
  facet normal 0 0 1
    outer loop
      vertex 3.3889784214195733 5.071964635045526 2
      vertex 3.409340811437992 1.4121952028497091 2
      vertex 3.4944031364051087 1.1861900268382524 2
    endloop
  endfacet
  facet normal 0 0 1
    outer loop
      vertex 3.3889784214195733 5.071964635045526 2
      vertex 3.195844965672818 1.8451219512195118 2
      vertex 3.3096791657047735 1.632153142198412 2
    endloop
  endfacet
  facet normal 0 0 1
    outer loop
      vertex 3.3889784214195733 5.071964635045526 2
      vertex 3.3096791657047735 1.632153142198412 2
      vertex 3.409340811437992 1.4121952028497091 2
    endloop
  endfacet
  facet normal 0 0 1
    outer loop
      vertex 3.3889784214195733 5.071964635045526 2
      vertex 3.4944031364051087 1.1861900268382524 2
      vertex 3.56450189067161 0.9551054030246678 2
    endloop
  endfacet
  facet normal 0 0 1
    outer loop
      vertex 4.02200947211042 -4.586222825621761 2
      vertex 4.02200947211042 4.586222825621761 2
      vertex 3.713444716953196 4.839455375776534 2
    endloop
  endfacet
  facet normal 0 0 1
    outer loop
      vertex 4.31335136523794 -4.31335136523794 2
      vertex 4.31335136523794 4.31335136523794 2
      vertex 4.02200947211042 4.586222825621761 2
    endloop
  endfacet
  facet normal 0 0 1
    outer loop
      vertex 4.839455375776534 -3.713444716953196 2
      vertex 4.839455375776534 3.713444716953196 2
      vertex 4.586222825621761 4.02200947211042 2
    endloop
  endfacet
  facet normal 0 0 1
    outer loop
      vertex 5.282754963085075 -3.05 2
      vertex 5.282754963085075 3.05 2
      vertex 5.071964635045526 3.3889784214195733 2
    endloop
  endfacet
  facet normal 0 0 1
    outer loop
      vertex 5.071964635045526 -3.3889784214195733 2
      vertex 5.071964635045526 3.3889784214195733 2
      vertex 4.839455375776534 3.713444716953196 2
    endloop
  endfacet
  facet normal 0 0 1
    outer loop
      vertex 6.086939431755481 -0.39895908830387267 2
      vertex 6.1 0 2
      vertex 6.086939431755481 0.39895908830387267 2
    endloop
  endfacet
  facet normal 0 0 1
    outer loop
      vertex 6.086939431755481 -0.39895908830387267 2
      vertex 6.086939431755481 0.39895908830387267 2
      vertex 6.047813654380243 0.7962097725423145 2
    endloop
  endfacet
  facet normal 0 0 1
    outer loop
      vertex 5.892147540363316 -1.5787961751253765 2
      vertex 5.892147540363316 1.5787961751253765 2
      vertex 5.776273789920144 1.9607807383492855 2
    endloop
  endfacet
  facet normal 0 0 1
    outer loop
      vertex 5.982790210459705 -1.1900509642983823 2
      vertex 5.982790210459705 1.1900509642983823 2
      vertex 5.892147540363316 1.5787961751253765 2
    endloop
  endfacet
  facet normal 0 0 1
    outer loop
      vertex 6.047813654380243 -0.7962097725423145 2
      vertex 6.047813654380243 0.7962097725423145 2
      vertex 5.982790210459705 1.1900509642983823 2
    endloop
  endfacet
  facet normal 0 0 1
    outer loop
      vertex 5.470923723349398 -2.697961010335908 2
      vertex 5.470923723349398 2.697961010335908 2
      vertex 5.282754963085075 3.05 2
    endloop
  endfacet
  facet normal 0 0 1
    outer loop
      vertex 5.635665148318849 -2.3343689374270475 2
      vertex 5.635665148318849 2.3343689374270475 2
      vertex 5.470923723349398 2.697961010335908 2
    endloop
  endfacet
  facet normal 0 0 1
    outer loop
      vertex 5.776273789920144 -1.9607807383492855 2
      vertex 5.776273789920144 1.9607807383492855 2
      vertex 5.635665148318849 2.3343689374270475 2
    endloop
  endfacet
  facet normal 0.6835923020228691 0.7298640726978378 0
    outer loop
      vertex 4.31335136523794 4.31335136523794 0
      vertex 4.02200947211042 4.586222825621761 2
      vertex 4.31335136523794 4.31335136523794 2
    endloop
  endfacet
  facet normal 0.7298640726978378 0.6835923020228691 0
    outer loop
      vertex 4.31335136523794 4.31335136523794 0
      vertex 4.31335136523794 4.31335136523794 2
      vertex 4.586222825621761 4.02200947211042 2
    endloop
  endfacet
  facet normal 0.5280678506503677 0.8492021815265791 0
    outer loop
      vertex 3.3889784214195733 5.071964635045526 0
      vertex 3.05 5.282754963085075 2
      vertex 3.3889784214195733 5.071964635045526 2
    endloop
  endfacet
  facet normal 0.5824776968678019 0.8128466845916155 0
    outer loop
      vertex 3.713444716953196 4.839455375776534 0
      vertex 3.3889784214195733 5.071964635045526 2
      vertex 3.713444716953196 4.839455375776534 2
    endloop
  endfacet
  facet normal 0.6343932841636467 0.773010453362736 0
    outer loop
      vertex 4.02200947211042 4.586222825621761 0
      vertex 3.713444716953196 4.839455375776534 2
      vertex 4.02200947211042 4.586222825621761 2
    endloop
  endfacet
  facet normal 0.8128466845916155 0.5824776968678019 0
    outer loop
      vertex 4.839455375776534 3.713444716953196 0
      vertex 4.839455375776534 3.713444716953196 2
      vertex 5.071964635045526 3.3889784214195733 2
    endloop
  endfacet
  facet normal 0.8492021815265791 0.5280678506503677 0
    outer loop
      vertex 5.071964635045526 3.3889784214195733 0
      vertex 5.071964635045526 3.3889784214195733 2
      vertex 5.282754963085075 3.05 2
    endloop
  endfacet
  facet normal 0.773010453362736 0.6343932841636467 0
    outer loop
      vertex 4.586222825621761 4.02200947211042 0
      vertex 4.586222825621761 4.02200947211042 2
      vertex 4.839455375776534 3.713444716953196 2
    endloop
  endfacet
  facet normal 0 0 1
    outer loop
      vertex 3.05 5.282754963085075 2
      vertex 3.0683256668628065 2.0501896647772146 2
      vertex 3.195844965672818 1.8451219512195118 2
    endloop
  endfacet
  facet normal 0 0 1
    outer loop
      vertex 3.3889784214195733 5.071964635045526 2
      vertex 3.56450189067161 0.9551054030246678 2
      vertex 3.713444716953196 4.839455375776534 2
    endloop
  endfacet
  facet normal 0 0 1
    outer loop
      vertex 3.05 5.282754963085075 2
      vertex 3.195844965672818 1.8451219512195118 2
      vertex 3.3889784214195733 5.071964635045526 2
    endloop
  endfacet
  facet normal 0.9359059267573254 0.3522500479212343 0
    outer loop
      vertex -3.048802457287246 -1.2628553268047962 0.4
      vertex -3.1248694273338486 -1.0607502355004332 0.4
      vertex -3.048802457287246 -1.2628553268047962 1.6
    endloop
  endfacet
  facet normal 0.956940335732209 0.2902846772544614 0
    outer loop
      vertex -3.1248694273338486 -1.0607502355004332 0.4
      vertex -3.187555226753925 -0.8541028488383184 0.4
      vertex -3.1248694273338486 -1.0607502355004332 1.6
    endloop
  endfacet
  facet normal 0.9738769792773336 0.22707626303437314 0
    outer loop
      vertex -3.187555226753925 -0.8541028488383184 0.4
      vertex -3.2365914253306602 -0.6437980626532231 0.4
      vertex -3.187555226753925 -0.8541028488383184 1.6
    endloop
  endfacet
  facet normal 0.986643332084879 0.16289547339458926 0
    outer loop
      vertex -3.2717680425335742 -0.43073643432617015 0.4
      vertex -3.2365914253306602 -0.6437980626532231 1.6
      vertex -3.2365914253306602 -0.6437980626532231 0.4
    endloop
  endfacet
  facet normal 0.995184726672197 0.09801714032956009 0
    outer loop
      vertex -3.2717680425335742 -0.43073643432617015 0.4
      vertex -3.2929344466873913 -0.2158303264594721 0.4
      vertex -3.2717680425335742 -0.43073643432617015 1.6
    endloop
  endfacet
  facet normal 0.9994645874763656 0.03271908282177647 0
    outer loop
      vertex -3.2929344466873913 -0.2158303264594721 0.4
      vertex -3.3 0 0.4
      vertex -3.2929344466873913 -0.2158303264594721 1.6
    endloop
  endfacet
  facet normal 0.3522500479212343 0.9359059267573254 0
    outer loop
      vertex -1.2628553268047962 -3.048802457287246 0.4
      vertex -1.0607502355004332 -3.1248694273338486 1.6
      vertex -1.0607502355004332 -3.1248694273338486 0.4
    endloop
  endfacet
  facet normal 0.2902846772544614 0.956940335732209 0
    outer loop
      vertex -1.0607502355004332 -3.1248694273338486 0.4
      vertex -0.8541028488383184 -3.187555226753925 1.6
      vertex -0.8541028488383184 -3.187555226753925 0.4
    endloop
  endfacet
  facet normal 0.22707626303437314 0.9738769792773336 0
    outer loop
      vertex -0.8541028488383184 -3.187555226753925 0.4
      vertex -0.6437980626532231 -3.2365914253306602 1.6
      vertex -0.6437980626532231 -3.2365914253306602 0.4
    endloop
  endfacet
  facet normal 0.16289547339458926 0.986643332084879 0
    outer loop
      vertex -0.6437980626532231 -3.2365914253306602 0.4
      vertex -0.43073643432617015 -3.2717680425335742 1.6
      vertex -0.43073643432617015 -3.2717680425335742 0.4
    endloop
  endfacet
  facet normal 0.09801714032956009 0.995184726672197 0
    outer loop
      vertex -0.43073643432617015 -3.2717680425335742 0.4
      vertex -0.2158303264594721 -3.2929344466873913 1.6
      vertex -0.2158303264594721 -3.2929344466873913 0.4
    endloop
  endfacet
  facet normal 0.03271908282177647 0.9994645874763656 0
    outer loop
      vertex -0.2158303264594721 -3.2929344466873913 0.4
      vertex 0 -3.3 1.6
      vertex 0 -3.3 0.4
    endloop
  endfacet
  facet normal 0.8819212643483548 0.47139673682599786 0
    outer loop
      vertex -2.857883832488647 -1.65 0.4
      vertex -2.959680047057871 -1.4595526777227041 0.4
      vertex -2.857883832488647 -1.65 1.6
    endloop
  endfacet
  facet normal 0.8492021815265794 0.528067850650367 0
    outer loop
      vertex -2.857883832488647 -1.65 0.4
      vertex -2.743849720598399 -1.8333817689646872 1.6
      vertex -2.743849720598399 -1.8333817689646872 0.4
    endloop
  endfacet
  facet normal 0.773010453362737 0.6343932841636455 0
    outer loop
      vertex -2.618066022961076 -2.008912715728778 0.4
      vertex -2.4810713646806253 -2.1758411898302272 1.6
      vertex -2.4810713646806253 -2.1758411898302272 0.4
    endloop
  endfacet
  facet normal 0.8128466845916155 0.5824776968678019 0
    outer loop
      vertex -2.618066022961076 -2.008912715728778 0.4
      vertex -2.743849720598399 -1.8333817689646872 0.4
      vertex -2.618066022961076 -2.008912715728778 1.6
    endloop
  endfacet
  facet normal 0.7298640726978354 0.6835923020228717 0
    outer loop
      vertex -2.3334523779156067 -2.3334523779156067 0.4
      vertex -2.4810713646806253 -2.1758411898302272 0.4
      vertex -2.3334523779156067 -2.3334523779156067 1.6
    endloop
  endfacet
  facet normal 0.6835923020228717 0.7298640726978354 0
    outer loop
      vertex -2.3334523779156067 -2.3334523779156067 0.4
      vertex -2.1758411898302272 -2.4810713646806253 1.6
      vertex -2.1758411898302272 -2.4810713646806253 0.4
    endloop
  endfacet
  facet normal 0.6343932841636455 0.773010453362737 0
    outer loop
      vertex -2.1758411898302272 -2.4810713646806253 0.4
      vertex -2.008912715728778 -2.618066022961076 1.6
      vertex -2.008912715728778 -2.618066022961076 0.4
    endloop
  endfacet
  facet normal 0.5824776968678019 0.8128466845916155 0
    outer loop
      vertex -2.008912715728778 -2.618066022961076 0.4
      vertex -1.8333817689646872 -2.743849720598399 1.6
      vertex -1.8333817689646872 -2.743849720598399 0.4
    endloop
  endfacet
  facet normal 0.528067850650367 0.8492021815265794 0
    outer loop
      vertex -1.65 -2.857883832488647 0.4
      vertex -1.8333817689646872 -2.743849720598399 0.4
      vertex -1.65 -2.857883832488647 1.6
    endloop
  endfacet
  facet normal 0.9108638249211756 0.4127070298043954 0
    outer loop
      vertex -2.959680047057871 -1.4595526777227041 0.4
      vertex -3.048802457287246 -1.2628553268047962 0.4
      vertex -2.959680047057871 -1.4595526777227041 1.6
    endloop
  endfacet
  facet normal 0.47139673682599786 0.8819212643483548 0
    outer loop
      vertex -1.65 -2.857883832488647 0.4
      vertex -1.4595526777227041 -2.959680047057871 1.6
      vertex -1.4595526777227041 -2.959680047057871 0.4
    endloop
  endfacet
  facet normal 0.4127070298043954 0.9108638249211756 0
    outer loop
      vertex -1.4595526777227041 -2.959680047057871 0.4
      vertex -1.2628553268047962 -3.048802457287246 1.6
      vertex -1.2628553268047962 -3.048802457287246 0.4
    endloop
  endfacet
  facet normal 0.9359059267573254 0.3522500479212343 0
    outer loop
      vertex -3.1248694273338486 -1.0607502355004332 0.4
      vertex -3.1248694273338486 -1.0607502355004332 1.6
      vertex -3.048802457287246 -1.2628553268047962 1.6
    endloop
  endfacet
  facet normal 0.956940335732209 0.2902846772544614 0
    outer loop
      vertex -3.187555226753925 -0.8541028488383184 0.4
      vertex -3.187555226753925 -0.8541028488383184 1.6
      vertex -3.1248694273338486 -1.0607502355004332 1.6
    endloop
  endfacet
  facet normal 0.986643332084879 0.16289547339458926 0
    outer loop
      vertex -3.2717680425335742 -0.43073643432617015 0.4
      vertex -3.2717680425335742 -0.43073643432617015 1.6
      vertex -3.2365914253306602 -0.6437980626532231 1.6
    endloop
  endfacet
  facet normal 0.9738769792773336 0.22707626303437314 0
    outer loop
      vertex -3.2365914253306602 -0.6437980626532231 0.4
      vertex -3.2365914253306602 -0.6437980626532231 1.6
      vertex -3.187555226753925 -0.8541028488383184 1.6
    endloop
  endfacet
  facet normal 0.995184726672197 0.09801714032956009 0
    outer loop
      vertex -3.2929344466873913 -0.2158303264594721 0.4
      vertex -3.2929344466873913 -0.2158303264594721 1.6
      vertex -3.2717680425335742 -0.43073643432617015 1.6
    endloop
  endfacet
  facet normal 0.9994645874763656 0.03271908282177647 0
    outer loop
      vertex -3.2929344466873913 -0.2158303264594721 1.6
      vertex -3.3 0 0.4
      vertex -3.3 0 1.6
    endloop
  endfacet
  facet normal 0.3522500479212343 0.9359059267573254 0
    outer loop
      vertex -1.2628553268047962 -3.048802457287246 0.4
      vertex -1.2628553268047962 -3.048802457287246 1.6
      vertex -1.0607502355004332 -3.1248694273338486 1.6
    endloop
  endfacet
  facet normal 0.2902846772544614 0.956940335732209 0
    outer loop
      vertex -1.0607502355004332 -3.1248694273338486 0.4
      vertex -1.0607502355004332 -3.1248694273338486 1.6
      vertex -0.8541028488383184 -3.187555226753925 1.6
    endloop
  endfacet
  facet normal 0.22707626303437314 0.9738769792773336 0
    outer loop
      vertex -0.8541028488383184 -3.187555226753925 0.4
      vertex -0.8541028488383184 -3.187555226753925 1.6
      vertex -0.6437980626532231 -3.2365914253306602 1.6
    endloop
  endfacet
  facet normal 0.16289547339458926 0.986643332084879 0
    outer loop
      vertex -0.6437980626532231 -3.2365914253306602 0.4
      vertex -0.6437980626532231 -3.2365914253306602 1.6
      vertex -0.43073643432617015 -3.2717680425335742 1.6
    endloop
  endfacet
  facet normal 0.09801714032956009 0.995184726672197 0
    outer loop
      vertex -0.43073643432617015 -3.2717680425335742 0.4
      vertex -0.43073643432617015 -3.2717680425335742 1.6
      vertex -0.2158303264594721 -3.2929344466873913 1.6
    endloop
  endfacet
  facet normal 0.03271908282177647 0.9994645874763656 0
    outer loop
      vertex -0.2158303264594721 -3.2929344466873913 0.4
      vertex -0.2158303264594721 -3.2929344466873913 1.6
      vertex 0 -3.3 1.6
    endloop
  endfacet
  facet normal 0.8128466845916155 0.5824776968678019 0
    outer loop
      vertex -2.743849720598399 -1.8333817689646872 0.4
      vertex -2.743849720598399 -1.8333817689646872 1.6
      vertex -2.618066022961076 -2.008912715728778 1.6
    endloop
  endfacet
  facet normal 0.8492021815265794 0.528067850650367 0
    outer loop
      vertex -2.857883832488647 -1.65 0.4
      vertex -2.857883832488647 -1.65 1.6
      vertex -2.743849720598399 -1.8333817689646872 1.6
    endloop
  endfacet
  facet normal 0.773010453362737 0.6343932841636455 0
    outer loop
      vertex -2.618066022961076 -2.008912715728778 0.4
      vertex -2.618066022961076 -2.008912715728778 1.6
      vertex -2.4810713646806253 -2.1758411898302272 1.6
    endloop
  endfacet
  facet normal 0.7298640726978354 0.6835923020228717 0
    outer loop
      vertex -2.4810713646806253 -2.1758411898302272 0.4
      vertex -2.4810713646806253 -2.1758411898302272 1.6
      vertex -2.3334523779156067 -2.3334523779156067 1.6
    endloop
  endfacet
  facet normal 0.6343932841636455 0.773010453362737 0
    outer loop
      vertex -2.1758411898302272 -2.4810713646806253 0.4
      vertex -2.1758411898302272 -2.4810713646806253 1.6
      vertex -2.008912715728778 -2.618066022961076 1.6
    endloop
  endfacet
  facet normal 0.6835923020228717 0.7298640726978354 0
    outer loop
      vertex -2.3334523779156067 -2.3334523779156067 0.4
      vertex -2.3334523779156067 -2.3334523779156067 1.6
      vertex -2.1758411898302272 -2.4810713646806253 1.6
    endloop
  endfacet
  facet normal 0.5824776968678019 0.8128466845916155 0
    outer loop
      vertex -2.008912715728778 -2.618066022961076 0.4
      vertex -2.008912715728778 -2.618066022961076 1.6
      vertex -1.8333817689646872 -2.743849720598399 1.6
    endloop
  endfacet
  facet normal 0.528067850650367 0.8492021815265794 0
    outer loop
      vertex -1.8333817689646872 -2.743849720598399 0.4
      vertex -1.8333817689646872 -2.743849720598399 1.6
      vertex -1.65 -2.857883832488647 1.6
    endloop
  endfacet
  facet normal 0.47139673682599786 0.8819212643483548 0
    outer loop
      vertex -1.65 -2.857883832488647 0.4
      vertex -1.65 -2.857883832488647 1.6
      vertex -1.4595526777227041 -2.959680047057871 1.6
    endloop
  endfacet
  facet normal 0.8819212643483548 0.47139673682599786 0
    outer loop
      vertex -2.959680047057871 -1.4595526777227041 0.4
      vertex -2.959680047057871 -1.4595526777227041 1.6
      vertex -2.857883832488647 -1.65 1.6
    endloop
  endfacet
  facet normal 0.9108638249211756 0.4127070298043954 0
    outer loop
      vertex -3.048802457287246 -1.2628553268047962 0.4
      vertex -3.048802457287246 -1.2628553268047962 1.6
      vertex -2.959680047057871 -1.4595526777227041 1.6
    endloop
  endfacet
  facet normal 0.4127070298043954 0.9108638249211756 0
    outer loop
      vertex -1.4595526777227041 -2.959680047057871 0.4
      vertex -1.4595526777227041 -2.959680047057871 1.6
      vertex -1.2628553268047962 -3.048802457287246 1.6
    endloop
  endfacet
  facet normal 0.9994645874763656 -0.03271908282177647 0
    outer loop
      vertex -3.3 0 0.4
      vertex -3.2929344466873913 0.2158303264594721 0.4
      vertex -3.3 0 1.6
    endloop
  endfacet
  facet normal 0.995184726672197 -0.09801714032956009 0
    outer loop
      vertex -3.2929344466873913 0.2158303264594721 0.4
      vertex -3.2717680425335742 0.43073643432617015 0.4
      vertex -3.2929344466873913 0.2158303264594721 1.6
    endloop
  endfacet
  facet normal 0.986643332084879 -0.16289547339458926 0
    outer loop
      vertex -3.2717680425335742 0.43073643432617015 0.4
      vertex -3.2365914253306602 0.6437980626532231 0.4
      vertex -3.2717680425335742 0.43073643432617015 1.6
    endloop
  endfacet
  facet normal 0.9738769792773336 -0.22707626303437314 0
    outer loop
      vertex -3.2365914253306602 0.6437980626532231 0.4
      vertex -3.187555226753925 0.8541028488383184 0.4
      vertex -3.2365914253306602 0.6437980626532231 1.6
    endloop
  endfacet
  facet normal 0.956940335732209 -0.2902846772544614 0
    outer loop
      vertex -3.187555226753925 0.8541028488383184 0.4
      vertex -3.1248694273338486 1.0607502355004332 0.4
      vertex -3.187555226753925 0.8541028488383184 1.6
    endloop
  endfacet
  facet normal 0.9359059267573254 -0.3522500479212343 0
    outer loop
      vertex -3.1248694273338486 1.0607502355004332 0.4
      vertex -3.048802457287246 1.2628553268047962 0.4
      vertex -3.1248694273338486 1.0607502355004332 1.6
    endloop
  endfacet
  facet normal 0.9108638249211756 -0.4127070298043954 0
    outer loop
      vertex -3.048802457287246 1.2628553268047962 0.4
      vertex -2.959680047057871 1.4595526777227041 0.4
      vertex -3.048802457287246 1.2628553268047962 1.6
    endloop
  endfacet
  facet normal 0.8819212643483548 -0.47139673682599786 0
    outer loop
      vertex -2.959680047057871 1.4595526777227041 0.4
      vertex -2.857883832488647 1.65 0.4
      vertex -2.959680047057871 1.4595526777227041 1.6
    endloop
  endfacet
  facet normal 0.8492021815265794 -0.528067850650367 0
    outer loop
      vertex -2.857883832488647 1.65 0.4
      vertex -2.743849720598399 1.8333817689646872 0.4
      vertex -2.857883832488647 1.65 1.6
    endloop
  endfacet
  facet normal 0.8128466845916155 -0.5824776968678019 0
    outer loop
      vertex -2.743849720598399 1.8333817689646872 0.4
      vertex -2.618066022961076 2.008912715728778 0.4
      vertex -2.743849720598399 1.8333817689646872 1.6
    endloop
  endfacet
  facet normal 0.773010453362737 -0.6343932841636455 0
    outer loop
      vertex -2.618066022961076 2.008912715728778 0.4
      vertex -2.4810713646806253 2.1758411898302272 0.4
      vertex -2.618066022961076 2.008912715728778 1.6
    endloop
  endfacet
  facet normal 0.7298640726978354 -0.6835923020228717 0
    outer loop
      vertex -2.4810713646806253 2.1758411898302272 0.4
      vertex -2.3334523779156067 2.3334523779156067 0.4
      vertex -2.4810713646806253 2.1758411898302272 1.6
    endloop
  endfacet
  facet normal 0.6835923020228717 -0.7298640726978354 0
    outer loop
      vertex -2.3334523779156067 2.3334523779156067 0.4
      vertex -2.1758411898302272 2.4810713646806253 0.4
      vertex -2.3334523779156067 2.3334523779156067 1.6
    endloop
  endfacet
  facet normal 0.6343932841636455 -0.773010453362737 0
    outer loop
      vertex -2.1758411898302272 2.4810713646806253 0.4
      vertex -2.008912715728778 2.618066022961076 0.4
      vertex -2.1758411898302272 2.4810713646806253 1.6
    endloop
  endfacet
  facet normal 0.5824776968678019 -0.8128466845916155 0
    outer loop
      vertex -2.008912715728778 2.618066022961076 0.4
      vertex -1.8333817689646872 2.743849720598399 0.4
      vertex -2.008912715728778 2.618066022961076 1.6
    endloop
  endfacet
  facet normal 0.528067850650367 -0.8492021815265794 0
    outer loop
      vertex -1.8333817689646872 2.743849720598399 0.4
      vertex -1.65 2.857883832488647 0.4
      vertex -1.8333817689646872 2.743849720598399 1.6
    endloop
  endfacet
  facet normal 0.47139673682599786 -0.8819212643483548 0
    outer loop
      vertex -1.65 2.857883832488647 0.4
      vertex -1.4595526777227041 2.959680047057871 0.4
      vertex -1.65 2.857883832488647 1.6
    endloop
  endfacet
  facet normal 0.4127070298043954 -0.9108638249211756 0
    outer loop
      vertex -1.4595526777227041 2.959680047057871 0.4
      vertex -1.2628553268047962 3.048802457287246 0.4
      vertex -1.4595526777227041 2.959680047057871 1.6
    endloop
  endfacet
  facet normal 0.3522500479212343 -0.9359059267573254 0
    outer loop
      vertex -1.2628553268047962 3.048802457287246 0.4
      vertex -1.0607502355004332 3.1248694273338486 0.4
      vertex -1.2628553268047962 3.048802457287246 1.6
    endloop
  endfacet
  facet normal 0.2902846772544614 -0.956940335732209 0
    outer loop
      vertex -1.0607502355004332 3.1248694273338486 0.4
      vertex -0.8541028488383184 3.187555226753925 0.4
      vertex -1.0607502355004332 3.1248694273338486 1.6
    endloop
  endfacet
  facet normal 0.22707626303437314 -0.9738769792773336 0
    outer loop
      vertex -0.8541028488383184 3.187555226753925 0.4
      vertex -0.6437980626532231 3.2365914253306602 0.4
      vertex -0.8541028488383184 3.187555226753925 1.6
    endloop
  endfacet
  facet normal 0.16289547339458926 -0.986643332084879 0
    outer loop
      vertex -0.6437980626532231 3.2365914253306602 0.4
      vertex -0.43073643432617015 3.2717680425335742 0.4
      vertex -0.6437980626532231 3.2365914253306602 1.6
    endloop
  endfacet
  facet normal 0.09801714032956009 -0.995184726672197 0
    outer loop
      vertex -0.43073643432617015 3.2717680425335742 0.4
      vertex -0.2158303264594721 3.2929344466873913 0.4
      vertex -0.43073643432617015 3.2717680425335742 1.6
    endloop
  endfacet
  facet normal 0.03271908282177647 -0.9994645874763656 0
    outer loop
      vertex -0.2158303264594721 3.2929344466873913 0.4
      vertex 0 3.3 0.4
      vertex -0.2158303264594721 3.2929344466873913 1.6
    endloop
  endfacet
  facet normal 0.9994645874763656 -0.03271908282177647 0
    outer loop
      vertex -3.2929344466873913 0.2158303264594721 0.4
      vertex -3.2929344466873913 0.2158303264594721 1.6
      vertex -3.3 0 1.6
    endloop
  endfacet
  facet normal 0.995184726672197 -0.09801714032956009 0
    outer loop
      vertex -3.2717680425335742 0.43073643432617015 0.4
      vertex -3.2717680425335742 0.43073643432617015 1.6
      vertex -3.2929344466873913 0.2158303264594721 1.6
    endloop
  endfacet
  facet normal 0.986643332084879 -0.16289547339458926 0
    outer loop
      vertex -3.2365914253306602 0.6437980626532231 0.4
      vertex -3.2365914253306602 0.6437980626532231 1.6
      vertex -3.2717680425335742 0.43073643432617015 1.6
    endloop
  endfacet
  facet normal 0.9738769792773336 -0.22707626303437314 0
    outer loop
      vertex -3.187555226753925 0.8541028488383184 0.4
      vertex -3.187555226753925 0.8541028488383184 1.6
      vertex -3.2365914253306602 0.6437980626532231 1.6
    endloop
  endfacet
  facet normal 0.956940335732209 -0.2902846772544614 0
    outer loop
      vertex -3.1248694273338486 1.0607502355004332 0.4
      vertex -3.1248694273338486 1.0607502355004332 1.6
      vertex -3.187555226753925 0.8541028488383184 1.6
    endloop
  endfacet
  facet normal 0.9359059267573254 -0.3522500479212343 0
    outer loop
      vertex -3.048802457287246 1.2628553268047962 0.4
      vertex -3.048802457287246 1.2628553268047962 1.6
      vertex -3.1248694273338486 1.0607502355004332 1.6
    endloop
  endfacet
  facet normal 0.9108638249211756 -0.4127070298043954 0
    outer loop
      vertex -2.959680047057871 1.4595526777227041 0.4
      vertex -2.959680047057871 1.4595526777227041 1.6
      vertex -3.048802457287246 1.2628553268047962 1.6
    endloop
  endfacet
  facet normal 0.8819212643483548 -0.47139673682599786 0
    outer loop
      vertex -2.857883832488647 1.65 0.4
      vertex -2.857883832488647 1.65 1.6
      vertex -2.959680047057871 1.4595526777227041 1.6
    endloop
  endfacet
  facet normal 0.8492021815265794 -0.528067850650367 0
    outer loop
      vertex -2.743849720598399 1.8333817689646872 0.4
      vertex -2.743849720598399 1.8333817689646872 1.6
      vertex -2.857883832488647 1.65 1.6
    endloop
  endfacet
  facet normal 0.8128466845916155 -0.5824776968678019 0
    outer loop
      vertex -2.618066022961076 2.008912715728778 0.4
      vertex -2.618066022961076 2.008912715728778 1.6
      vertex -2.743849720598399 1.8333817689646872 1.6
    endloop
  endfacet
  facet normal 0.773010453362737 -0.6343932841636455 0
    outer loop
      vertex -2.4810713646806253 2.1758411898302272 0.4
      vertex -2.4810713646806253 2.1758411898302272 1.6
      vertex -2.618066022961076 2.008912715728778 1.6
    endloop
  endfacet
  facet normal 0.7298640726978354 -0.6835923020228717 0
    outer loop
      vertex -2.3334523779156067 2.3334523779156067 0.4
      vertex -2.3334523779156067 2.3334523779156067 1.6
      vertex -2.4810713646806253 2.1758411898302272 1.6
    endloop
  endfacet
  facet normal 0.6835923020228717 -0.7298640726978354 0
    outer loop
      vertex -2.1758411898302272 2.4810713646806253 0.4
      vertex -2.1758411898302272 2.4810713646806253 1.6
      vertex -2.3334523779156067 2.3334523779156067 1.6
    endloop
  endfacet
  facet normal 0.6343932841636455 -0.773010453362737 0
    outer loop
      vertex -2.008912715728778 2.618066022961076 0.4
      vertex -2.008912715728778 2.618066022961076 1.6
      vertex -2.1758411898302272 2.4810713646806253 1.6
    endloop
  endfacet
  facet normal 0.5824776968678019 -0.8128466845916155 0
    outer loop
      vertex -1.8333817689646872 2.743849720598399 0.4
      vertex -1.8333817689646872 2.743849720598399 1.6
      vertex -2.008912715728778 2.618066022961076 1.6
    endloop
  endfacet
  facet normal 0.528067850650367 -0.8492021815265794 0
    outer loop
      vertex -1.65 2.857883832488647 0.4
      vertex -1.65 2.857883832488647 1.6
      vertex -1.8333817689646872 2.743849720598399 1.6
    endloop
  endfacet
  facet normal 0.47139673682599786 -0.8819212643483548 0
    outer loop
      vertex -1.4595526777227041 2.959680047057871 0.4
      vertex -1.4595526777227041 2.959680047057871 1.6
      vertex -1.65 2.857883832488647 1.6
    endloop
  endfacet
  facet normal 0.4127070298043954 -0.9108638249211756 0
    outer loop
      vertex -1.2628553268047962 3.048802457287246 0.4
      vertex -1.2628553268047962 3.048802457287246 1.6
      vertex -1.4595526777227041 2.959680047057871 1.6
    endloop
  endfacet
  facet normal 0.3522500479212343 -0.9359059267573254 0
    outer loop
      vertex -1.0607502355004332 3.1248694273338486 0.4
      vertex -1.0607502355004332 3.1248694273338486 1.6
      vertex -1.2628553268047962 3.048802457287246 1.6
    endloop
  endfacet
  facet normal 0.2902846772544614 -0.956940335732209 0
    outer loop
      vertex -0.8541028488383184 3.187555226753925 0.4
      vertex -0.8541028488383184 3.187555226753925 1.6
      vertex -1.0607502355004332 3.1248694273338486 1.6
    endloop
  endfacet
  facet normal 0.22707626303437314 -0.9738769792773336 0
    outer loop
      vertex -0.6437980626532231 3.2365914253306602 0.4
      vertex -0.6437980626532231 3.2365914253306602 1.6
      vertex -0.8541028488383184 3.187555226753925 1.6
    endloop
  endfacet
  facet normal 0.16289547339458926 -0.986643332084879 0
    outer loop
      vertex -0.43073643432617015 3.2717680425335742 0.4
      vertex -0.43073643432617015 3.2717680425335742 1.6
      vertex -0.6437980626532231 3.2365914253306602 1.6
    endloop
  endfacet
  facet normal 0.09801714032956009 -0.995184726672197 0
    outer loop
      vertex -0.2158303264594721 3.2929344466873913 0.4
      vertex -0.2158303264594721 3.2929344466873913 1.6
      vertex -0.43073643432617015 3.2717680425335742 1.6
    endloop
  endfacet
  facet normal 0.03271908282177647 -0.9994645874763656 0
    outer loop
      vertex -0.2158303264594721 3.2929344466873913 1.6
      vertex 0 3.3 0.4
      vertex 0 3.3 1.6
    endloop
  endfacet
  facet normal -0.03271908282177647 0.9994645874763656 0
    outer loop
      vertex 0 -3.3 0.4
      vertex 0.2158303264594721 -3.2929344466873913 1.6
      vertex 0.2158303264594721 -3.2929344466873913 0.4
    endloop
  endfacet
  facet normal -0.09801714032956009 0.995184726672197 0
    outer loop
      vertex 0.2158303264594721 -3.2929344466873913 0.4
      vertex 0.43073643432617015 -3.2717680425335742 1.6
      vertex 0.43073643432617015 -3.2717680425335742 0.4
    endloop
  endfacet
  facet normal -0.16289547339458926 0.986643332084879 0
    outer loop
      vertex 0.43073643432617015 -3.2717680425335742 0.4
      vertex 0.6437980626532231 -3.2365914253306602 1.6
      vertex 0.6437980626532231 -3.2365914253306602 0.4
    endloop
  endfacet
  facet normal -0.22707626303437314 0.9738769792773336 0
    outer loop
      vertex 0.6437980626532231 -3.2365914253306602 0.4
      vertex 0.8541028488383184 -3.187555226753925 1.6
      vertex 0.8541028488383184 -3.187555226753925 0.4
    endloop
  endfacet
  facet normal -0.2902846772544614 0.956940335732209 0
    outer loop
      vertex 0.8541028488383184 -3.187555226753925 0.4
      vertex 1.0607502355004332 -3.1248694273338486 1.6
      vertex 1.0607502355004332 -3.1248694273338486 0.4
    endloop
  endfacet
  facet normal -0.3522500479212343 0.9359059267573254 0
    outer loop
      vertex 1.0607502355004332 -3.1248694273338486 0.4
      vertex 1.2628553268047962 -3.048802457287246 1.6
      vertex 1.2628553268047962 -3.048802457287246 0.4
    endloop
  endfacet
  facet normal -0.4127070298043954 0.9108638249211756 0
    outer loop
      vertex 1.2628553268047962 -3.048802457287246 0.4
      vertex 1.4595526777227041 -2.959680047057871 1.6
      vertex 1.4595526777227041 -2.959680047057871 0.4
    endloop
  endfacet
  facet normal -0.47139673682599786 0.8819212643483548 0
    outer loop
      vertex 1.4595526777227041 -2.959680047057871 0.4
      vertex 1.65 -2.857883832488647 1.6
      vertex 1.65 -2.857883832488647 0.4
    endloop
  endfacet
  facet normal -0.528067850650367 0.8492021815265794 0
    outer loop
      vertex 1.65 -2.857883832488647 0.4
      vertex 1.8333817689646872 -2.743849720598399 1.6
      vertex 1.8333817689646872 -2.743849720598399 0.4
    endloop
  endfacet
  facet normal -0.5824776968678019 0.8128466845916155 0
    outer loop
      vertex 1.8333817689646872 -2.743849720598399 0.4
      vertex 2.008912715728778 -2.618066022961076 1.6
      vertex 2.008912715728778 -2.618066022961076 0.4
    endloop
  endfacet
  facet normal -0.6343932841636455 0.773010453362737 0
    outer loop
      vertex 2.008912715728778 -2.618066022961076 0.4
      vertex 2.1758411898302272 -2.4810713646806253 1.6
      vertex 2.1758411898302272 -2.4810713646806253 0.4
    endloop
  endfacet
  facet normal -0.6835923020228717 0.7298640726978354 0
    outer loop
      vertex 2.1758411898302272 -2.4810713646806253 0.4
      vertex 2.3334523779156067 -2.3334523779156067 1.6
      vertex 2.3334523779156067 -2.3334523779156067 0.4
    endloop
  endfacet
  facet normal -0.7298640726978354 0.6835923020228717 0
    outer loop
      vertex 2.3334523779156067 -2.3334523779156067 0.4
      vertex 2.4810713646806253 -2.1758411898302272 1.6
      vertex 2.4810713646806253 -2.1758411898302272 0.4
    endloop
  endfacet
  facet normal -0.773010453362737 0.6343932841636455 0
    outer loop
      vertex 2.4810713646806253 -2.1758411898302272 0.4
      vertex 2.618066022961076 -2.008912715728778 1.6
      vertex 2.618066022961076 -2.008912715728778 0.4
    endloop
  endfacet
  facet normal -0.8128466845916155 0.5824776968678019 0
    outer loop
      vertex 2.618066022961076 -2.008912715728778 0.4
      vertex 2.743849720598399 -1.8333817689646872 1.6
      vertex 2.743849720598399 -1.8333817689646872 0.4
    endloop
  endfacet
  facet normal -0.8492021815265794 0.528067850650367 0
    outer loop
      vertex 2.743849720598399 -1.8333817689646872 0.4
      vertex 2.857883832488647 -1.65 1.6
      vertex 2.857883832488647 -1.65 0.4
    endloop
  endfacet
  facet normal -0.8819212643483548 0.47139673682599786 0
    outer loop
      vertex 2.857883832488647 -1.65 0.4
      vertex 2.959680047057871 -1.4595526777227041 1.6
      vertex 2.959680047057871 -1.4595526777227041 0.4
    endloop
  endfacet
  facet normal -0.9108638249211756 0.4127070298043954 0
    outer loop
      vertex 2.959680047057871 -1.4595526777227041 0.4
      vertex 3.048802457287246 -1.2628553268047962 1.6
      vertex 3.048802457287246 -1.2628553268047962 0.4
    endloop
  endfacet
  facet normal -0.9359059267573254 0.3522500479212343 0
    outer loop
      vertex 3.048802457287246 -1.2628553268047962 0.4
      vertex 3.1248694273338486 -1.0607502355004332 1.6
      vertex 3.1248694273338486 -1.0607502355004332 0.4
    endloop
  endfacet
  facet normal -0.956940335732209 0.2902846772544614 0
    outer loop
      vertex 3.1248694273338486 -1.0607502355004332 0.4
      vertex 3.187555226753925 -0.8541028488383184 1.6
      vertex 3.187555226753925 -0.8541028488383184 0.4
    endloop
  endfacet
  facet normal -0.9738769792773336 0.22707626303437314 0
    outer loop
      vertex 3.187555226753925 -0.8541028488383184 0.4
      vertex 3.2365914253306602 -0.6437980626532231 1.6
      vertex 3.2365914253306602 -0.6437980626532231 0.4
    endloop
  endfacet
  facet normal -0.986643332084879 0.16289547339458926 0
    outer loop
      vertex 3.2365914253306602 -0.6437980626532231 0.4
      vertex 3.2717680425335742 -0.43073643432617015 1.6
      vertex 3.2717680425335742 -0.43073643432617015 0.4
    endloop
  endfacet
  facet normal -0.995184726672197 0.09801714032956009 0
    outer loop
      vertex 3.2717680425335742 -0.43073643432617015 0.4
      vertex 3.2929344466873913 -0.2158303264594721 1.6
      vertex 3.2929344466873913 -0.2158303264594721 0.4
    endloop
  endfacet
  facet normal -0.9994645874763656 0.03271908282177647 0
    outer loop
      vertex 3.2929344466873913 -0.2158303264594721 0.4
      vertex 3.3 0 1.6
      vertex 3.3 0 0.4
    endloop
  endfacet
  facet normal -0.03271908282177647 0.9994645874763656 0
    outer loop
      vertex 0 -3.3 0.4
      vertex 0 -3.3 1.6
      vertex 0.2158303264594721 -3.2929344466873913 1.6
    endloop
  endfacet
  facet normal -0.09801714032956009 0.995184726672197 0
    outer loop
      vertex 0.2158303264594721 -3.2929344466873913 0.4
      vertex 0.2158303264594721 -3.2929344466873913 1.6
      vertex 0.43073643432617015 -3.2717680425335742 1.6
    endloop
  endfacet
  facet normal -0.16289547339458926 0.986643332084879 0
    outer loop
      vertex 0.43073643432617015 -3.2717680425335742 0.4
      vertex 0.43073643432617015 -3.2717680425335742 1.6
      vertex 0.6437980626532231 -3.2365914253306602 1.6
    endloop
  endfacet
  facet normal -0.22707626303437314 0.9738769792773336 0
    outer loop
      vertex 0.6437980626532231 -3.2365914253306602 0.4
      vertex 0.6437980626532231 -3.2365914253306602 1.6
      vertex 0.8541028488383184 -3.187555226753925 1.6
    endloop
  endfacet
  facet normal -0.2902846772544614 0.956940335732209 0
    outer loop
      vertex 0.8541028488383184 -3.187555226753925 0.4
      vertex 0.8541028488383184 -3.187555226753925 1.6
      vertex 1.0607502355004332 -3.1248694273338486 1.6
    endloop
  endfacet
  facet normal -0.3522500479212343 0.9359059267573254 0
    outer loop
      vertex 1.0607502355004332 -3.1248694273338486 0.4
      vertex 1.0607502355004332 -3.1248694273338486 1.6
      vertex 1.2628553268047962 -3.048802457287246 1.6
    endloop
  endfacet
  facet normal -0.4127070298043954 0.9108638249211756 0
    outer loop
      vertex 1.2628553268047962 -3.048802457287246 0.4
      vertex 1.2628553268047962 -3.048802457287246 1.6
      vertex 1.4595526777227041 -2.959680047057871 1.6
    endloop
  endfacet
  facet normal -0.47139673682599786 0.8819212643483548 0
    outer loop
      vertex 1.4595526777227041 -2.959680047057871 0.4
      vertex 1.4595526777227041 -2.959680047057871 1.6
      vertex 1.65 -2.857883832488647 1.6
    endloop
  endfacet
  facet normal -0.528067850650367 0.8492021815265794 0
    outer loop
      vertex 1.65 -2.857883832488647 0.4
      vertex 1.65 -2.857883832488647 1.6
      vertex 1.8333817689646872 -2.743849720598399 1.6
    endloop
  endfacet
  facet normal -0.5824776968678019 0.8128466845916155 0
    outer loop
      vertex 1.8333817689646872 -2.743849720598399 0.4
      vertex 1.8333817689646872 -2.743849720598399 1.6
      vertex 2.008912715728778 -2.618066022961076 1.6
    endloop
  endfacet
  facet normal -0.6343932841636455 0.773010453362737 0
    outer loop
      vertex 2.008912715728778 -2.618066022961076 0.4
      vertex 2.008912715728778 -2.618066022961076 1.6
      vertex 2.1758411898302272 -2.4810713646806253 1.6
    endloop
  endfacet
  facet normal -0.6835923020228717 0.7298640726978354 0
    outer loop
      vertex 2.1758411898302272 -2.4810713646806253 0.4
      vertex 2.1758411898302272 -2.4810713646806253 1.6
      vertex 2.3334523779156067 -2.3334523779156067 1.6
    endloop
  endfacet
  facet normal -0.7298640726978354 0.6835923020228717 0
    outer loop
      vertex 2.3334523779156067 -2.3334523779156067 0.4
      vertex 2.3334523779156067 -2.3334523779156067 1.6
      vertex 2.4810713646806253 -2.1758411898302272 1.6
    endloop
  endfacet
  facet normal -0.773010453362737 0.6343932841636455 0
    outer loop
      vertex 2.4810713646806253 -2.1758411898302272 0.4
      vertex 2.4810713646806253 -2.1758411898302272 1.6
      vertex 2.618066022961076 -2.008912715728778 1.6
    endloop
  endfacet
  facet normal -0.8128466845916155 0.5824776968678019 0
    outer loop
      vertex 2.618066022961076 -2.008912715728778 0.4
      vertex 2.618066022961076 -2.008912715728778 1.6
      vertex 2.743849720598399 -1.8333817689646872 1.6
    endloop
  endfacet
  facet normal -0.8492021815265794 0.528067850650367 0
    outer loop
      vertex 2.743849720598399 -1.8333817689646872 0.4
      vertex 2.743849720598399 -1.8333817689646872 1.6
      vertex 2.857883832488647 -1.65 1.6
    endloop
  endfacet
  facet normal -0.8819212643483548 0.47139673682599786 0
    outer loop
      vertex 2.857883832488647 -1.65 0.4
      vertex 2.857883832488647 -1.65 1.6
      vertex 2.959680047057871 -1.4595526777227041 1.6
    endloop
  endfacet
  facet normal -0.9108638249211756 0.4127070298043954 0
    outer loop
      vertex 2.959680047057871 -1.4595526777227041 0.4
      vertex 2.959680047057871 -1.4595526777227041 1.6
      vertex 3.048802457287246 -1.2628553268047962 1.6
    endloop
  endfacet
  facet normal -0.9359059267573254 0.3522500479212343 0
    outer loop
      vertex 3.048802457287246 -1.2628553268047962 0.4
      vertex 3.048802457287246 -1.2628553268047962 1.6
      vertex 3.1248694273338486 -1.0607502355004332 1.6
    endloop
  endfacet
  facet normal -0.956940335732209 0.2902846772544614 0
    outer loop
      vertex 3.1248694273338486 -1.0607502355004332 0.4
      vertex 3.1248694273338486 -1.0607502355004332 1.6
      vertex 3.187555226753925 -0.8541028488383184 1.6
    endloop
  endfacet
  facet normal -0.9738769792773336 0.22707626303437314 0
    outer loop
      vertex 3.187555226753925 -0.8541028488383184 0.4
      vertex 3.187555226753925 -0.8541028488383184 1.6
      vertex 3.2365914253306602 -0.6437980626532231 1.6
    endloop
  endfacet
  facet normal -0.986643332084879 0.16289547339458926 0
    outer loop
      vertex 3.2365914253306602 -0.6437980626532231 0.4
      vertex 3.2365914253306602 -0.6437980626532231 1.6
      vertex 3.2717680425335742 -0.43073643432617015 1.6
    endloop
  endfacet
  facet normal -0.995184726672197 0.09801714032956009 0
    outer loop
      vertex 3.2717680425335742 -0.43073643432617015 0.4
      vertex 3.2717680425335742 -0.43073643432617015 1.6
      vertex 3.2929344466873913 -0.2158303264594721 1.6
    endloop
  endfacet
  facet normal -0.9994645874763656 0.03271908282177647 0
    outer loop
      vertex 3.2929344466873913 -0.2158303264594721 0.4
      vertex 3.2929344466873913 -0.2158303264594721 1.6
      vertex 3.3 0 1.6
    endloop
  endfacet
  facet normal -0.4127070298043954 -0.9108638249211756 0
    outer loop
      vertex 1.2628553268047962 3.048802457287246 0.4
      vertex 1.4595526777227041 2.959680047057871 0.4
      vertex 1.2628553268047962 3.048802457287246 1.6
    endloop
  endfacet
  facet normal -0.47139673682599786 -0.8819212643483548 0
    outer loop
      vertex 1.4595526777227041 2.959680047057871 0.4
      vertex 1.65 2.857883832488647 0.4
      vertex 1.4595526777227041 2.959680047057871 1.6
    endloop
  endfacet
  facet normal -0.9108638249211756 -0.4127070298043954 0
    outer loop
      vertex 3.048802457287246 1.2628553268047962 0.4
      vertex 2.959680047057871 1.4595526777227041 1.6
      vertex 2.959680047057871 1.4595526777227041 0.4
    endloop
  endfacet
  facet normal -0.528067850650367 -0.8492021815265794 0
    outer loop
      vertex 1.8333817689646872 2.743849720598399 0.4
      vertex 1.65 2.857883832488647 1.6
      vertex 1.65 2.857883832488647 0.4
    endloop
  endfacet
  facet normal -0.5824776968678019 -0.8128466845916155 0
    outer loop
      vertex 1.8333817689646872 2.743849720598399 0.4
      vertex 2.008912715728778 2.618066022961076 0.4
      vertex 1.8333817689646872 2.743849720598399 1.6
    endloop
  endfacet
  facet normal -0.6343932841636455 -0.773010453362737 0
    outer loop
      vertex 2.008912715728778 2.618066022961076 0.4
      vertex 2.1758411898302272 2.4810713646806253 0.4
      vertex 2.008912715728778 2.618066022961076 1.6
    endloop
  endfacet
  facet normal -0.6835923020228717 -0.7298640726978354 0
    outer loop
      vertex 2.1758411898302272 2.4810713646806253 0.4
      vertex 2.3334523779156067 2.3334523779156067 0.4
      vertex 2.1758411898302272 2.4810713646806253 1.6
    endloop
  endfacet
  facet normal -0.7298640726978354 -0.6835923020228717 0
    outer loop
      vertex 2.4810713646806253 2.1758411898302272 0.4
      vertex 2.3334523779156067 2.3334523779156067 1.6
      vertex 2.3334523779156067 2.3334523779156067 0.4
    endloop
  endfacet
  facet normal -0.8128466845916155 -0.5824776968678019 0
    outer loop
      vertex 2.743849720598399 1.8333817689646872 0.4
      vertex 2.618066022961076 2.008912715728778 1.6
      vertex 2.618066022961076 2.008912715728778 0.4
    endloop
  endfacet
  facet normal -0.773010453362737 -0.6343932841636455 0
    outer loop
      vertex 2.4810713646806253 2.1758411898302272 0.4
      vertex 2.618066022961076 2.008912715728778 0.4
      vertex 2.4810713646806253 2.1758411898302272 1.6
    endloop
  endfacet
  facet normal -0.8492021815265794 -0.528067850650367 0
    outer loop
      vertex 2.743849720598399 1.8333817689646872 0.4
      vertex 2.857883832488647 1.65 0.4
      vertex 2.743849720598399 1.8333817689646872 1.6
    endloop
  endfacet
  facet normal -0.8819212643483548 -0.47139673682599786 0
    outer loop
      vertex 2.959680047057871 1.4595526777227041 0.4
      vertex 2.857883832488647 1.65 1.6
      vertex 2.857883832488647 1.65 0.4
    endloop
  endfacet
  facet normal -0.03271908282177647 -0.9994645874763656 0
    outer loop
      vertex 0 3.3 0.4
      vertex 0.2158303264594721 3.2929344466873913 0.4
      vertex 0 3.3 1.6
    endloop
  endfacet
  facet normal -0.09801714032956009 -0.995184726672197 0
    outer loop
      vertex 0.2158303264594721 3.2929344466873913 0.4
      vertex 0.43073643432617015 3.2717680425335742 0.4
      vertex 0.2158303264594721 3.2929344466873913 1.6
    endloop
  endfacet
  facet normal -0.16289547339458926 -0.986643332084879 0
    outer loop
      vertex 0.43073643432617015 3.2717680425335742 0.4
      vertex 0.6437980626532231 3.2365914253306602 0.4
      vertex 0.43073643432617015 3.2717680425335742 1.6
    endloop
  endfacet
  facet normal -0.22707626303437314 -0.9738769792773336 0
    outer loop
      vertex 0.6437980626532231 3.2365914253306602 0.4
      vertex 0.8541028488383184 3.187555226753925 0.4
      vertex 0.6437980626532231 3.2365914253306602 1.6
    endloop
  endfacet
  facet normal -0.2902846772544614 -0.956940335732209 0
    outer loop
      vertex 0.8541028488383184 3.187555226753925 0.4
      vertex 1.0607502355004332 3.1248694273338486 0.4
      vertex 0.8541028488383184 3.187555226753925 1.6
    endloop
  endfacet
  facet normal -0.3522500479212343 -0.9359059267573254 0
    outer loop
      vertex 1.0607502355004332 3.1248694273338486 0.4
      vertex 1.2628553268047962 3.048802457287246 0.4
      vertex 1.0607502355004332 3.1248694273338486 1.6
    endloop
  endfacet
  facet normal -0.9994645874763656 -0.03271908282177647 0
    outer loop
      vertex 3.3 0 0.4
      vertex 3.2929344466873913 0.2158303264594721 1.6
      vertex 3.2929344466873913 0.2158303264594721 0.4
    endloop
  endfacet
  facet normal -0.995184726672197 -0.09801714032956009 0
    outer loop
      vertex 3.2929344466873913 0.2158303264594721 0.4
      vertex 3.2717680425335742 0.43073643432617015 1.6
      vertex 3.2717680425335742 0.43073643432617015 0.4
    endloop
  endfacet
  facet normal -0.986643332084879 -0.16289547339458926 0
    outer loop
      vertex 3.2365914253306602 0.6437980626532231 0.4
      vertex 3.2717680425335742 0.43073643432617015 0.4
      vertex 3.2365914253306602 0.6437980626532231 1.6
    endloop
  endfacet
  facet normal -0.9738769792773336 -0.22707626303437314 0
    outer loop
      vertex 3.2365914253306602 0.6437980626532231 0.4
      vertex 3.187555226753925 0.8541028488383184 1.6
      vertex 3.187555226753925 0.8541028488383184 0.4
    endloop
  endfacet
  facet normal -0.956940335732209 -0.2902846772544614 0
    outer loop
      vertex 3.187555226753925 0.8541028488383184 0.4
      vertex 3.1248694273338486 1.0607502355004332 1.6
      vertex 3.1248694273338486 1.0607502355004332 0.4
    endloop
  endfacet
  facet normal -0.9359059267573254 -0.3522500479212343 0
    outer loop
      vertex 3.1248694273338486 1.0607502355004332 0.4
      vertex 3.048802457287246 1.2628553268047962 1.6
      vertex 3.048802457287246 1.2628553268047962 0.4
    endloop
  endfacet
  facet normal -0.4127070298043954 -0.9108638249211756 0
    outer loop
      vertex 1.4595526777227041 2.959680047057871 0.4
      vertex 1.4595526777227041 2.959680047057871 1.6
      vertex 1.2628553268047962 3.048802457287246 1.6
    endloop
  endfacet
  facet normal -0.9108638249211756 -0.4127070298043954 0
    outer loop
      vertex 3.048802457287246 1.2628553268047962 0.4
      vertex 3.048802457287246 1.2628553268047962 1.6
      vertex 2.959680047057871 1.4595526777227041 1.6
    endloop
  endfacet
  facet normal -0.8819212643483548 -0.47139673682599786 0
    outer loop
      vertex 2.959680047057871 1.4595526777227041 0.4
      vertex 2.959680047057871 1.4595526777227041 1.6
      vertex 2.857883832488647 1.65 1.6
    endloop
  endfacet
  facet normal -0.47139673682599786 -0.8819212643483548 0
    outer loop
      vertex 1.65 2.857883832488647 0.4
      vertex 1.65 2.857883832488647 1.6
      vertex 1.4595526777227041 2.959680047057871 1.6
    endloop
  endfacet
  facet normal -0.528067850650367 -0.8492021815265794 0
    outer loop
      vertex 1.8333817689646872 2.743849720598399 0.4
      vertex 1.8333817689646872 2.743849720598399 1.6
      vertex 1.65 2.857883832488647 1.6
    endloop
  endfacet
  facet normal -0.5824776968678019 -0.8128466845916155 0
    outer loop
      vertex 2.008912715728778 2.618066022961076 0.4
      vertex 2.008912715728778 2.618066022961076 1.6
      vertex 1.8333817689646872 2.743849720598399 1.6
    endloop
  endfacet
  facet normal -0.6835923020228717 -0.7298640726978354 0
    outer loop
      vertex 2.3334523779156067 2.3334523779156067 0.4
      vertex 2.3334523779156067 2.3334523779156067 1.6
      vertex 2.1758411898302272 2.4810713646806253 1.6
    endloop
  endfacet
  facet normal -0.6343932841636455 -0.773010453362737 0
    outer loop
      vertex 2.1758411898302272 2.4810713646806253 0.4
      vertex 2.1758411898302272 2.4810713646806253 1.6
      vertex 2.008912715728778 2.618066022961076 1.6
    endloop
  endfacet
  facet normal -0.7298640726978354 -0.6835923020228717 0
    outer loop
      vertex 2.4810713646806253 2.1758411898302272 0.4
      vertex 2.4810713646806253 2.1758411898302272 1.6
      vertex 2.3334523779156067 2.3334523779156067 1.6
    endloop
  endfacet
  facet normal -0.773010453362737 -0.6343932841636455 0
    outer loop
      vertex 2.618066022961076 2.008912715728778 0.4
      vertex 2.618066022961076 2.008912715728778 1.6
      vertex 2.4810713646806253 2.1758411898302272 1.6
    endloop
  endfacet
  facet normal -0.8492021815265794 -0.528067850650367 0
    outer loop
      vertex 2.857883832488647 1.65 0.4
      vertex 2.857883832488647 1.65 1.6
      vertex 2.743849720598399 1.8333817689646872 1.6
    endloop
  endfacet
  facet normal -0.8128466845916155 -0.5824776968678019 0
    outer loop
      vertex 2.743849720598399 1.8333817689646872 0.4
      vertex 2.743849720598399 1.8333817689646872 1.6
      vertex 2.618066022961076 2.008912715728778 1.6
    endloop
  endfacet
  facet normal -0.03271908282177647 -0.9994645874763656 0
    outer loop
      vertex 0.2158303264594721 3.2929344466873913 0.4
      vertex 0.2158303264594721 3.2929344466873913 1.6
      vertex 0 3.3 1.6
    endloop
  endfacet
  facet normal -0.09801714032956009 -0.995184726672197 0
    outer loop
      vertex 0.43073643432617015 3.2717680425335742 0.4
      vertex 0.43073643432617015 3.2717680425335742 1.6
      vertex 0.2158303264594721 3.2929344466873913 1.6
    endloop
  endfacet
  facet normal -0.16289547339458926 -0.986643332084879 0
    outer loop
      vertex 0.6437980626532231 3.2365914253306602 0.4
      vertex 0.6437980626532231 3.2365914253306602 1.6
      vertex 0.43073643432617015 3.2717680425335742 1.6
    endloop
  endfacet
  facet normal -0.22707626303437314 -0.9738769792773336 0
    outer loop
      vertex 0.8541028488383184 3.187555226753925 0.4
      vertex 0.8541028488383184 3.187555226753925 1.6
      vertex 0.6437980626532231 3.2365914253306602 1.6
    endloop
  endfacet
  facet normal -0.2902846772544614 -0.956940335732209 0
    outer loop
      vertex 1.0607502355004332 3.1248694273338486 0.4
      vertex 1.0607502355004332 3.1248694273338486 1.6
      vertex 0.8541028488383184 3.187555226753925 1.6
    endloop
  endfacet
  facet normal -0.3522500479212343 -0.9359059267573254 0
    outer loop
      vertex 1.2628553268047962 3.048802457287246 0.4
      vertex 1.2628553268047962 3.048802457287246 1.6
      vertex 1.0607502355004332 3.1248694273338486 1.6
    endloop
  endfacet
  facet normal -0.9994645874763656 -0.03271908282177647 0
    outer loop
      vertex 3.3 0 0.4
      vertex 3.3 0 1.6
      vertex 3.2929344466873913 0.2158303264594721 1.6
    endloop
  endfacet
  facet normal -0.995184726672197 -0.09801714032956009 0
    outer loop
      vertex 3.2929344466873913 0.2158303264594721 0.4
      vertex 3.2929344466873913 0.2158303264594721 1.6
      vertex 3.2717680425335742 0.43073643432617015 1.6
    endloop
  endfacet
  facet normal -0.9738769792773336 -0.22707626303437314 0
    outer loop
      vertex 3.2365914253306602 0.6437980626532231 0.4
      vertex 3.2365914253306602 0.6437980626532231 1.6
      vertex 3.187555226753925 0.8541028488383184 1.6
    endloop
  endfacet
  facet normal -0.986643332084879 -0.16289547339458926 0
    outer loop
      vertex 3.2717680425335742 0.43073643432617015 0.4
      vertex 3.2717680425335742 0.43073643432617015 1.6
      vertex 3.2365914253306602 0.6437980626532231 1.6
    endloop
  endfacet
  facet normal -0.956940335732209 -0.2902846772544614 0
    outer loop
      vertex 3.187555226753925 0.8541028488383184 0.4
      vertex 3.187555226753925 0.8541028488383184 1.6
      vertex 3.1248694273338486 1.0607502355004332 1.6
    endloop
  endfacet
  facet normal -0.9359059267573254 -0.3522500479212343 0
    outer loop
      vertex 3.1248694273338486 1.0607502355004332 0.4
      vertex 3.1248694273338486 1.0607502355004332 1.6
      vertex 3.048802457287246 1.2628553268047962 1.6
    endloop
  endfacet
  facet normal 0.6237794738063911 0.33341707512704183 -0.7069174082391453
    outer loop
      vertex -2.959680047057871 -1.4595526777227041 0.4
      vertex -3.2042939940024224 -1.8499999999999999 0
      vertex -3.3184291436709463 -1.6364681538103047 0
    endloop
  endfacet
  facet normal 0.6888193926638551 0.16061015602584883 -0.7069174082391452
    outer loop
      vertex -3.2365914253306602 -0.6437980626532231 0.4
      vertex -3.5739255572695523 -0.9576304668793266 0
      vertex -3.6289055374919523 -0.7218341914596744 0
    endloop
  endfacet
  facet normal 0.6442504341228583 0.29190607403916446 -0.7069174082391455
    outer loop
      vertex -3.048802457287246 -1.2628553268047962 0.4
      vertex -3.3184291436709463 -1.6364681538103047 0
      vertex -3.418354270291761 -1.415928699750832 0
    endloop
  endfacet
  facet normal 0.661962615173286 0.2491450863280148 -0.7069174082391452
    outer loop
      vertex -3.1248694273338486 -1.0607502355004332 0.4
      vertex -3.418354270291761 -1.415928699750832 0
      vertex -3.5036414791318906 -1.1893260216216979 0
    endloop
  endfacet
  facet normal 0.6768401706791916 0.20531722110776 -0.7069174082391453
    outer loop
      vertex -3.187555226753925 -0.8541028488383184 0.4
      vertex -3.5036414791318906 -1.1893260216216979 0
      vertex -3.5739255572695523 -0.9576304668793266 0
    endloop
  endfacet
  facet normal 0.6978489842596551 0.11521533359851516 -0.7069174082391452
    outer loop
      vertex -3.2717680425335742 -0.43073643432617015 0.4
      vertex -3.6289055374919523 -0.7218341914596744 0
      vertex -3.6683459870830983 -0.4829469112141908 0
    endloop
  endfacet
  facet normal 0.7038902793691302 0.0693271414245321 -0.7069174082391454
    outer loop
      vertex -3.2929344466873913 -0.2158303264594721 0.4
      vertex -3.6683459870830983 -0.4829469112141908 0
      vertex -3.692078015982833 -0.2419915781515293 0
    endloop
  endfacet
  facet normal 0.7069174082391454 0.023142079787673003 -0.7069174082391452
    outer loop
      vertex -3.3 0 0.4
      vertex -3.692078015982833 -0.2419915781515293 0
      vertex -3.6999999999999997 0 0
    endloop
  endfacet
  facet normal 0.6442504341228583 0.2919060740391644 -0.7069174082391454
    outer loop
      vertex -2.959680047057871 -1.4595526777227041 0.4
      vertex -3.3184291436709463 -1.6364681538103047 0
      vertex -3.048802457287246 -1.2628553268047962 0.4
    endloop
  endfacet
  facet normal 0.6619626151732854 0.2491450863280157 -0.7069174082391453
    outer loop
      vertex -3.048802457287246 -1.2628553268047962 0.4
      vertex -3.418354270291761 -1.415928699750832 0
      vertex -3.1248694273338486 -1.0607502355004332 0.4
    endloop
  endfacet
  facet normal 0.6768401706791917 0.20531722110775963 -0.7069174082391451
    outer loop
      vertex -3.1248694273338486 -1.0607502355004332 0.4
      vertex -3.5036414791318906 -1.1893260216216979 0
      vertex -3.187555226753925 -0.8541028488383184 0.4
    endloop
  endfacet
  facet normal 0.6888193926638552 0.16061015602584863 -0.7069174082391453
    outer loop
      vertex -3.187555226753925 -0.8541028488383184 0.4
      vertex -3.5739255572695523 -0.9576304668793266 0
      vertex -3.2365914253306602 -0.6437980626532231 0.4
    endloop
  endfacet
  facet normal 0.6978489842596552 0.11521533359851506 -0.7069174082391453
    outer loop
      vertex -3.2717680425335742 -0.43073643432617015 0.4
      vertex -3.2365914253306602 -0.6437980626532231 0.4
      vertex -3.6289055374919523 -0.7218341914596744 0
    endloop
  endfacet
  facet normal 0.7038902793691305 0.0693271414245317 -0.7069174082391453
    outer loop
      vertex -3.2717680425335742 -0.43073643432617015 0.4
      vertex -3.6683459870830983 -0.4829469112141908 0
      vertex -3.2929344466873913 -0.2158303264594721 0.4
    endloop
  endfacet
  facet normal 0.7069174082391453 0.023142079787673426 -0.7069174082391454
    outer loop
      vertex -3.2929344466873913 -0.2158303264594721 0.4
      vertex -3.692078015982833 -0.2419915781515293 0
      vertex -3.3 0 0.4
    endloop
  endfacet
  facet normal 0.3334170751270419 0.6237794738063911 -0.7069174082391452
    outer loop
      vertex -1.65 -2.857883832488647 0.4
      vertex -1.6364681538103047 -3.3184291436709463 0
      vertex -1.8499999999999999 -3.2042939940024224 0
    endloop
  endfacet
  facet normal 0.2919060740391644 0.6442504341228582 -0.7069174082391453
    outer loop
      vertex -1.4595526777227041 -2.959680047057871 0.4
      vertex -1.415928699750832 -3.418354270291761 0
      vertex -1.6364681538103047 -3.3184291436709463 0
    endloop
  endfacet
  facet normal 0.2491450863280148 0.6619626151732857 -0.7069174082391455
    outer loop
      vertex -1.2628553268047962 -3.048802457287246 0.4
      vertex -1.1893260216216979 -3.5036414791318906 0
      vertex -1.415928699750832 -3.418354270291761 0
    endloop
  endfacet
  facet normal 0.16061015602584885 0.6888193926638552 -0.7069174082391452
    outer loop
      vertex -0.8541028488383184 -3.187555226753925 0.4
      vertex -0.7218341914596744 -3.6289055374919523 0
      vertex -0.9576304668793266 -3.5739255572695523 0
    endloop
  endfacet
  facet normal 0.20531722110776024 0.6768401706791916 -0.7069174082391452
    outer loop
      vertex -1.0607502355004332 -3.1248694273338486 0.4
      vertex -0.9576304668793266 -3.5739255572695523 0
      vertex -1.1893260216216979 -3.5036414791318906 0
    endloop
  endfacet
  facet normal 0.11521533359851516 0.6978489842596551 -0.7069174082391452
    outer loop
      vertex -0.6437980626532231 -3.2365914253306602 0.4
      vertex -0.4829469112141908 -3.6683459870830983 0
      vertex -0.7218341914596744 -3.6289055374919523 0
    endloop
  endfacet
  facet normal 0.06932714142453211 0.7038902793691305 -0.7069174082391452
    outer loop
      vertex -0.43073643432617015 -3.2717680425335742 0.4
      vertex -0.2419915781515293 -3.692078015982833 0
      vertex -0.4829469112141908 -3.6683459870830983 0
    endloop
  endfacet
  facet normal 0.023142079787672992 0.7069174082391453 -0.7069174082391453
    outer loop
      vertex -0.2158303264594721 -3.2929344466873913 0.4
      vertex 0 -3.6999999999999997 0
      vertex -0.2419915781515293 -3.692078015982833 0
    endloop
  endfacet
  facet normal 0.2919060740391644 0.6442504341228583 -0.7069174082391454
    outer loop
      vertex -1.4595526777227041 -2.959680047057871 0.4
      vertex -1.2628553268047962 -3.048802457287246 0.4
      vertex -1.415928699750832 -3.418354270291761 0
    endloop
  endfacet
  facet normal 0.24914508632801582 0.6619626151732857 -0.7069174082391451
    outer loop
      vertex -1.2628553268047962 -3.048802457287246 0.4
      vertex -1.0607502355004332 -3.1248694273338486 0.4
      vertex -1.1893260216216979 -3.5036414791318906 0
    endloop
  endfacet
  facet normal 0.2053172211077596 0.6768401706791914 -0.7069174082391452
    outer loop
      vertex -1.0607502355004332 -3.1248694273338486 0.4
      vertex -0.8541028488383184 -3.187555226753925 0.4
      vertex -0.9576304668793266 -3.5739255572695523 0
    endloop
  endfacet
  facet normal 0.16061015602584863 0.6888193926638552 -0.7069174082391453
    outer loop
      vertex -0.8541028488383184 -3.187555226753925 0.4
      vertex -0.6437980626532231 -3.2365914253306602 0.4
      vertex -0.7218341914596744 -3.6289055374919523 0
    endloop
  endfacet
  facet normal 0.11521533359851506 0.6978489842596552 -0.7069174082391453
    outer loop
      vertex -0.6437980626532231 -3.2365914253306602 0.4
      vertex -0.43073643432617015 -3.2717680425335742 0.4
      vertex -0.4829469112141908 -3.6683459870830983 0
    endloop
  endfacet
  facet normal 0.0693271414245317 0.7038902793691304 -0.7069174082391454
    outer loop
      vertex -0.43073643432617015 -3.2717680425335742 0.4
      vertex -0.2158303264594721 -3.2929344466873913 0.4
      vertex -0.2419915781515293 -3.692078015982833 0
    endloop
  endfacet
  facet normal 0.02314207978767343 0.7069174082391455 -0.7069174082391453
    outer loop
      vertex -0.2158303264594721 -3.2929344466873913 0.4
      vertex 0 -3.3 0.4
      vertex 0 -3.6999999999999997 0
    endloop
  endfacet
  facet normal 0.44870389793164084 0.5467472815747706 -0.7069174082391451
    outer loop
      vertex -2.1758411898302272 -2.4810713646806253 0.4
      vertex -2.2524172873322663 -2.93540735907757 0
      vertex -2.4395795158702547 -2.781807287672216 0
    endloop
  endfacet
  facet normal 0.516230014653344 0.4835021715560935 -0.7069174082391451
    outer loop
      vertex -2.4810713646806253 -2.1758411898302272 0.4
      vertex -2.616295090390226 -2.616295090390226 0
      vertex -2.781807287672216 -2.4395795158702547 0
    endloop
  endfacet
  facet normal 0.4835021715560932 0.5162300146533435 -0.7069174082391457
    outer loop
      vertex -2.3334523779156067 -2.3334523779156067 0.4
      vertex -2.4395795158702547 -2.781807287672216 0
      vertex -2.616295090390226 -2.616295090390226 0
    endloop
  endfacet
  facet normal 0.5749232926983273 0.4119842053299658 -0.7069174082391451
    outer loop
      vertex -2.743849720598399 -1.8333817689646872 0.4
      vertex -2.93540735907757 -2.2524172873322663 0
      vertex -3.076437565519417 -2.055609862172528 0
    endloop
  endfacet
  facet normal 0.5467472815747705 0.4487038979316407 -0.7069174082391453
    outer loop
      vertex -2.618066022961076 -2.008912715728778 0.4
      vertex -2.781807287672216 -2.4395795158702547 0
      vertex -2.93540735907757 -2.2524172873322663 0
    endloop
  endfacet
  facet normal 0.6006373940187184 0.37350033311210395 -0.7069174082391452
    outer loop
      vertex -2.857883832488647 -1.65 0.4
      vertex -3.076437565519417 -2.055609862172528 0
      vertex -3.2042939940024224 -1.8499999999999999 0
    endloop
  endfacet
  facet normal 0.4119842053299656 0.574923292698327 -0.7069174082391452
    outer loop
      vertex -2.008912715728778 -2.618066022961076 0.4
      vertex -2.055609862172528 -3.076437565519417 0
      vertex -2.2524172873322663 -2.93540735907757 0
    endloop
  endfacet
  facet normal 0.3735003331121039 0.6006373940187185 -0.7069174082391451
    outer loop
      vertex -1.8333817689646872 -2.743849720598399 0.4
      vertex -1.8499999999999999 -3.2042939940024224 0
      vertex -2.055609862172528 -3.076437565519417 0
    endloop
  endfacet
  facet normal 0.4835021715560952 0.5162300146533424 -0.7069174082391451
    outer loop
      vertex -2.3334523779156067 -2.3334523779156067 0.4
      vertex -2.1758411898302272 -2.4810713646806253 0.4
      vertex -2.4395795158702547 -2.781807287672216 0
    endloop
  endfacet
  facet normal 0.516230014653342 0.48350217155609476 -0.7069174082391457
    outer loop
      vertex -2.3334523779156067 -2.3334523779156067 0.4
      vertex -2.616295090390226 -2.616295090390226 0
      vertex -2.4810713646806253 -2.1758411898302272 0.4
    endloop
  endfacet
  facet normal 0.5749232926983265 0.41198420532996627 -0.7069174082391454
    outer loop
      vertex -2.618066022961076 -2.008912715728778 0.4
      vertex -2.93540735907757 -2.2524172873322663 0
      vertex -2.743849720598399 -1.8333817689646872 0.4
    endloop
  endfacet
  facet normal 0.6006373940187187 0.37350033311210357 -0.7069174082391451
    outer loop
      vertex -2.857883832488647 -1.65 0.4
      vertex -2.743849720598399 -1.8333817689646872 0.4
      vertex -3.076437565519417 -2.055609862172528 0
    endloop
  endfacet
  facet normal 0.6237794738063914 0.3334170751270416 -0.7069174082391452
    outer loop
      vertex -2.857883832488647 -1.65 0.4
      vertex -3.2042939940024224 -1.8499999999999999 0
      vertex -2.959680047057871 -1.4595526777227041 0.4
    endloop
  endfacet
  facet normal 0.5467472815747711 0.4487038979316402 -0.7069174082391452
    outer loop
      vertex -2.618066022961076 -2.008912715728778 0.4
      vertex -2.4810713646806253 -2.1758411898302272 0.4
      vertex -2.781807287672216 -2.4395795158702547 0
    endloop
  endfacet
  facet normal 0.44870389793164006 0.5467472815747709 -0.7069174082391454
    outer loop
      vertex -2.1758411898302272 -2.4810713646806253 0.4
      vertex -2.008912715728778 -2.618066022961076 0.4
      vertex -2.2524172873322663 -2.93540735907757 0
    endloop
  endfacet
  facet normal 0.41198420532996644 0.5749232926983268 -0.7069174082391451
    outer loop
      vertex -2.008912715728778 -2.618066022961076 0.4
      vertex -1.8333817689646872 -2.743849720598399 0.4
      vertex -2.055609862172528 -3.076437565519417 0
    endloop
  endfacet
  facet normal 0.37350033311210346 0.6006373940187186 -0.7069174082391453
    outer loop
      vertex -1.65 -2.857883832488647 0.4
      vertex -1.8499999999999999 -3.2042939940024224 0
      vertex -1.8333817689646872 -2.743849720598399 0.4
    endloop
  endfacet
  facet normal 0.3334170751270415 0.6237794738063913 -0.7069174082391454
    outer loop
      vertex -1.65 -2.857883832488647 0.4
      vertex -1.4595526777227041 -2.959680047057871 0.4
      vertex -1.6364681538103047 -3.3184291436709463 0
    endloop
  endfacet
  facet normal 0.7069174082391454 -0.023142079787673003 -0.7069174082391452
    outer loop
      vertex -3.3 0 0.4
      vertex -3.6999999999999997 0 0
      vertex -3.692078015982833 0.2419915781515293 0
    endloop
  endfacet
  facet normal 0.7038902793691302 -0.0693271414245321 -0.7069174082391454
    outer loop
      vertex -3.2929344466873913 0.2158303264594721 0.4
      vertex -3.692078015982833 0.2419915781515293 0
      vertex -3.6683459870830983 0.4829469112141908 0
    endloop
  endfacet
  facet normal 0.6978489842596551 -0.11521533359851516 -0.7069174082391452
    outer loop
      vertex -3.2717680425335742 0.43073643432617015 0.4
      vertex -3.6683459870830983 0.4829469112141908 0
      vertex -3.6289055374919523 0.7218341914596744 0
    endloop
  endfacet
  facet normal 0.6888193926638551 -0.16061015602584883 -0.7069174082391452
    outer loop
      vertex -3.2365914253306602 0.6437980626532231 0.4
      vertex -3.6289055374919523 0.7218341914596744 0
      vertex -3.5739255572695523 0.9576304668793266 0
    endloop
  endfacet
  facet normal 0.6768401706791916 -0.20531722110776 -0.7069174082391453
    outer loop
      vertex -3.187555226753925 0.8541028488383184 0.4
      vertex -3.5739255572695523 0.9576304668793266 0
      vertex -3.5036414791318906 1.1893260216216979 0
    endloop
  endfacet
  facet normal 0.661962615173286 -0.2491450863280148 -0.7069174082391452
    outer loop
      vertex -3.1248694273338486 1.0607502355004332 0.4
      vertex -3.5036414791318906 1.1893260216216979 0
      vertex -3.418354270291761 1.415928699750832 0
    endloop
  endfacet
  facet normal 0.6442504341228583 -0.29190607403916446 -0.7069174082391455
    outer loop
      vertex -3.048802457287246 1.2628553268047962 0.4
      vertex -3.418354270291761 1.415928699750832 0
      vertex -3.3184291436709463 1.6364681538103047 0
    endloop
  endfacet
  facet normal 0.7069174082391453 -0.023142079787673426 -0.7069174082391453
    outer loop
      vertex -3.3 0 0.4
      vertex -3.692078015982833 0.2419915781515293 0
      vertex -3.2929344466873913 0.2158303264594721 0.4
    endloop
  endfacet
  facet normal 0.7038902793691305 -0.0693271414245317 -0.7069174082391453
    outer loop
      vertex -3.2929344466873913 0.2158303264594721 0.4
      vertex -3.6683459870830983 0.4829469112141908 0
      vertex -3.2717680425335742 0.43073643432617015 0.4
    endloop
  endfacet
  facet normal 0.6978489842596552 -0.11521533359851506 -0.7069174082391453
    outer loop
      vertex -3.2717680425335742 0.43073643432617015 0.4
      vertex -3.6289055374919523 0.7218341914596744 0
      vertex -3.2365914253306602 0.6437980626532231 0.4
    endloop
  endfacet
  facet normal 0.6888193926638552 -0.16061015602584863 -0.7069174082391453
    outer loop
      vertex -3.2365914253306602 0.6437980626532231 0.4
      vertex -3.5739255572695523 0.9576304668793266 0
      vertex -3.187555226753925 0.8541028488383184 0.4
    endloop
  endfacet
  facet normal 0.6768401706791917 -0.20531722110775963 -0.7069174082391452
    outer loop
      vertex -3.187555226753925 0.8541028488383184 0.4
      vertex -3.5036414791318906 1.1893260216216979 0
      vertex -3.1248694273338486 1.0607502355004332 0.4
    endloop
  endfacet
  facet normal 0.6619626151732854 -0.2491450863280157 -0.7069174082391454
    outer loop
      vertex -3.1248694273338486 1.0607502355004332 0.4
      vertex -3.418354270291761 1.415928699750832 0
      vertex -3.048802457287246 1.2628553268047962 0.4
    endloop
  endfacet
  facet normal 0.6442504341228583 -0.2919060740391644 -0.7069174082391454
    outer loop
      vertex -3.048802457287246 1.2628553268047962 0.4
      vertex -3.3184291436709463 1.6364681538103047 0
      vertex -2.959680047057871 1.4595526777227041 0.4
    endloop
  endfacet
  facet normal 0.6237794738063911 -0.33341707512704183 -0.7069174082391453
    outer loop
      vertex -2.959680047057871 1.4595526777227041 0.4
      vertex -3.3184291436709463 1.6364681538103047 0
      vertex -3.2042939940024224 1.8499999999999999 0
    endloop
  endfacet
  facet normal 0.6006373940187184 -0.37350033311210395 -0.7069174082391452
    outer loop
      vertex -2.857883832488647 1.65 0.4
      vertex -3.2042939940024224 1.8499999999999999 0
      vertex -3.076437565519417 2.055609862172528 0
    endloop
  endfacet
  facet normal 0.5749232926983273 -0.4119842053299658 -0.7069174082391451
    outer loop
      vertex -2.743849720598399 1.8333817689646872 0.4
      vertex -3.076437565519417 2.055609862172528 0
      vertex -2.93540735907757 2.2524172873322663 0
    endloop
  endfacet
  facet normal 0.5467472815747705 -0.4487038979316407 -0.7069174082391453
    outer loop
      vertex -2.618066022961076 2.008912715728778 0.4
      vertex -2.93540735907757 2.2524172873322663 0
      vertex -2.781807287672216 2.4395795158702547 0
    endloop
  endfacet
  facet normal 0.516230014653344 -0.4835021715560935 -0.7069174082391451
    outer loop
      vertex -2.4810713646806253 2.1758411898302272 0.4
      vertex -2.781807287672216 2.4395795158702547 0
      vertex -2.616295090390226 2.616295090390226 0
    endloop
  endfacet
  facet normal 0.4835021715560932 -0.5162300146533435 -0.7069174082391457
    outer loop
      vertex -2.3334523779156067 2.3334523779156067 0.4
      vertex -2.616295090390226 2.616295090390226 0
      vertex -2.4395795158702547 2.781807287672216 0
    endloop
  endfacet
  facet normal 0.44870389793164084 -0.5467472815747706 -0.7069174082391451
    outer loop
      vertex -2.1758411898302272 2.4810713646806253 0.4
      vertex -2.4395795158702547 2.781807287672216 0
      vertex -2.2524172873322663 2.93540735907757 0
    endloop
  endfacet
  facet normal 0.4119842053299656 -0.574923292698327 -0.7069174082391452
    outer loop
      vertex -2.008912715728778 2.618066022961076 0.4
      vertex -2.2524172873322663 2.93540735907757 0
      vertex -2.055609862172528 3.076437565519417 0
    endloop
  endfacet
  facet normal 0.3735003331121039 -0.6006373940187185 -0.7069174082391451
    outer loop
      vertex -1.8333817689646872 2.743849720598399 0.4
      vertex -2.055609862172528 3.076437565519417 0
      vertex -1.8499999999999999 3.2042939940024224 0
    endloop
  endfacet
  facet normal 0.6237794738063914 -0.3334170751270416 -0.7069174082391452
    outer loop
      vertex -2.959680047057871 1.4595526777227041 0.4
      vertex -3.2042939940024224 1.8499999999999999 0
      vertex -2.857883832488647 1.65 0.4
    endloop
  endfacet
  facet normal 0.6006373940187187 -0.37350033311210357 -0.7069174082391451
    outer loop
      vertex -2.857883832488647 1.65 0.4
      vertex -3.076437565519417 2.055609862172528 0
      vertex -2.743849720598399 1.8333817689646872 0.4
    endloop
  endfacet
  facet normal 0.5749232926983265 -0.41198420532996627 -0.7069174082391454
    outer loop
      vertex -2.743849720598399 1.8333817689646872 0.4
      vertex -2.93540735907757 2.2524172873322663 0
      vertex -2.618066022961076 2.008912715728778 0.4
    endloop
  endfacet
  facet normal 0.5467472815747711 -0.4487038979316402 -0.7069174082391452
    outer loop
      vertex -2.618066022961076 2.008912715728778 0.4
      vertex -2.781807287672216 2.4395795158702547 0
      vertex -2.4810713646806253 2.1758411898302272 0.4
    endloop
  endfacet
  facet normal 0.516230014653342 -0.48350217155609476 -0.7069174082391457
    outer loop
      vertex -2.4810713646806253 2.1758411898302272 0.4
      vertex -2.616295090390226 2.616295090390226 0
      vertex -2.3334523779156067 2.3334523779156067 0.4
    endloop
  endfacet
  facet normal 0.4835021715560952 -0.5162300146533424 -0.7069174082391451
    outer loop
      vertex -2.3334523779156067 2.3334523779156067 0.4
      vertex -2.4395795158702547 2.781807287672216 0
      vertex -2.1758411898302272 2.4810713646806253 0.4
    endloop
  endfacet
  facet normal 0.44870389793164006 -0.5467472815747709 -0.7069174082391454
    outer loop
      vertex -2.1758411898302272 2.4810713646806253 0.4
      vertex -2.2524172873322663 2.93540735907757 0
      vertex -2.008912715728778 2.618066022961076 0.4
    endloop
  endfacet
  facet normal 0.41198420532996644 -0.5749232926983268 -0.7069174082391451
    outer loop
      vertex -2.008912715728778 2.618066022961076 0.4
      vertex -2.055609862172528 3.076437565519417 0
      vertex -1.8333817689646872 2.743849720598399 0.4
    endloop
  endfacet
  facet normal 0.3735003331121034 -0.6006373940187185 -0.7069174082391453
    outer loop
      vertex -1.8333817689646872 2.743849720598399 0.4
      vertex -1.8499999999999999 3.2042939940024224 0
      vertex -1.65 2.857883832488647 0.4
    endloop
  endfacet
  facet normal 0.3334170751270415 -0.6237794738063913 -0.7069174082391454
    outer loop
      vertex -1.65 2.857883832488647 0.4
      vertex -1.6364681538103047 3.3184291436709463 0
      vertex -1.4595526777227041 2.959680047057871 0.4
    endloop
  endfacet
  facet normal 0.3334170751270419 -0.6237794738063911 -0.7069174082391452
    outer loop
      vertex -1.65 2.857883832488647 0.4
      vertex -1.8499999999999999 3.2042939940024224 0
      vertex -1.6364681538103047 3.3184291436709463 0
    endloop
  endfacet
  facet normal 0.2919060740391644 -0.6442504341228582 -0.7069174082391453
    outer loop
      vertex -1.4595526777227041 2.959680047057871 0.4
      vertex -1.6364681538103047 3.3184291436709463 0
      vertex -1.415928699750832 3.418354270291761 0
    endloop
  endfacet
  facet normal 0.2491450863280148 -0.6619626151732857 -0.7069174082391455
    outer loop
      vertex -1.2628553268047962 3.048802457287246 0.4
      vertex -1.415928699750832 3.418354270291761 0
      vertex -1.1893260216216979 3.5036414791318906 0
    endloop
  endfacet
  facet normal 0.20531722110776024 -0.6768401706791916 -0.7069174082391452
    outer loop
      vertex -1.0607502355004332 3.1248694273338486 0.4
      vertex -1.1893260216216979 3.5036414791318906 0
      vertex -0.9576304668793266 3.5739255572695523 0
    endloop
  endfacet
  facet normal 0.16061015602584885 -0.6888193926638552 -0.7069174082391452
    outer loop
      vertex -0.8541028488383184 3.187555226753925 0.4
      vertex -0.9576304668793266 3.5739255572695523 0
      vertex -0.7218341914596744 3.6289055374919523 0
    endloop
  endfacet
  facet normal 0.11521533359851516 -0.6978489842596551 -0.7069174082391452
    outer loop
      vertex -0.6437980626532231 3.2365914253306602 0.4
      vertex -0.7218341914596744 3.6289055374919523 0
      vertex -0.4829469112141908 3.6683459870830983 0
    endloop
  endfacet
  facet normal 0.06932714142453211 -0.7038902793691305 -0.7069174082391452
    outer loop
      vertex -0.43073643432617015 3.2717680425335742 0.4
      vertex -0.4829469112141908 3.6683459870830983 0
      vertex -0.2419915781515293 3.692078015982833 0
    endloop
  endfacet
  facet normal 0.023142079787672992 -0.7069174082391453 -0.7069174082391453
    outer loop
      vertex -0.2158303264594721 3.2929344466873913 0.4
      vertex -0.2419915781515293 3.692078015982833 0
      vertex 0 3.6999999999999997 0
    endloop
  endfacet
  facet normal 0.2919060740391644 -0.6442504341228583 -0.7069174082391454
    outer loop
      vertex -1.4595526777227041 2.959680047057871 0.4
      vertex -1.415928699750832 3.418354270291761 0
      vertex -1.2628553268047962 3.048802457287246 0.4
    endloop
  endfacet
  facet normal 0.24914508632801582 -0.6619626151732857 -0.7069174082391451
    outer loop
      vertex -1.2628553268047962 3.048802457287246 0.4
      vertex -1.1893260216216979 3.5036414791318906 0
      vertex -1.0607502355004332 3.1248694273338486 0.4
    endloop
  endfacet
  facet normal 0.2053172211077596 -0.6768401706791914 -0.7069174082391452
    outer loop
      vertex -1.0607502355004332 3.1248694273338486 0.4
      vertex -0.9576304668793266 3.5739255572695523 0
      vertex -0.8541028488383184 3.187555226753925 0.4
    endloop
  endfacet
  facet normal 0.16061015602584863 -0.6888193926638552 -0.7069174082391453
    outer loop
      vertex -0.8541028488383184 3.187555226753925 0.4
      vertex -0.7218341914596744 3.6289055374919523 0
      vertex -0.6437980626532231 3.2365914253306602 0.4
    endloop
  endfacet
  facet normal 0.11521533359851506 -0.6978489842596552 -0.7069174082391453
    outer loop
      vertex -0.6437980626532231 3.2365914253306602 0.4
      vertex -0.4829469112141908 3.6683459870830983 0
      vertex -0.43073643432617015 3.2717680425335742 0.4
    endloop
  endfacet
  facet normal 0.0693271414245317 -0.7038902793691304 -0.7069174082391454
    outer loop
      vertex -0.43073643432617015 3.2717680425335742 0.4
      vertex -0.2419915781515293 3.692078015982833 0
      vertex -0.2158303264594721 3.2929344466873913 0.4
    endloop
  endfacet
  facet normal 0.02314207978767343 -0.7069174082391455 -0.7069174082391453
    outer loop
      vertex -0.2158303264594721 3.2929344466873913 0.4
      vertex 0 3.6999999999999997 0
      vertex 0 3.3 0.4
    endloop
  endfacet
  facet normal -0.023142079787673003 0.7069174082391454 -0.7069174082391452
    outer loop
      vertex 0 -3.3 0.4
      vertex 0.2419915781515293 -3.692078015982833 0
      vertex 0 -3.6999999999999997 0
    endloop
  endfacet
  facet normal -0.06932714142453211 0.7038902793691305 -0.7069174082391452
    outer loop
      vertex 0.43073643432617015 -3.2717680425335742 0.4
      vertex 0.4829469112141908 -3.6683459870830983 0
      vertex 0.2419915781515293 -3.692078015982833 0
    endloop
  endfacet
  facet normal -0.11521533359851516 0.6978489842596551 -0.7069174082391452
    outer loop
      vertex 0.6437980626532231 -3.2365914253306602 0.4
      vertex 0.7218341914596744 -3.6289055374919523 0
      vertex 0.4829469112141908 -3.6683459870830983 0
    endloop
  endfacet
  facet normal -0.16061015602584885 0.6888193926638552 -0.7069174082391452
    outer loop
      vertex 0.8541028488383184 -3.187555226753925 0.4
      vertex 0.9576304668793266 -3.5739255572695523 0
      vertex 0.7218341914596744 -3.6289055374919523 0
    endloop
  endfacet
  facet normal -0.20531722110776024 0.6768401706791916 -0.7069174082391452
    outer loop
      vertex 1.0607502355004332 -3.1248694273338486 0.4
      vertex 1.1893260216216979 -3.5036414791318906 0
      vertex 0.9576304668793266 -3.5739255572695523 0
    endloop
  endfacet
  facet normal -0.2491450863280148 0.6619626151732857 -0.7069174082391455
    outer loop
      vertex 1.2628553268047962 -3.048802457287246 0.4
      vertex 1.415928699750832 -3.418354270291761 0
      vertex 1.1893260216216979 -3.5036414791318906 0
    endloop
  endfacet
  facet normal -0.2919060740391644 0.6442504341228582 -0.7069174082391453
    outer loop
      vertex 1.4595526777227041 -2.959680047057871 0.4
      vertex 1.6364681538103047 -3.3184291436709463 0
      vertex 1.415928699750832 -3.418354270291761 0
    endloop
  endfacet
  facet normal -0.023142079787673426 0.7069174082391453 -0.7069174082391453
    outer loop
      vertex 0 -3.3 0.4
      vertex 0.2158303264594721 -3.2929344466873913 0.4
      vertex 0.2419915781515293 -3.692078015982833 0
    endloop
  endfacet
  facet normal -0.06932714142453168 0.7038902793691303 -0.7069174082391455
    outer loop
      vertex 0.2158303264594721 -3.2929344466873913 0.4
      vertex 0.43073643432617015 -3.2717680425335742 0.4
      vertex 0.2419915781515293 -3.692078015982833 0
    endloop
  endfacet
  facet normal -0.11521533359851506 0.6978489842596552 -0.7069174082391453
    outer loop
      vertex 0.43073643432617015 -3.2717680425335742 0.4
      vertex 0.6437980626532231 -3.2365914253306602 0.4
      vertex 0.4829469112141908 -3.6683459870830983 0
    endloop
  endfacet
  facet normal -0.16061015602584863 0.6888193926638552 -0.7069174082391453
    outer loop
      vertex 0.6437980626532231 -3.2365914253306602 0.4
      vertex 0.8541028488383184 -3.187555226753925 0.4
      vertex 0.7218341914596744 -3.6289055374919523 0
    endloop
  endfacet
  facet normal -0.2053172211077596 0.6768401706791914 -0.7069174082391452
    outer loop
      vertex 0.8541028488383184 -3.187555226753925 0.4
      vertex 1.0607502355004332 -3.1248694273338486 0.4
      vertex 0.9576304668793266 -3.5739255572695523 0
    endloop
  endfacet
  facet normal -0.24914508632801582 0.6619626151732857 -0.7069174082391451
    outer loop
      vertex 1.0607502355004332 -3.1248694273338486 0.4
      vertex 1.2628553268047962 -3.048802457287246 0.4
      vertex 1.1893260216216979 -3.5036414791318906 0
    endloop
  endfacet
  facet normal -0.2919060740391644 0.6442504341228583 -0.7069174082391454
    outer loop
      vertex 1.2628553268047962 -3.048802457287246 0.4
      vertex 1.4595526777227041 -2.959680047057871 0.4
      vertex 1.415928699750832 -3.418354270291761 0
    endloop
  endfacet
  facet normal -0.3334170751270419 0.6237794738063911 -0.7069174082391452
    outer loop
      vertex 1.65 -2.857883832488647 0.4
      vertex 1.8499999999999999 -3.2042939940024224 0
      vertex 1.6364681538103047 -3.3184291436709463 0
    endloop
  endfacet
  facet normal -0.3735003331121039 0.6006373940187185 -0.7069174082391451
    outer loop
      vertex 1.8333817689646872 -2.743849720598399 0.4
      vertex 2.055609862172528 -3.076437565519417 0
      vertex 1.8499999999999999 -3.2042939940024224 0
    endloop
  endfacet
  facet normal -0.4119842053299656 0.574923292698327 -0.7069174082391452
    outer loop
      vertex 2.008912715728778 -2.618066022961076 0.4
      vertex 2.2524172873322663 -2.93540735907757 0
      vertex 2.055609862172528 -3.076437565519417 0
    endloop
  endfacet
  facet normal -0.44870389793164084 0.5467472815747706 -0.7069174082391451
    outer loop
      vertex 2.1758411898302272 -2.4810713646806253 0.4
      vertex 2.4395795158702547 -2.781807287672216 0
      vertex 2.2524172873322663 -2.93540735907757 0
    endloop
  endfacet
  facet normal -0.4835021715560932 0.5162300146533435 -0.7069174082391457
    outer loop
      vertex 2.3334523779156067 -2.3334523779156067 0.4
      vertex 2.616295090390226 -2.616295090390226 0
      vertex 2.4395795158702547 -2.781807287672216 0
    endloop
  endfacet
  facet normal -0.516230014653344 0.4835021715560935 -0.7069174082391451
    outer loop
      vertex 2.4810713646806253 -2.1758411898302272 0.4
      vertex 2.781807287672216 -2.4395795158702547 0
      vertex 2.616295090390226 -2.616295090390226 0
    endloop
  endfacet
  facet normal -0.5467472815747705 0.4487038979316407 -0.7069174082391453
    outer loop
      vertex 2.618066022961076 -2.008912715728778 0.4
      vertex 2.93540735907757 -2.2524172873322663 0
      vertex 2.781807287672216 -2.4395795158702547 0
    endloop
  endfacet
  facet normal -0.5749232926983273 0.4119842053299658 -0.7069174082391451
    outer loop
      vertex 2.743849720598399 -1.8333817689646872 0.4
      vertex 3.076437565519417 -2.055609862172528 0
      vertex 2.93540735907757 -2.2524172873322663 0
    endloop
  endfacet
  facet normal -0.6006373940187184 0.37350033311210395 -0.7069174082391452
    outer loop
      vertex 2.857883832488647 -1.65 0.4
      vertex 3.2042939940024224 -1.8499999999999999 0
      vertex 3.076437565519417 -2.055609862172528 0
    endloop
  endfacet
  facet normal -0.3334170751270415 0.6237794738063913 -0.7069174082391454
    outer loop
      vertex 1.4595526777227041 -2.959680047057871 0.4
      vertex 1.65 -2.857883832488647 0.4
      vertex 1.6364681538103047 -3.3184291436709463 0
    endloop
  endfacet
  facet normal -0.37350033311210346 0.6006373940187186 -0.7069174082391453
    outer loop
      vertex 1.65 -2.857883832488647 0.4
      vertex 1.8333817689646872 -2.743849720598399 0.4
      vertex 1.8499999999999999 -3.2042939940024224 0
    endloop
  endfacet
  facet normal -0.41198420532996644 0.5749232926983268 -0.7069174082391451
    outer loop
      vertex 1.8333817689646872 -2.743849720598399 0.4
      vertex 2.008912715728778 -2.618066022961076 0.4
      vertex 2.055609862172528 -3.076437565519417 0
    endloop
  endfacet
  facet normal -0.4487038979316401 0.5467472815747709 -0.7069174082391454
    outer loop
      vertex 2.008912715728778 -2.618066022961076 0.4
      vertex 2.1758411898302272 -2.4810713646806253 0.4
      vertex 2.2524172873322663 -2.93540735907757 0
    endloop
  endfacet
  facet normal -0.4835021715560952 0.5162300146533424 -0.7069174082391452
    outer loop
      vertex 2.1758411898302272 -2.4810713646806253 0.4
      vertex 2.3334523779156067 -2.3334523779156067 0.4
      vertex 2.4395795158702547 -2.781807287672216 0
    endloop
  endfacet
  facet normal -0.516230014653342 0.48350217155609476 -0.7069174082391457
    outer loop
      vertex 2.3334523779156067 -2.3334523779156067 0.4
      vertex 2.4810713646806253 -2.1758411898302272 0.4
      vertex 2.616295090390226 -2.616295090390226 0
    endloop
  endfacet
  facet normal -0.5467472815747711 0.4487038979316402 -0.7069174082391452
    outer loop
      vertex 2.4810713646806253 -2.1758411898302272 0.4
      vertex 2.618066022961076 -2.008912715728778 0.4
      vertex 2.781807287672216 -2.4395795158702547 0
    endloop
  endfacet
  facet normal -0.5749232926983265 0.41198420532996627 -0.7069174082391454
    outer loop
      vertex 2.618066022961076 -2.008912715728778 0.4
      vertex 2.743849720598399 -1.8333817689646872 0.4
      vertex 2.93540735907757 -2.2524172873322663 0
    endloop
  endfacet
  facet normal -0.6006373940187187 0.37350033311210357 -0.7069174082391451
    outer loop
      vertex 2.743849720598399 -1.8333817689646872 0.4
      vertex 2.857883832488647 -1.65 0.4
      vertex 3.076437565519417 -2.055609862172528 0
    endloop
  endfacet
  facet normal -0.6237794738063914 0.3334170751270416 -0.7069174082391452
    outer loop
      vertex 2.857883832488647 -1.65 0.4
      vertex 2.959680047057871 -1.4595526777227041 0.4
      vertex 3.2042939940024224 -1.8499999999999999 0
    endloop
  endfacet
  facet normal -0.6237794738063911 0.33341707512704183 -0.7069174082391453
    outer loop
      vertex 2.959680047057871 -1.4595526777227041 0.4
      vertex 3.3184291436709463 -1.6364681538103047 0
      vertex 3.2042939940024224 -1.8499999999999999 0
    endloop
  endfacet
  facet normal -0.6442504341228583 0.29190607403916446 -0.7069174082391455
    outer loop
      vertex 3.048802457287246 -1.2628553268047962 0.4
      vertex 3.418354270291761 -1.415928699750832 0
      vertex 3.3184291436709463 -1.6364681538103047 0
    endloop
  endfacet
  facet normal -0.661962615173286 0.2491450863280148 -0.7069174082391452
    outer loop
      vertex 3.1248694273338486 -1.0607502355004332 0.4
      vertex 3.5036414791318906 -1.1893260216216979 0
      vertex 3.418354270291761 -1.415928699750832 0
    endloop
  endfacet
  facet normal -0.6768401706791916 0.20531722110776 -0.7069174082391453
    outer loop
      vertex 3.187555226753925 -0.8541028488383184 0.4
      vertex 3.5739255572695523 -0.9576304668793266 0
      vertex 3.5036414791318906 -1.1893260216216979 0
    endloop
  endfacet
  facet normal -0.6888193926638551 0.16061015602584883 -0.7069174082391452
    outer loop
      vertex 3.2365914253306602 -0.6437980626532231 0.4
      vertex 3.6289055374919523 -0.7218341914596744 0
      vertex 3.5739255572695523 -0.9576304668793266 0
    endloop
  endfacet
  facet normal -0.6978489842596551 0.11521533359851516 -0.7069174082391452
    outer loop
      vertex 3.2717680425335742 -0.43073643432617015 0.4
      vertex 3.6683459870830983 -0.4829469112141908 0
      vertex 3.6289055374919523 -0.7218341914596744 0
    endloop
  endfacet
  facet normal -0.7038902793691302 0.0693271414245321 -0.7069174082391454
    outer loop
      vertex 3.2929344466873913 -0.2158303264594721 0.4
      vertex 3.692078015982833 -0.2419915781515293 0
      vertex 3.6683459870830983 -0.4829469112141908 0
    endloop
  endfacet
  facet normal -0.7069174082391454 0.023142079787673003 -0.7069174082391452
    outer loop
      vertex 3.3 0 0.4
      vertex 3.6999999999999997 0 0
      vertex 3.692078015982833 -0.2419915781515293 0
    endloop
  endfacet
  facet normal -0.6442504341228583 0.2919060740391644 -0.7069174082391454
    outer loop
      vertex 2.959680047057871 -1.4595526777227041 0.4
      vertex 3.048802457287246 -1.2628553268047962 0.4
      vertex 3.3184291436709463 -1.6364681538103047 0
    endloop
  endfacet
  facet normal -0.6619626151732854 0.2491450863280157 -0.7069174082391453
    outer loop
      vertex 3.048802457287246 -1.2628553268047962 0.4
      vertex 3.1248694273338486 -1.0607502355004332 0.4
      vertex 3.418354270291761 -1.415928699750832 0
    endloop
  endfacet
  facet normal -0.6768401706791917 0.20531722110775963 -0.7069174082391451
    outer loop
      vertex 3.1248694273338486 -1.0607502355004332 0.4
      vertex 3.187555226753925 -0.8541028488383184 0.4
      vertex 3.5036414791318906 -1.1893260216216979 0
    endloop
  endfacet
  facet normal -0.6888193926638552 0.16061015602584863 -0.7069174082391453
    outer loop
      vertex 3.187555226753925 -0.8541028488383184 0.4
      vertex 3.2365914253306602 -0.6437980626532231 0.4
      vertex 3.5739255572695523 -0.9576304668793266 0
    endloop
  endfacet
  facet normal -0.6978489842596552 0.11521533359851507 -0.7069174082391453
    outer loop
      vertex 3.2365914253306602 -0.6437980626532231 0.4
      vertex 3.2717680425335742 -0.43073643432617015 0.4
      vertex 3.6289055374919523 -0.7218341914596744 0
    endloop
  endfacet
  facet normal -0.7038902793691305 0.0693271414245317 -0.7069174082391453
    outer loop
      vertex 3.2717680425335742 -0.43073643432617015 0.4
      vertex 3.2929344466873913 -0.2158303264594721 0.4
      vertex 3.6683459870830983 -0.4829469112141908 0
    endloop
  endfacet
  facet normal -0.7069174082391453 0.023142079787673426 -0.7069174082391454
    outer loop
      vertex 3.2929344466873913 -0.2158303264594721 0.4
      vertex 3.3 0 0.4
      vertex 3.692078015982833 -0.2419915781515293 0
    endloop
  endfacet
  facet normal -0.3735003331121039 -0.6006373940187185 -0.7069174082391451
    outer loop
      vertex 1.8333817689646872 2.743849720598399 0.4
      vertex 1.8499999999999999 3.2042939940024224 0
      vertex 2.055609862172528 3.076437565519417 0
    endloop
  endfacet
  facet normal -0.4119842053299656 -0.574923292698327 -0.7069174082391452
    outer loop
      vertex 2.008912715728778 2.618066022961076 0.4
      vertex 2.055609862172528 3.076437565519417 0
      vertex 2.2524172873322663 2.93540735907757 0
    endloop
  endfacet
  facet normal -0.6006373940187184 -0.37350033311210395 -0.7069174082391452
    outer loop
      vertex 2.857883832488647 1.65 0.4
      vertex 3.076437565519417 2.055609862172528 0
      vertex 3.2042939940024224 1.8499999999999999 0
    endloop
  endfacet
  facet normal -0.5467472815747705 -0.4487038979316407 -0.7069174082391453
    outer loop
      vertex 2.618066022961076 2.008912715728778 0.4
      vertex 2.781807287672216 2.4395795158702547 0
      vertex 2.93540735907757 2.2524172873322663 0
    endloop
  endfacet
  facet normal -0.5749232926983273 -0.4119842053299658 -0.7069174082391451
    outer loop
      vertex 2.743849720598399 1.8333817689646872 0.4
      vertex 2.93540735907757 2.2524172873322663 0
      vertex 3.076437565519417 2.055609862172528 0
    endloop
  endfacet
  facet normal -0.4835021715560932 -0.5162300146533435 -0.7069174082391457
    outer loop
      vertex 2.3334523779156067 2.3334523779156067 0.4
      vertex 2.4395795158702547 2.781807287672216 0
      vertex 2.616295090390226 2.616295090390226 0
    endloop
  endfacet
  facet normal -0.516230014653344 -0.4835021715560935 -0.7069174082391451
    outer loop
      vertex 2.4810713646806253 2.1758411898302272 0.4
      vertex 2.616295090390226 2.616295090390226 0
      vertex 2.781807287672216 2.4395795158702547 0
    endloop
  endfacet
  facet normal -0.44870389793164084 -0.5467472815747706 -0.7069174082391451
    outer loop
      vertex 2.1758411898302272 2.4810713646806253 0.4
      vertex 2.2524172873322663 2.93540735907757 0
      vertex 2.4395795158702547 2.781807287672216 0
    endloop
  endfacet
  facet normal -0.3334170751270415 -0.6237794738063913 -0.7069174082391454
    outer loop
      vertex 1.4595526777227041 2.959680047057871 0.4
      vertex 1.6364681538103047 3.3184291436709463 0
      vertex 1.65 2.857883832488647 0.4
    endloop
  endfacet
  facet normal -0.3735003331121034 -0.6006373940187185 -0.7069174082391453
    outer loop
      vertex 1.8333817689646872 2.743849720598399 0.4
      vertex 1.65 2.857883832488647 0.4
      vertex 1.8499999999999999 3.2042939940024224 0
    endloop
  endfacet
  facet normal -0.41198420532996644 -0.5749232926983268 -0.7069174082391451
    outer loop
      vertex 1.8333817689646872 2.743849720598399 0.4
      vertex 2.055609862172528 3.076437565519417 0
      vertex 2.008912715728778 2.618066022961076 0.4
    endloop
  endfacet
  facet normal -0.4487038979316401 -0.5467472815747709 -0.7069174082391454
    outer loop
      vertex 2.008912715728778 2.618066022961076 0.4
      vertex 2.2524172873322663 2.93540735907757 0
      vertex 2.1758411898302272 2.4810713646806253 0.4
    endloop
  endfacet
  facet normal -0.5467472815747711 -0.4487038979316402 -0.7069174082391452
    outer loop
      vertex 2.4810713646806253 2.1758411898302272 0.4
      vertex 2.781807287672216 2.4395795158702547 0
      vertex 2.618066022961076 2.008912715728778 0.4
    endloop
  endfacet
  facet normal -0.6237794738063914 -0.3334170751270416 -0.7069174082391452
    outer loop
      vertex 2.959680047057871 1.4595526777227041 0.4
      vertex 2.857883832488647 1.65 0.4
      vertex 3.2042939940024224 1.8499999999999999 0
    endloop
  endfacet
  facet normal -0.6006373940187187 -0.37350033311210357 -0.7069174082391451
    outer loop
      vertex 2.743849720598399 1.8333817689646872 0.4
      vertex 3.076437565519417 2.055609862172528 0
      vertex 2.857883832488647 1.65 0.4
    endloop
  endfacet
  facet normal -0.5749232926983265 -0.41198420532996627 -0.7069174082391454
    outer loop
      vertex 2.743849720598399 1.8333817689646872 0.4
      vertex 2.618066022961076 2.008912715728778 0.4
      vertex 2.93540735907757 2.2524172873322663 0
    endloop
  endfacet
  facet normal -0.516230014653342 -0.48350217155609476 -0.7069174082391457
    outer loop
      vertex 2.4810713646806253 2.1758411898302272 0.4
      vertex 2.3334523779156067 2.3334523779156067 0.4
      vertex 2.616295090390226 2.616295090390226 0
    endloop
  endfacet
  facet normal -0.4835021715560952 -0.5162300146533424 -0.7069174082391452
    outer loop
      vertex 2.1758411898302272 2.4810713646806253 0.4
      vertex 2.4395795158702547 2.781807287672216 0
      vertex 2.3334523779156067 2.3334523779156067 0.4
    endloop
  endfacet
  facet normal -0.023142079787672992 -0.7069174082391453 -0.7069174082391453
    outer loop
      vertex 0.2158303264594721 3.2929344466873913 0.4
      vertex 0 3.6999999999999997 0
      vertex 0.2419915781515293 3.692078015982833 0
    endloop
  endfacet
  facet normal -0.06932714142453211 -0.7038902793691305 -0.7069174082391452
    outer loop
      vertex 0.43073643432617015 3.2717680425335742 0.4
      vertex 0.2419915781515293 3.692078015982833 0
      vertex 0.4829469112141908 3.6683459870830983 0
    endloop
  endfacet
  facet normal -0.11521533359851516 -0.6978489842596551 -0.7069174082391452
    outer loop
      vertex 0.6437980626532231 3.2365914253306602 0.4
      vertex 0.4829469112141908 3.6683459870830983 0
      vertex 0.7218341914596744 3.6289055374919523 0
    endloop
  endfacet
  facet normal -0.20531722110776024 -0.6768401706791916 -0.7069174082391452
    outer loop
      vertex 1.0607502355004332 3.1248694273338486 0.4
      vertex 0.9576304668793266 3.5739255572695523 0
      vertex 1.1893260216216979 3.5036414791318906 0
    endloop
  endfacet
  facet normal -0.16061015602584885 -0.6888193926638552 -0.7069174082391452
    outer loop
      vertex 0.8541028488383184 3.187555226753925 0.4
      vertex 0.7218341914596744 3.6289055374919523 0
      vertex 0.9576304668793266 3.5739255572695523 0
    endloop
  endfacet
  facet normal -0.2491450863280148 -0.6619626151732857 -0.7069174082391455
    outer loop
      vertex 1.2628553268047962 3.048802457287246 0.4
      vertex 1.1893260216216979 3.5036414791318906 0
      vertex 1.415928699750832 3.418354270291761 0
    endloop
  endfacet
  facet normal -0.2919060740391644 -0.6442504341228582 -0.7069174082391453
    outer loop
      vertex 1.4595526777227041 2.959680047057871 0.4
      vertex 1.415928699750832 3.418354270291761 0
      vertex 1.6364681538103047 3.3184291436709463 0
    endloop
  endfacet
  facet normal -0.02314207978767343 -0.7069174082391455 -0.7069174082391453
    outer loop
      vertex 0 3.3 0.4
      vertex 0 3.6999999999999997 0
      vertex 0.2158303264594721 3.2929344466873913 0.4
    endloop
  endfacet
  facet normal -0.06932714142453168 -0.7038902793691303 -0.7069174082391455
    outer loop
      vertex 0.2158303264594721 3.2929344466873913 0.4
      vertex 0.2419915781515293 3.692078015982833 0
      vertex 0.43073643432617015 3.2717680425335742 0.4
    endloop
  endfacet
  facet normal -0.11521533359851506 -0.6978489842596552 -0.7069174082391453
    outer loop
      vertex 0.43073643432617015 3.2717680425335742 0.4
      vertex 0.4829469112141908 3.6683459870830983 0
      vertex 0.6437980626532231 3.2365914253306602 0.4
    endloop
  endfacet
  facet normal -0.16061015602584863 -0.6888193926638552 -0.7069174082391453
    outer loop
      vertex 0.6437980626532231 3.2365914253306602 0.4
      vertex 0.7218341914596744 3.6289055374919523 0
      vertex 0.8541028488383184 3.187555226753925 0.4
    endloop
  endfacet
  facet normal -0.2053172211077596 -0.6768401706791914 -0.7069174082391452
    outer loop
      vertex 0.8541028488383184 3.187555226753925 0.4
      vertex 0.9576304668793266 3.5739255572695523 0
      vertex 1.0607502355004332 3.1248694273338486 0.4
    endloop
  endfacet
  facet normal -0.24914508632801582 -0.6619626151732857 -0.7069174082391451
    outer loop
      vertex 1.0607502355004332 3.1248694273338486 0.4
      vertex 1.1893260216216979 3.5036414791318906 0
      vertex 1.2628553268047962 3.048802457287246 0.4
    endloop
  endfacet
  facet normal -0.2919060740391644 -0.6442504341228583 -0.7069174082391454
    outer loop
      vertex 1.2628553268047962 3.048802457287246 0.4
      vertex 1.415928699750832 3.418354270291761 0
      vertex 1.4595526777227041 2.959680047057871 0.4
    endloop
  endfacet
  facet normal -0.3334170751270419 -0.6237794738063911 -0.7069174082391452
    outer loop
      vertex 1.65 2.857883832488647 0.4
      vertex 1.6364681538103047 3.3184291436709463 0
      vertex 1.8499999999999999 3.2042939940024224 0
    endloop
  endfacet
  facet normal -0.7069174082391454 -0.023142079787673003 -0.7069174082391452
    outer loop
      vertex 3.3 0 0.4
      vertex 3.692078015982833 0.2419915781515293 0
      vertex 3.6999999999999997 0 0
    endloop
  endfacet
  facet normal -0.7038902793691302 -0.0693271414245321 -0.7069174082391454
    outer loop
      vertex 3.2929344466873913 0.2158303264594721 0.4
      vertex 3.6683459870830983 0.4829469112141908 0
      vertex 3.692078015982833 0.2419915781515293 0
    endloop
  endfacet
  facet normal -0.6978489842596551 -0.11521533359851516 -0.7069174082391452
    outer loop
      vertex 3.2717680425335742 0.43073643432617015 0.4
      vertex 3.6289055374919523 0.7218341914596744 0
      vertex 3.6683459870830983 0.4829469112141908 0
    endloop
  endfacet
  facet normal -0.6768401706791916 -0.20531722110776 -0.7069174082391453
    outer loop
      vertex 3.187555226753925 0.8541028488383184 0.4
      vertex 3.5036414791318906 1.1893260216216979 0
      vertex 3.5739255572695523 0.9576304668793266 0
    endloop
  endfacet
  facet normal -0.661962615173286 -0.2491450863280148 -0.7069174082391452
    outer loop
      vertex 3.1248694273338486 1.0607502355004332 0.4
      vertex 3.418354270291761 1.415928699750832 0
      vertex 3.5036414791318906 1.1893260216216979 0
    endloop
  endfacet
  facet normal -0.6442504341228583 -0.29190607403916446 -0.7069174082391455
    outer loop
      vertex 3.048802457287246 1.2628553268047962 0.4
      vertex 3.3184291436709463 1.6364681538103047 0
      vertex 3.418354270291761 1.415928699750832 0
    endloop
  endfacet
  facet normal -0.6888193926638551 -0.16061015602584883 -0.7069174082391452
    outer loop
      vertex 3.2365914253306602 0.6437980626532231 0.4
      vertex 3.5739255572695523 0.9576304668793266 0
      vertex 3.6289055374919523 0.7218341914596744 0
    endloop
  endfacet
  facet normal -0.7069174082391453 -0.023142079787673426 -0.7069174082391453
    outer loop
      vertex 3.3 0 0.4
      vertex 3.2929344466873913 0.2158303264594721 0.4
      vertex 3.692078015982833 0.2419915781515293 0
    endloop
  endfacet
  facet normal -0.7038902793691305 -0.0693271414245317 -0.7069174082391453
    outer loop
      vertex 3.2929344466873913 0.2158303264594721 0.4
      vertex 3.2717680425335742 0.43073643432617015 0.4
      vertex 3.6683459870830983 0.4829469112141908 0
    endloop
  endfacet
  facet normal -0.6978489842596552 -0.11521533359851507 -0.7069174082391453
    outer loop
      vertex 3.2365914253306602 0.6437980626532231 0.4
      vertex 3.6289055374919523 0.7218341914596744 0
      vertex 3.2717680425335742 0.43073643432617015 0.4
    endloop
  endfacet
  facet normal -0.6888193926638552 -0.16061015602584863 -0.7069174082391453
    outer loop
      vertex 3.2365914253306602 0.6437980626532231 0.4
      vertex 3.187555226753925 0.8541028488383184 0.4
      vertex 3.5739255572695523 0.9576304668793266 0
    endloop
  endfacet
  facet normal -0.6768401706791917 -0.20531722110775963 -0.7069174082391452
    outer loop
      vertex 3.187555226753925 0.8541028488383184 0.4
      vertex 3.1248694273338486 1.0607502355004332 0.4
      vertex 3.5036414791318906 1.1893260216216979 0
    endloop
  endfacet
  facet normal -0.6619626151732854 -0.2491450863280157 -0.7069174082391454
    outer loop
      vertex 3.1248694273338486 1.0607502355004332 0.4
      vertex 3.048802457287246 1.2628553268047962 0.4
      vertex 3.418354270291761 1.415928699750832 0
    endloop
  endfacet
  facet normal -0.6442504341228583 -0.2919060740391644 -0.7069174082391454
    outer loop
      vertex 3.048802457287246 1.2628553268047962 0.4
      vertex 2.959680047057871 1.4595526777227041 0.4
      vertex 3.3184291436709463 1.6364681538103047 0
    endloop
  endfacet
  facet normal -0.6237794738063911 -0.33341707512704183 -0.7069174082391453
    outer loop
      vertex 2.959680047057871 1.4595526777227041 0.4
      vertex 3.2042939940024224 1.8499999999999999 0
      vertex 3.3184291436709463 1.6364681538103047 0
    endloop
  endfacet
  facet normal 0.631428162441472 0.33750538437791333 0.6981322161250711
    outer loop
      vertex -2.857883832488647 -1.65 1.6
      vertex -3.3096791657047735 -1.632153142198412 2
      vertex -3.195844965672818 -1.8451219512195118 2
    endloop
  endfacet
  facet normal 0.6521501345467149 0.29548538173486366 0.6981322161250715
    outer loop
      vertex -2.959680047057871 -1.4595526777227041 1.6
      vertex -3.048802457287246 -1.2628553268047962 1.6
      vertex -3.409340811437992 -1.4121952028497091 2
    endloop
  endfacet
  facet normal 0.6700794996559193 0.2522000653234851 0.6981322161250709
    outer loop
      vertex -3.048802457287246 -1.2628553268047962 1.6
      vertex -3.1248694273338486 -1.0607502355004332 1.6
      vertex -3.4944031364051087 -1.1861900268382524 2
    endloop
  endfacet
  facet normal 0.6851394814751202 0.20783478951393117 0.6981322161250715
    outer loop
      vertex -3.1248694273338486 -1.0607502355004332 1.6
      vertex -3.187555226753925 -0.8541028488383184 1.6
      vertex -3.56450189067161 -0.9551054030246678 2
    endloop
  endfacet
  facet normal 0.6972655908501177 0.16257953322830335 0.6981322161250713
    outer loop
      vertex -3.187555226753925 -0.8541028488383184 1.6
      vertex -3.2365914253306602 -0.6437980626532231 1.6
      vertex -3.6193369006099694 -0.7199308712448829 2
    endloop
  endfacet
  facet normal 0.7064059019189343 0.11662808642172766 0.6981322161250711
    outer loop
      vertex -3.2717680425335742 -0.43073643432617015 1.6
      vertex -3.658673354289207 -0.4816734849486293 2
      vertex -3.2365914253306602 -0.6437980626532231 1.6
    endloop
  endfacet
  facet normal 0.7125212744663268 0.07017722024402337 0.6981322161250713
    outer loop
      vertex -3.2717680425335742 -0.43073643432617015 1.6
      vertex -3.2929344466873913 -0.2158303264594721 1.6
      vertex -3.6823428069756265 -0.2413534988419669 2
    endloop
  endfacet
  facet normal 0.7155855215281983 0.02342584443543267 0.6981322161250714
    outer loop
      vertex -3.2929344466873913 -0.2158303264594721 1.6
      vertex -3.3 0 1.6
      vertex -3.690243902439024 0 2
    endloop
  endfacet
  facet normal 0.6972655908501177 0.16257953322830299 0.6981322161250714
    outer loop
      vertex -3.187555226753925 -0.8541028488383184 1.6
      vertex -3.6193369006099694 -0.7199308712448829 2
      vertex -3.56450189067161 -0.9551054030246678 2
    endloop
  endfacet
  facet normal 0.6700794996559195 0.2522000653234831 0.6981322161250716
    outer loop
      vertex -3.048802457287246 -1.2628553268047962 1.6
      vertex -3.4944031364051087 -1.1861900268382524 2
      vertex -3.409340811437992 -1.4121952028497091 2
    endloop
  endfacet
  facet normal 0.6521501345467148 0.29548538173486444 0.6981322161250713
    outer loop
      vertex -2.959680047057871 -1.4595526777227041 1.6
      vertex -3.409340811437992 -1.4121952028497091 2
      vertex -3.3096791657047735 -1.632153142198412 2
    endloop
  endfacet
  facet normal 0.6851394814751203 0.2078347895139328 0.698132216125071
    outer loop
      vertex -3.1248694273338486 -1.0607502355004332 1.6
      vertex -3.56450189067161 -0.9551054030246678 2
      vertex -3.4944031364051087 -1.1861900268382524 2
    endloop
  endfacet
  facet normal 0.7064059019189343 0.1166280864217273 0.6981322161250711
    outer loop
      vertex -3.2365914253306602 -0.6437980626532231 1.6
      vertex -3.658673354289207 -0.4816734849486293 2
      vertex -3.6193369006099694 -0.7199308712448829 2
    endloop
  endfacet
  facet normal 0.7125212744663268 0.07017722024402369 0.6981322161250711
    outer loop
      vertex -3.2717680425335742 -0.43073643432617015 1.6
      vertex -3.6823428069756265 -0.2413534988419669 2
      vertex -3.658673354289207 -0.4816734849486293 2
    endloop
  endfacet
  facet normal 0.7155855215281983 0.02342584443543319 0.6981322161250713
    outer loop
      vertex -3.2929344466873913 -0.2158303264594721 1.6
      vertex -3.690243902439024 0 2
      vertex -3.6823428069756265 -0.2413534988419669 2
    endloop
  endfacet
  facet normal 0.3375053843779128 0.631428162441472 0.6981322161250711
    outer loop
      vertex -1.4595526777227041 -2.959680047057871 1.6
      vertex -1.845121951219512 -3.195844965672818 2
      vertex -1.632153142198412 -3.3096791657047735 2
    endloop
  endfacet
  facet normal 0.2954853817348637 0.6521501345467151 0.6981322161250714
    outer loop
      vertex -1.4595526777227041 -2.959680047057871 1.6
      vertex -1.632153142198412 -3.3096791657047735 2
      vertex -1.2628553268047962 -3.048802457287246 1.6
    endloop
  endfacet
  facet normal 0.2522000653234848 0.6700794996559187 0.6981322161250716
    outer loop
      vertex -1.2628553268047962 -3.048802457287246 1.6
      vertex -1.4121952028497091 -3.409340811437992 2
      vertex -1.0607502355004332 -3.1248694273338486 1.6
    endloop
  endfacet
  facet normal 0.2078347895139313 0.6851394814751206 0.6981322161250709
    outer loop
      vertex -1.0607502355004332 -3.1248694273338486 1.6
      vertex -1.1861900268382524 -3.4944031364051087 2
      vertex -0.8541028488383184 -3.187555226753925 1.6
    endloop
  endfacet
  facet normal 0.16257953322830332 0.6972655908501176 0.6981322161250714
    outer loop
      vertex -0.8541028488383184 -3.187555226753925 1.6
      vertex -0.9551054030246678 -3.56450189067161 2
      vertex -0.6437980626532231 -3.2365914253306602 1.6
    endloop
  endfacet
  facet normal 0.11662808642172763 0.7064059019189342 0.6981322161250713
    outer loop
      vertex -0.6437980626532231 -3.2365914253306602 1.6
      vertex -0.7199308712448829 -3.6193369006099694 2
      vertex -0.43073643432617015 -3.2717680425335742 1.6
    endloop
  endfacet
  facet normal 0.07017722024402337 0.7125212744663268 0.6981322161250711
    outer loop
      vertex -0.43073643432617015 -3.2717680425335742 1.6
      vertex -0.4816734849486293 -3.658673354289207 2
      vertex -0.2158303264594721 -3.2929344466873913 1.6
    endloop
  endfacet
  facet normal 0.023425844435432674 0.7155855215281984 0.6981322161250714
    outer loop
      vertex -0.2158303264594721 -3.2929344466873913 1.6
      vertex -0.2413534988419669 -3.6823428069756265 2
      vertex 0 -3.3 1.6
    endloop
  endfacet
  facet normal 0.29548538173486416 0.6521501345467146 0.6981322161250715
    outer loop
      vertex -1.2628553268047962 -3.048802457287246 1.6
      vertex -1.632153142198412 -3.3096791657047735 2
      vertex -1.4121952028497091 -3.409340811437992 2
    endloop
  endfacet
  facet normal 0.25220006532348327 0.67007949965592 0.6981322161250708
    outer loop
      vertex -1.0607502355004332 -3.1248694273338486 1.6
      vertex -1.4121952028497091 -3.409340811437992 2
      vertex -1.1861900268382524 -3.4944031364051087 2
    endloop
  endfacet
  facet normal 0.16257953322830282 0.6972655908501177 0.6981322161250713
    outer loop
      vertex -0.6437980626532231 -3.2365914253306602 1.6
      vertex -0.9551054030246678 -3.56450189067161 2
      vertex -0.7199308712448829 -3.6193369006099694 2
    endloop
  endfacet
  facet normal 0.20783478951393267 0.6851394814751197 0.6981322161250714
    outer loop
      vertex -0.8541028488383184 -3.187555226753925 1.6
      vertex -1.1861900268382524 -3.4944031364051087 2
      vertex -0.9551054030246678 -3.56450189067161 2
    endloop
  endfacet
  facet normal 0.11662808642172749 0.7064059019189342 0.6981322161250711
    outer loop
      vertex -0.43073643432617015 -3.2717680425335742 1.6
      vertex -0.7199308712448829 -3.6193369006099694 2
      vertex -0.4816734849486293 -3.658673354289207 2
    endloop
  endfacet
  facet normal 0.07017722024402369 0.7125212744663268 0.6981322161250714
    outer loop
      vertex -0.2158303264594721 -3.2929344466873913 1.6
      vertex -0.4816734849486293 -3.658673354289207 2
      vertex -0.2413534988419669 -3.6823428069756265 2
    endloop
  endfacet
  facet normal 0.023425844435433184 0.7155855215281982 0.6981322161250714
    outer loop
      vertex 0 -3.3 1.6
      vertex -0.2413534988419669 -3.6823428069756265 2
      vertex 0 -3.690243902439024 2
    endloop
  endfacet
  facet normal 0.5225599482468165 0.48943080133618627 0.6981322161250711
    outer loop
      vertex -2.3334523779156067 -2.3334523779156067 1.6
      vertex -2.4810713646806253 -2.1758411898302272 1.6
      vertex -2.7744722651602256 -2.4331468737717175 2
    endloop
  endfacet
  facet normal 0.48943080133618566 0.5225599482468158 0.698132216125072
    outer loop
      vertex -2.3334523779156067 -2.3334523779156067 1.6
      vertex -2.6093964876469427 -2.6093964876469427 2
      vertex -2.1758411898302272 -2.4810713646806253 1.6
    endloop
  endfacet
  facet normal 0.553451413234192 0.45420583659544983 0.6981322161250713
    outer loop
      vertex -2.618066022961076 -2.008912715728778 1.6
      vertex -2.9276673264893627 -2.246478151439498 2
      vertex -2.4810713646806253 -2.1758411898302272 1.6
    endloop
  endfacet
  facet normal 0.581972914302692 0.4170358927314635 0.698132216125071
    outer loop
      vertex -2.618066022961076 -2.008912715728778 1.6
      vertex -2.743849720598399 -1.8333817689646872 1.6
      vertex -3.0683256668628065 -2.0501896647772146 2
    endloop
  endfacet
  facet normal 0.6080023180060405 0.37808013715028543 0.698132216125071
    outer loop
      vertex -2.857883832488647 -1.65 1.6
      vertex -3.195844965672818 -1.8451219512195118 2
      vertex -2.743849720598399 -1.8333817689646872 1.6
    endloop
  endfacet
  facet normal 0.6314281624414723 0.33750538437791255 0.6981322161250713
    outer loop
      vertex -2.857883832488647 -1.65 1.6
      vertex -2.959680047057871 -1.4595526777227041 1.6
      vertex -3.3096791657047735 -1.632153142198412 2
    endloop
  endfacet
  facet normal 0.41703589273146335 0.5819729143026918 0.6981322161250713
    outer loop
      vertex -2.008912715728778 -2.618066022961076 1.6
      vertex -2.246478151439498 -2.9276673264893627 2
      vertex -1.8333817689646872 -2.743849720598399 1.6
    endloop
  endfacet
  facet normal 0.45420583659544983 0.5534514132341919 0.6981322161250714
    outer loop
      vertex -2.1758411898302272 -2.4810713646806253 1.6
      vertex -2.4331468737717175 -2.774472265160226 2
      vertex -2.008912715728778 -2.618066022961076 1.6
    endloop
  endfacet
  facet normal 0.37808013715028543 0.6080023180060405 0.6981322161250709
    outer loop
      vertex -1.65 -2.857883832488647 1.6
      vertex -1.8333817689646872 -2.743849720598399 1.6
      vertex -2.0501896647772146 -3.0683256668628065 2
    endloop
  endfacet
  facet normal 0.3375053843779126 0.6314281624414724 0.6981322161250711
    outer loop
      vertex -1.65 -2.857883832488647 1.6
      vertex -1.845121951219512 -3.195844965672818 2
      vertex -1.4595526777227041 -2.959680047057871 1.6
    endloop
  endfacet
  facet normal 0.5225599482468181 0.48943080133618344 0.6981322161250719
    outer loop
      vertex -2.3334523779156067 -2.3334523779156067 1.6
      vertex -2.7744722651602256 -2.4331468737717175 2
      vertex -2.6093964876469427 -2.6093964876469427 2
    endloop
  endfacet
  facet normal 0.48943080133618455 0.5225599482468177 0.6981322161250715
    outer loop
      vertex -2.1758411898302272 -2.4810713646806253 1.6
      vertex -2.6093964876469427 -2.6093964876469427 2
      vertex -2.4331468737717175 -2.774472265160226 2
    endloop
  endfacet
  facet normal 0.5819729143026923 0.41703589273146263 0.6981322161250713
    outer loop
      vertex -2.618066022961076 -2.008912715728778 1.6
      vertex -3.0683256668628065 -2.0501896647772146 2
      vertex -2.9276673264893627 -2.246478151439498 2
    endloop
  endfacet
  facet normal 0.6080023180060404 0.37808013715028577 0.6981322161250709
    outer loop
      vertex -2.743849720598399 -1.8333817689646872 1.6
      vertex -3.195844965672818 -1.8451219512195118 2
      vertex -3.0683256668628065 -2.0501896647772146 2
    endloop
  endfacet
  facet normal 0.5534514132341918 0.45420583659545044 0.698132216125071
    outer loop
      vertex -2.4810713646806253 -2.1758411898302272 1.6
      vertex -2.9276673264893627 -2.246478151439498 2
      vertex -2.7744722651602256 -2.4331468737717175 2
    endloop
  endfacet
  facet normal 0.45420583659544966 0.5534514132341922 0.6981322161250714
    outer loop
      vertex -2.008912715728778 -2.618066022961076 1.6
      vertex -2.4331468737717175 -2.774472265160226 2
      vertex -2.246478151439498 -2.9276673264893627 2
    endloop
  endfacet
  facet normal 0.4170358927314628 0.5819729143026924 0.698132216125071
    outer loop
      vertex -1.8333817689646872 -2.743849720598399 1.6
      vertex -2.246478151439498 -2.9276673264893627 2
      vertex -2.0501896647772146 -3.0683256668628065 2
    endloop
  endfacet
  facet normal 0.37808013715028593 0.60800231800604 0.6981322161250713
    outer loop
      vertex -1.65 -2.857883832488647 1.6
      vertex -2.0501896647772146 -3.0683256668628065 2
      vertex -1.845121951219512 -3.195844965672818 2
    endloop
  endfacet
  facet normal 0.7155855215281984 -0.023425844435432674 0.6981322161250711
    outer loop
      vertex -3.3 0 1.6
      vertex -3.2929344466873913 0.2158303264594721 1.6
      vertex -3.6823428069756265 0.2413534988419669 2
    endloop
  endfacet
  facet normal 0.712521274466327 -0.07017722024402338 0.6981322161250711
    outer loop
      vertex -3.2929344466873913 0.2158303264594721 1.6
      vertex -3.2717680425335742 0.43073643432617015 1.6
      vertex -3.658673354289207 0.4816734849486293 2
    endloop
  endfacet
  facet normal 0.7064059019189342 -0.11662808642172763 0.6981322161250713
    outer loop
      vertex -3.2717680425335742 0.43073643432617015 1.6
      vertex -3.2365914253306602 0.6437980626532231 1.6
      vertex -3.6193369006099694 0.7199308712448829 2
    endloop
  endfacet
  facet normal 0.6972655908501176 -0.16257953322830332 0.6981322161250714
    outer loop
      vertex -3.2365914253306602 0.6437980626532231 1.6
      vertex -3.187555226753925 0.8541028488383184 1.6
      vertex -3.56450189067161 0.9551054030246678 2
    endloop
  endfacet
  facet normal 0.6851394814751206 -0.2078347895139313 0.6981322161250709
    outer loop
      vertex -3.187555226753925 0.8541028488383184 1.6
      vertex -3.1248694273338486 1.0607502355004332 1.6
      vertex -3.4944031364051087 1.1861900268382524 2
    endloop
  endfacet
  facet normal 0.6700794996559187 -0.2522000653234849 0.6981322161250715
    outer loop
      vertex -3.1248694273338486 1.0607502355004332 1.6
      vertex -3.048802457287246 1.2628553268047962 1.6
      vertex -3.409340811437992 1.4121952028497091 2
    endloop
  endfacet
  facet normal 0.6521501345467151 -0.2954853817348638 0.6981322161250713
    outer loop
      vertex -3.048802457287246 1.2628553268047962 1.6
      vertex -2.959680047057871 1.4595526777227041 1.6
      vertex -3.3096791657047735 1.632153142198412 2
    endloop
  endfacet
  facet normal 0.7155855215281982 -0.023425844435433184 0.6981322161250714
    outer loop
      vertex -3.3 0 1.6
      vertex -3.6823428069756265 0.2413534988419669 2
      vertex -3.690243902439024 0 2
    endloop
  endfacet
  facet normal 0.7125212744663268 -0.07017722024402369 0.6981322161250714
    outer loop
      vertex -3.2929344466873913 0.2158303264594721 1.6
      vertex -3.658673354289207 0.4816734849486293 2
      vertex -3.6823428069756265 0.2413534988419669 2
    endloop
  endfacet
  facet normal 0.7064059019189342 -0.11662808642172749 0.6981322161250711
    outer loop
      vertex -3.2717680425335742 0.43073643432617015 1.6
      vertex -3.6193369006099694 0.7199308712448829 2
      vertex -3.658673354289207 0.4816734849486293 2
    endloop
  endfacet
  facet normal 0.6972655908501177 -0.16257953322830282 0.6981322161250713
    outer loop
      vertex -3.2365914253306602 0.6437980626532231 1.6
      vertex -3.56450189067161 0.9551054030246678 2
      vertex -3.6193369006099694 0.7199308712448829 2
    endloop
  endfacet
  facet normal 0.6851394814751197 -0.20783478951393267 0.6981322161250714
    outer loop
      vertex -3.187555226753925 0.8541028488383184 1.6
      vertex -3.4944031364051087 1.1861900268382524 2
      vertex -3.56450189067161 0.9551054030246678 2
    endloop
  endfacet
  facet normal 0.67007949965592 -0.25220006532348327 0.6981322161250708
    outer loop
      vertex -3.1248694273338486 1.0607502355004332 1.6
      vertex -3.409340811437992 1.4121952028497091 2
      vertex -3.4944031364051087 1.1861900268382524 2
    endloop
  endfacet
  facet normal 0.6521501345467146 -0.29548538173486416 0.6981322161250715
    outer loop
      vertex -3.048802457287246 1.2628553268047962 1.6
      vertex -3.3096791657047735 1.632153142198412 2
      vertex -3.409340811437992 1.4121952028497091 2
    endloop
  endfacet
  facet normal 0.631428162441472 -0.3375053843779128 0.6981322161250711
    outer loop
      vertex -2.959680047057871 1.4595526777227041 1.6
      vertex -3.195844965672818 1.845121951219512 2
      vertex -3.3096791657047735 1.632153142198412 2
    endloop
  endfacet
  facet normal 0.6314281624414724 -0.3375053843779126 0.6981322161250711
    outer loop
      vertex -2.959680047057871 1.4595526777227041 1.6
      vertex -2.857883832488647 1.65 1.6
      vertex -3.195844965672818 1.845121951219512 2
    endloop
  endfacet
  facet normal 0.6080023180060405 -0.37808013715028543 0.6981322161250709
    outer loop
      vertex -2.857883832488647 1.65 1.6
      vertex -2.743849720598399 1.8333817689646872 1.6
      vertex -3.0683256668628065 2.0501896647772146 2
    endloop
  endfacet
  facet normal 0.5819729143026918 -0.41703589273146335 0.6981322161250713
    outer loop
      vertex -2.743849720598399 1.8333817689646872 1.6
      vertex -2.618066022961076 2.008912715728778 1.6
      vertex -2.9276673264893627 2.246478151439498 2
    endloop
  endfacet
  facet normal 0.5534514132341921 -0.45420583659544994 0.698132216125071
    outer loop
      vertex -2.618066022961076 2.008912715728778 1.6
      vertex -2.4810713646806253 2.1758411898302272 1.6
      vertex -2.7744722651602256 2.4331468737717175 2
    endloop
  endfacet
  facet normal 0.5225599482468163 -0.48943080133618605 0.6981322161250715
    outer loop
      vertex -2.4810713646806253 2.1758411898302272 1.6
      vertex -2.3334523779156067 2.3334523779156067 1.6
      vertex -2.609396487646942 2.609396487646942 2
    endloop
  endfacet
  facet normal 0.48943080133618627 -0.5225599482468165 0.6981322161250711
    outer loop
      vertex -2.3334523779156067 2.3334523779156067 1.6
      vertex -2.1758411898302272 2.4810713646806253 1.6
      vertex -2.4331468737717175 2.7744722651602256 2
    endloop
  endfacet
  facet normal 0.4542058365954497 -0.5534514132341918 0.6981322161250715
    outer loop
      vertex -2.1758411898302272 2.4810713646806253 1.6
      vertex -2.008912715728778 2.618066022961076 1.6
      vertex -2.2464781514394985 2.9276673264893627 2
    endloop
  endfacet
  facet normal 0.4170358927314635 -0.581972914302692 0.698132216125071
    outer loop
      vertex -2.008912715728778 2.618066022961076 1.6
      vertex -1.8333817689646872 2.743849720598399 1.6
      vertex -2.0501896647772146 3.0683256668628065 2
    endloop
  endfacet
  facet normal 0.3780801371502853 -0.6080023180060404 0.6981322161250711
    outer loop
      vertex -1.8333817689646872 2.743849720598399 1.6
      vertex -1.65 2.857883832488647 1.6
      vertex -1.845121951219512 3.195844965672818 2
    endloop
  endfacet
  facet normal 0.33750538437791255 -0.6314281624414723 0.6981322161250713
    outer loop
      vertex -1.65 2.857883832488647 1.6
      vertex -1.4595526777227041 2.959680047057871 1.6
      vertex -1.632153142198412 3.3096791657047735 2
    endloop
  endfacet
  facet normal 0.60800231800604 -0.37808013715028593 0.6981322161250713
    outer loop
      vertex -2.857883832488647 1.65 1.6
      vertex -3.0683256668628065 2.0501896647772146 2
      vertex -3.195844965672818 1.845121951219512 2
    endloop
  endfacet
  facet normal 0.5819729143026924 -0.4170358927314628 0.698132216125071
    outer loop
      vertex -2.743849720598399 1.8333817689646872 1.6
      vertex -2.9276673264893627 2.246478151439498 2
      vertex -3.0683256668628065 2.0501896647772146 2
    endloop
  endfacet
  facet normal 0.5534514132341916 -0.45420583659545044 0.6981322161250714
    outer loop
      vertex -2.618066022961076 2.008912715728778 1.6
      vertex -2.7744722651602256 2.4331468737717175 2
      vertex -2.9276673264893627 2.246478151439498 2
    endloop
  endfacet
  facet normal 0.5225599482468174 -0.48943080133618544 0.6981322161250711
    outer loop
      vertex -2.4810713646806253 2.1758411898302272 1.6
      vertex -2.609396487646942 2.609396487646942 2
      vertex -2.7744722651602256 2.4331468737717175 2
    endloop
  endfacet
  facet normal 0.48943080133618505 -0.5225599482468172 0.6981322161250715
    outer loop
      vertex -2.3334523779156067 2.3334523779156067 1.6
      vertex -2.4331468737717175 2.7744722651602256 2
      vertex -2.609396487646942 2.609396487646942 2
    endloop
  endfacet
  facet normal 0.454205836595451 -0.5534514132341911 0.698132216125071
    outer loop
      vertex -2.1758411898302272 2.4810713646806253 1.6
      vertex -2.2464781514394985 2.9276673264893627 2
      vertex -2.4331468737717175 2.7744722651602256 2
    endloop
  endfacet
  facet normal 0.41703589273146197 -0.5819729143026925 0.6981322161250715
    outer loop
      vertex -2.008912715728778 2.618066022961076 1.6
      vertex -2.0501896647772146 3.0683256668628065 2
      vertex -2.2464781514394985 2.9276673264893627 2
    endloop
  endfacet
  facet normal 0.37808013715028604 -0.6080023180060403 0.698132216125071
    outer loop
      vertex -1.8333817689646872 2.743849720598399 1.6
      vertex -1.845121951219512 3.195844965672818 2
      vertex -2.0501896647772146 3.0683256668628065 2
    endloop
  endfacet
  facet normal 0.337505384377913 -0.631428162441472 0.6981322161250711
    outer loop
      vertex -1.65 2.857883832488647 1.6
      vertex -1.632153142198412 3.3096791657047735 2
      vertex -1.845121951219512 3.195844965672818 2
    endloop
  endfacet
  facet normal 0.29548538173486366 -0.6521501345467149 0.6981322161250715
    outer loop
      vertex -1.4595526777227041 2.959680047057871 1.6
      vertex -1.2628553268047962 3.048802457287246 1.6
      vertex -1.4121952028497091 3.409340811437992 2
    endloop
  endfacet
  facet normal 0.2522000653234851 -0.6700794996559193 0.6981322161250709
    outer loop
      vertex -1.2628553268047962 3.048802457287246 1.6
      vertex -1.0607502355004332 3.1248694273338486 1.6
      vertex -1.1861900268382524 3.4944031364051087 2
    endloop
  endfacet
  facet normal 0.20783478951393117 -0.6851394814751202 0.6981322161250715
    outer loop
      vertex -1.0607502355004332 3.1248694273338486 1.6
      vertex -0.8541028488383184 3.187555226753925 1.6
      vertex -0.9551054030246678 3.56450189067161 2
    endloop
  endfacet
  facet normal 0.16257953322830335 -0.6972655908501177 0.6981322161250713
    outer loop
      vertex -0.8541028488383184 3.187555226753925 1.6
      vertex -0.6437980626532231 3.2365914253306602 1.6
      vertex -0.7199308712448829 3.6193369006099694 2
    endloop
  endfacet
  facet normal 0.11662808642172764 -0.7064059019189342 0.6981322161250711
    outer loop
      vertex -0.6437980626532231 3.2365914253306602 1.6
      vertex -0.43073643432617015 3.2717680425335742 1.6
      vertex -0.4816734849486293 3.658673354289207 2
    endloop
  endfacet
  facet normal 0.07017722024402337 -0.7125212744663268 0.6981322161250713
    outer loop
      vertex -0.43073643432617015 3.2717680425335742 1.6
      vertex -0.2158303264594721 3.2929344466873913 1.6
      vertex -0.2413534988419669 3.6823428069756265 2
    endloop
  endfacet
  facet normal 0.02342584443543267 -0.7155855215281983 0.6981322161250714
    outer loop
      vertex -0.2158303264594721 3.2929344466873913 1.6
      vertex 0 3.3 1.6
      vertex 0 3.690243902439024 2
    endloop
  endfacet
  facet normal 0.29548538173486444 -0.6521501345467148 0.6981322161250713
    outer loop
      vertex -1.4595526777227041 2.959680047057871 1.6
      vertex -1.4121952028497091 3.409340811437992 2
      vertex -1.632153142198412 3.3096791657047735 2
    endloop
  endfacet
  facet normal 0.2522000653234831 -0.6700794996559195 0.6981322161250716
    outer loop
      vertex -1.2628553268047962 3.048802457287246 1.6
      vertex -1.1861900268382524 3.4944031364051087 2
      vertex -1.4121952028497091 3.409340811437992 2
    endloop
  endfacet
  facet normal 0.2078347895139328 -0.6851394814751203 0.698132216125071
    outer loop
      vertex -1.0607502355004332 3.1248694273338486 1.6
      vertex -0.9551054030246678 3.56450189067161 2
      vertex -1.1861900268382524 3.4944031364051087 2
    endloop
  endfacet
  facet normal 0.16257953322830299 -0.6972655908501177 0.6981322161250714
    outer loop
      vertex -0.8541028488383184 3.187555226753925 1.6
      vertex -0.7199308712448829 3.6193369006099694 2
      vertex -0.9551054030246678 3.56450189067161 2
    endloop
  endfacet
  facet normal 0.1166280864217273 -0.7064059019189343 0.6981322161250711
    outer loop
      vertex -0.6437980626532231 3.2365914253306602 1.6
      vertex -0.4816734849486293 3.658673354289207 2
      vertex -0.7199308712448829 3.6193369006099694 2
    endloop
  endfacet
  facet normal 0.07017722024402369 -0.7125212744663268 0.6981322161250711
    outer loop
      vertex -0.43073643432617015 3.2717680425335742 1.6
      vertex -0.2413534988419669 3.6823428069756265 2
      vertex -0.4816734849486293 3.658673354289207 2
    endloop
  endfacet
  facet normal 0.02342584443543319 -0.7155855215281983 0.6981322161250713
    outer loop
      vertex -0.2158303264594721 3.2929344466873913 1.6
      vertex 0 3.690243902439024 2
      vertex -0.2413534988419669 3.6823428069756265 2
    endloop
  endfacet
  facet normal -0.02342584443543267 0.7155855215281983 0.6981322161250715
    outer loop
      vertex 0 -3.3 1.6
      vertex 0 -3.690243902439024 2
      vertex 0.2158303264594721 -3.2929344466873913 1.6
    endloop
  endfacet
  facet normal -0.07017722024402337 0.7125212744663268 0.6981322161250713
    outer loop
      vertex 0.2158303264594721 -3.2929344466873913 1.6
      vertex 0.2413534988419669 -3.6823428069756265 2
      vertex 0.43073643432617015 -3.2717680425335742 1.6
    endloop
  endfacet
  facet normal -0.11662808642172766 0.7064059019189343 0.6981322161250711
    outer loop
      vertex 0.43073643432617015 -3.2717680425335742 1.6
      vertex 0.4816734849486293 -3.658673354289207 2
      vertex 0.6437980626532231 -3.2365914253306602 1.6
    endloop
  endfacet
  facet normal -0.16257953322830335 0.6972655908501177 0.6981322161250713
    outer loop
      vertex 0.6437980626532231 -3.2365914253306602 1.6
      vertex 0.7199308712448829 -3.6193369006099694 2
      vertex 0.8541028488383184 -3.187555226753925 1.6
    endloop
  endfacet
  facet normal -0.20783478951393117 0.6851394814751202 0.6981322161250715
    outer loop
      vertex 0.8541028488383184 -3.187555226753925 1.6
      vertex 0.9551054030246678 -3.56450189067161 2
      vertex 1.0607502355004332 -3.1248694273338486 1.6
    endloop
  endfacet
  facet normal -0.2522000653234851 0.6700794996559193 0.6981322161250709
    outer loop
      vertex 1.0607502355004332 -3.1248694273338486 1.6
      vertex 1.1861900268382524 -3.4944031364051087 2
      vertex 1.2628553268047962 -3.048802457287246 1.6
    endloop
  endfacet
  facet normal -0.29548538173486366 0.6521501345467149 0.6981322161250715
    outer loop
      vertex 1.2628553268047962 -3.048802457287246 1.6
      vertex 1.4121952028497091 -3.409340811437992 2
      vertex 1.4595526777227041 -2.959680047057871 1.6
    endloop
  endfacet
  facet normal -0.02342584443543319 0.7155855215281983 0.6981322161250713
    outer loop
      vertex 0.2158303264594721 -3.2929344466873913 1.6
      vertex 0 -3.690243902439024 2
      vertex 0.2413534988419669 -3.6823428069756265 2
    endloop
  endfacet
  facet normal -0.07017722024402369 0.7125212744663268 0.6981322161250711
    outer loop
      vertex 0.43073643432617015 -3.2717680425335742 1.6
      vertex 0.2413534988419669 -3.6823428069756265 2
      vertex 0.4816734849486293 -3.658673354289207 2
    endloop
  endfacet
  facet normal -0.1166280864217273 0.7064059019189343 0.6981322161250711
    outer loop
      vertex 0.6437980626532231 -3.2365914253306602 1.6
      vertex 0.4816734849486293 -3.658673354289207 2
      vertex 0.7199308712448829 -3.6193369006099694 2
    endloop
  endfacet
  facet normal -0.16257953322830299 0.6972655908501177 0.6981322161250714
    outer loop
      vertex 0.8541028488383184 -3.187555226753925 1.6
      vertex 0.7199308712448829 -3.6193369006099694 2
      vertex 0.9551054030246678 -3.56450189067161 2
    endloop
  endfacet
  facet normal -0.2078347895139328 0.6851394814751203 0.698132216125071
    outer loop
      vertex 1.0607502355004332 -3.1248694273338486 1.6
      vertex 0.9551054030246678 -3.56450189067161 2
      vertex 1.1861900268382524 -3.4944031364051087 2
    endloop
  endfacet
  facet normal -0.2522000653234831 0.6700794996559195 0.6981322161250716
    outer loop
      vertex 1.2628553268047962 -3.048802457287246 1.6
      vertex 1.1861900268382524 -3.4944031364051087 2
      vertex 1.4121952028497091 -3.409340811437992 2
    endloop
  endfacet
  facet normal -0.29548538173486444 0.6521501345467148 0.6981322161250713
    outer loop
      vertex 1.4595526777227041 -2.959680047057871 1.6
      vertex 1.4121952028497091 -3.409340811437992 2
      vertex 1.632153142198412 -3.3096791657047735 2
    endloop
  endfacet
  facet normal -0.337505384377913 0.631428162441472 0.6981322161250711
    outer loop
      vertex 1.65 -2.857883832488647 1.6
      vertex 1.632153142198412 -3.3096791657047735 2
      vertex 1.845121951219512 -3.195844965672818 2
    endloop
  endfacet
  facet normal -0.33750538437791255 0.6314281624414723 0.6981322161250713
    outer loop
      vertex 1.4595526777227041 -2.959680047057871 1.6
      vertex 1.632153142198412 -3.3096791657047735 2
      vertex 1.65 -2.857883832488647 1.6
    endloop
  endfacet
  facet normal -0.3780801371502853 0.6080023180060404 0.6981322161250711
    outer loop
      vertex 1.65 -2.857883832488647 1.6
      vertex 1.845121951219512 -3.195844965672818 2
      vertex 1.8333817689646872 -2.743849720598399 1.6
    endloop
  endfacet
  facet normal -0.4170358927314635 0.581972914302692 0.698132216125071
    outer loop
      vertex 1.8333817689646872 -2.743849720598399 1.6
      vertex 2.0501896647772146 -3.0683256668628065 2
      vertex 2.008912715728778 -2.618066022961076 1.6
    endloop
  endfacet
  facet normal -0.4542058365954497 0.5534514132341918 0.6981322161250715
    outer loop
      vertex 2.008912715728778 -2.618066022961076 1.6
      vertex 2.2464781514394985 -2.9276673264893627 2
      vertex 2.1758411898302272 -2.4810713646806253 1.6
    endloop
  endfacet
  facet normal -0.48943080133618627 0.5225599482468165 0.6981322161250711
    outer loop
      vertex 2.1758411898302272 -2.4810713646806253 1.6
      vertex 2.4331468737717175 -2.7744722651602256 2
      vertex 2.3334523779156067 -2.3334523779156067 1.6
    endloop
  endfacet
  facet normal -0.5225599482468163 0.48943080133618605 0.6981322161250715
    outer loop
      vertex 2.3334523779156067 -2.3334523779156067 1.6
      vertex 2.609396487646942 -2.609396487646942 2
      vertex 2.4810713646806253 -2.1758411898302272 1.6
    endloop
  endfacet
  facet normal -0.5534514132341921 0.45420583659544994 0.698132216125071
    outer loop
      vertex 2.4810713646806253 -2.1758411898302272 1.6
      vertex 2.7744722651602256 -2.4331468737717175 2
      vertex 2.618066022961076 -2.008912715728778 1.6
    endloop
  endfacet
  facet normal -0.5819729143026918 0.41703589273146335 0.6981322161250713
    outer loop
      vertex 2.618066022961076 -2.008912715728778 1.6
      vertex 2.9276673264893627 -2.246478151439498 2
      vertex 2.743849720598399 -1.8333817689646872 1.6
    endloop
  endfacet
  facet normal -0.6080023180060405 0.37808013715028543 0.6981322161250709
    outer loop
      vertex 2.743849720598399 -1.8333817689646872 1.6
      vertex 3.0683256668628065 -2.0501896647772146 2
      vertex 2.857883832488647 -1.65 1.6
    endloop
  endfacet
  facet normal -0.6314281624414724 0.3375053843779126 0.6981322161250711
    outer loop
      vertex 2.857883832488647 -1.65 1.6
      vertex 3.195844965672818 -1.845121951219512 2
      vertex 2.959680047057871 -1.4595526777227041 1.6
    endloop
  endfacet
  facet normal -0.37808013715028604 0.6080023180060403 0.698132216125071
    outer loop
      vertex 1.8333817689646872 -2.743849720598399 1.6
      vertex 1.845121951219512 -3.195844965672818 2
      vertex 2.0501896647772146 -3.0683256668628065 2
    endloop
  endfacet
  facet normal -0.41703589273146197 0.5819729143026925 0.6981322161250715
    outer loop
      vertex 2.008912715728778 -2.618066022961076 1.6
      vertex 2.0501896647772146 -3.0683256668628065 2
      vertex 2.2464781514394985 -2.9276673264893627 2
    endloop
  endfacet
  facet normal -0.454205836595451 0.5534514132341911 0.698132216125071
    outer loop
      vertex 2.1758411898302272 -2.4810713646806253 1.6
      vertex 2.2464781514394985 -2.9276673264893627 2
      vertex 2.4331468737717175 -2.7744722651602256 2
    endloop
  endfacet
  facet normal -0.48943080133618505 0.5225599482468172 0.6981322161250715
    outer loop
      vertex 2.3334523779156067 -2.3334523779156067 1.6
      vertex 2.4331468737717175 -2.7744722651602256 2
      vertex 2.609396487646942 -2.609396487646942 2
    endloop
  endfacet
  facet normal -0.5225599482468174 0.48943080133618544 0.6981322161250711
    outer loop
      vertex 2.4810713646806253 -2.1758411898302272 1.6
      vertex 2.609396487646942 -2.609396487646942 2
      vertex 2.7744722651602256 -2.4331468737717175 2
    endloop
  endfacet
  facet normal -0.5534514132341916 0.45420583659545044 0.6981322161250714
    outer loop
      vertex 2.618066022961076 -2.008912715728778 1.6
      vertex 2.7744722651602256 -2.4331468737717175 2
      vertex 2.9276673264893627 -2.246478151439498 2
    endloop
  endfacet
  facet normal -0.5819729143026924 0.4170358927314628 0.698132216125071
    outer loop
      vertex 2.743849720598399 -1.8333817689646872 1.6
      vertex 2.9276673264893627 -2.246478151439498 2
      vertex 3.0683256668628065 -2.0501896647772146 2
    endloop
  endfacet
  facet normal -0.60800231800604 0.37808013715028593 0.6981322161250713
    outer loop
      vertex 2.857883832488647 -1.65 1.6
      vertex 3.0683256668628065 -2.0501896647772146 2
      vertex 3.195844965672818 -1.845121951219512 2
    endloop
  endfacet
  facet normal -0.631428162441472 0.3375053843779128 0.6981322161250711
    outer loop
      vertex 2.959680047057871 -1.4595526777227041 1.6
      vertex 3.195844965672818 -1.845121951219512 2
      vertex 3.3096791657047735 -1.632153142198412 2
    endloop
  endfacet
  facet normal -0.6521501345467151 0.2954853817348637 0.6981322161250714
    outer loop
      vertex 2.959680047057871 -1.4595526777227041 1.6
      vertex 3.3096791657047735 -1.632153142198412 2
      vertex 3.048802457287246 -1.2628553268047962 1.6
    endloop
  endfacet
  facet normal -0.6700794996559187 0.2522000653234848 0.6981322161250716
    outer loop
      vertex 3.048802457287246 -1.2628553268047962 1.6
      vertex 3.409340811437992 -1.4121952028497091 2
      vertex 3.1248694273338486 -1.0607502355004332 1.6
    endloop
  endfacet
  facet normal -0.6851394814751206 0.2078347895139313 0.6981322161250709
    outer loop
      vertex 3.1248694273338486 -1.0607502355004332 1.6
      vertex 3.4944031364051087 -1.1861900268382524 2
      vertex 3.187555226753925 -0.8541028488383184 1.6
    endloop
  endfacet
  facet normal -0.6972655908501176 0.16257953322830332 0.6981322161250714
    outer loop
      vertex 3.187555226753925 -0.8541028488383184 1.6
      vertex 3.56450189067161 -0.9551054030246678 2
      vertex 3.2365914253306602 -0.6437980626532231 1.6
    endloop
  endfacet
  facet normal -0.7064059019189342 0.11662808642172763 0.6981322161250713
    outer loop
      vertex 3.2365914253306602 -0.6437980626532231 1.6
      vertex 3.6193369006099694 -0.7199308712448829 2
      vertex 3.2717680425335742 -0.43073643432617015 1.6
    endloop
  endfacet
  facet normal -0.7125212744663268 0.07017722024402337 0.6981322161250711
    outer loop
      vertex 3.2717680425335742 -0.43073643432617015 1.6
      vertex 3.658673354289207 -0.4816734849486293 2
      vertex 3.2929344466873913 -0.2158303264594721 1.6
    endloop
  endfacet
  facet normal -0.7155855215281984 0.023425844435432674 0.6981322161250714
    outer loop
      vertex 3.2929344466873913 -0.2158303264594721 1.6
      vertex 3.6823428069756265 -0.2413534988419669 2
      vertex 3.3 0 1.6
    endloop
  endfacet
  facet normal -0.6521501345467146 0.29548538173486416 0.6981322161250715
    outer loop
      vertex 3.048802457287246 -1.2628553268047962 1.6
      vertex 3.3096791657047735 -1.632153142198412 2
      vertex 3.409340811437992 -1.4121952028497091 2
    endloop
  endfacet
  facet normal -0.67007949965592 0.25220006532348327 0.6981322161250708
    outer loop
      vertex 3.1248694273338486 -1.0607502355004332 1.6
      vertex 3.409340811437992 -1.4121952028497091 2
      vertex 3.4944031364051087 -1.1861900268382524 2
    endloop
  endfacet
  facet normal -0.6851394814751197 0.20783478951393267 0.6981322161250714
    outer loop
      vertex 3.187555226753925 -0.8541028488383184 1.6
      vertex 3.4944031364051087 -1.1861900268382524 2
      vertex 3.56450189067161 -0.9551054030246678 2
    endloop
  endfacet
  facet normal -0.6972655908501177 0.16257953322830282 0.6981322161250713
    outer loop
      vertex 3.2365914253306602 -0.6437980626532231 1.6
      vertex 3.56450189067161 -0.9551054030246678 2
      vertex 3.6193369006099694 -0.7199308712448829 2
    endloop
  endfacet
  facet normal -0.7064059019189342 0.11662808642172749 0.6981322161250711
    outer loop
      vertex 3.2717680425335742 -0.43073643432617015 1.6
      vertex 3.6193369006099694 -0.7199308712448829 2
      vertex 3.658673354289207 -0.4816734849486293 2
    endloop
  endfacet
  facet normal -0.7125212744663268 0.07017722024402369 0.6981322161250714
    outer loop
      vertex 3.2929344466873913 -0.2158303264594721 1.6
      vertex 3.658673354289207 -0.4816734849486293 2
      vertex 3.6823428069756265 -0.2413534988419669 2
    endloop
  endfacet
  facet normal -0.7155855215281982 0.023425844435433184 0.6981322161250714
    outer loop
      vertex 3.3 0 1.6
      vertex 3.6823428069756265 -0.2413534988419669 2
      vertex 3.690243902439024 0 2
    endloop
  endfacet
  facet normal -0.3375053843779126 -0.6314281624414724 0.6981322161250711
    outer loop
      vertex 1.4595526777227041 2.959680047057871 1.6
      vertex 1.65 2.857883832488647 1.6
      vertex 1.845121951219512 3.195844965672818 2
    endloop
  endfacet
  facet normal -0.37808013715028543 -0.6080023180060405 0.6981322161250709
    outer loop
      vertex 1.8333817689646872 2.743849720598399 1.6
      vertex 2.0501896647772146 3.0683256668628065 2
      vertex 1.65 2.857883832488647 1.6
    endloop
  endfacet
  facet normal -0.45420583659544983 -0.5534514132341919 0.6981322161250714
    outer loop
      vertex 2.008912715728778 2.618066022961076 1.6
      vertex 2.1758411898302272 2.4810713646806253 1.6
      vertex 2.4331468737717175 2.774472265160226 2
    endloop
  endfacet
  facet normal -0.41703589273146335 -0.5819729143026918 0.6981322161250713
    outer loop
      vertex 1.8333817689646872 2.743849720598399 1.6
      vertex 2.008912715728778 2.618066022961076 1.6
      vertex 2.246478151439498 2.9276673264893627 2
    endloop
  endfacet
  facet normal -0.6314281624414723 -0.33750538437791255 0.6981322161250713
    outer loop
      vertex 2.959680047057871 1.4595526777227041 1.6
      vertex 3.3096791657047735 1.632153142198412 2
      vertex 2.857883832488647 1.65 1.6
    endloop
  endfacet
  facet normal -0.6080023180060405 -0.37808013715028543 0.698132216125071
    outer loop
      vertex 2.743849720598399 1.8333817689646872 1.6
      vertex 2.857883832488647 1.65 1.6
      vertex 3.195844965672818 1.8451219512195118 2
    endloop
  endfacet
  facet normal -0.581972914302692 -0.4170358927314635 0.698132216125071
    outer loop
      vertex 2.743849720598399 1.8333817689646872 1.6
      vertex 3.0683256668628065 2.0501896647772146 2
      vertex 2.618066022961076 2.008912715728778 1.6
    endloop
  endfacet
  facet normal -0.553451413234192 -0.45420583659544983 0.6981322161250713
    outer loop
      vertex 2.4810713646806253 2.1758411898302272 1.6
      vertex 2.618066022961076 2.008912715728778 1.6
      vertex 2.9276673264893627 2.246478151439498 2
    endloop
  endfacet
  facet normal -0.48943080133618566 -0.5225599482468158 0.698132216125072
    outer loop
      vertex 2.1758411898302272 2.4810713646806253 1.6
      vertex 2.3334523779156067 2.3334523779156067 1.6
      vertex 2.6093964876469427 2.6093964876469427 2
    endloop
  endfacet
  facet normal -0.5225599482468165 -0.48943080133618627 0.6981322161250711
    outer loop
      vertex 2.4810713646806253 2.1758411898302272 1.6
      vertex 2.7744722651602256 2.4331468737717175 2
      vertex 2.3334523779156067 2.3334523779156067 1.6
    endloop
  endfacet
  facet normal -0.37808013715028593 -0.60800231800604 0.6981322161250713
    outer loop
      vertex 1.65 2.857883832488647 1.6
      vertex 2.0501896647772146 3.0683256668628065 2
      vertex 1.845121951219512 3.195844965672818 2
    endloop
  endfacet
  facet normal -0.4170358927314628 -0.5819729143026924 0.698132216125071
    outer loop
      vertex 1.8333817689646872 2.743849720598399 1.6
      vertex 2.246478151439498 2.9276673264893627 2
      vertex 2.0501896647772146 3.0683256668628065 2
    endloop
  endfacet
  facet normal -0.45420583659544966 -0.5534514132341922 0.6981322161250714
    outer loop
      vertex 2.008912715728778 2.618066022961076 1.6
      vertex 2.4331468737717175 2.774472265160226 2
      vertex 2.246478151439498 2.9276673264893627 2
    endloop
  endfacet
  facet normal -0.5534514132341918 -0.45420583659545044 0.698132216125071
    outer loop
      vertex 2.4810713646806253 2.1758411898302272 1.6
      vertex 2.9276673264893627 2.246478151439498 2
      vertex 2.7744722651602256 2.4331468737717175 2
    endloop
  endfacet
  facet normal -0.6080023180060404 -0.37808013715028577 0.6981322161250709
    outer loop
      vertex 2.743849720598399 1.8333817689646872 1.6
      vertex 3.195844965672818 1.8451219512195118 2
      vertex 3.0683256668628065 2.0501896647772146 2
    endloop
  endfacet
  facet normal -0.5819729143026923 -0.41703589273146263 0.6981322161250713
    outer loop
      vertex 2.618066022961076 2.008912715728778 1.6
      vertex 3.0683256668628065 2.0501896647772146 2
      vertex 2.9276673264893627 2.246478151439498 2
    endloop
  endfacet
  facet normal -0.48943080133618455 -0.5225599482468177 0.6981322161250715
    outer loop
      vertex 2.1758411898302272 2.4810713646806253 1.6
      vertex 2.6093964876469427 2.6093964876469427 2
      vertex 2.4331468737717175 2.774472265160226 2
    endloop
  endfacet
  facet normal -0.5225599482468181 -0.48943080133618344 0.6981322161250719
    outer loop
      vertex 2.3334523779156067 2.3334523779156067 1.6
      vertex 2.7744722651602256 2.4331468737717175 2
      vertex 2.6093964876469427 2.6093964876469427 2
    endloop
  endfacet
  facet normal -0.023425844435432674 -0.7155855215281984 0.6981322161250711
    outer loop
      vertex 0 3.3 1.6
      vertex 0.2158303264594721 3.2929344466873913 1.6
      vertex 0.2413534988419669 3.6823428069756265 2
    endloop
  endfacet
  facet normal -0.07017722024402338 -0.712521274466327 0.6981322161250711
    outer loop
      vertex 0.2158303264594721 3.2929344466873913 1.6
      vertex 0.43073643432617015 3.2717680425335742 1.6
      vertex 0.4816734849486293 3.658673354289207 2
    endloop
  endfacet
  facet normal -0.11662808642172763 -0.7064059019189342 0.6981322161250713
    outer loop
      vertex 0.43073643432617015 3.2717680425335742 1.6
      vertex 0.6437980626532231 3.2365914253306602 1.6
      vertex 0.7199308712448829 3.6193369006099694 2
    endloop
  endfacet
  facet normal -0.16257953322830332 -0.6972655908501176 0.6981322161250714
    outer loop
      vertex 0.6437980626532231 3.2365914253306602 1.6
      vertex 0.8541028488383184 3.187555226753925 1.6
      vertex 0.9551054030246678 3.56450189067161 2
    endloop
  endfacet
  facet normal -0.2078347895139313 -0.6851394814751206 0.6981322161250709
    outer loop
      vertex 0.8541028488383184 3.187555226753925 1.6
      vertex 1.0607502355004332 3.1248694273338486 1.6
      vertex 1.1861900268382524 3.4944031364051087 2
    endloop
  endfacet
  facet normal -0.2522000653234849 -0.6700794996559187 0.6981322161250715
    outer loop
      vertex 1.0607502355004332 3.1248694273338486 1.6
      vertex 1.2628553268047962 3.048802457287246 1.6
      vertex 1.4121952028497091 3.409340811437992 2
    endloop
  endfacet
  facet normal -0.2954853817348638 -0.6521501345467151 0.6981322161250713
    outer loop
      vertex 1.2628553268047962 3.048802457287246 1.6
      vertex 1.4595526777227041 2.959680047057871 1.6
      vertex 1.632153142198412 3.3096791657047735 2
    endloop
  endfacet
  facet normal -0.023425844435433184 -0.7155855215281982 0.6981322161250714
    outer loop
      vertex 0 3.3 1.6
      vertex 0.2413534988419669 3.6823428069756265 2
      vertex 0 3.690243902439024 2
    endloop
  endfacet
  facet normal -0.07017722024402369 -0.7125212744663268 0.6981322161250714
    outer loop
      vertex 0.2158303264594721 3.2929344466873913 1.6
      vertex 0.4816734849486293 3.658673354289207 2
      vertex 0.2413534988419669 3.6823428069756265 2
    endloop
  endfacet
  facet normal -0.11662808642172749 -0.7064059019189342 0.6981322161250711
    outer loop
      vertex 0.43073643432617015 3.2717680425335742 1.6
      vertex 0.7199308712448829 3.6193369006099694 2
      vertex 0.4816734849486293 3.658673354289207 2
    endloop
  endfacet
  facet normal -0.20783478951393267 -0.6851394814751197 0.6981322161250714
    outer loop
      vertex 0.8541028488383184 3.187555226753925 1.6
      vertex 1.1861900268382524 3.4944031364051087 2
      vertex 0.9551054030246678 3.56450189067161 2
    endloop
  endfacet
  facet normal -0.16257953322830282 -0.6972655908501177 0.6981322161250713
    outer loop
      vertex 0.6437980626532231 3.2365914253306602 1.6
      vertex 0.9551054030246678 3.56450189067161 2
      vertex 0.7199308712448829 3.6193369006099694 2
    endloop
  endfacet
  facet normal -0.25220006532348327 -0.67007949965592 0.6981322161250708
    outer loop
      vertex 1.0607502355004332 3.1248694273338486 1.6
      vertex 1.4121952028497091 3.409340811437992 2
      vertex 1.1861900268382524 3.4944031364051087 2
    endloop
  endfacet
  facet normal -0.29548538173486416 -0.6521501345467146 0.6981322161250715
    outer loop
      vertex 1.2628553268047962 3.048802457287246 1.6
      vertex 1.632153142198412 3.3096791657047735 2
      vertex 1.4121952028497091 3.409340811437992 2
    endloop
  endfacet
  facet normal -0.3375053843779128 -0.631428162441472 0.6981322161250711
    outer loop
      vertex 1.4595526777227041 2.959680047057871 1.6
      vertex 1.845121951219512 3.195844965672818 2
      vertex 1.632153142198412 3.3096791657047735 2
    endloop
  endfacet
  facet normal -0.7155855215281983 -0.02342584443543267 0.6981322161250715
    outer loop
      vertex 3.3 0 1.6
      vertex 3.690243902439024 0 2
      vertex 3.2929344466873913 0.2158303264594721 1.6
    endloop
  endfacet
  facet normal -0.7125212744663268 -0.07017722024402337 0.6981322161250713
    outer loop
      vertex 3.2929344466873913 0.2158303264594721 1.6
      vertex 3.6823428069756265 0.2413534988419669 2
      vertex 3.2717680425335742 0.43073643432617015 1.6
    endloop
  endfacet
  facet normal -0.7064059019189342 -0.11662808642172764 0.6981322161250711
    outer loop
      vertex 3.2365914253306602 0.6437980626532231 1.6
      vertex 3.2717680425335742 0.43073643432617015 1.6
      vertex 3.658673354289207 0.4816734849486293 2
    endloop
  endfacet
  facet normal -0.6972655908501177 -0.16257953322830335 0.6981322161250713
    outer loop
      vertex 3.2365914253306602 0.6437980626532231 1.6
      vertex 3.6193369006099694 0.7199308712448829 2
      vertex 3.187555226753925 0.8541028488383184 1.6
    endloop
  endfacet
  facet normal -0.6851394814751202 -0.20783478951393117 0.6981322161250715
    outer loop
      vertex 3.187555226753925 0.8541028488383184 1.6
      vertex 3.56450189067161 0.9551054030246678 2
      vertex 3.1248694273338486 1.0607502355004332 1.6
    endloop
  endfacet
  facet normal -0.6700794996559193 -0.2522000653234851 0.6981322161250709
    outer loop
      vertex 3.1248694273338486 1.0607502355004332 1.6
      vertex 3.4944031364051087 1.1861900268382524 2
      vertex 3.048802457287246 1.2628553268047962 1.6
    endloop
  endfacet
  facet normal -0.6521501345467149 -0.29548538173486366 0.6981322161250715
    outer loop
      vertex 3.048802457287246 1.2628553268047962 1.6
      vertex 3.409340811437992 1.4121952028497091 2
      vertex 2.959680047057871 1.4595526777227041 1.6
    endloop
  endfacet
  facet normal -0.7155855215281983 -0.02342584443543319 0.6981322161250713
    outer loop
      vertex 3.2929344466873913 0.2158303264594721 1.6
      vertex 3.690243902439024 0 2
      vertex 3.6823428069756265 0.2413534988419669 2
    endloop
  endfacet
  facet normal -0.7125212744663268 -0.07017722024402369 0.6981322161250711
    outer loop
      vertex 3.2717680425335742 0.43073643432617015 1.6
      vertex 3.6823428069756265 0.2413534988419669 2
      vertex 3.658673354289207 0.4816734849486293 2
    endloop
  endfacet
  facet normal -0.7064059019189343 -0.1166280864217273 0.6981322161250711
    outer loop
      vertex 3.2365914253306602 0.6437980626532231 1.6
      vertex 3.658673354289207 0.4816734849486293 2
      vertex 3.6193369006099694 0.7199308712448829 2
    endloop
  endfacet
  facet normal -0.6851394814751203 -0.2078347895139328 0.698132216125071
    outer loop
      vertex 3.1248694273338486 1.0607502355004332 1.6
      vertex 3.56450189067161 0.9551054030246678 2
      vertex 3.4944031364051087 1.1861900268382524 2
    endloop
  endfacet
  facet normal -0.6521501345467148 -0.29548538173486444 0.6981322161250713
    outer loop
      vertex 2.959680047057871 1.4595526777227041 1.6
      vertex 3.409340811437992 1.4121952028497091 2
      vertex 3.3096791657047735 1.632153142198412 2
    endloop
  endfacet
  facet normal -0.6700794996559195 -0.2522000653234831 0.6981322161250716
    outer loop
      vertex 3.048802457287246 1.2628553268047962 1.6
      vertex 3.4944031364051087 1.1861900268382524 2
      vertex 3.409340811437992 1.4121952028497091 2
    endloop
  endfacet
  facet normal -0.6972655908501177 -0.16257953322830299 0.6981322161250714
    outer loop
      vertex 3.187555226753925 0.8541028488383184 1.6
      vertex 3.6193369006099694 0.7199308712448829 2
      vertex 3.56450189067161 0.9551054030246678 2
    endloop
  endfacet
  facet normal -0.631428162441472 -0.33750538437791333 0.6981322161250711
    outer loop
      vertex 2.857883832488647 1.65 1.6
      vertex 3.3096791657047735 1.632153142198412 2
      vertex 3.195844965672818 1.8451219512195118 2
    endloop
  endfacet
endsolid OpenSCAD_Model
