solid OpenSCAD_Model
  facet normal 0 0 -1
    outer loop
      vertex 0 9 0
      vertex 0 18 0
      vertex 6 18 0
    endloop
  endfacet
  facet normal 0 0 -1
    outer loop
      vertex 0 9 0
      vertex 6 18 0
      vertex 26 18 0
    endloop
  endfacet
  facet normal -1 0 0
    outer loop
      vertex 0 9 0
      vertex 0 18 3
      vertex 0 18 0
    endloop
  endfacet
  facet normal -1 0 0
    outer loop
      vertex 0 9 0
      vertex 0 9 3
      vertex 0 15 3
    endloop
  endfacet
  facet normal -1 0 0
    outer loop
      vertex 0 9 0
      vertex 0 15 3
      vertex 0 18 3
    endloop
  endfacet
  facet normal 0 1 0
    outer loop
      vertex 0 18 0
      vertex 0 18 3
      vertex 6 18 0
    endloop
  endfacet
  facet normal 0 1 0
    outer loop
      vertex 6 18 0
      vertex 0 18 3
      vertex 6 18 3
    endloop
  endfacet
  facet normal 0 0 -1
    outer loop
      vertex 0 9 0
      vertex 26 18 0
      vertex 235.5 18 0
    endloop
  endfacet
  facet normal 0 -1 0
    outer loop
      vertex 0 9 0
      vertex 235.5 9 3
      vertex 0 9 3
    endloop
  endfacet
  facet normal 0 0 1
    outer loop
      vertex 0 9 3
      vertex 235.5 9 3
      vertex 0 15 3
    endloop
  endfacet
  facet normal 0 1 0
    outer loop
      vertex 26 18 0
      vertex 26 18 3
      vertex 235.5 18 0
    endloop
  endfacet
  facet normal 0 0 -1
    outer loop
      vertex 0 9 0
      vertex 235.5 18 0
      vertex 235.5 9 0
    endloop
  endfacet
  facet normal 0 -1 0
    outer loop
      vertex 0 9 0
      vertex 235.5 9 0
      vertex 235.5 9 3
    endloop
  endfacet
  facet normal 0 0 1
    outer loop
      vertex 0 15 3
      vertex 235.5 9 3
      vertex 235.5 15 3
    endloop
  endfacet
  facet normal 0 1 0
    outer loop
      vertex 26 18 3
      vertex 235.5 18 3
      vertex 235.5 18 0
    endloop
  endfacet
  facet normal 1 0 0
    outer loop
      vertex 235.5 9 0
      vertex 235.5 18 0
      vertex 235.5 9 3
    endloop
  endfacet
  facet normal 1 0 0
    outer loop
      vertex 235.5 9 3
      vertex 235.5 18 0
      vertex 235.5 15 3
    endloop
  endfacet
  facet normal 1 0 0
    outer loop
      vertex 235.5 15 3
      vertex 235.5 18 0
      vertex 235.5 15.75 3
    endloop
  endfacet
  facet normal 1 0 0
    outer loop
      vertex 235.5 15.75 3
      vertex 235.5 18 0
      vertex 235.5 18 3
    endloop
  endfacet
  facet normal -1 0 0
    outer loop
      vertex 0 -18 0
      vertex 0 -9 3
      vertex 0 -9 0
    endloop
  endfacet
  facet normal -1 0 0
    outer loop
      vertex 0 -18 0
      vertex 0 -18 3
      vertex 0 -15 3
    endloop
  endfacet
  facet normal -1 0 0
    outer loop
      vertex 0 -18 0
      vertex 0 -15 3
      vertex 0 -9 3
    endloop
  endfacet
  facet normal 0 -1 0
    outer loop
      vertex 0 -18 0
      vertex 209.5 -18 3
      vertex 0 -18 3
    endloop
  endfacet
  facet normal 0 0 -1
    outer loop
      vertex 0 -18 0
      vertex 0 -9 0
      vertex 235.5 -9 0
    endloop
  endfacet
  facet normal 0 1 0
    outer loop
      vertex 0 -9 0
      vertex 0 -9 3
      vertex 235.5 -9 0
    endloop
  endfacet
  facet normal 0 0 1
    outer loop
      vertex 0 -15 3
      vertex 235.5 -15 3
      vertex 0 -9 3
    endloop
  endfacet
  facet normal 0 -1 0
    outer loop
      vertex 0 -18 0
      vertex 209.5 -18 0
      vertex 209.5 -18 3
    endloop
  endfacet
  facet normal 0 0 -1
    outer loop
      vertex 0 -18 0
      vertex 235.5 -9 0
      vertex 209.5 -18 0
    endloop
  endfacet
  facet normal 0 1 0
    outer loop
      vertex 0 -9 3
      vertex 235.5 -9 3
      vertex 235.5 -9 0
    endloop
  endfacet
  facet normal 0 0 1
    outer loop
      vertex 0 -9 3
      vertex 235.5 -15 3
      vertex 235.5 -9 3
    endloop
  endfacet
  facet normal 0 -1 0
    outer loop
      vertex 229.5 -18 0
      vertex 235.5 -18 0
      vertex 235.5 -18 3
    endloop
  endfacet
  facet normal 0 -1 0
    outer loop
      vertex 229.5 -18 0
      vertex 235.5 -18 3
      vertex 229.5 -18 3
    endloop
  endfacet
  facet normal 0 0 -1
    outer loop
      vertex 209.5 -18 0
      vertex 235.5 -9 0
      vertex 229.5 -18 0
    endloop
  endfacet
  facet normal 0 0 -1
    outer loop
      vertex 229.5 -18 0
      vertex 235.5 -9 0
      vertex 235.5 -18 0
    endloop
  endfacet
  facet normal 1 0 0
    outer loop
      vertex 235.5 -18 0
      vertex 235.5 -9 0
      vertex 235.5 -18 3
    endloop
  endfacet
  facet normal 1 0 0
    outer loop
      vertex 235.5 -18 3
      vertex 235.5 -9 0
      vertex 235.5 -15 3
    endloop
  endfacet
  facet normal 1 0 0
    outer loop
      vertex 235.5 -9 0
      vertex 235.5 -9 3
      vertex 235.5 -15 3
    endloop
  endfacet
  facet normal -1 0 0
    outer loop
      vertex 0 15 3
      vertex 0 15 3.4
      vertex 0 17 3.4
    endloop
  endfacet
  facet normal -1 0 0
    outer loop
      vertex 0 15 3
      vertex 0 17 3.4
      vertex 0 18 3
    endloop
  endfacet
  facet normal -1 0 0
    outer loop
      vertex 0 18 3
      vertex 0 17 3.4
      vertex 0 17 11
    endloop
  endfacet
  facet normal 0 1 0
    outer loop
      vertex 0 18 3
      vertex 0 18 11
      vertex 6 18 3
    endloop
  endfacet
  facet normal 0 -1 0
    outer loop
      vertex 0 15 3
      vertex 235.5 15 3
      vertex 0 15 3.4
    endloop
  endfacet
  facet normal 0 -1 0
    outer loop
      vertex 235.5 15 3
      vertex 14 15 3.4
      vertex 0 15 3.4
    endloop
  endfacet
  facet normal 0 1 0
    outer loop
      vertex 26 18 3
      vertex 26 18 11
      vertex 235.5 18 3
    endloop
  endfacet
  facet normal -1 0 0
    outer loop
      vertex 0 18 3
      vertex 0 17 11
      vertex 0 18 11
    endloop
  endfacet
  facet normal 0 1 0
    outer loop
      vertex 6 18 3
      vertex 0 18 11
      vertex 6 18 11
    endloop
  endfacet
  facet normal 0 -1 0
    outer loop
      vertex 14 15 11
      vertex 14 15 3.4
      vertex 221.5 15 11
    endloop
  endfacet
  facet normal 0 -1 0
    outer loop
      vertex 235.5 15 3
      vertex 221.5 15 3.4
      vertex 14 15 3.4
    endloop
  endfacet
  facet normal 0 -1 0
    outer loop
      vertex 14 15 3.4
      vertex 221.5 15 3.4
      vertex 221.5 15 11
    endloop
  endfacet
  facet normal 0 -1 0
    outer loop
      vertex 235.5 15 3
      vertex 235.5 15 3.4
      vertex 221.5 15 3.4
    endloop
  endfacet
  facet normal 1 0 0
    outer loop
      vertex 235.5 15 3
      vertex 235.5 15.75 3
      vertex 235.5 15 3.4
    endloop
  endfacet
  facet normal 1 0 0
    outer loop
      vertex 235.5 15.75 3
      vertex 235.5 18 3
      vertex 235.5 15 3.4
    endloop
  endfacet
  facet normal 1 0 0
    outer loop
      vertex 235.5 18 3
      vertex 235.5 17 3.4
      vertex 235.5 15 3.4
    endloop
  endfacet
  facet normal 1 0 0
    outer loop
      vertex 235.5 18 3
      vertex 235.5 18 11
      vertex 235.5 17 3.4
    endloop
  endfacet
  facet normal 0 1 0
    outer loop
      vertex 26 18 11
      vertex 235.5 18 11
      vertex 235.5 18 3
    endloop
  endfacet
  facet normal 1 0 0
    outer loop
      vertex 235.5 18 11
      vertex 235.5 17 11
      vertex 235.5 17 3.4
    endloop
  endfacet
  facet normal -1 0 0
    outer loop
      vertex 0 -18 3
      vertex 0 -18 11
      vertex 0 -17 3.4
    endloop
  endfacet
  facet normal -1 0 0
    outer loop
      vertex 0 -18 3
      vertex 0 -17 3.4
      vertex 0 -15 3.4
    endloop
  endfacet
  facet normal -1 0 0
    outer loop
      vertex 0 -18 3
      vertex 0 -15 3.4
      vertex 0 -15 3
    endloop
  endfacet
  facet normal 0 1 0
    outer loop
      vertex 0 -15 3
      vertex 0 -15 3.4
      vertex 14 -15 3.4
    endloop
  endfacet
  facet normal 0 1 0
    outer loop
      vertex 0 -15 3
      vertex 14 -15 3.4
      vertex 221.5 -15 3.4
    endloop
  endfacet
  facet normal 0 1 0
    outer loop
      vertex 14 -15 11
      vertex 221.5 -15 3.4
      vertex 14 -15 3.4
    endloop
  endfacet
  facet normal -1 0 0
    outer loop
      vertex 0 -18 11
      vertex 0 -17 11
      vertex 0 -17 3.4
    endloop
  endfacet
  facet normal 0 -1 0
    outer loop
      vertex 0 -18 3
      vertex 209.5 -18 11
      vertex 0 -18 11
    endloop
  endfacet
  facet normal 0 -1 0
    outer loop
      vertex 0 -18 3
      vertex 209.5 -18 3
      vertex 209.5 -18 11
    endloop
  endfacet
  facet normal 0 1 0
    outer loop
      vertex 0 -15 3
      vertex 221.5 -15 3.4
      vertex 235.5 -15 3.4
    endloop
  endfacet
  facet normal 0 1 0
    outer loop
      vertex 0 -15 3
      vertex 235.5 -15 3.4
      vertex 235.5 -15 3
    endloop
  endfacet
  facet normal 0 -1 0
    outer loop
      vertex 229.5 -18 3
      vertex 235.5 -18 3
      vertex 235.5 -18 11
    endloop
  endfacet
  facet normal 1 0 0
    outer loop
      vertex 235.5 -18 3
      vertex 235.5 -15 3
      vertex 235.5 -17 3.4
    endloop
  endfacet
  facet normal 1 0 0
    outer loop
      vertex 235.5 -15 3
      vertex 235.5 -15 3.4
      vertex 235.5 -17 3.4
    endloop
  endfacet
  facet normal 1 0 0
    outer loop
      vertex 235.5 -18 3
      vertex 235.5 -17 3.4
      vertex 235.5 -17 11
    endloop
  endfacet
  facet normal 0 1 0
    outer loop
      vertex 14 -15 11
      vertex 221.5 -15 11
      vertex 221.5 -15 3.4
    endloop
  endfacet
  facet normal 0 -1 0
    outer loop
      vertex 229.5 -18 3
      vertex 235.5 -18 11
      vertex 229.5 -18 11
    endloop
  endfacet
  facet normal 1 0 0
    outer loop
      vertex 235.5 -18 3
      vertex 235.5 -17 11
      vertex 235.5 -18 11
    endloop
  endfacet
  facet normal -1 0 0
    outer loop
      vertex 0 -18 11
      vertex 0 -17 11.1
      vertex 0 -17 11
    endloop
  endfacet
  facet normal -1 0 0
    outer loop
      vertex 0 -18 11
      vertex 0 18 15
      vertex 0 -17 11.1
    endloop
  endfacet
  facet normal -1 0 0
    outer loop
      vertex 0 18 15
      vertex 0 -15 11.1
      vertex 0 -17 11.1
    endloop
  endfacet
  facet normal -1 0 0
    outer loop
      vertex 0 18 15
      vertex 0 -15 11
      vertex 0 -15 11.1
    endloop
  endfacet
  facet normal -1 0 0
    outer loop
      vertex 0 -18 11
      vertex 0 -18 15
      vertex 0 18 15
    endloop
  endfacet
  facet normal 0 -1 0
    outer loop
      vertex 0 -18 11
      vertex 209.5 -18 15
      vertex 0 -18 15
    endloop
  endfacet
  facet normal 0 0 -1
    outer loop
      vertex 235.5 15 11
      vertex 14 -15 11
      vertex 0 -15 11
    endloop
  endfacet
  facet normal 0 0 1
    outer loop
      vertex 0 -18 15
      vertex 209.5 -18 15
      vertex 0 18 15
    endloop
  endfacet
  facet normal -1 0 0
    outer loop
      vertex 0 -15 11
      vertex 0 15 11.1
      vertex 0 15 11
    endloop
  endfacet
  facet normal 0 0 -1
    outer loop
      vertex 0 -15 11
      vertex 0 15 11
      vertex 14 15 11
    endloop
  endfacet
  facet normal -1 0 0
    outer loop
      vertex 0 18 11
      vertex 0 17 11
      vertex 0 17 11.1
    endloop
  endfacet
  facet normal -1 0 0
    outer loop
      vertex 0 18 15
      vertex 0 15 11.1
      vertex 0 -15 11
    endloop
  endfacet
  facet normal -1 0 0
    outer loop
      vertex 0 18 15
      vertex 0 17 11.1
      vertex 0 15 11.1
    endloop
  endfacet
  facet normal -1 0 0
    outer loop
      vertex 0 18 11
      vertex 0 17 11.1
      vertex 0 18 15
    endloop
  endfacet
  facet normal 0 1 0
    outer loop
      vertex 0 18 11
      vertex 0 18 15
      vertex 6 18 11
    endloop
  endfacet
  facet normal 0 1 0
    outer loop
      vertex 6 18 11
      vertex 0 18 15
      vertex 6 18 15
    endloop
  endfacet
  facet normal 0 0 -1
    outer loop
      vertex 0 -15 11
      vertex 14 15 11
      vertex 221.5 15 11
    endloop
  endfacet
  facet normal 0 0 1
    outer loop
      vertex 0 18 15
      vertex 235.5 -18 15
      vertex 6 18 15
    endloop
  endfacet
  facet normal 0 0 1
    outer loop
      vertex 6 18 15
      vertex 235.5 -18 15
      vertex 26 18 15
    endloop
  endfacet
  facet normal 0 1 0
    outer loop
      vertex 26 18 11
      vertex 26 18 15
      vertex 235.5 18 11
    endloop
  endfacet
  facet normal 0 -1 0
    outer loop
      vertex 0 -18 11
      vertex 209.5 -18 11
      vertex 209.5 -18 15
    endloop
  endfacet
  facet normal 0 0 -1
    outer loop
      vertex 221.5 -15 11
      vertex 14 -15 11
      vertex 235.5 15 11
    endloop
  endfacet
  facet normal 0 0 1
    outer loop
      vertex 0 18 15
      vertex 209.5 -18 15
      vertex 229.5 -18 15
    endloop
  endfacet
  facet normal 0 0 1
    outer loop
      vertex 0 18 15
      vertex 229.5 -18 15
      vertex 235.5 -18 15
    endloop
  endfacet
  facet normal 0 -1 0
    outer loop
      vertex 229.5 -18 11
      vertex 235.5 -18 11
      vertex 235.5 -18 15
    endloop
  endfacet
  facet normal 1 0 0
    outer loop
      vertex 235.5 -18 11
      vertex 235.5 -17 11.1
      vertex 235.5 -18 15
    endloop
  endfacet
  facet normal 0 -1 0
    outer loop
      vertex 229.5 -18 11
      vertex 235.5 -18 15
      vertex 229.5 -18 15
    endloop
  endfacet
  facet normal 1 0 0
    outer loop
      vertex 235.5 -18 11
      vertex 235.5 -17 11
      vertex 235.5 -17 11.1
    endloop
  endfacet
  facet normal 0 0 -1
    outer loop
      vertex 235.5 -15 11
      vertex 221.5 -15 11
      vertex 235.5 15 11
    endloop
  endfacet
  facet normal 1 0 0
    outer loop
      vertex 235.5 -15 11
      vertex 235.5 15 11
      vertex 235.5 -15 11.1
    endloop
  endfacet
  facet normal 1 0 0
    outer loop
      vertex 235.5 -18 15
      vertex 235.5 -17 11.1
      vertex 235.5 -15 11.1
    endloop
  endfacet
  facet normal 1 0 0
    outer loop
      vertex 235.5 -18 15
      vertex 235.5 -15 11.1
      vertex 235.5 15 11
    endloop
  endfacet
  facet normal 0 0 -1
    outer loop
      vertex 0 -15 11
      vertex 221.5 15 11
      vertex 235.5 15 11
    endloop
  endfacet
  facet normal 0 0 1
    outer loop
      vertex 26 18 15
      vertex 235.5 -18 15
      vertex 235.5 18 15
    endloop
  endfacet
  facet normal 0 1 0
    outer loop
      vertex 26 18 15
      vertex 235.5 18 15
      vertex 235.5 18 11
    endloop
  endfacet
  facet normal 1 0 0
    outer loop
      vertex 235.5 18 11
      vertex 235.5 17 11.1
      vertex 235.5 17 11
    endloop
  endfacet
  facet normal 1 0 0
    outer loop
      vertex 235.5 -18 15
      vertex 235.5 15 11
      vertex 235.5 15 11.1
    endloop
  endfacet
  facet normal 1 0 0
    outer loop
      vertex 235.5 -18 15
      vertex 235.5 15 11.1
      vertex 235.5 17 11.1
    endloop
  endfacet
  facet normal 1 0 0
    outer loop
      vertex 235.5 -18 15
      vertex 235.5 17 11.1
      vertex 235.5 18 11
    endloop
  endfacet
  facet normal 1 0 0
    outer loop
      vertex 235.5 -18 15
      vertex 235.5 18 11
      vertex 235.5 18 15
    endloop
  endfacet
  facet normal 0 0 -1
    outer loop
      vertex 6 18 0
      vertex 12.651812140452037 22.136556628398207 0
      vertex 13.25 21.73686027918559 0
    endloop
  endfacet
  facet normal 0 0 -1
    outer loop
      vertex 6 18 0
      vertex 11.636556628398207 23.151812140452037 0
      vertex 12.11091270347399 22.61091270347399 0
    endloop
  endfacet
  facet normal 0 0 -1
    outer loop
      vertex 6 18 0
      vertex 12.11091270347399 22.61091270347399 0
      vertex 12.651812140452037 22.136556628398207 0
    endloop
  endfacet
  facet normal 0 0 -1
    outer loop
      vertex 6 18 0
      vertex 11.236860279185588 23.75 0
      vertex 11.636556628398207 23.151812140452037 0
    endloop
  endfacet
  facet normal 0 0 -1
    outer loop
      vertex 6 18 0
      vertex 13.895241121992006 21.418662571187923 0
      vertex 14.576495251936135 21.187407955410123 0
    endloop
  endfacet
  facet normal 0 0 -1
    outer loop
      vertex 6 18 0
      vertex 13.25 21.73686027918559 0
      vertex 13.895241121992006 21.418662571187923 0
    endloop
  endfacet
  facet normal 0 0 -1
    outer loop
      vertex 6 18 0
      vertex 10.547053262444042 25.782105942789716 0
      vertex 10.687407955410125 25.076495251936137 0
    endloop
  endfacet
  facet normal 0 0 -1
    outer loop
      vertex 6 18 0
      vertex 10.918662571187923 24.395241121992008 0
      vertex 11.236860279185588 23.75 0
    endloop
  endfacet
  facet normal 0 0 -1
    outer loop
      vertex 6 18 0
      vertex 10.687407955410125 25.076495251936137 0
      vertex 10.918662571187923 24.395241121992008 0
    endloop
  endfacet
  facet normal 0 0 -1
    outer loop
      vertex 6 18 0
      vertex 10.5 26.5 0
      vertex 10.547053262444042 25.782105942789716 0
    endloop
  endfacet
  facet normal 0 0 -1
    outer loop
      vertex 6 18 0
      vertex 10.547053262444042 27.217894057210284 0
      vertex 10.5 26.5 0
    endloop
  endfacet
  facet normal 0 0 -1
    outer loop
      vertex 6 18 0
      vertex 14.576495251936135 21.187407955410123 0
      vertex 26 18 0
    endloop
  endfacet
  facet normal 0 0 -1
    outer loop
      vertex 26 18 0
      vertex 14.576495251936135 21.187407955410123 0
      vertex 15.282105942789716 21.04705326244404 0
    endloop
  endfacet
  facet normal 0 0 -1
    outer loop
      vertex 26 18 0
      vertex 15.282105942789716 21.04705326244404 0
      vertex 16 21 0
    endloop
  endfacet
  facet normal 0 0 -1
    outer loop
      vertex 26 18 0
      vertex 16 21 0
      vertex 16.717894057210284 21.04705326244404 0
    endloop
  endfacet
  facet normal 0 0 -1
    outer loop
      vertex 26 18 0
      vertex 16.717894057210284 21.04705326244404 0
      vertex 17.423504748063863 21.187407955410123 0
    endloop
  endfacet
  facet normal 0 0 -1
    outer loop
      vertex 26 18 0
      vertex 17.423504748063863 21.187407955410123 0
      vertex 18.104758878007992 21.418662571187923 0
    endloop
  endfacet
  facet normal 0 0 -1
    outer loop
      vertex 26 18 0
      vertex 18.104758878007992 21.418662571187923 0
      vertex 18.75 21.73686027918559 0
    endloop
  endfacet
  facet normal 0 0 -1
    outer loop
      vertex 26 18 0
      vertex 18.75 21.73686027918559 0
      vertex 19.348187859547963 22.136556628398207 0
    endloop
  endfacet
  facet normal 0 0 -1
    outer loop
      vertex 26 18 0
      vertex 19.348187859547963 22.136556628398207 0
      vertex 19.88908729652601 22.61091270347399 0
    endloop
  endfacet
  facet normal 0 0 -1
    outer loop
      vertex 26 18 0
      vertex 19.88908729652601 22.61091270347399 0
      vertex 20.363443371601793 23.151812140452037 0
    endloop
  endfacet
  facet normal 0 0 -1
    outer loop
      vertex 26 18 0
      vertex 20.363443371601793 23.151812140452037 0
      vertex 20.76313972081441 23.75 0
    endloop
  endfacet
  facet normal 0 0 -1
    outer loop
      vertex 26 18 0
      vertex 20.76313972081441 23.75 0
      vertex 21.081337428812077 24.395241121992008 0
    endloop
  endfacet
  facet normal 0 0 -1
    outer loop
      vertex 26 18 0
      vertex 21.081337428812077 24.395241121992008 0
      vertex 21.312592044589877 25.076495251936137 0
    endloop
  endfacet
  facet normal 0 0 -1
    outer loop
      vertex 26 18 0
      vertex 21.312592044589877 25.076495251936137 0
      vertex 21.45294673755596 25.782105942789716 0
    endloop
  endfacet
  facet normal 1 0 0
    outer loop
      vertex 26 18 0
      vertex 26 35 0
      vertex 26 18 3
    endloop
  endfacet
  facet normal 0 0 -1
    outer loop
      vertex 6 18 0
      vertex 6 35 0
      vertex 10.547053262444042 27.217894057210284 0
    endloop
  endfacet
  facet normal 0 0 -1
    outer loop
      vertex 6 35 0
      vertex 10.687407955410125 27.923504748063863 0
      vertex 10.547053262444042 27.217894057210284 0
    endloop
  endfacet
  facet normal 0 0 -1
    outer loop
      vertex 6 35 0
      vertex 10.918662571187923 28.604758878007992 0
      vertex 10.687407955410125 27.923504748063863 0
    endloop
  endfacet
  facet normal 0 0 -1
    outer loop
      vertex 6 35 0
      vertex 11.236860279185588 29.25 0
      vertex 10.918662571187923 28.604758878007992 0
    endloop
  endfacet
  facet normal 0 0 -1
    outer loop
      vertex 6 35 0
      vertex 11.636556628398207 29.848187859547963 0
      vertex 11.236860279185588 29.25 0
    endloop
  endfacet
  facet normal 0 0 -1
    outer loop
      vertex 6 35 0
      vertex 12.11091270347399 30.38908729652601 0
      vertex 11.636556628398207 29.848187859547963 0
    endloop
  endfacet
  facet normal 0 0 -1
    outer loop
      vertex 6 35 0
      vertex 12.651812140452037 30.863443371601793 0
      vertex 12.11091270347399 30.38908729652601 0
    endloop
  endfacet
  facet normal 0 0 -1
    outer loop
      vertex 6 35 0
      vertex 13.25 31.26313972081441 0
      vertex 12.651812140452037 30.863443371601793 0
    endloop
  endfacet
  facet normal 0 0 -1
    outer loop
      vertex 6 35 0
      vertex 13.895241121992006 31.581337428812077 0
      vertex 13.25 31.26313972081441 0
    endloop
  endfacet
  facet normal 0 0 -1
    outer loop
      vertex 6 35 0
      vertex 14.576495251936135 31.812592044589877 0
      vertex 13.895241121992006 31.581337428812077 0
    endloop
  endfacet
  facet normal 0 0 -1
    outer loop
      vertex 6 35 0
      vertex 15.282105942789716 31.95294673755596 0
      vertex 14.576495251936135 31.812592044589877 0
    endloop
  endfacet
  facet normal 0 0 -1
    outer loop
      vertex 6 35 0
      vertex 16 32 0
      vertex 15.282105942789716 31.95294673755596 0
    endloop
  endfacet
  facet normal 0 0 -1
    outer loop
      vertex 6 35 0
      vertex 16.717894057210284 31.95294673755596 0
      vertex 16 32 0
    endloop
  endfacet
  facet normal 0 0 -1
    outer loop
      vertex 6 35 0
      vertex 17.423504748063863 31.812592044589877 0
      vertex 16.717894057210284 31.95294673755596 0
    endloop
  endfacet
  facet normal 0 0 -1
    outer loop
      vertex 26 18 0
      vertex 21.45294673755596 25.782105942789716 0
      vertex 26 35 0
    endloop
  endfacet
  facet normal 0 0 -1
    outer loop
      vertex 26 35 0
      vertex 21.45294673755596 25.782105942789716 0
      vertex 21.5 26.5 0
    endloop
  endfacet
  facet normal 0 0 -1
    outer loop
      vertex 26 35 0
      vertex 21.5 26.5 0
      vertex 21.45294673755596 27.217894057210284 0
    endloop
  endfacet
  facet normal 0 0 -1
    outer loop
      vertex 26 35 0
      vertex 21.45294673755596 27.217894057210284 0
      vertex 21.312592044589877 27.923504748063863 0
    endloop
  endfacet
  facet normal 0 0 -1
    outer loop
      vertex 26 35 0
      vertex 21.312592044589877 27.923504748063863 0
      vertex 21.081337428812077 28.604758878007992 0
    endloop
  endfacet
  facet normal 0 0 -1
    outer loop
      vertex 26 35 0
      vertex 19.88908729652601 30.38908729652601 0
      vertex 19.348187859547963 30.863443371601793 0
    endloop
  endfacet
  facet normal 0 0 -1
    outer loop
      vertex 26 35 0
      vertex 18.104758878007992 31.581337428812077 0
      vertex 17.423504748063863 31.812592044589877 0
    endloop
  endfacet
  facet normal 0 0 -1
    outer loop
      vertex 26 35 0
      vertex 18.75 31.26313972081441 0
      vertex 18.104758878007992 31.581337428812077 0
    endloop
  endfacet
  facet normal 0 0 -1
    outer loop
      vertex 26 35 0
      vertex 19.348187859547963 30.863443371601793 0
      vertex 18.75 31.26313972081441 0
    endloop
  endfacet
  facet normal 0 0 -1
    outer loop
      vertex 6 35 0
      vertex 26 35 0
      vertex 17.423504748063863 31.812592044589877 0
    endloop
  endfacet
  facet normal 0 0 -1
    outer loop
      vertex 26 35 0
      vertex 21.081337428812077 28.604758878007992 0
      vertex 20.76313972081441 29.25 0
    endloop
  endfacet
  facet normal 0 0 -1
    outer loop
      vertex 26 35 0
      vertex 20.76313972081441 29.25 0
      vertex 20.363443371601793 29.848187859547963 0
    endloop
  endfacet
  facet normal 0 0 -1
    outer loop
      vertex 26 35 0
      vertex 20.363443371601793 29.848187859547963 0
      vertex 19.88908729652601 30.38908729652601 0
    endloop
  endfacet
  facet normal 1 0 0
    outer loop
      vertex 26 18 3
      vertex 26 35 0
      vertex 26 18 11
    endloop
  endfacet
  facet normal -1 0 0
    outer loop
      vertex 6 18 0
      vertex 6 18 3
      vertex 6 35 15
    endloop
  endfacet
  facet normal -1 0 0
    outer loop
      vertex 6 18 0
      vertex 6 35 15
      vertex 6 35 0
    endloop
  endfacet
  facet normal 0 1 0
    outer loop
      vertex 6 35 0
      vertex 6 35 15
      vertex 26 35 0
    endloop
  endfacet
  facet normal 1 0 0
    outer loop
      vertex 26 35 0
      vertex 26 18 15
      vertex 26 18 11
    endloop
  endfacet
  facet normal -1 0 0
    outer loop
      vertex 6 18 3
      vertex 6 18 11
      vertex 6 35 15
    endloop
  endfacet
  facet normal 1 0 0
    outer loop
      vertex 26 35 0
      vertex 26 35 15
      vertex 26 18 15
    endloop
  endfacet
  facet normal 0 1 0
    outer loop
      vertex 26 35 0
      vertex 6 35 15
      vertex 26 35 15
    endloop
  endfacet
  facet normal -1 0 0
    outer loop
      vertex 6 18 11
      vertex 6 18 15
      vertex 6 35 15
    endloop
  endfacet
  facet normal 0 0 1
    outer loop
      vertex 6 18 15
      vertex 14.630286784730378 24.714954984344722 15
      vertex 14.409009742330268 24.90900974233027 15
    endloop
  endfacet
  facet normal 0 0 1
    outer loop
      vertex 6 18 15
      vertex 14.875 24.551442841485013 15
      vertex 14.630286784730378 24.714954984344722 15
    endloop
  endfacet
  facet normal 0 0 1
    outer loop
      vertex 6 18 15
      vertex 14.409009742330268 24.90900974233027 15
      vertex 14.214954984344722 25.13028678473038 15
    endloop
  endfacet
  facet normal 0 0 1
    outer loop
      vertex 6 18 15
      vertex 14.214954984344722 25.13028678473038 15
      vertex 14.051442841485013 25.375 15
    endloop
  endfacet
  facet normal 0 0 1
    outer loop
      vertex 6 18 15
      vertex 14.051442841485013 25.375 15
      vertex 13.921271051849605 25.63896227717855 15
    endloop
  endfacet
  facet normal 0 0 1
    outer loop
      vertex 6 18 15
      vertex 13.921271051849605 25.63896227717855 15
      vertex 6 35 15
    endloop
  endfacet
  facet normal 0 0 1
    outer loop
      vertex 6 18 15
      vertex 26 18 15
      vertex 14.875 24.551442841485013 15
    endloop
  endfacet
  facet normal 0 0 1
    outer loop
      vertex 26 18 15
      vertex 15.417657148519329 24.326666890849594 15
      vertex 15.138962277178548 24.421271051849605 15
    endloop
  endfacet
  facet normal 0 0 1
    outer loop
      vertex 26 18 15
      vertex 15.138962277178548 24.421271051849605 15
      vertex 14.875 24.551442841485013 15
    endloop
  endfacet
  facet normal 0 0 1
    outer loop
      vertex 26 18 15
      vertex 15.706316067504885 24.269249061908926 15
      vertex 15.417657148519329 24.326666890849594 15
    endloop
  endfacet
  facet normal 0 0 1
    outer loop
      vertex 26 18 15
      vertex 16 24.25 15
      vertex 15.706316067504885 24.269249061908926 15
    endloop
  endfacet
  facet normal 0 0 1
    outer loop
      vertex 26 18 15
      vertex 16.293683932495117 24.269249061908926 15
      vertex 16 24.25 15
    endloop
  endfacet
  facet normal 0 0 1
    outer loop
      vertex 26 18 15
      vertex 16.58234285148067 24.326666890849594 15
      vertex 16.293683932495117 24.269249061908926 15
    endloop
  endfacet
  facet normal 0 0 1
    outer loop
      vertex 26 18 15
      vertex 16.86103772282145 24.421271051849605 15
      vertex 16.58234285148067 24.326666890849594 15
    endloop
  endfacet
  facet normal 0 0 1
    outer loop
      vertex 26 18 15
      vertex 17.125 24.551442841485013 15
      vertex 16.86103772282145 24.421271051849605 15
    endloop
  endfacet
  facet normal 0 0 1
    outer loop
      vertex 26 18 15
      vertex 17.36971321526962 24.714954984344722 15
      vertex 17.125 24.551442841485013 15
    endloop
  endfacet
  facet normal 0 0 1
    outer loop
      vertex 26 18 15
      vertex 17.59099025766973 24.90900974233027 15
      vertex 17.36971321526962 24.714954984344722 15
    endloop
  endfacet
  facet normal 0 0 1
    outer loop
      vertex 26 18 15
      vertex 17.785045015655278 25.13028678473038 15
      vertex 17.59099025766973 24.90900974233027 15
    endloop
  endfacet
  facet normal 0 0 1
    outer loop
      vertex 26 18 15
      vertex 17.948557158514987 25.375 15
      vertex 17.785045015655278 25.13028678473038 15
    endloop
  endfacet
  facet normal 0 0 1
    outer loop
      vertex 26 18 15
      vertex 18.078728948150395 25.63896227717855 15
      vertex 17.948557158514987 25.375 15
    endloop
  endfacet
  facet normal 0 0 1
    outer loop
      vertex 26 18 15
      vertex 18.173333109150406 25.91765714851933 15
      vertex 18.078728948150395 25.63896227717855 15
    endloop
  endfacet
  facet normal 0 0 1
    outer loop
      vertex 26 18 15
      vertex 18.230750938091074 26.206316067504883 15
      vertex 18.173333109150406 25.91765714851933 15
    endloop
  endfacet
  facet normal 0 0 1
    outer loop
      vertex 26 18 15
      vertex 18.25 26.5 15
      vertex 18.230750938091074 26.206316067504883 15
    endloop
  endfacet
  facet normal 0 0 1
    outer loop
      vertex 26 18 15
      vertex 18.230750938091074 26.793683932495117 15
      vertex 18.25 26.5 15
    endloop
  endfacet
  facet normal 0 0 1
    outer loop
      vertex 26 18 15
      vertex 18.173333109150406 27.08234285148067 15
      vertex 18.230750938091074 26.793683932495117 15
    endloop
  endfacet
  facet normal 0 0 1
    outer loop
      vertex 26 18 15
      vertex 18.078728948150395 27.36103772282145 15
      vertex 18.173333109150406 27.08234285148067 15
    endloop
  endfacet
  facet normal 0 0 1
    outer loop
      vertex 6 35 15
      vertex 13.921271051849605 25.63896227717855 15
      vertex 13.826666890849596 25.91765714851933 15
    endloop
  endfacet
  facet normal 0 0 1
    outer loop
      vertex 6 35 15
      vertex 13.826666890849596 25.91765714851933 15
      vertex 13.769249061908926 26.206316067504883 15
    endloop
  endfacet
  facet normal 0 0 1
    outer loop
      vertex 6 35 15
      vertex 13.769249061908926 26.206316067504883 15
      vertex 13.75 26.5 15
    endloop
  endfacet
  facet normal 0 0 1
    outer loop
      vertex 6 35 15
      vertex 13.75 26.5 15
      vertex 13.769249061908926 26.793683932495117 15
    endloop
  endfacet
  facet normal 0 0 1
    outer loop
      vertex 6 35 15
      vertex 13.769249061908926 26.793683932495117 15
      vertex 13.826666890849596 27.08234285148067 15
    endloop
  endfacet
  facet normal 0 0 1
    outer loop
      vertex 6 35 15
      vertex 13.826666890849596 27.08234285148067 15
      vertex 13.921271051849605 27.36103772282145 15
    endloop
  endfacet
  facet normal 0 0 1
    outer loop
      vertex 6 35 15
      vertex 13.921271051849605 27.36103772282145 15
      vertex 14.051442841485013 27.625 15
    endloop
  endfacet
  facet normal 0 0 1
    outer loop
      vertex 6 35 15
      vertex 14.051442841485013 27.625 15
      vertex 14.214954984344722 27.86971321526962 15
    endloop
  endfacet
  facet normal 0 0 1
    outer loop
      vertex 6 35 15
      vertex 14.214954984344722 27.86971321526962 15
      vertex 14.409009742330268 28.09099025766973 15
    endloop
  endfacet
  facet normal 0 0 1
    outer loop
      vertex 6 35 15
      vertex 14.409009742330268 28.09099025766973 15
      vertex 14.630286784730378 28.285045015655278 15
    endloop
  endfacet
  facet normal 0 0 1
    outer loop
      vertex 6 35 15
      vertex 14.630286784730378 28.285045015655278 15
      vertex 14.875 28.448557158514987 15
    endloop
  endfacet
  facet normal 0 0 1
    outer loop
      vertex 6 35 15
      vertex 14.875 28.448557158514987 15
      vertex 15.138962277178548 28.578728948150395 15
    endloop
  endfacet
  facet normal 0 0 1
    outer loop
      vertex 6 35 15
      vertex 15.138962277178548 28.578728948150395 15
      vertex 15.417657148519329 28.673333109150406 15
    endloop
  endfacet
  facet normal 0 0 1
    outer loop
      vertex 6 35 15
      vertex 15.417657148519329 28.673333109150406 15
      vertex 15.706316067504885 28.730750938091074 15
    endloop
  endfacet
  facet normal 0 0 1
    outer loop
      vertex 6 35 15
      vertex 15.706316067504885 28.730750938091074 15
      vertex 16 28.75 15
    endloop
  endfacet
  facet normal 0 0 1
    outer loop
      vertex 6 35 15
      vertex 16 28.75 15
      vertex 16.293683932495117 28.730750938091074 15
    endloop
  endfacet
  facet normal 0 0 1
    outer loop
      vertex 6 35 15
      vertex 16.86103772282145 28.578728948150395 15
      vertex 17.125 28.448557158514987 15
    endloop
  endfacet
  facet normal 0 0 1
    outer loop
      vertex 6 35 15
      vertex 16.58234285148067 28.673333109150406 15
      vertex 16.86103772282145 28.578728948150395 15
    endloop
  endfacet
  facet normal 0 0 1
    outer loop
      vertex 6 35 15
      vertex 16.293683932495117 28.730750938091074 15
      vertex 16.58234285148067 28.673333109150406 15
    endloop
  endfacet
  facet normal 0 0 1
    outer loop
      vertex 26 35 15
      vertex 17.125 28.448557158514987 15
      vertex 17.36971321526962 28.285045015655278 15
    endloop
  endfacet
  facet normal 0 0 1
    outer loop
      vertex 26 35 15
      vertex 17.948557158514987 27.625 15
      vertex 18.078728948150395 27.36103772282145 15
    endloop
  endfacet
  facet normal 0 0 1
    outer loop
      vertex 26 35 15
      vertex 17.785045015655278 27.86971321526962 15
      vertex 17.948557158514987 27.625 15
    endloop
  endfacet
  facet normal 0 0 1
    outer loop
      vertex 26 35 15
      vertex 17.59099025766973 28.09099025766973 15
      vertex 17.785045015655278 27.86971321526962 15
    endloop
  endfacet
  facet normal 0 0 1
    outer loop
      vertex 26 35 15
      vertex 17.36971321526962 28.285045015655278 15
      vertex 17.59099025766973 28.09099025766973 15
    endloop
  endfacet
  facet normal 0 0 1
    outer loop
      vertex 26 18 15
      vertex 26 35 15
      vertex 18.078728948150395 27.36103772282145 15
    endloop
  endfacet
  facet normal 0 0 1
    outer loop
      vertex 6 35 15
      vertex 17.125 28.448557158514987 15
      vertex 26 35 15
    endloop
  endfacet
  facet normal 0 0 -1
    outer loop
      vertex 209.5 -35 0
      vertex 215.1365566283982 -29.848187859547963 0
      vertex 215.61091270347399 -30.38908729652601 0
    endloop
  endfacet
  facet normal 0 0 -1
    outer loop
      vertex 209.5 -35 0
      vertex 214.73686027918558 -29.25 0
      vertex 215.1365566283982 -29.848187859547963 0
    endloop
  endfacet
  facet normal 0 0 -1
    outer loop
      vertex 209.5 -35 0
      vertex 214.41866257118792 -28.604758878007992 0
      vertex 214.73686027918558 -29.25 0
    endloop
  endfacet
  facet normal 0 0 -1
    outer loop
      vertex 209.5 -35 0
      vertex 218.07649525193614 -31.812592044589877 0
      vertex 229.5 -35 0
    endloop
  endfacet
  facet normal 0 0 -1
    outer loop
      vertex 209.5 -35 0
      vertex 216.15181214045202 -30.863443371601793 0
      vertex 216.75 -31.26313972081441 0
    endloop
  endfacet
  facet normal 0 0 -1
    outer loop
      vertex 209.5 -35 0
      vertex 216.75 -31.26313972081441 0
      vertex 217.395241121992 -31.581337428812077 0
    endloop
  endfacet
  facet normal 0 0 -1
    outer loop
      vertex 209.5 -35 0
      vertex 217.395241121992 -31.581337428812077 0
      vertex 218.07649525193614 -31.812592044589877 0
    endloop
  endfacet
  facet normal 0 0 -1
    outer loop
      vertex 209.5 -35 0
      vertex 215.61091270347399 -30.38908729652601 0
      vertex 216.15181214045202 -30.863443371601793 0
    endloop
  endfacet
  facet normal 0 0 -1
    outer loop
      vertex 209.5 -35 0
      vertex 214.18740795541012 -27.923504748063863 0
      vertex 214.41866257118792 -28.604758878007992 0
    endloop
  endfacet
  facet normal 0 0 -1
    outer loop
      vertex 209.5 -35 0
      vertex 214.04705326244405 -27.217894057210284 0
      vertex 214.18740795541012 -27.923504748063863 0
    endloop
  endfacet
  facet normal 0 0 -1
    outer loop
      vertex 209.5 -35 0
      vertex 214 -26.5 0
      vertex 214.04705326244405 -27.217894057210284 0
    endloop
  endfacet
  facet normal 0 0 -1
    outer loop
      vertex 209.5 -35 0
      vertex 214.04705326244405 -25.782105942789716 0
      vertex 214 -26.5 0
    endloop
  endfacet
  facet normal 0 0 -1
    outer loop
      vertex 209.5 -35 0
      vertex 209.5 -18 0
      vertex 214.04705326244405 -25.782105942789716 0
    endloop
  endfacet
  facet normal 0 0 -1
    outer loop
      vertex 229.5 -35 0
      vertex 218.07649525193614 -31.812592044589877 0
      vertex 218.7821059427897 -31.95294673755596 0
    endloop
  endfacet
  facet normal 0 0 -1
    outer loop
      vertex 229.5 -35 0
      vertex 218.7821059427897 -31.95294673755596 0
      vertex 219.5 -32 0
    endloop
  endfacet
  facet normal 0 0 -1
    outer loop
      vertex 229.5 -35 0
      vertex 219.5 -32 0
      vertex 220.2178940572103 -31.95294673755596 0
    endloop
  endfacet
  facet normal 0 0 -1
    outer loop
      vertex 229.5 -35 0
      vertex 220.2178940572103 -31.95294673755596 0
      vertex 220.92350474806386 -31.812592044589877 0
    endloop
  endfacet
  facet normal 0 0 -1
    outer loop
      vertex 229.5 -35 0
      vertex 220.92350474806386 -31.812592044589877 0
      vertex 221.604758878008 -31.581337428812077 0
    endloop
  endfacet
  facet normal 0 0 -1
    outer loop
      vertex 229.5 -35 0
      vertex 221.604758878008 -31.581337428812077 0
      vertex 222.25 -31.26313972081441 0
    endloop
  endfacet
  facet normal 0 0 -1
    outer loop
      vertex 229.5 -35 0
      vertex 222.25 -31.26313972081441 0
      vertex 222.84818785954798 -30.863443371601793 0
    endloop
  endfacet
  facet normal 0 0 -1
    outer loop
      vertex 229.5 -35 0
      vertex 222.84818785954798 -30.863443371601793 0
      vertex 223.38908729652601 -30.38908729652601 0
    endloop
  endfacet
  facet normal 0 0 -1
    outer loop
      vertex 229.5 -35 0
      vertex 223.38908729652601 -30.38908729652601 0
      vertex 223.8634433716018 -29.848187859547963 0
    endloop
  endfacet
  facet normal 0 0 -1
    outer loop
      vertex 229.5 -35 0
      vertex 223.8634433716018 -29.848187859547963 0
      vertex 224.26313972081442 -29.25 0
    endloop
  endfacet
  facet normal 0 0 -1
    outer loop
      vertex 229.5 -35 0
      vertex 224.26313972081442 -29.25 0
      vertex 224.58133742881208 -28.604758878007992 0
    endloop
  endfacet
  facet normal 0 0 -1
    outer loop
      vertex 229.5 -35 0
      vertex 224.58133742881208 -28.604758878007992 0
      vertex 224.81259204458988 -27.923504748063863 0
    endloop
  endfacet
  facet normal 0 0 -1
    outer loop
      vertex 229.5 -35 0
      vertex 224.81259204458988 -27.923504748063863 0
      vertex 224.95294673755595 -27.217894057210284 0
    endloop
  endfacet
  facet normal 0 0 -1
    outer loop
      vertex 229.5 -35 0
      vertex 224.95294673755595 -27.217894057210284 0
      vertex 229.5 -18 0
    endloop
  endfacet
  facet normal 0 0 -1
    outer loop
      vertex 209.5 -18 0
      vertex 214.18740795541012 -25.076495251936137 0
      vertex 214.04705326244405 -25.782105942789716 0
    endloop
  endfacet
  facet normal 0 0 -1
    outer loop
      vertex 209.5 -18 0
      vertex 214.41866257118792 -24.395241121992008 0
      vertex 214.18740795541012 -25.076495251936137 0
    endloop
  endfacet
  facet normal 0 0 -1
    outer loop
      vertex 209.5 -18 0
      vertex 214.73686027918558 -23.75 0
      vertex 214.41866257118792 -24.395241121992008 0
    endloop
  endfacet
  facet normal -1 0 0
    outer loop
      vertex 209.5 -35 0
      vertex 209.5 -18 3
      vertex 209.5 -18 0
    endloop
  endfacet
  facet normal 0 0 -1
    outer loop
      vertex 209.5 -18 0
      vertex 215.1365566283982 -23.151812140452037 0
      vertex 214.73686027918558 -23.75 0
    endloop
  endfacet
  facet normal 0 0 -1
    outer loop
      vertex 209.5 -18 0
      vertex 215.61091270347399 -22.61091270347399 0
      vertex 215.1365566283982 -23.151812140452037 0
    endloop
  endfacet
  facet normal 0 0 -1
    outer loop
      vertex 209.5 -18 0
      vertex 216.15181214045202 -22.136556628398207 0
      vertex 215.61091270347399 -22.61091270347399 0
    endloop
  endfacet
  facet normal 0 0 -1
    outer loop
      vertex 209.5 -18 0
      vertex 216.75 -21.73686027918559 0
      vertex 216.15181214045202 -22.136556628398207 0
    endloop
  endfacet
  facet normal 0 0 -1
    outer loop
      vertex 209.5 -18 0
      vertex 217.395241121992 -21.418662571187923 0
      vertex 216.75 -21.73686027918559 0
    endloop
  endfacet
  facet normal 0 0 -1
    outer loop
      vertex 209.5 -18 0
      vertex 218.07649525193614 -21.187407955410123 0
      vertex 217.395241121992 -21.418662571187923 0
    endloop
  endfacet
  facet normal 0 0 -1
    outer loop
      vertex 209.5 -18 0
      vertex 218.7821059427897 -21.04705326244404 0
      vertex 218.07649525193614 -21.187407955410123 0
    endloop
  endfacet
  facet normal 0 0 -1
    outer loop
      vertex 209.5 -18 0
      vertex 219.5 -21 0
      vertex 218.7821059427897 -21.04705326244404 0
    endloop
  endfacet
  facet normal 0 0 -1
    outer loop
      vertex 209.5 -18 0
      vertex 220.2178940572103 -21.04705326244404 0
      vertex 219.5 -21 0
    endloop
  endfacet
  facet normal 0 0 -1
    outer loop
      vertex 209.5 -18 0
      vertex 220.92350474806386 -21.187407955410123 0
      vertex 220.2178940572103 -21.04705326244404 0
    endloop
  endfacet
  facet normal 0 0 -1
    outer loop
      vertex 209.5 -18 0
      vertex 229.5 -18 0
      vertex 220.92350474806386 -21.187407955410123 0
    endloop
  endfacet
  facet normal 0 0 -1
    outer loop
      vertex 229.5 -18 0
      vertex 224.95294673755595 -27.217894057210284 0
      vertex 225 -26.5 0
    endloop
  endfacet
  facet normal 0 0 -1
    outer loop
      vertex 229.5 -18 0
      vertex 225 -26.5 0
      vertex 224.95294673755595 -25.782105942789716 0
    endloop
  endfacet
  facet normal 0 0 -1
    outer loop
      vertex 229.5 -18 0
      vertex 224.81259204458988 -25.076495251936137 0
      vertex 224.58133742881208 -24.395241121992008 0
    endloop
  endfacet
  facet normal 0 0 -1
    outer loop
      vertex 229.5 -18 0
      vertex 224.58133742881208 -24.395241121992008 0
      vertex 224.26313972081442 -23.75 0
    endloop
  endfacet
  facet normal 0 0 -1
    outer loop
      vertex 229.5 -18 0
      vertex 224.95294673755595 -25.782105942789716 0
      vertex 224.81259204458988 -25.076495251936137 0
    endloop
  endfacet
  facet normal 0 0 -1
    outer loop
      vertex 229.5 -18 0
      vertex 222.25 -21.73686027918559 0
      vertex 221.604758878008 -21.418662571187923 0
    endloop
  endfacet
  facet normal 0 0 -1
    outer loop
      vertex 229.5 -18 0
      vertex 221.604758878008 -21.418662571187923 0
      vertex 220.92350474806386 -21.187407955410123 0
    endloop
  endfacet
  facet normal 0 0 -1
    outer loop
      vertex 229.5 -18 0
      vertex 224.26313972081442 -23.75 0
      vertex 223.8634433716018 -23.151812140452037 0
    endloop
  endfacet
  facet normal 0 0 -1
    outer loop
      vertex 229.5 -18 0
      vertex 223.38908729652601 -22.61091270347399 0
      vertex 222.84818785954798 -22.136556628398207 0
    endloop
  endfacet
  facet normal 0 0 -1
    outer loop
      vertex 229.5 -18 0
      vertex 223.8634433716018 -23.151812140452037 0
      vertex 223.38908729652601 -22.61091270347399 0
    endloop
  endfacet
  facet normal 0 0 -1
    outer loop
      vertex 229.5 -18 0
      vertex 222.84818785954798 -22.136556628398207 0
      vertex 222.25 -21.73686027918559 0
    endloop
  endfacet
  facet normal 0 -1 0
    outer loop
      vertex 209.5 -35 0
      vertex 229.5 -35 0
      vertex 229.5 -35 15
    endloop
  endfacet
  facet normal 1 0 0
    outer loop
      vertex 229.5 -35 0
      vertex 229.5 -18 0
      vertex 229.5 -35 15
    endloop
  endfacet
  facet normal -1 0 0
    outer loop
      vertex 209.5 -35 0
      vertex 209.5 -18 11
      vertex 209.5 -18 3
    endloop
  endfacet
  facet normal 1 0 0
    outer loop
      vertex 229.5 -18 0
      vertex 229.5 -18 3
      vertex 229.5 -35 15
    endloop
  endfacet
  facet normal 0 -1 0
    outer loop
      vertex 209.5 -35 0
      vertex 229.5 -35 15
      vertex 209.5 -35 15
    endloop
  endfacet
  facet normal -1 0 0
    outer loop
      vertex 209.5 -35 0
      vertex 209.5 -35 15
      vertex 209.5 -18 15
    endloop
  endfacet
  facet normal -1 0 0
    outer loop
      vertex 209.5 -35 0
      vertex 209.5 -18 15
      vertex 209.5 -18 11
    endloop
  endfacet
  facet normal 1 0 0
    outer loop
      vertex 229.5 -18 3
      vertex 229.5 -18 11
      vertex 229.5 -35 15
    endloop
  endfacet
  facet normal 0 0 1
    outer loop
      vertex 209.5 -35 15
      vertex 229.5 -35 15
      vertex 218.375 -28.448557158514987 15
    endloop
  endfacet
  facet normal 0 0 1
    outer loop
      vertex 209.5 -35 15
      vertex 217.4212710518496 -27.36103772282145 15
      vertex 209.5 -18 15
    endloop
  endfacet
  facet normal 0 0 1
    outer loop
      vertex 209.5 -35 15
      vertex 218.13028678473037 -28.285045015655278 15
      vertex 217.90900974233026 -28.09099025766973 15
    endloop
  endfacet
  facet normal 0 0 1
    outer loop
      vertex 209.5 -35 15
      vertex 217.90900974233026 -28.09099025766973 15
      vertex 217.71495498434473 -27.86971321526962 15
    endloop
  endfacet
  facet normal 0 0 1
    outer loop
      vertex 209.5 -35 15
      vertex 217.71495498434473 -27.86971321526962 15
      vertex 217.55144284148503 -27.625 15
    endloop
  endfacet
  facet normal 0 0 1
    outer loop
      vertex 209.5 -35 15
      vertex 217.55144284148503 -27.625 15
      vertex 217.4212710518496 -27.36103772282145 15
    endloop
  endfacet
  facet normal 0 0 1
    outer loop
      vertex 209.5 -35 15
      vertex 218.375 -28.448557158514987 15
      vertex 218.13028678473037 -28.285045015655278 15
    endloop
  endfacet
  facet normal 0 0 1
    outer loop
      vertex 229.5 -35 15
      vertex 219.20631606750487 -28.730750938091074 15
      vertex 218.91765714851934 -28.673333109150406 15
    endloop
  endfacet
  facet normal 0 0 1
    outer loop
      vertex 229.5 -35 15
      vertex 218.91765714851934 -28.673333109150406 15
      vertex 218.63896227717854 -28.578728948150395 15
    endloop
  endfacet
  facet normal 0 0 1
    outer loop
      vertex 229.5 -35 15
      vertex 218.63896227717854 -28.578728948150395 15
      vertex 218.375 -28.448557158514987 15
    endloop
  endfacet
  facet normal 0 0 1
    outer loop
      vertex 229.5 -35 15
      vertex 219.5 -28.75 15
      vertex 219.20631606750487 -28.730750938091074 15
    endloop
  endfacet
  facet normal 0 0 1
    outer loop
      vertex 229.5 -35 15
      vertex 219.79368393249513 -28.730750938091074 15
      vertex 219.5 -28.75 15
    endloop
  endfacet
  facet normal 0 0 1
    outer loop
      vertex 229.5 -35 15
      vertex 220.08234285148066 -28.673333109150406 15
      vertex 219.79368393249513 -28.730750938091074 15
    endloop
  endfacet
  facet normal 0 0 1
    outer loop
      vertex 229.5 -35 15
      vertex 220.36103772282146 -28.578728948150395 15
      vertex 220.08234285148066 -28.673333109150406 15
    endloop
  endfacet
  facet normal 0 0 1
    outer loop
      vertex 229.5 -35 15
      vertex 220.625 -28.448557158514987 15
      vertex 220.36103772282146 -28.578728948150395 15
    endloop
  endfacet
  facet normal 0 0 1
    outer loop
      vertex 229.5 -35 15
      vertex 220.86971321526963 -28.285045015655278 15
      vertex 220.625 -28.448557158514987 15
    endloop
  endfacet
  facet normal 0 0 1
    outer loop
      vertex 229.5 -35 15
      vertex 221.09099025766974 -28.09099025766973 15
      vertex 220.86971321526963 -28.285045015655278 15
    endloop
  endfacet
  facet normal 0 0 1
    outer loop
      vertex 229.5 -35 15
      vertex 221.28504501565527 -27.86971321526962 15
      vertex 221.09099025766974 -28.09099025766973 15
    endloop
  endfacet
  facet normal 0 0 1
    outer loop
      vertex 229.5 -35 15
      vertex 221.44855715851497 -27.625 15
      vertex 221.28504501565527 -27.86971321526962 15
    endloop
  endfacet
  facet normal 0 0 1
    outer loop
      vertex 229.5 -35 15
      vertex 221.5787289481504 -27.36103772282145 15
      vertex 221.44855715851497 -27.625 15
    endloop
  endfacet
  facet normal 0 0 1
    outer loop
      vertex 229.5 -35 15
      vertex 221.6733331091504 -27.08234285148067 15
      vertex 221.5787289481504 -27.36103772282145 15
    endloop
  endfacet
  facet normal 0 0 1
    outer loop
      vertex 229.5 -35 15
      vertex 221.73075093809106 -26.793683932495117 15
      vertex 221.6733331091504 -27.08234285148067 15
    endloop
  endfacet
  facet normal 0 0 1
    outer loop
      vertex 229.5 -35 15
      vertex 221.75 -26.5 15
      vertex 221.73075093809106 -26.793683932495117 15
    endloop
  endfacet
  facet normal 0 0 1
    outer loop
      vertex 229.5 -35 15
      vertex 221.73075093809106 -26.206316067504883 15
      vertex 221.75 -26.5 15
    endloop
  endfacet
  facet normal 0 0 1
    outer loop
      vertex 229.5 -35 15
      vertex 221.6733331091504 -25.91765714851933 15
      vertex 221.73075093809106 -26.206316067504883 15
    endloop
  endfacet
  facet normal 0 0 1
    outer loop
      vertex 229.5 -35 15
      vertex 221.5787289481504 -25.63896227717855 15
      vertex 221.6733331091504 -25.91765714851933 15
    endloop
  endfacet
  facet normal 0 0 1
    outer loop
      vertex 209.5 -18 15
      vertex 217.4212710518496 -27.36103772282145 15
      vertex 217.3266668908496 -27.08234285148067 15
    endloop
  endfacet
  facet normal 0 0 1
    outer loop
      vertex 209.5 -18 15
      vertex 217.3266668908496 -27.08234285148067 15
      vertex 217.26924906190894 -26.793683932495117 15
    endloop
  endfacet
  facet normal 0 0 1
    outer loop
      vertex 209.5 -18 15
      vertex 217.26924906190894 -26.793683932495117 15
      vertex 217.25 -26.5 15
    endloop
  endfacet
  facet normal 0 0 1
    outer loop
      vertex 209.5 -18 15
      vertex 217.25 -26.5 15
      vertex 217.26924906190894 -26.206316067504883 15
    endloop
  endfacet
  facet normal 0 0 1
    outer loop
      vertex 209.5 -18 15
      vertex 217.26924906190894 -26.206316067504883 15
      vertex 217.3266668908496 -25.91765714851933 15
    endloop
  endfacet
  facet normal 0 0 1
    outer loop
      vertex 209.5 -18 15
      vertex 217.3266668908496 -25.91765714851933 15
      vertex 217.4212710518496 -25.63896227717855 15
    endloop
  endfacet
  facet normal 0 0 1
    outer loop
      vertex 209.5 -18 15
      vertex 217.4212710518496 -25.63896227717855 15
      vertex 217.55144284148503 -25.375 15
    endloop
  endfacet
  facet normal 0 0 1
    outer loop
      vertex 209.5 -18 15
      vertex 217.55144284148503 -25.375 15
      vertex 217.71495498434473 -25.13028678473038 15
    endloop
  endfacet
  facet normal 0 0 1
    outer loop
      vertex 209.5 -18 15
      vertex 217.71495498434473 -25.13028678473038 15
      vertex 217.90900974233026 -24.90900974233027 15
    endloop
  endfacet
  facet normal 0 0 1
    outer loop
      vertex 209.5 -18 15
      vertex 217.90900974233026 -24.90900974233027 15
      vertex 218.13028678473037 -24.714954984344722 15
    endloop
  endfacet
  facet normal 0 0 1
    outer loop
      vertex 209.5 -18 15
      vertex 218.13028678473037 -24.714954984344722 15
      vertex 218.375 -24.551442841485013 15
    endloop
  endfacet
  facet normal 0 0 1
    outer loop
      vertex 209.5 -18 15
      vertex 218.375 -24.551442841485013 15
      vertex 218.63896227717854 -24.421271051849605 15
    endloop
  endfacet
  facet normal 0 0 1
    outer loop
      vertex 209.5 -18 15
      vertex 218.63896227717854 -24.421271051849605 15
      vertex 218.91765714851934 -24.326666890849594 15
    endloop
  endfacet
  facet normal 0 0 1
    outer loop
      vertex 209.5 -18 15
      vertex 218.91765714851934 -24.326666890849594 15
      vertex 219.20631606750487 -24.269249061908926 15
    endloop
  endfacet
  facet normal 0 0 1
    outer loop
      vertex 209.5 -18 15
      vertex 219.20631606750487 -24.269249061908926 15
      vertex 219.5 -24.25 15
    endloop
  endfacet
  facet normal 0 0 1
    outer loop
      vertex 209.5 -18 15
      vertex 219.5 -24.25 15
      vertex 219.79368393249513 -24.269249061908926 15
    endloop
  endfacet
  facet normal 0 0 1
    outer loop
      vertex 209.5 -18 15
      vertex 219.79368393249513 -24.269249061908926 15
      vertex 220.08234285148066 -24.326666890849594 15
    endloop
  endfacet
  facet normal 0 0 1
    outer loop
      vertex 209.5 -18 15
      vertex 220.36103772282146 -24.421271051849605 15
      vertex 220.625 -24.551442841485013 15
    endloop
  endfacet
  facet normal 0 0 1
    outer loop
      vertex 209.5 -18 15
      vertex 220.08234285148066 -24.326666890849594 15
      vertex 220.36103772282146 -24.421271051849605 15
    endloop
  endfacet
  facet normal 0 0 1
    outer loop
      vertex 209.5 -18 15
      vertex 220.625 -24.551442841485013 15
      vertex 229.5 -18 15
    endloop
  endfacet
  facet normal 1 0 0
    outer loop
      vertex 229.5 -18 11
      vertex 229.5 -18 15
      vertex 229.5 -35 15
    endloop
  endfacet
  facet normal 0 0 1
    outer loop
      vertex 229.5 -35 15
      vertex 229.5 -18 15
      vertex 221.5787289481504 -25.63896227717855 15
    endloop
  endfacet
  facet normal 0 0 1
    outer loop
      vertex 229.5 -18 15
      vertex 221.44855715851497 -25.375 15
      vertex 221.5787289481504 -25.63896227717855 15
    endloop
  endfacet
  facet normal 0 0 1
    outer loop
      vertex 229.5 -18 15
      vertex 221.28504501565527 -25.13028678473038 15
      vertex 221.44855715851497 -25.375 15
    endloop
  endfacet
  facet normal 0 0 1
    outer loop
      vertex 229.5 -18 15
      vertex 221.09099025766974 -24.90900974233027 15
      vertex 221.28504501565527 -25.13028678473038 15
    endloop
  endfacet
  facet normal 0 0 1
    outer loop
      vertex 229.5 -18 15
      vertex 220.625 -24.551442841485013 15
      vertex 220.86971321526963 -24.714954984344722 15
    endloop
  endfacet
  facet normal 0 0 1
    outer loop
      vertex 229.5 -18 15
      vertex 220.86971321526963 -24.714954984344722 15
      vertex 221.09099025766974 -24.90900974233027 15
    endloop
  endfacet
  facet normal 0.5555702330196042 0.8314696123025439 0
    outer loop
      vertex 14.630286784730378 24.714954984344722 12
      vertex 14.630286784730378 24.714954984344722 15
      vertex 14.875 24.551442841485013 12
    endloop
  endfacet
  facet normal 0.6593458151000693 0.7518398074789769 0
    outer loop
      vertex 14.630286784730378 24.714954984344722 12
      vertex 14.409009742330268 24.90900974233027 12
      vertex 14.409009742330268 24.90900974233027 15
    endloop
  endfacet
  facet normal 0.75183980747898 0.659345815100066 0
    outer loop
      vertex 14.409009742330268 24.90900974233027 12
      vertex 14.214954984344722 25.13028678473038 12
      vertex 14.214954984344722 25.13028678473038 15
    endloop
  endfacet
  facet normal 0.831469612302542 0.5555702330196071 0
    outer loop
      vertex 14.214954984344722 25.13028678473038 12
      vertex 14.051442841485013 25.375 12
      vertex 14.051442841485013 25.375 15
    endloop
  endfacet
  facet normal 0.8968727415326891 0.4422886902189995 0
    outer loop
      vertex 14.051442841485013 25.375 12
      vertex 13.921271051849605 25.63896227717855 12
      vertex 13.921271051849605 25.63896227717855 15
    endloop
  endfacet
  facet normal 0.9807852804032302 0.19509032201612972 0
    outer loop
      vertex 13.826666890849596 25.91765714851933 12
      vertex 13.769249061908926 26.206316067504883 12
      vertex 13.769249061908926 26.206316067504883 15
    endloop
  endfacet
  facet normal 0.9469301294951052 0.32143946530316275 0
    outer loop
      vertex 13.921271051849605 25.63896227717855 12
      vertex 13.826666890849596 25.91765714851933 12
      vertex 13.826666890849596 25.91765714851933 15
    endloop
  endfacet
  facet normal 0.19509032201612275 0.9807852804032315 0
    outer loop
      vertex 15.417657148519329 24.326666890849594 12
      vertex 15.417657148519329 24.326666890849594 15
      vertex 15.706316067504885 24.269249061908926 12
    endloop
  endfacet
  facet normal 0.4422886902190019 0.896872741532688 0
    outer loop
      vertex 15.138962277178548 24.421271051849605 12
      vertex 14.875 24.551442841485013 12
      vertex 14.875 24.551442841485013 15
    endloop
  endfacet
  facet normal 0.3214394653031663 0.946930129495104 0
    outer loop
      vertex 15.417657148519329 24.326666890849594 12
      vertex 15.138962277178548 24.421271051849605 12
      vertex 15.138962277178548 24.421271051849605 15
    endloop
  endfacet
  facet normal 0.0654031292301422 0.9978589232386036 0
    outer loop
      vertex 15.706316067504885 24.269249061908926 12
      vertex 15.706316067504885 24.269249061908926 15
      vertex 16 24.25 12
    endloop
  endfacet
  facet normal -0.06540312923014181 0.9978589232386037 0
    outer loop
      vertex 16 24.25 12
      vertex 16 24.25 15
      vertex 16.293683932495117 24.269249061908926 12
    endloop
  endfacet
  facet normal -0.19509032201612392 0.9807852804032313 0
    outer loop
      vertex 16.293683932495117 24.269249061908926 12
      vertex 16.293683932495117 24.269249061908926 15
      vertex 16.58234285148067 24.326666890849594 12
    endloop
  endfacet
  facet normal -0.32143946530316814 0.9469301294951034 0
    outer loop
      vertex 16.58234285148067 24.326666890849594 12
      vertex 16.58234285148067 24.326666890849594 15
      vertex 16.86103772282145 24.421271051849605 12
    endloop
  endfacet
  facet normal -0.4422886902189995 0.8968727415326891 0
    outer loop
      vertex 16.86103772282145 24.421271051849605 12
      vertex 16.86103772282145 24.421271051849605 15
      vertex 17.125 24.551442841485013 12
    endloop
  endfacet
  facet normal -0.5555702330196071 0.831469612302542 0
    outer loop
      vertex 17.125 24.551442841485013 12
      vertex 17.125 24.551442841485013 15
      vertex 17.36971321526962 24.714954984344722 12
    endloop
  endfacet
  facet normal -0.6593458151000693 0.7518398074789769 0
    outer loop
      vertex 17.36971321526962 24.714954984344722 12
      vertex 17.36971321526962 24.714954984344722 15
      vertex 17.59099025766973 24.90900974233027 12
    endloop
  endfacet
  facet normal -0.7518398074789769 0.6593458151000693 0
    outer loop
      vertex 17.59099025766973 24.90900974233027 12
      vertex 17.59099025766973 24.90900974233027 15
      vertex 17.785045015655278 25.13028678473038 12
    endloop
  endfacet
  facet normal -0.831469612302542 0.5555702330196071 0
    outer loop
      vertex 17.785045015655278 25.13028678473038 12
      vertex 17.785045015655278 25.13028678473038 15
      vertex 17.948557158514987 25.375 12
    endloop
  endfacet
  facet normal -0.8968727415326891 0.4422886902189995 0
    outer loop
      vertex 17.948557158514987 25.375 12
      vertex 17.948557158514987 25.375 15
      vertex 18.078728948150395 25.63896227717855 12
    endloop
  endfacet
  facet normal -0.9469301294951034 0.32143946530316814 0
    outer loop
      vertex 18.078728948150395 25.63896227717855 12
      vertex 18.078728948150395 25.63896227717855 15
      vertex 18.173333109150406 25.91765714851933 12
    endloop
  endfacet
  facet normal -0.9807852804032313 0.19509032201612392 0
    outer loop
      vertex 18.173333109150406 25.91765714851933 12
      vertex 18.173333109150406 25.91765714851933 15
      vertex 18.230750938091074 26.206316067504883 12
    endloop
  endfacet
  facet normal 0.6593458151000693 0.7518398074789769 0
    outer loop
      vertex 14.630286784730378 24.714954984344722 12
      vertex 14.409009742330268 24.90900974233027 15
      vertex 14.630286784730378 24.714954984344722 15
    endloop
  endfacet
  facet normal 0.75183980747898 0.659345815100066 0
    outer loop
      vertex 14.409009742330268 24.90900974233027 12
      vertex 14.214954984344722 25.13028678473038 15
      vertex 14.409009742330268 24.90900974233027 15
    endloop
  endfacet
  facet normal 0.831469612302542 0.5555702330196071 0
    outer loop
      vertex 14.214954984344722 25.13028678473038 12
      vertex 14.051442841485013 25.375 15
      vertex 14.214954984344722 25.13028678473038 15
    endloop
  endfacet
  facet normal 0.8968727415326891 0.4422886902189995 0
    outer loop
      vertex 14.051442841485013 25.375 12
      vertex 13.921271051849605 25.63896227717855 15
      vertex 14.051442841485013 25.375 15
    endloop
  endfacet
  facet normal 0.9469301294951052 0.32143946530316275 0
    outer loop
      vertex 13.921271051849605 25.63896227717855 12
      vertex 13.826666890849596 25.91765714851933 15
      vertex 13.921271051849605 25.63896227717855 15
    endloop
  endfacet
  facet normal 0.9807852804032302 0.19509032201612972 0
    outer loop
      vertex 13.826666890849596 25.91765714851933 12
      vertex 13.769249061908926 26.206316067504883 15
      vertex 13.826666890849596 25.91765714851933 15
    endloop
  endfacet
  facet normal 0.19509032201612275 0.9807852804032315 0
    outer loop
      vertex 15.706316067504885 24.269249061908926 12
      vertex 15.417657148519329 24.326666890849594 15
      vertex 15.706316067504885 24.269249061908926 15
    endloop
  endfacet
  facet normal 0.4422886902190019 0.896872741532688 0
    outer loop
      vertex 15.138962277178548 24.421271051849605 12
      vertex 14.875 24.551442841485013 15
      vertex 15.138962277178548 24.421271051849605 15
    endloop
  endfacet
  facet normal 0.5555702330196042 0.8314696123025439 0
    outer loop
      vertex 14.875 24.551442841485013 12
      vertex 14.630286784730378 24.714954984344722 15
      vertex 14.875 24.551442841485013 15
    endloop
  endfacet
  facet normal 0.3214394653031663 0.946930129495104 0
    outer loop
      vertex 15.417657148519329 24.326666890849594 12
      vertex 15.138962277178548 24.421271051849605 15
      vertex 15.417657148519329 24.326666890849594 15
    endloop
  endfacet
  facet normal 0.0654031292301422 0.9978589232386036 0
    outer loop
      vertex 16 24.25 12
      vertex 15.706316067504885 24.269249061908926 15
      vertex 16 24.25 15
    endloop
  endfacet
  facet normal -0.06540312923014181 0.9978589232386037 0
    outer loop
      vertex 16.293683932495117 24.269249061908926 12
      vertex 16 24.25 15
      vertex 16.293683932495117 24.269249061908926 15
    endloop
  endfacet
  facet normal -0.19509032201612392 0.9807852804032313 0
    outer loop
      vertex 16.58234285148067 24.326666890849594 12
      vertex 16.293683932495117 24.269249061908926 15
      vertex 16.58234285148067 24.326666890849594 15
    endloop
  endfacet
  facet normal -0.32143946530316814 0.9469301294951034 0
    outer loop
      vertex 16.86103772282145 24.421271051849605 12
      vertex 16.58234285148067 24.326666890849594 15
      vertex 16.86103772282145 24.421271051849605 15
    endloop
  endfacet
  facet normal -0.4422886902189995 0.8968727415326891 0
    outer loop
      vertex 17.125 24.551442841485013 12
      vertex 16.86103772282145 24.421271051849605 15
      vertex 17.125 24.551442841485013 15
    endloop
  endfacet
  facet normal -0.5555702330196071 0.831469612302542 0
    outer loop
      vertex 17.36971321526962 24.714954984344722 12
      vertex 17.125 24.551442841485013 15
      vertex 17.36971321526962 24.714954984344722 15
    endloop
  endfacet
  facet normal -0.6593458151000693 0.7518398074789769 0
    outer loop
      vertex 17.59099025766973 24.90900974233027 12
      vertex 17.36971321526962 24.714954984344722 15
      vertex 17.59099025766973 24.90900974233027 15
    endloop
  endfacet
  facet normal -0.7518398074789769 0.6593458151000693 0
    outer loop
      vertex 17.785045015655278 25.13028678473038 12
      vertex 17.59099025766973 24.90900974233027 15
      vertex 17.785045015655278 25.13028678473038 15
    endloop
  endfacet
  facet normal -0.831469612302542 0.5555702330196071 0
    outer loop
      vertex 17.948557158514987 25.375 12
      vertex 17.785045015655278 25.13028678473038 15
      vertex 17.948557158514987 25.375 15
    endloop
  endfacet
  facet normal -0.8968727415326891 0.4422886902189995 0
    outer loop
      vertex 18.078728948150395 25.63896227717855 12
      vertex 17.948557158514987 25.375 15
      vertex 18.078728948150395 25.63896227717855 15
    endloop
  endfacet
  facet normal -0.9469301294951034 0.32143946530316814 0
    outer loop
      vertex 18.173333109150406 25.91765714851933 12
      vertex 18.078728948150395 25.63896227717855 15
      vertex 18.173333109150406 25.91765714851933 15
    endloop
  endfacet
  facet normal -0.9807852804032313 0.19509032201612392 0
    outer loop
      vertex 18.230750938091074 26.206316067504883 12
      vertex 18.173333109150406 25.91765714851933 15
      vertex 18.230750938091074 26.206316067504883 15
    endloop
  endfacet
  facet normal 0.9978589232386037 0.06540312923014181 0
    outer loop
      vertex 13.769249061908926 26.206316067504883 12
      vertex 13.75 26.5 12
      vertex 13.75 26.5 15
    endloop
  endfacet
  facet normal 0.9978589232386037 -0.06540312923014181 0
    outer loop
      vertex 13.75 26.5 12
      vertex 13.769249061908926 26.793683932495117 12
      vertex 13.769249061908926 26.793683932495117 15
    endloop
  endfacet
  facet normal 0.9807852804032302 -0.19509032201612972 0
    outer loop
      vertex 13.769249061908926 26.793683932495117 12
      vertex 13.826666890849596 27.08234285148067 12
      vertex 13.826666890849596 27.08234285148067 15
    endloop
  endfacet
  facet normal 0.9469301294951052 -0.32143946530316275 0
    outer loop
      vertex 13.826666890849596 27.08234285148067 12
      vertex 13.921271051849605 27.36103772282145 12
      vertex 13.921271051849605 27.36103772282145 15
    endloop
  endfacet
  facet normal 0.8968727415326891 -0.4422886902189995 0
    outer loop
      vertex 13.921271051849605 27.36103772282145 12
      vertex 14.051442841485013 27.625 12
      vertex 14.051442841485013 27.625 15
    endloop
  endfacet
  facet normal 0.831469612302542 -0.5555702330196071 0
    outer loop
      vertex 14.051442841485013 27.625 12
      vertex 14.214954984344722 27.86971321526962 12
      vertex 14.214954984344722 27.86971321526962 15
    endloop
  endfacet
  facet normal 0.75183980747898 -0.659345815100066 0
    outer loop
      vertex 14.214954984344722 27.86971321526962 12
      vertex 14.409009742330268 28.09099025766973 12
      vertex 14.409009742330268 28.09099025766973 15
    endloop
  endfacet
  facet normal 0.6593458151000693 -0.7518398074789769 0
    outer loop
      vertex 14.409009742330268 28.09099025766973 12
      vertex 14.630286784730378 28.285045015655278 12
      vertex 14.630286784730378 28.285045015655278 15
    endloop
  endfacet
  facet normal -0.9978589232386037 0.06540312923014181 0
    outer loop
      vertex 18.230750938091074 26.206316067504883 12
      vertex 18.230750938091074 26.206316067504883 15
      vertex 18.25 26.5 12
    endloop
  endfacet
  facet normal -0.9978589232386037 -0.06540312923014181 0
    outer loop
      vertex 18.25 26.5 12
      vertex 18.25 26.5 15
      vertex 18.230750938091074 26.793683932495117 12
    endloop
  endfacet
  facet normal -0.9807852804032313 -0.19509032201612392 0
    outer loop
      vertex 18.230750938091074 26.793683932495117 12
      vertex 18.230750938091074 26.793683932495117 15
      vertex 18.173333109150406 27.08234285148067 12
    endloop
  endfacet
  facet normal -0.9469301294951034 -0.32143946530316814 0
    outer loop
      vertex 18.173333109150406 27.08234285148067 12
      vertex 18.173333109150406 27.08234285148067 15
      vertex 18.078728948150395 27.36103772282145 12
    endloop
  endfacet
  facet normal 0.5555702330196042 -0.8314696123025439 0
    outer loop
      vertex 14.630286784730378 28.285045015655278 12
      vertex 14.875 28.448557158514987 12
      vertex 14.875 28.448557158514987 15
    endloop
  endfacet
  facet normal -0.8968727415326891 -0.4422886902189995 0
    outer loop
      vertex 18.078728948150395 27.36103772282145 12
      vertex 18.078728948150395 27.36103772282145 15
      vertex 17.948557158514987 27.625 12
    endloop
  endfacet
  facet normal -0.831469612302542 -0.5555702330196071 0
    outer loop
      vertex 17.948557158514987 27.625 12
      vertex 17.948557158514987 27.625 15
      vertex 17.785045015655278 27.86971321526962 12
    endloop
  endfacet
  facet normal -0.5555702330196071 -0.831469612302542 0
    outer loop
      vertex 17.36971321526962 28.285045015655278 12
      vertex 17.36971321526962 28.285045015655278 15
      vertex 17.125 28.448557158514987 12
    endloop
  endfacet
  facet normal -0.7518398074789769 -0.6593458151000693 0
    outer loop
      vertex 17.785045015655278 27.86971321526962 12
      vertex 17.785045015655278 27.86971321526962 15
      vertex 17.59099025766973 28.09099025766973 12
    endloop
  endfacet
  facet normal -0.6593458151000693 -0.7518398074789769 0
    outer loop
      vertex 17.36971321526962 28.285045015655278 12
      vertex 17.59099025766973 28.09099025766973 12
      vertex 17.59099025766973 28.09099025766973 15
    endloop
  endfacet
  facet normal 0.4422886902190019 -0.896872741532688 0
    outer loop
      vertex 14.875 28.448557158514987 12
      vertex 15.138962277178548 28.578728948150395 12
      vertex 15.138962277178548 28.578728948150395 15
    endloop
  endfacet
  facet normal 0.3214394653031663 -0.946930129495104 0
    outer loop
      vertex 15.138962277178548 28.578728948150395 12
      vertex 15.417657148519329 28.673333109150406 12
      vertex 15.417657148519329 28.673333109150406 15
    endloop
  endfacet
  facet normal 0.19509032201612275 -0.9807852804032315 0
    outer loop
      vertex 15.417657148519329 28.673333109150406 12
      vertex 15.706316067504885 28.730750938091074 12
      vertex 15.706316067504885 28.730750938091074 15
    endloop
  endfacet
  facet normal -0.19509032201612392 -0.9807852804032313 0
    outer loop
      vertex 16.293683932495117 28.730750938091074 12
      vertex 16.58234285148067 28.673333109150406 12
      vertex 16.58234285148067 28.673333109150406 15
    endloop
  endfacet
  facet normal 0.0654031292301422 -0.9978589232386036 0
    outer loop
      vertex 15.706316067504885 28.730750938091074 12
      vertex 16 28.75 12
      vertex 16 28.75 15
    endloop
  endfacet
  facet normal -0.06540312923014181 -0.9978589232386037 0
    outer loop
      vertex 16.293683932495117 28.730750938091074 12
      vertex 16.293683932495117 28.730750938091074 15
      vertex 16 28.75 12
    endloop
  endfacet
  facet normal -0.32143946530316814 -0.9469301294951034 0
    outer loop
      vertex 16.86103772282145 28.578728948150395 12
      vertex 16.86103772282145 28.578728948150395 15
      vertex 16.58234285148067 28.673333109150406 12
    endloop
  endfacet
  facet normal -0.4422886902189995 -0.8968727415326891 0
    outer loop
      vertex 17.125 28.448557158514987 12
      vertex 17.125 28.448557158514987 15
      vertex 16.86103772282145 28.578728948150395 12
    endloop
  endfacet
  facet normal 0.9978589232386037 0.06540312923014181 0
    outer loop
      vertex 13.769249061908926 26.206316067504883 12
      vertex 13.75 26.5 15
      vertex 13.769249061908926 26.206316067504883 15
    endloop
  endfacet
  facet normal 0.9978589232386037 -0.06540312923014181 0
    outer loop
      vertex 13.75 26.5 12
      vertex 13.769249061908926 26.793683932495117 15
      vertex 13.75 26.5 15
    endloop
  endfacet
  facet normal 0.9807852804032302 -0.19509032201612972 0
    outer loop
      vertex 13.769249061908926 26.793683932495117 12
      vertex 13.826666890849596 27.08234285148067 15
      vertex 13.769249061908926 26.793683932495117 15
    endloop
  endfacet
  facet normal 0.9469301294951052 -0.32143946530316275 0
    outer loop
      vertex 13.826666890849596 27.08234285148067 12
      vertex 13.921271051849605 27.36103772282145 15
      vertex 13.826666890849596 27.08234285148067 15
    endloop
  endfacet
  facet normal 0.8968727415326891 -0.4422886902189995 0
    outer loop
      vertex 13.921271051849605 27.36103772282145 12
      vertex 14.051442841485013 27.625 15
      vertex 13.921271051849605 27.36103772282145 15
    endloop
  endfacet
  facet normal 0.831469612302542 -0.5555702330196071 0
    outer loop
      vertex 14.051442841485013 27.625 12
      vertex 14.214954984344722 27.86971321526962 15
      vertex 14.051442841485013 27.625 15
    endloop
  endfacet
  facet normal 0.75183980747898 -0.659345815100066 0
    outer loop
      vertex 14.214954984344722 27.86971321526962 12
      vertex 14.409009742330268 28.09099025766973 15
      vertex 14.214954984344722 27.86971321526962 15
    endloop
  endfacet
  facet normal 0.6593458151000693 -0.7518398074789769 0
    outer loop
      vertex 14.409009742330268 28.09099025766973 12
      vertex 14.630286784730378 28.285045015655278 15
      vertex 14.409009742330268 28.09099025766973 15
    endloop
  endfacet
  facet normal 0.5555702330196042 -0.8314696123025439 0
    outer loop
      vertex 14.630286784730378 28.285045015655278 12
      vertex 14.875 28.448557158514987 15
      vertex 14.630286784730378 28.285045015655278 15
    endloop
  endfacet
  facet normal -0.9978589232386037 0.06540312923014181 0
    outer loop
      vertex 18.25 26.5 12
      vertex 18.230750938091074 26.206316067504883 15
      vertex 18.25 26.5 15
    endloop
  endfacet
  facet normal -0.9978589232386037 -0.06540312923014181 0
    outer loop
      vertex 18.230750938091074 26.793683932495117 12
      vertex 18.25 26.5 15
      vertex 18.230750938091074 26.793683932495117 15
    endloop
  endfacet
  facet normal -0.9807852804032313 -0.19509032201612392 0
    outer loop
      vertex 18.173333109150406 27.08234285148067 12
      vertex 18.230750938091074 26.793683932495117 15
      vertex 18.173333109150406 27.08234285148067 15
    endloop
  endfacet
  facet normal -0.9469301294951034 -0.32143946530316814 0
    outer loop
      vertex 18.078728948150395 27.36103772282145 12
      vertex 18.173333109150406 27.08234285148067 15
      vertex 18.078728948150395 27.36103772282145 15
    endloop
  endfacet
  facet normal -0.8968727415326891 -0.4422886902189995 0
    outer loop
      vertex 17.948557158514987 27.625 12
      vertex 18.078728948150395 27.36103772282145 15
      vertex 17.948557158514987 27.625 15
    endloop
  endfacet
  facet normal -0.831469612302542 -0.5555702330196071 0
    outer loop
      vertex 17.785045015655278 27.86971321526962 12
      vertex 17.948557158514987 27.625 15
      vertex 17.785045015655278 27.86971321526962 15
    endloop
  endfacet
  facet normal -0.6593458151000693 -0.7518398074789769 0
    outer loop
      vertex 17.36971321526962 28.285045015655278 12
      vertex 17.59099025766973 28.09099025766973 15
      vertex 17.36971321526962 28.285045015655278 15
    endloop
  endfacet
  facet normal -0.5555702330196071 -0.831469612302542 0
    outer loop
      vertex 17.125 28.448557158514987 12
      vertex 17.36971321526962 28.285045015655278 15
      vertex 17.125 28.448557158514987 15
    endloop
  endfacet
  facet normal -0.7518398074789769 -0.6593458151000693 0
    outer loop
      vertex 17.59099025766973 28.09099025766973 12
      vertex 17.785045015655278 27.86971321526962 15
      vertex 17.59099025766973 28.09099025766973 15
    endloop
  endfacet
  facet normal 0.4422886902190019 -0.896872741532688 0
    outer loop
      vertex 14.875 28.448557158514987 12
      vertex 15.138962277178548 28.578728948150395 15
      vertex 14.875 28.448557158514987 15
    endloop
  endfacet
  facet normal 0.3214394653031663 -0.946930129495104 0
    outer loop
      vertex 15.138962277178548 28.578728948150395 12
      vertex 15.417657148519329 28.673333109150406 15
      vertex 15.138962277178548 28.578728948150395 15
    endloop
  endfacet
  facet normal 0.19509032201612275 -0.9807852804032315 0
    outer loop
      vertex 15.417657148519329 28.673333109150406 12
      vertex 15.706316067504885 28.730750938091074 15
      vertex 15.417657148519329 28.673333109150406 15
    endloop
  endfacet
  facet normal 0.0654031292301422 -0.9978589232386036 0
    outer loop
      vertex 15.706316067504885 28.730750938091074 12
      vertex 16 28.75 15
      vertex 15.706316067504885 28.730750938091074 15
    endloop
  endfacet
  facet normal -0.06540312923014181 -0.9978589232386037 0
    outer loop
      vertex 16 28.75 12
      vertex 16.293683932495117 28.730750938091074 15
      vertex 16 28.75 15
    endloop
  endfacet
  facet normal -0.19509032201612392 -0.9807852804032313 0
    outer loop
      vertex 16.293683932495117 28.730750938091074 12
      vertex 16.58234285148067 28.673333109150406 15
      vertex 16.293683932495117 28.730750938091074 15
    endloop
  endfacet
  facet normal -0.4422886902189995 -0.8968727415326891 0
    outer loop
      vertex 16.86103772282145 28.578728948150395 12
      vertex 17.125 28.448557158514987 15
      vertex 16.86103772282145 28.578728948150395 15
    endloop
  endfacet
  facet normal -0.32143946530316814 -0.9469301294951034 0
    outer loop
      vertex 16.58234285148067 28.673333109150406 12
      vertex 16.86103772282145 28.578728948150395 15
      vertex 16.58234285148067 28.673333109150406 15
    endloop
  endfacet
  facet normal 0.44228869021901873 0.8968727415326798 0
    outer loop
      vertex 218.63896227717854 -28.578728948150395 12
      vertex 218.375 -28.448557158514987 12
      vertex 218.375 -28.448557158514987 15
    endloop
  endfacet
  facet normal 0.32143946530314244 0.9469301294951121 0
    outer loop
      vertex 218.91765714851934 -28.673333109150406 12
      vertex 218.63896227717854 -28.578728948150395 12
      vertex 218.63896227717854 -28.578728948150395 15
    endloop
  endfacet
  facet normal 0.06540312923013944 0.9978589232386037 0
    outer loop
      vertex 219.20631606750487 -28.730750938091074 12
      vertex 219.20631606750487 -28.730750938091074 15
      vertex 219.5 -28.75 12
    endloop
  endfacet
  facet normal -0.06540312923013944 0.9978589232386037 0
    outer loop
      vertex 219.5 -28.75 12
      vertex 219.5 -28.75 15
      vertex 219.79368393249513 -28.730750938091074 12
    endloop
  endfacet
  facet normal 0.19509032201613774 0.9807852804032284 0
    outer loop
      vertex 218.91765714851934 -28.673333109150406 12
      vertex 218.91765714851934 -28.673333109150406 15
      vertex 219.20631606750487 -28.730750938091074 12
    endloop
  endfacet
  facet normal -0.19509032201613774 0.9807852804032284 0
    outer loop
      vertex 219.79368393249513 -28.730750938091074 12
      vertex 219.79368393249513 -28.730750938091074 15
      vertex 220.08234285148066 -28.673333109150406 12
    endloop
  endfacet
  facet normal -0.32143946530314244 0.9469301294951121 0
    outer loop
      vertex 220.08234285148066 -28.673333109150406 12
      vertex 220.08234285148066 -28.673333109150406 15
      vertex 220.36103772282146 -28.578728948150395 12
    endloop
  endfacet
  facet normal -0.44228869021901873 0.8968727415326798 0
    outer loop
      vertex 220.36103772282146 -28.578728948150395 12
      vertex 220.36103772282146 -28.578728948150395 15
      vertex 220.625 -28.448557158514987 12
    endloop
  endfacet
  facet normal 0.6593458151000573 0.7518398074789874 0
    outer loop
      vertex 217.90900974233026 -28.09099025766973 12
      vertex 217.90900974233026 -28.09099025766973 15
      vertex 218.13028678473037 -28.285045015655278 12
    endloop
  endfacet
  facet normal 0.7518398074790129 0.6593458151000284 0
    outer loop
      vertex 217.90900974233026 -28.09099025766973 12
      vertex 217.71495498434473 -27.86971321526962 12
      vertex 217.71495498434473 -27.86971321526962 15
    endloop
  endfacet
  facet normal 0.5555702330195958 0.8314696123025495 0
    outer loop
      vertex 218.375 -28.448557158514987 12
      vertex 218.13028678473037 -28.285045015655278 12
      vertex 218.13028678473037 -28.285045015655278 15
    endloop
  endfacet
  facet normal 0.8314696123025532 0.5555702330195903 0
    outer loop
      vertex 217.71495498434473 -27.86971321526962 12
      vertex 217.55144284148503 -27.625 12
      vertex 217.55144284148503 -27.625 15
    endloop
  endfacet
  facet normal 0.8968727415326652 0.44228869021904804 0
    outer loop
      vertex 217.55144284148503 -27.625 12
      vertex 217.4212710518496 -27.36103772282145 12
      vertex 217.4212710518496 -27.36103772282145 15
    endloop
  endfacet
  facet normal -0.5555702330195958 0.8314696123025495 0
    outer loop
      vertex 220.625 -28.448557158514987 12
      vertex 220.625 -28.448557158514987 15
      vertex 220.86971321526963 -28.285045015655278 12
    endloop
  endfacet
  facet normal 0.9469301294951071 0.3214394653031573 0
    outer loop
      vertex 217.4212710518496 -27.36103772282145 12
      vertex 217.3266668908496 -27.08234285148067 12
      vertex 217.3266668908496 -27.08234285148067 15
    endloop
  endfacet
  facet normal 0.9807852804032382 0.19509032201608908 0
    outer loop
      vertex 217.3266668908496 -27.08234285148067 12
      vertex 217.26924906190894 -26.793683932495117 12
      vertex 217.26924906190894 -26.793683932495117 15
    endloop
  endfacet
  facet normal 0.9978589232386013 0.06540312923017787 0
    outer loop
      vertex 217.26924906190894 -26.793683932495117 12
      vertex 217.25 -26.5 12
      vertex 217.25 -26.5 15
    endloop
  endfacet
  facet normal 0.9978589232386013 -0.06540312923017787 0
    outer loop
      vertex 217.25 -26.5 12
      vertex 217.26924906190894 -26.206316067504883 12
      vertex 217.26924906190894 -26.206316067504883 15
    endloop
  endfacet
  facet normal -0.6593458151000573 0.7518398074789874 0
    outer loop
      vertex 220.86971321526963 -28.285045015655278 12
      vertex 220.86971321526963 -28.285045015655278 15
      vertex 221.09099025766974 -28.09099025766973 12
    endloop
  endfacet
  facet normal -0.7518398074790129 0.6593458151000284 0
    outer loop
      vertex 221.09099025766974 -28.09099025766973 12
      vertex 221.09099025766974 -28.09099025766973 15
      vertex 221.28504501565527 -27.86971321526962 12
    endloop
  endfacet
  facet normal -0.8314696123025532 0.5555702330195903 0
    outer loop
      vertex 221.28504501565527 -27.86971321526962 12
      vertex 221.28504501565527 -27.86971321526962 15
      vertex 221.44855715851497 -27.625 12
    endloop
  endfacet
  facet normal -0.8968727415326652 0.44228869021904804 0
    outer loop
      vertex 221.44855715851497 -27.625 12
      vertex 221.44855715851497 -27.625 15
      vertex 221.5787289481504 -27.36103772282145 12
    endloop
  endfacet
  facet normal -0.9469301294951071 0.3214394653031573 0
    outer loop
      vertex 221.5787289481504 -27.36103772282145 12
      vertex 221.5787289481504 -27.36103772282145 15
      vertex 221.6733331091504 -27.08234285148067 12
    endloop
  endfacet
  facet normal -0.9807852804032382 0.19509032201608908 0
    outer loop
      vertex 221.6733331091504 -27.08234285148067 12
      vertex 221.6733331091504 -27.08234285148067 15
      vertex 221.73075093809106 -26.793683932495117 12
    endloop
  endfacet
  facet normal -0.9978589232386013 0.06540312923017787 0
    outer loop
      vertex 221.73075093809106 -26.793683932495117 12
      vertex 221.73075093809106 -26.793683932495117 15
      vertex 221.75 -26.5 12
    endloop
  endfacet
  facet normal -0.9978589232386013 -0.06540312923017787 0
    outer loop
      vertex 221.75 -26.5 12
      vertex 221.75 -26.5 15
      vertex 221.73075093809106 -26.206316067504883 12
    endloop
  endfacet
  facet normal 0.32143946530314244 0.9469301294951121 0
    outer loop
      vertex 218.91765714851934 -28.673333109150406 12
      vertex 218.63896227717854 -28.578728948150395 15
      vertex 218.91765714851934 -28.673333109150406 15
    endloop
  endfacet
  facet normal 0.44228869021901873 0.8968727415326798 0
    outer loop
      vertex 218.63896227717854 -28.578728948150395 12
      vertex 218.375 -28.448557158514987 15
      vertex 218.63896227717854 -28.578728948150395 15
    endloop
  endfacet
  facet normal 0.19509032201613774 0.9807852804032284 0
    outer loop
      vertex 219.20631606750487 -28.730750938091074 12
      vertex 218.91765714851934 -28.673333109150406 15
      vertex 219.20631606750487 -28.730750938091074 15
    endloop
  endfacet
  facet normal 0.06540312923013944 0.9978589232386037 0
    outer loop
      vertex 219.5 -28.75 12
      vertex 219.20631606750487 -28.730750938091074 15
      vertex 219.5 -28.75 15
    endloop
  endfacet
  facet normal -0.06540312923013944 0.9978589232386037 0
    outer loop
      vertex 219.79368393249513 -28.730750938091074 12
      vertex 219.5 -28.75 15
      vertex 219.79368393249513 -28.730750938091074 15
    endloop
  endfacet
  facet normal -0.19509032201613774 0.9807852804032284 0
    outer loop
      vertex 220.08234285148066 -28.673333109150406 12
      vertex 219.79368393249513 -28.730750938091074 15
      vertex 220.08234285148066 -28.673333109150406 15
    endloop
  endfacet
  facet normal -0.32143946530314244 0.9469301294951121 0
    outer loop
      vertex 220.36103772282146 -28.578728948150395 12
      vertex 220.08234285148066 -28.673333109150406 15
      vertex 220.36103772282146 -28.578728948150395 15
    endloop
  endfacet
  facet normal -0.44228869021901873 0.8968727415326798 0
    outer loop
      vertex 220.625 -28.448557158514987 12
      vertex 220.36103772282146 -28.578728948150395 15
      vertex 220.625 -28.448557158514987 15
    endloop
  endfacet
  facet normal 0.7518398074790129 0.6593458151000284 0
    outer loop
      vertex 217.90900974233026 -28.09099025766973 12
      vertex 217.71495498434473 -27.86971321526962 15
      vertex 217.90900974233026 -28.09099025766973 15
    endloop
  endfacet
  facet normal 0.5555702330195958 0.8314696123025495 0
    outer loop
      vertex 218.375 -28.448557158514987 12
      vertex 218.13028678473037 -28.285045015655278 15
      vertex 218.375 -28.448557158514987 15
    endloop
  endfacet
  facet normal 0.6593458151000573 0.7518398074789874 0
    outer loop
      vertex 218.13028678473037 -28.285045015655278 12
      vertex 217.90900974233026 -28.09099025766973 15
      vertex 218.13028678473037 -28.285045015655278 15
    endloop
  endfacet
  facet normal 0.8314696123025532 0.5555702330195903 0
    outer loop
      vertex 217.71495498434473 -27.86971321526962 12
      vertex 217.55144284148503 -27.625 15
      vertex 217.71495498434473 -27.86971321526962 15
    endloop
  endfacet
  facet normal 0.8968727415326652 0.44228869021904804 0
    outer loop
      vertex 217.55144284148503 -27.625 12
      vertex 217.4212710518496 -27.36103772282145 15
      vertex 217.55144284148503 -27.625 15
    endloop
  endfacet
  facet normal 0.9469301294951071 0.3214394653031573 0
    outer loop
      vertex 217.4212710518496 -27.36103772282145 12
      vertex 217.3266668908496 -27.08234285148067 15
      vertex 217.4212710518496 -27.36103772282145 15
    endloop
  endfacet
  facet normal 0.9807852804032382 0.19509032201608908 0
    outer loop
      vertex 217.3266668908496 -27.08234285148067 12
      vertex 217.26924906190894 -26.793683932495117 15
      vertex 217.3266668908496 -27.08234285148067 15
    endloop
  endfacet
  facet normal 0.9978589232386013 0.06540312923017787 0
    outer loop
      vertex 217.26924906190894 -26.793683932495117 12
      vertex 217.25 -26.5 15
      vertex 217.26924906190894 -26.793683932495117 15
    endloop
  endfacet
  facet normal 0.9978589232386013 -0.06540312923017787 0
    outer loop
      vertex 217.25 -26.5 12
      vertex 217.26924906190894 -26.206316067504883 15
      vertex 217.25 -26.5 15
    endloop
  endfacet
  facet normal -0.5555702330195958 0.8314696123025495 0
    outer loop
      vertex 220.86971321526963 -28.285045015655278 12
      vertex 220.625 -28.448557158514987 15
      vertex 220.86971321526963 -28.285045015655278 15
    endloop
  endfacet
  facet normal -0.6593458151000573 0.7518398074789874 0
    outer loop
      vertex 221.09099025766974 -28.09099025766973 12
      vertex 220.86971321526963 -28.285045015655278 15
      vertex 221.09099025766974 -28.09099025766973 15
    endloop
  endfacet
  facet normal -0.7518398074790129 0.6593458151000284 0
    outer loop
      vertex 221.28504501565527 -27.86971321526962 12
      vertex 221.09099025766974 -28.09099025766973 15
      vertex 221.28504501565527 -27.86971321526962 15
    endloop
  endfacet
  facet normal -0.8314696123025532 0.5555702330195903 0
    outer loop
      vertex 221.44855715851497 -27.625 12
      vertex 221.28504501565527 -27.86971321526962 15
      vertex 221.44855715851497 -27.625 15
    endloop
  endfacet
  facet normal -0.8968727415326652 0.44228869021904804 0
    outer loop
      vertex 221.5787289481504 -27.36103772282145 12
      vertex 221.44855715851497 -27.625 15
      vertex 221.5787289481504 -27.36103772282145 15
    endloop
  endfacet
  facet normal -0.9469301294951071 0.3214394653031573 0
    outer loop
      vertex 221.6733331091504 -27.08234285148067 12
      vertex 221.5787289481504 -27.36103772282145 15
      vertex 221.6733331091504 -27.08234285148067 15
    endloop
  endfacet
  facet normal -0.9807852804032382 0.19509032201608908 0
    outer loop
      vertex 221.73075093809106 -26.793683932495117 12
      vertex 221.6733331091504 -27.08234285148067 15
      vertex 221.73075093809106 -26.793683932495117 15
    endloop
  endfacet
  facet normal -0.9978589232386013 0.06540312923017787 0
    outer loop
      vertex 221.75 -26.5 12
      vertex 221.73075093809106 -26.793683932495117 15
      vertex 221.75 -26.5 15
    endloop
  endfacet
  facet normal -0.9978589232386013 -0.06540312923017787 0
    outer loop
      vertex 221.73075093809106 -26.206316067504883 12
      vertex 221.75 -26.5 15
      vertex 221.73075093809106 -26.206316067504883 15
    endloop
  endfacet
  facet normal 0.9807852804032382 -0.19509032201608908 0
    outer loop
      vertex 217.26924906190894 -26.206316067504883 12
      vertex 217.3266668908496 -25.91765714851933 12
      vertex 217.3266668908496 -25.91765714851933 15
    endloop
  endfacet
  facet normal 0.9469301294951071 -0.3214394653031573 0
    outer loop
      vertex 217.3266668908496 -25.91765714851933 12
      vertex 217.4212710518496 -25.63896227717855 12
      vertex 217.4212710518496 -25.63896227717855 15
    endloop
  endfacet
  facet normal 0.8968727415326652 -0.44228869021904804 0
    outer loop
      vertex 217.4212710518496 -25.63896227717855 12
      vertex 217.55144284148503 -25.375 12
      vertex 217.55144284148503 -25.375 15
    endloop
  endfacet
  facet normal 0.8314696123025532 -0.5555702330195903 0
    outer loop
      vertex 217.55144284148503 -25.375 12
      vertex 217.71495498434473 -25.13028678473038 12
      vertex 217.71495498434473 -25.13028678473038 15
    endloop
  endfacet
  facet normal 0.7518398074790129 -0.6593458151000284 0
    outer loop
      vertex 217.71495498434473 -25.13028678473038 12
      vertex 217.90900974233026 -24.90900974233027 12
      vertex 217.90900974233026 -24.90900974233027 15
    endloop
  endfacet
  facet normal 0.6593458151000573 -0.7518398074789874 0
    outer loop
      vertex 217.90900974233026 -24.90900974233027 12
      vertex 218.13028678473037 -24.714954984344722 12
      vertex 218.13028678473037 -24.714954984344722 15
    endloop
  endfacet
  facet normal 0.5555702330195958 -0.8314696123025495 0
    outer loop
      vertex 218.13028678473037 -24.714954984344722 12
      vertex 218.375 -24.551442841485013 12
      vertex 218.375 -24.551442841485013 15
    endloop
  endfacet
  facet normal 0.44228869021901873 -0.8968727415326798 0
    outer loop
      vertex 218.375 -24.551442841485013 12
      vertex 218.63896227717854 -24.421271051849605 12
      vertex 218.63896227717854 -24.421271051849605 15
    endloop
  endfacet
  facet normal 0.32143946530314244 -0.9469301294951121 0
    outer loop
      vertex 218.63896227717854 -24.421271051849605 12
      vertex 218.91765714851934 -24.326666890849594 12
      vertex 218.91765714851934 -24.326666890849594 15
    endloop
  endfacet
  facet normal 0.19509032201613774 -0.9807852804032284 0
    outer loop
      vertex 218.91765714851934 -24.326666890849594 12
      vertex 219.20631606750487 -24.269249061908926 12
      vertex 219.20631606750487 -24.269249061908926 15
    endloop
  endfacet
  facet normal 0.06540312923013944 -0.9978589232386037 0
    outer loop
      vertex 219.20631606750487 -24.269249061908926 12
      vertex 219.5 -24.25 12
      vertex 219.5 -24.25 15
    endloop
  endfacet
  facet normal -0.06540312923013944 -0.9978589232386037 0
    outer loop
      vertex 219.79368393249513 -24.269249061908926 12
      vertex 219.79368393249513 -24.269249061908926 15
      vertex 219.5 -24.25 12
    endloop
  endfacet
  facet normal -0.32143946530314244 -0.9469301294951121 0
    outer loop
      vertex 220.36103772282146 -24.421271051849605 12
      vertex 220.36103772282146 -24.421271051849605 15
      vertex 220.08234285148066 -24.326666890849594 12
    endloop
  endfacet
  facet normal -0.44228869021901873 -0.8968727415326798 0
    outer loop
      vertex 220.625 -24.551442841485013 12
      vertex 220.625 -24.551442841485013 15
      vertex 220.36103772282146 -24.421271051849605 12
    endloop
  endfacet
  facet normal -0.19509032201613774 -0.9807852804032284 0
    outer loop
      vertex 219.79368393249513 -24.269249061908926 12
      vertex 220.08234285148066 -24.326666890849594 12
      vertex 220.08234285148066 -24.326666890849594 15
    endloop
  endfacet
  facet normal -0.9469301294951071 -0.3214394653031573 0
    outer loop
      vertex 221.6733331091504 -25.91765714851933 12
      vertex 221.6733331091504 -25.91765714851933 15
      vertex 221.5787289481504 -25.63896227717855 12
    endloop
  endfacet
  facet normal -0.9807852804032382 -0.19509032201608908 0
    outer loop
      vertex 221.73075093809106 -26.206316067504883 12
      vertex 221.73075093809106 -26.206316067504883 15
      vertex 221.6733331091504 -25.91765714851933 12
    endloop
  endfacet
  facet normal -0.8968727415326652 -0.44228869021904804 0
    outer loop
      vertex 221.5787289481504 -25.63896227717855 12
      vertex 221.5787289481504 -25.63896227717855 15
      vertex 221.44855715851497 -25.375 12
    endloop
  endfacet
  facet normal -0.8314696123025532 -0.5555702330195903 0
    outer loop
      vertex 221.44855715851497 -25.375 12
      vertex 221.44855715851497 -25.375 15
      vertex 221.28504501565527 -25.13028678473038 12
    endloop
  endfacet
  facet normal -0.7518398074790129 -0.6593458151000284 0
    outer loop
      vertex 221.28504501565527 -25.13028678473038 12
      vertex 221.28504501565527 -25.13028678473038 15
      vertex 221.09099025766974 -24.90900974233027 12
    endloop
  endfacet
  facet normal -0.6593458151000573 -0.7518398074789874 0
    outer loop
      vertex 221.09099025766974 -24.90900974233027 12
      vertex 221.09099025766974 -24.90900974233027 15
      vertex 220.86971321526963 -24.714954984344722 12
    endloop
  endfacet
  facet normal -0.5555702330195958 -0.8314696123025495 0
    outer loop
      vertex 220.625 -24.551442841485013 12
      vertex 220.86971321526963 -24.714954984344722 12
      vertex 220.86971321526963 -24.714954984344722 15
    endloop
  endfacet
  facet normal 0.9807852804032382 -0.19509032201608908 0
    outer loop
      vertex 217.26924906190894 -26.206316067504883 12
      vertex 217.3266668908496 -25.91765714851933 15
      vertex 217.26924906190894 -26.206316067504883 15
    endloop
  endfacet
  facet normal 0.9469301294951071 -0.3214394653031573 0
    outer loop
      vertex 217.3266668908496 -25.91765714851933 12
      vertex 217.4212710518496 -25.63896227717855 15
      vertex 217.3266668908496 -25.91765714851933 15
    endloop
  endfacet
  facet normal 0.8968727415326652 -0.44228869021904804 0
    outer loop
      vertex 217.4212710518496 -25.63896227717855 12
      vertex 217.55144284148503 -25.375 15
      vertex 217.4212710518496 -25.63896227717855 15
    endloop
  endfacet
  facet normal 0.8314696123025532 -0.5555702330195903 0
    outer loop
      vertex 217.55144284148503 -25.375 12
      vertex 217.71495498434473 -25.13028678473038 15
      vertex 217.55144284148503 -25.375 15
    endloop
  endfacet
  facet normal 0.7518398074790129 -0.6593458151000284 0
    outer loop
      vertex 217.71495498434473 -25.13028678473038 12
      vertex 217.90900974233026 -24.90900974233027 15
      vertex 217.71495498434473 -25.13028678473038 15
    endloop
  endfacet
  facet normal 0.6593458151000573 -0.7518398074789874 0
    outer loop
      vertex 217.90900974233026 -24.90900974233027 12
      vertex 218.13028678473037 -24.714954984344722 15
      vertex 217.90900974233026 -24.90900974233027 15
    endloop
  endfacet
  facet normal 0.5555702330195958 -0.8314696123025495 0
    outer loop
      vertex 218.13028678473037 -24.714954984344722 12
      vertex 218.375 -24.551442841485013 15
      vertex 218.13028678473037 -24.714954984344722 15
    endloop
  endfacet
  facet normal 0.44228869021901873 -0.8968727415326798 0
    outer loop
      vertex 218.375 -24.551442841485013 12
      vertex 218.63896227717854 -24.421271051849605 15
      vertex 218.375 -24.551442841485013 15
    endloop
  endfacet
  facet normal 0.32143946530314244 -0.9469301294951121 0
    outer loop
      vertex 218.63896227717854 -24.421271051849605 12
      vertex 218.91765714851934 -24.326666890849594 15
      vertex 218.63896227717854 -24.421271051849605 15
    endloop
  endfacet
  facet normal 0.19509032201613774 -0.9807852804032284 0
    outer loop
      vertex 218.91765714851934 -24.326666890849594 12
      vertex 219.20631606750487 -24.269249061908926 15
      vertex 218.91765714851934 -24.326666890849594 15
    endloop
  endfacet
  facet normal 0.06540312923013944 -0.9978589232386037 0
    outer loop
      vertex 219.20631606750487 -24.269249061908926 12
      vertex 219.5 -24.25 15
      vertex 219.20631606750487 -24.269249061908926 15
    endloop
  endfacet
  facet normal -0.06540312923013944 -0.9978589232386037 0
    outer loop
      vertex 219.5 -24.25 12
      vertex 219.79368393249513 -24.269249061908926 15
      vertex 219.5 -24.25 15
    endloop
  endfacet
  facet normal -0.32143946530314244 -0.9469301294951121 0
    outer loop
      vertex 220.08234285148066 -24.326666890849594 12
      vertex 220.36103772282146 -24.421271051849605 15
      vertex 220.08234285148066 -24.326666890849594 15
    endloop
  endfacet
  facet normal -0.5555702330195958 -0.8314696123025495 0
    outer loop
      vertex 220.625 -24.551442841485013 12
      vertex 220.86971321526963 -24.714954984344722 15
      vertex 220.625 -24.551442841485013 15
    endloop
  endfacet
  facet normal -0.44228869021901873 -0.8968727415326798 0
    outer loop
      vertex 220.36103772282146 -24.421271051849605 12
      vertex 220.625 -24.551442841485013 15
      vertex 220.36103772282146 -24.421271051849605 15
    endloop
  endfacet
  facet normal -0.19509032201613774 -0.9807852804032284 0
    outer loop
      vertex 219.79368393249513 -24.269249061908926 12
      vertex 220.08234285148066 -24.326666890849594 15
      vertex 219.79368393249513 -24.269249061908926 15
    endloop
  endfacet
  facet normal -0.9807852804032382 -0.19509032201608908 0
    outer loop
      vertex 221.6733331091504 -25.91765714851933 12
      vertex 221.73075093809106 -26.206316067504883 15
      vertex 221.6733331091504 -25.91765714851933 15
    endloop
  endfacet
  facet normal -0.9469301294951071 -0.3214394653031573 0
    outer loop
      vertex 221.5787289481504 -25.63896227717855 12
      vertex 221.6733331091504 -25.91765714851933 15
      vertex 221.5787289481504 -25.63896227717855 15
    endloop
  endfacet
  facet normal -0.8968727415326652 -0.44228869021904804 0
    outer loop
      vertex 221.44855715851497 -25.375 12
      vertex 221.5787289481504 -25.63896227717855 15
      vertex 221.44855715851497 -25.375 15
    endloop
  endfacet
  facet normal -0.8314696123025532 -0.5555702330195903 0
    outer loop
      vertex 221.28504501565527 -25.13028678473038 12
      vertex 221.44855715851497 -25.375 15
      vertex 221.28504501565527 -25.13028678473038 15
    endloop
  endfacet
  facet normal -0.7518398074790129 -0.6593458151000284 0
    outer loop
      vertex 221.09099025766974 -24.90900974233027 12
      vertex 221.28504501565527 -25.13028678473038 15
      vertex 221.09099025766974 -24.90900974233027 15
    endloop
  endfacet
  facet normal -0.6593458151000573 -0.7518398074789874 0
    outer loop
      vertex 220.86971321526963 -24.714954984344722 12
      vertex 221.09099025766974 -24.90900974233027 15
      vertex 220.86971321526963 -24.714954984344722 15
    endloop
  endfacet
  facet normal 0.313858412413803 0.6364419010019986 -0.7045811547338242
    outer loop
      vertex 14.381211003142202 22.591897649165563 10.01
      vertex 13.884950248756219 22.836626370309855 10.01
      vertex 14.875 24.551442841485013 12
    endloop
  endfacet
  facet normal 0.4678872314291463 0.5335231345120088 -0.7045811547338245
    outer loop
      vertex 13.424878582016593 23.144036429937202 10.01
      vertex 13.008867956697204 23.508867956697202 10.01
      vertex 14.409009742330268 24.90900974233027 12
    endloop
  endfacet
  facet normal 0.3942456480936917 0.590030308842805 -0.7045811547338242
    outer loop
      vertex 13.884950248756219 22.836626370309855 10.01
      vertex 13.424878582016593 23.144036429937202 10.01
      vertex 14.630286784730378 24.714954984344722 12
    endloop
  endfacet
  facet normal 0.6364419010019986 0.313858412413803 -0.7045811547338244
    outer loop
      vertex 12.336626370309855 24.38495024875622 10.01
      vertex 12.091897649165563 24.8812110031422 10.01
      vertex 13.921271051849605 25.63896227717855 12
    endloop
  endfacet
  facet normal 0.5335231345120074 0.4678872314291477 -0.7045811547338247
    outer loop
      vertex 12.6440364299372 23.924878582016593 10.01
      vertex 14.214954984344722 25.13028678473038 12
      vertex 13.008867956697204 23.508867956697202 10.01
    endloop
  endfacet
  facet normal 0.590030308842806 0.39424564809369006 -0.7045811547338243
    outer loop
      vertex 12.6440364299372 23.924878582016593 10.01
      vertex 12.336626370309855 24.38495024875622 10.01
      vertex 14.051442841485013 25.375 12
    endloop
  endfacet
  facet normal 0.6719637957800153 0.22810097227952533 -0.7045811547338243
    outer loop
      vertex 12.091897649165563 24.8812110031422 10.01
      vertex 11.914037642774725 25.40516968607752 10.01
      vertex 13.826666890849596 25.91765714851933 12
    endloop
  endfacet
  facet normal 0.6959882037086749 0.13844066126800775 -0.7045811547338241
    outer loop
      vertex 11.914037642774725 25.40516968607752 10.01
      vertex 11.806089585158794 25.947861219228365 10.01
      vertex 13.769249061908926 26.206316067504883 12
    endloop
  endfacet
  facet normal 0.046411592159191384 0.7081040605074934 -0.7045811547338242
    outer loop
      vertex 15.447861219228363 22.306089585158794 10.01
      vertex 15.706316067504885 24.269249061908926 12
      vertex 16 22.269900497512438 10.01
    endloop
  endfacet
  facet normal -0.04641159215919153 0.7081040605074934 -0.7045811547338241
    outer loop
      vertex 16 22.269900497512438 10.01
      vertex 16 24.25 12
      vertex 16.552138780771635 22.306089585158794 10.01
    endloop
  endfacet
  facet normal 0.22810097227952736 0.6719637957800145 -0.7045811547338243
    outer loop
      vertex 14.381211003142202 22.591897649165563 10.01
      vertex 15.138962277178548 24.421271051849605 12
      vertex 14.905169686077521 22.414037642774723 10.01
    endloop
  endfacet
  facet normal 0.13844066126800597 0.695988203708675 -0.704581154733824
    outer loop
      vertex 14.905169686077521 22.414037642774723 10.01
      vertex 15.417657148519329 24.326666890849594 12
      vertex 15.447861219228363 22.306089585158794 10.01
    endloop
  endfacet
  facet normal -0.13844066126800555 0.6959882037086752 -0.7045811547338242
    outer loop
      vertex 16.552138780771635 22.306089585158794 10.01
      vertex 16.293683932495117 24.269249061908926 12
      vertex 17.09483031392248 22.414037642774723 10.01
    endloop
  endfacet
  facet normal -0.2281009722795274 0.6719637957800146 -0.7045811547338241
    outer loop
      vertex 17.09483031392248 22.414037642774723 10.01
      vertex 16.58234285148067 24.326666890849594 12
      vertex 17.6187889968578 22.591897649165563 10.01
    endloop
  endfacet
  facet normal -0.313858412413803 0.6364419010019986 -0.7045811547338244
    outer loop
      vertex 17.6187889968578 22.591897649165563 10.01
      vertex 16.86103772282145 24.421271051849605 12
      vertex 18.11504975124378 22.836626370309855 10.01
    endloop
  endfacet
  facet normal -0.39424564809369167 0.5900303088428049 -0.7045811547338242
    outer loop
      vertex 18.11504975124378 22.836626370309855 10.01
      vertex 17.125 24.551442841485013 12
      vertex 18.575121417983407 23.144036429937202 10.01
    endloop
  endfacet
  facet normal -0.4678872314291452 0.5335231345120098 -0.7045811547338245
    outer loop
      vertex 18.575121417983407 23.144036429937202 10.01
      vertex 17.36971321526962 24.714954984344722 12
      vertex 18.991132043302798 23.508867956697202 10.01
    endloop
  endfacet
  facet normal -0.5335231345120095 0.4678872314291449 -0.7045811547338248
    outer loop
      vertex 18.991132043302798 23.508867956697202 10.01
      vertex 17.59099025766973 24.90900974233027 12
      vertex 19.355963570062798 23.924878582016593 10.01
    endloop
  endfacet
  facet normal -0.5900303088428049 0.3942456480936916 -0.7045811547338244
    outer loop
      vertex 19.355963570062798 23.924878582016593 10.01
      vertex 17.785045015655278 25.13028678473038 12
      vertex 19.663373629690145 24.38495024875622 10.01
    endloop
  endfacet
  facet normal -0.6364419010019986 0.313858412413803 -0.7045811547338242
    outer loop
      vertex 19.663373629690145 24.38495024875622 10.01
      vertex 17.948557158514987 25.375 12
      vertex 19.908102350834437 24.8812110031422 10.01
    endloop
  endfacet
  facet normal -0.6719637957800144 0.22810097227952733 -0.7045811547338243
    outer loop
      vertex 19.908102350834437 24.8812110031422 10.01
      vertex 18.078728948150395 25.63896227717855 12
      vertex 20.085962357225277 25.40516968607752 10.01
    endloop
  endfacet
  facet normal -0.6959882037086752 0.13844066126800555 -0.704581154733824
    outer loop
      vertex 20.085962357225277 25.40516968607752 10.01
      vertex 18.173333109150406 25.91765714851933 12
      vertex 20.193910414841206 25.947861219228365 10.01
    endloop
  endfacet
  facet normal -0.7081040605074935 0.046411592159191536 -0.7045811547338241
    outer loop
      vertex 20.193910414841206 25.947861219228365 10.01
      vertex 18.230750938091074 26.206316067504883 12
      vertex 20.230099502487562 26.5 10.01
    endloop
  endfacet
  facet normal 0.7081040605074934 0.04641159215919153 -0.7045811547338241
    outer loop
      vertex 11.806089585158794 25.947861219228365 10.01
      vertex 11.769900497512438 26.5 10.01
      vertex 13.75 26.5 12
    endloop
  endfacet
  facet normal 0.7081040605074934 -0.04641159215919153 -0.7045811547338241
    outer loop
      vertex 11.769900497512438 26.5 10.01
      vertex 11.806089585158794 27.052138780771635 10.01
      vertex 13.769249061908926 26.793683932495117 12
    endloop
  endfacet
  facet normal 0.6959882037086749 -0.13844066126800775 -0.7045811547338242
    outer loop
      vertex 11.806089585158794 27.052138780771635 10.01
      vertex 11.914037642774725 27.59483031392248 10.01
      vertex 13.826666890849596 27.08234285148067 12
    endloop
  endfacet
  facet normal 0.6719637957800151 -0.22810097227952528 -0.7045811547338242
    outer loop
      vertex 11.914037642774725 27.59483031392248 10.01
      vertex 12.091897649165563 28.1187889968578 10.01
      vertex 13.921271051849605 27.36103772282145 12
    endloop
  endfacet
  facet normal 0.6364419010019986 -0.313858412413803 -0.7045811547338242
    outer loop
      vertex 12.091897649165563 28.1187889968578 10.01
      vertex 12.336626370309855 28.61504975124378 10.01
      vertex 14.051442841485013 27.625 12
    endloop
  endfacet
  facet normal 0.5900303088428057 -0.3942456480936899 -0.7045811547338245
    outer loop
      vertex 12.336626370309855 28.61504975124378 10.01
      vertex 12.6440364299372 29.075121417983407 10.01
      vertex 14.214954984344722 27.86971321526962 12
    endloop
  endfacet
  facet normal 0.5335231345120075 -0.46788723142914773 -0.7045811547338244
    outer loop
      vertex 12.6440364299372 29.075121417983407 10.01
      vertex 13.008867956697204 29.491132043302798 10.01
      vertex 14.409009742330268 28.09099025766973 12
    endloop
  endfacet
  facet normal 0.46788723142914646 -0.533523134512009 -0.7045811547338243
    outer loop
      vertex 13.008867956697204 29.491132043302798 10.01
      vertex 13.424878582016593 29.855963570062798 10.01
      vertex 14.630286784730378 28.285045015655278 12
    endloop
  endfacet
  facet normal 0.39424564809369167 -0.5900303088428049 -0.7045811547338242
    outer loop
      vertex 13.424878582016593 29.855963570062798 10.01
      vertex 13.884950248756219 30.163373629690145 10.01
      vertex 14.875 28.448557158514987 12
    endloop
  endfacet
  facet normal 0.3138584124138031 -0.6364419010019987 -0.7045811547338242
    outer loop
      vertex 13.884950248756219 30.163373629690145 10.01
      vertex 14.381211003142202 30.408102350834437 10.01
      vertex 15.138962277178548 28.578728948150395 12
    endloop
  endfacet
  facet normal -0.7081040605074934 -0.04641159215919153 -0.7045811547338241
    outer loop
      vertex 20.230099502487562 26.5 10.01
      vertex 18.25 26.5 12
      vertex 20.193910414841206 27.052138780771635 10.01
    endloop
  endfacet
  facet normal -0.6959882037086752 -0.13844066126800555 -0.7045811547338242
    outer loop
      vertex 20.085962357225277 27.59483031392248 10.01
      vertex 20.193910414841206 27.052138780771635 10.01
      vertex 18.230750938091074 26.793683932495117 12
    endloop
  endfacet
  facet normal -0.6719637957800146 -0.2281009722795274 -0.7045811547338241
    outer loop
      vertex 20.085962357225277 27.59483031392248 10.01
      vertex 18.173333109150406 27.08234285148067 12
      vertex 19.908102350834437 28.1187889968578 10.01
    endloop
  endfacet
  facet normal -0.6364419010019986 -0.313858412413803 -0.7045811547338244
    outer loop
      vertex 19.908102350834437 28.1187889968578 10.01
      vertex 18.078728948150395 27.36103772282145 12
      vertex 19.663373629690145 28.61504975124378 10.01
    endloop
  endfacet
  facet normal -0.4678872314291449 -0.5335231345120095 -0.7045811547338248
    outer loop
      vertex 18.991132043302798 29.491132043302798 10.01
      vertex 17.59099025766973 28.09099025766973 12
      vertex 18.575121417983407 29.855963570062798 10.01
    endloop
  endfacet
  facet normal -0.3942456480936916 -0.5900303088428049 -0.7045811547338244
    outer loop
      vertex 18.575121417983407 29.855963570062798 10.01
      vertex 17.36971321526962 28.285045015655278 12
      vertex 18.11504975124378 30.163373629690145 10.01
    endloop
  endfacet
  facet normal 0.2281009722795274 -0.6719637957800146 -0.7045811547338241
    outer loop
      vertex 14.381211003142202 30.408102350834437 10.01
      vertex 14.905169686077521 30.585962357225277 10.01
      vertex 15.417657148519329 28.673333109150406 12
    endloop
  endfacet
  facet normal 0.13844066126800597 -0.695988203708675 -0.7045811547338241
    outer loop
      vertex 14.905169686077521 30.585962357225277 10.01
      vertex 15.447861219228363 30.693910414841206 10.01
      vertex 15.706316067504885 28.730750938091074 12
    endloop
  endfacet
  facet normal 0.046411592159191384 -0.7081040605074934 -0.7045811547338242
    outer loop
      vertex 15.447861219228363 30.693910414841206 10.01
      vertex 16 30.730099502487562 10.01
      vertex 16 28.75 12
    endloop
  endfacet
  facet normal -0.04641159215919153 -0.7081040605074934 -0.7045811547338241
    outer loop
      vertex 16 30.730099502487562 10.01
      vertex 16.552138780771635 30.693910414841206 10.01
      vertex 16.293683932495117 28.730750938091074 12
    endloop
  endfacet
  facet normal -0.13844066126800555 -0.6959882037086752 -0.704581154733824
    outer loop
      vertex 16.552138780771635 30.693910414841206 10.01
      vertex 17.09483031392248 30.585962357225277 10.01
      vertex 16.58234285148067 28.673333109150406 12
    endloop
  endfacet
  facet normal -0.22810097227952733 -0.6719637957800144 -0.7045811547338243
    outer loop
      vertex 17.6187889968578 30.408102350834437 10.01
      vertex 16.86103772282145 28.578728948150395 12
      vertex 17.09483031392248 30.585962357225277 10.01
    endloop
  endfacet
  facet normal -0.313858412413803 -0.6364419010019986 -0.7045811547338242
    outer loop
      vertex 18.11504975124378 30.163373629690145 10.01
      vertex 17.125 28.448557158514987 12
      vertex 17.6187889968578 30.408102350834437 10.01
    endloop
  endfacet
  facet normal -0.5900303088428049 -0.39424564809369167 -0.7045811547338242
    outer loop
      vertex 19.663373629690145 28.61504975124378 10.01
      vertex 17.948557158514987 27.625 12
      vertex 19.355963570062798 29.075121417983407 10.01
    endloop
  endfacet
  facet normal -0.5335231345120098 -0.4678872314291452 -0.7045811547338245
    outer loop
      vertex 18.991132043302798 29.491132043302798 10.01
      vertex 19.355963570062798 29.075121417983407 10.01
      vertex 17.785045015655278 27.86971321526962 12
    endloop
  endfacet
  facet normal 0.39424564809369084 0.5900303088428056 -0.7045811547338241
    outer loop
      vertex 13.884950248756219 22.836626370309855 10.01
      vertex 14.630286784730378 24.714954984344722 12
      vertex 14.875 24.551442841485013 12
    endloop
  endfacet
  facet normal 0.46788723142914895 0.5335231345120068 -0.7045811547338241
    outer loop
      vertex 13.424878582016593 23.144036429937202 10.01
      vertex 14.409009742330268 24.90900974233027 12
      vertex 14.630286784730378 24.714954984344722 12
    endloop
  endfacet
  facet normal 0.5335231345120085 0.4678872314291464 -0.7045811547338245
    outer loop
      vertex 13.008867956697204 23.508867956697202 10.01
      vertex 14.214954984344722 25.13028678473038 12
      vertex 14.409009742330268 24.90900974233027 12
    endloop
  endfacet
  facet normal 0.5900303088428035 0.39424564809369267 -0.704581154733825
    outer loop
      vertex 12.6440364299372 23.924878582016593 10.01
      vertex 14.051442841485013 25.375 12
      vertex 14.214954984344722 25.13028678473038 12
    endloop
  endfacet
  facet normal 0.6364419010019988 0.31385841241380275 -0.7045811547338244
    outer loop
      vertex 12.336626370309855 24.38495024875622 10.01
      vertex 13.921271051849605 25.63896227717855 12
      vertex 14.051442841485013 25.375 12
    endloop
  endfacet
  facet normal 0.6719637957800144 0.22810097227952647 -0.7045811547338245
    outer loop
      vertex 12.091897649165563 24.8812110031422 10.01
      vertex 13.826666890849596 25.91765714851933 12
      vertex 13.921271051849605 25.63896227717855 12
    endloop
  endfacet
  facet normal 0.6959882037086742 0.1384406612680092 -0.7045811547338242
    outer loop
      vertex 11.914037642774725 25.40516968607752 10.01
      vertex 13.769249061908926 26.206316067504883 12
      vertex 13.826666890849596 25.91765714851933 12
    endloop
  endfacet
  facet normal 0.7081040605074934 0.04641159215919085 -0.7045811547338241
    outer loop
      vertex 11.806089585158794 25.947861219228365 10.01
      vertex 13.75 26.5 12
      vertex 13.769249061908926 26.206316067504883 12
    endloop
  endfacet
  facet normal 0.2281009722795296 0.6719637957800141 -0.704581154733824
    outer loop
      vertex 14.905169686077521 22.414037642774723 10.01
      vertex 15.138962277178548 24.421271051849605 12
      vertex 15.417657148519329 24.326666890849594 12
    endloop
  endfacet
  facet normal 0.13844066126800475 0.6959882037086752 -0.7045811547338243
    outer loop
      vertex 15.447861219228363 22.306089585158794 10.01
      vertex 15.417657148519329 24.326666890849594 12
      vertex 15.706316067504885 24.269249061908926 12
    endloop
  endfacet
  facet normal 0.31385841241380397 0.6364419010019984 -0.7045811547338241
    outer loop
      vertex 14.381211003142202 22.591897649165563 10.01
      vertex 14.875 24.551442841485013 12
      vertex 15.138962277178548 24.421271051849605 12
    endloop
  endfacet
  facet normal 0.046411592159191134 0.7081040605074934 -0.7045811547338242
    outer loop
      vertex 16 22.269900497512438 10.01
      vertex 15.706316067504885 24.269249061908926 12
      vertex 16 24.25 12
    endloop
  endfacet
  facet normal -0.04641159215919085 0.7081040605074934 -0.7045811547338241
    outer loop
      vertex 16.552138780771635 22.306089585158794 10.01
      vertex 16 24.25 12
      vertex 16.293683932495117 24.269249061908926 12
    endloop
  endfacet
  facet normal -0.13844066126800508 0.6959882037086753 -0.7045811547338242
    outer loop
      vertex 17.09483031392248 22.414037642774723 10.01
      vertex 16.293683932495117 24.269249061908926 12
      vertex 16.58234285148067 24.326666890849594 12
    endloop
  endfacet
  facet normal -0.22810097227953033 0.6719637957800131 -0.7045811547338248
    outer loop
      vertex 17.6187889968578 22.591897649165563 10.01
      vertex 16.58234285148067 24.326666890849594 12
      vertex 16.86103772282145 24.421271051849605 12
    endloop
  endfacet
  facet normal -0.31385841241380275 0.6364419010019988 -0.7045811547338244
    outer loop
      vertex 18.11504975124378 22.836626370309855 10.01
      vertex 16.86103772282145 24.421271051849605 12
      vertex 17.125 24.551442841485013 12
    endloop
  endfacet
  facet normal -0.39424564809369284 0.5900303088428038 -0.7045811547338245
    outer loop
      vertex 18.575121417983407 23.144036429937202 10.01
      vertex 17.125 24.551442841485013 12
      vertex 17.36971321526962 24.714954984344722 12
    endloop
  endfacet
  facet normal -0.46788723142914845 0.5335231345120061 -0.7045811547338252
    outer loop
      vertex 18.991132043302798 23.508867956697202 10.01
      vertex 17.36971321526962 24.714954984344722 12
      vertex 17.59099025766973 24.90900974233027 12
    endloop
  endfacet
  facet normal -0.5335231345120068 0.4678872314291489 -0.7045811547338243
    outer loop
      vertex 19.355963570062798 23.924878582016593 10.01
      vertex 17.59099025766973 24.90900974233027 12
      vertex 17.785045015655278 25.13028678473038 12
    endloop
  endfacet
  facet normal -0.5900303088428044 0.3942456480936929 -0.7045811547338241
    outer loop
      vertex 19.663373629690145 24.38495024875622 10.01
      vertex 17.785045015655278 25.13028678473038 12
      vertex 17.948557158514987 25.375 12
    endloop
  endfacet
  facet normal -0.6364419010019989 0.31385841241380213 -0.7045811547338243
    outer loop
      vertex 19.908102350834437 24.8812110031422 10.01
      vertex 17.948557158514987 25.375 12
      vertex 18.078728948150395 25.63896227717855 12
    endloop
  endfacet
  facet normal -0.6719637957800138 0.2281009722795309 -0.7045811547338239
    outer loop
      vertex 20.085962357225277 25.40516968607752 10.01
      vertex 18.078728948150395 25.63896227717855 12
      vertex 18.173333109150406 25.91765714851933 12
    endloop
  endfacet
  facet normal -0.6959882037086752 0.1384406612680056 -0.7045811547338241
    outer loop
      vertex 20.193910414841206 25.947861219228365 10.01
      vertex 18.173333109150406 25.91765714851933 12
      vertex 18.230750938091074 26.206316067504883 12
    endloop
  endfacet
  facet normal 0.7081040605074934 -0.04641159215919085 -0.7045811547338241
    outer loop
      vertex 11.769900497512438 26.5 10.01
      vertex 13.769249061908926 26.793683932495117 12
      vertex 13.75 26.5 12
    endloop
  endfacet
  facet normal 0.6959882037086745 -0.1384406612680098 -0.704581154733824
    outer loop
      vertex 11.806089585158794 27.052138780771635 10.01
      vertex 13.826666890849596 27.08234285148067 12
      vertex 13.769249061908926 26.793683932495117 12
    endloop
  endfacet
  facet normal 0.6719637957800149 -0.228100972279527 -0.7045811547338241
    outer loop
      vertex 11.914037642774725 27.59483031392248 10.01
      vertex 13.921271051849605 27.36103772282145 12
      vertex 13.826666890849596 27.08234285148067 12
    endloop
  endfacet
  facet normal 0.6364419010019989 -0.31385841241380213 -0.7045811547338243
    outer loop
      vertex 12.091897649165563 28.1187889968578 10.01
      vertex 14.051442841485013 27.625 12
      vertex 13.921271051849605 27.36103772282145 12
    endloop
  endfacet
  facet normal 0.5900303088428044 -0.3942456480936929 -0.7045811547338241
    outer loop
      vertex 12.336626370309855 28.61504975124378 10.01
      vertex 14.214954984344722 27.86971321526962 12
      vertex 14.051442841485013 27.625 12
    endloop
  endfacet
  facet normal 0.5335231345120087 -0.46788723142914623 -0.7045811547338245
    outer loop
      vertex 12.6440364299372 29.075121417983407 10.01
      vertex 14.409009742330268 28.09099025766973 12
      vertex 14.214954984344722 27.86971321526962 12
    endloop
  endfacet
  facet normal 0.46788723142914873 -0.5335231345120063 -0.7045811547338248
    outer loop
      vertex 13.008867956697204 29.491132043302798 10.01
      vertex 14.630286784730378 28.285045015655278 12
      vertex 14.409009742330268 28.09099025766973 12
    endloop
  endfacet
  facet normal 0.394245648093691 -0.5900303088428053 -0.7045811547338244
    outer loop
      vertex 13.424878582016593 29.855963570062798 10.01
      vertex 14.875 28.448557158514987 12
      vertex 14.630286784730378 28.285045015655278 12
    endloop
  endfacet
  facet normal 0.3138584124138044 -0.6364419010019979 -0.7045811547338244
    outer loop
      vertex 13.884950248756219 30.163373629690145 10.01
      vertex 15.138962277178548 28.578728948150395 12
      vertex 14.875 28.448557158514987 12
    endloop
  endfacet
  facet normal -0.5900303088428038 -0.39424564809369284 -0.7045811547338245
    outer loop
      vertex 19.355963570062798 29.075121417983407 10.01
      vertex 17.948557158514987 27.625 12
      vertex 17.785045015655278 27.86971321526962 12
    endloop
  endfacet
  facet normal -0.7081040605074934 0.04641159215919085 -0.7045811547338241
    outer loop
      vertex 20.230099502487562 26.5 10.01
      vertex 18.230750938091074 26.206316067504883 12
      vertex 18.25 26.5 12
    endloop
  endfacet
  facet normal -0.7081040605074934 -0.04641159215919085 -0.7045811547338241
    outer loop
      vertex 20.193910414841206 27.052138780771635 10.01
      vertex 18.25 26.5 12
      vertex 18.230750938091074 26.793683932495117 12
    endloop
  endfacet
  facet normal -0.6959882037086753 -0.13844066126800508 -0.7045811547338242
    outer loop
      vertex 20.085962357225277 27.59483031392248 10.01
      vertex 18.230750938091074 26.793683932495117 12
      vertex 18.173333109150406 27.08234285148067 12
    endloop
  endfacet
  facet normal -0.6719637957800131 -0.22810097227953033 -0.7045811547338248
    outer loop
      vertex 19.908102350834437 28.1187889968578 10.01
      vertex 18.173333109150406 27.08234285148067 12
      vertex 18.078728948150395 27.36103772282145 12
    endloop
  endfacet
  facet normal -0.6364419010019988 -0.31385841241380275 -0.7045811547338244
    outer loop
      vertex 19.663373629690145 28.61504975124378 10.01
      vertex 18.078728948150395 27.36103772282145 12
      vertex 17.948557158514987 27.625 12
    endloop
  endfacet
  facet normal 0.22810097227952902 -0.6719637957800136 -0.7045811547338245
    outer loop
      vertex 14.381211003142202 30.408102350834437 10.01
      vertex 15.417657148519329 28.673333109150406 12
      vertex 15.138962277178548 28.578728948150395 12
    endloop
  endfacet
  facet normal 0.1384406612680043 -0.6959882037086755 -0.7045811547338241
    outer loop
      vertex 14.905169686077521 30.585962357225277 10.01
      vertex 15.706316067504885 28.730750938091074 12
      vertex 15.417657148519329 28.673333109150406 12
    endloop
  endfacet
  facet normal 0.04641159215919113 -0.7081040605074933 -0.7045811547338242
    outer loop
      vertex 15.447861219228363 30.693910414841206 10.01
      vertex 16 28.75 12
      vertex 15.706316067504885 28.730750938091074 12
    endloop
  endfacet
  facet normal -0.04641159215919085 -0.7081040605074934 -0.7045811547338241
    outer loop
      vertex 16 30.730099502487562 10.01
      vertex 16.293683932495117 28.730750938091074 12
      vertex 16 28.75 12
    endloop
  endfacet
  facet normal -0.1384406612680056 -0.6959882037086752 -0.7045811547338241
    outer loop
      vertex 16.552138780771635 30.693910414841206 10.01
      vertex 16.58234285148067 28.673333109150406 12
      vertex 16.293683932495117 28.730750938091074 12
    endloop
  endfacet
  facet normal -0.5335231345120061 -0.46788723142914845 -0.7045811547338252
    outer loop
      vertex 18.991132043302798 29.491132043302798 10.01
      vertex 17.785045015655278 27.86971321526962 12
      vertex 17.59099025766973 28.09099025766973 12
    endloop
  endfacet
  facet normal -0.4678872314291489 -0.5335231345120068 -0.7045811547338243
    outer loop
      vertex 18.575121417983407 29.855963570062798 10.01
      vertex 17.59099025766973 28.09099025766973 12
      vertex 17.36971321526962 28.285045015655278 12
    endloop
  endfacet
  facet normal -0.3942456480936929 -0.5900303088428044 -0.7045811547338241
    outer loop
      vertex 18.11504975124378 30.163373629690145 10.01
      vertex 17.36971321526962 28.285045015655278 12
      vertex 17.125 28.448557158514987 12
    endloop
  endfacet
  facet normal -0.31385841241380213 -0.6364419010019989 -0.7045811547338243
    outer loop
      vertex 17.6187889968578 30.408102350834437 10.01
      vertex 17.125 28.448557158514987 12
      vertex 16.86103772282145 28.578728948150395 12
    endloop
  endfacet
  facet normal -0.2281009722795309 -0.6719637957800138 -0.7045811547338239
    outer loop
      vertex 17.09483031392248 30.585962357225277 10.01
      vertex 16.86103772282145 28.578728948150395 12
      vertex 16.58234285148067 28.673333109150406 12
    endloop
  endfacet
  facet normal 0.533523134511999 0.4678872314291539 -0.7045811547338269
    outer loop
      vertex 216.1440364299372 -29.075121417983407 10.01
      vertex 217.71495498434473 -27.86971321526962 12
      vertex 216.5088679566972 -29.491132043302798 10.01
    endloop
  endfacet
  facet normal 0.5900303088428137 0.39424564809367474 -0.7045811547338264
    outer loop
      vertex 216.1440364299372 -29.075121417983407 10.01
      vertex 215.83662637030986 -28.61504975124378 10.01
      vertex 217.55144284148503 -27.625 12
    endloop
  endfacet
  facet normal 0.3138584124138011 0.6364419010019992 -0.7045811547338249
    outer loop
      vertex 217.8812110031422 -30.408102350834437 10.01
      vertex 217.3849502487562 -30.163373629690145 10.01
      vertex 218.375 -28.448557158514987 12
    endloop
  endfacet
  facet normal 0.22810097227952342 0.6719637957800166 -0.7045811547338235
    outer loop
      vertex 218.40516968607753 -30.585962357225277 10.01
      vertex 217.8812110031422 -30.408102350834437 10.01
      vertex 218.63896227717854 -28.578728948150395 12
    endloop
  endfacet
  facet normal 0.13844066126800553 0.6959882037086751 -0.7045811547338242
    outer loop
      vertex 218.40516968607753 -30.585962357225277 10.01
      vertex 218.91765714851934 -28.673333109150406 12
      vertex 218.94786121922837 -30.693910414841206 10.01
    endloop
  endfacet
  facet normal 0.04641159215919214 0.7081040605074935 -0.704581154733824
    outer loop
      vertex 218.94786121922837 -30.693910414841206 10.01
      vertex 219.20631606750487 -28.730750938091074 12
      vertex 219.5 -30.730099502487562 10.01
    endloop
  endfacet
  facet normal -0.04641159215919213 0.7081040605074934 -0.7045811547338241
    outer loop
      vertex 219.5 -30.730099502487562 10.01
      vertex 219.5 -28.75 12
      vertex 220.05213878077163 -30.693910414841206 10.01
    endloop
  endfacet
  facet normal -0.13844066126800567 0.6959882037086759 -0.7045811547338235
    outer loop
      vertex 220.05213878077163 -30.693910414841206 10.01
      vertex 219.79368393249513 -28.730750938091074 12
      vertex 220.59483031392247 -30.585962357225277 10.01
    endloop
  endfacet
  facet normal -0.2281009722795231 0.6719637957800157 -0.7045811547338245
    outer loop
      vertex 220.59483031392247 -30.585962357225277 10.01
      vertex 220.08234285148066 -28.673333109150406 12
      vertex 221.1187889968578 -30.408102350834437 10.01
    endloop
  endfacet
  facet normal 0.3942456480936939 0.5900303088428037 -0.7045811547338241
    outer loop
      vertex 217.3849502487562 -30.163373629690145 10.01
      vertex 216.9248785820166 -29.855963570062798 10.01
      vertex 218.13028678473037 -28.285045015655278 12
    endloop
  endfacet
  facet normal 0.4678872314291482 0.5335231345120087 -0.7045811547338232
    outer loop
      vertex 216.9248785820166 -29.855963570062798 10.01
      vertex 216.5088679566972 -29.491132043302798 10.01
      vertex 217.90900974233026 -28.09099025766973 12
    endloop
  endfacet
  facet normal 0.6364419010019952 0.31385841241381046 -0.704581154733824
    outer loop
      vertex 215.83662637030986 -28.61504975124378 10.01
      vertex 215.59189764916556 -28.1187889968578 10.01
      vertex 217.4212710518496 -27.36103772282145 12
    endloop
  endfacet
  facet normal 0.6719637957800194 0.22810097227951534 -0.7045811547338233
    outer loop
      vertex 215.59189764916556 -28.1187889968578 10.01
      vertex 215.41403764277473 -27.59483031392248 10.01
      vertex 217.3266668908496 -27.08234285148067 12
    endloop
  endfacet
  facet normal 0.6959882037086692 0.13844066126802257 -0.7045811547338268
    outer loop
      vertex 215.3060895851588 -27.052138780771635 10.01
      vertex 217.26924906190894 -26.793683932495117 12
      vertex 215.41403764277473 -27.59483031392248 10.01
    endloop
  endfacet
  facet normal 0.7081040605074905 0.04641159215920045 -0.7045811547338263
    outer loop
      vertex 215.3060895851588 -27.052138780771635 10.01
      vertex 215.26990049751242 -26.5 10.01
      vertex 217.25 -26.5 12
    endloop
  endfacet
  facet normal -0.3138584124138016 0.6364419010020002 -0.7045811547338235
    outer loop
      vertex 221.1187889968578 -30.408102350834437 10.01
      vertex 220.36103772282146 -28.578728948150395 12
      vertex 221.6150497512438 -30.163373629690145 10.01
    endloop
  endfacet
  facet normal -0.3942456480936935 0.5900303088428032 -0.7045811547338249
    outer loop
      vertex 221.6150497512438 -30.163373629690145 10.01
      vertex 220.625 -28.448557158514987 12
      vertex 222.0751214179834 -29.855963570062798 10.01
    endloop
  endfacet
  facet normal -0.46788723142914773 0.5335231345120082 -0.7045811547338239
    outer loop
      vertex 222.0751214179834 -29.855963570062798 10.01
      vertex 220.86971321526963 -28.285045015655278 12
      vertex 222.4911320433028 -29.491132043302798 10.01
    endloop
  endfacet
  facet normal -0.5335231345120015 0.4678872314291561 -0.7045811547338234
    outer loop
      vertex 222.4911320433028 -29.491132043302798 10.01
      vertex 221.09099025766974 -28.09099025766973 12
      vertex 222.8559635700628 -29.075121417983407 10.01
    endloop
  endfacet
  facet normal -0.5900303088428133 0.39424564809367446 -0.704581154733827
    outer loop
      vertex 222.8559635700628 -29.075121417983407 10.01
      vertex 221.28504501565527 -27.86971321526962 12
      vertex 223.16337362969014 -28.61504975124378 10.01
    endloop
  endfacet
  facet normal -0.6364419010019933 0.3138584124138096 -0.7045811547338263
    outer loop
      vertex 223.16337362969014 -28.61504975124378 10.01
      vertex 221.44855715851497 -27.625 12
      vertex 223.40810235083444 -28.1187889968578 10.01
    endloop
  endfacet
  facet normal -0.671963795780019 0.22810097227951517 -0.704581154733824
    outer loop
      vertex 223.40810235083444 -28.1187889968578 10.01
      vertex 221.5787289481504 -27.36103772282145 12
      vertex 223.58596235722527 -27.59483031392248 10.01
    endloop
  endfacet
  facet normal -0.6959882037086724 0.1384406612680232 -0.7045811547338233
    outer loop
      vertex 223.58596235722527 -27.59483031392248 10.01
      vertex 221.6733331091504 -27.08234285148067 12
      vertex 223.6939104148412 -27.052138780771635 10.01
    endloop
  endfacet
  facet normal -0.7081040605074894 0.046411592159200384 -0.7045811547338277
    outer loop
      vertex 223.6939104148412 -27.052138780771635 10.01
      vertex 221.73075093809106 -26.793683932495117 12
      vertex 223.73009950248758 -26.5 10.01
    endloop
  endfacet
  facet normal -0.7081040605074905 -0.04641159215920045 -0.7045811547338263
    outer loop
      vertex 223.73009950248758 -26.5 10.01
      vertex 221.75 -26.5 12
      vertex 223.6939104148412 -25.947861219228365 10.01
    endloop
  endfacet
  facet normal 0.7081040605074894 -0.046411592159200384 -0.7045811547338274
    outer loop
      vertex 215.26990049751242 -26.5 10.01
      vertex 215.3060895851588 -25.947861219228365 10.01
      vertex 217.26924906190894 -26.206316067504883 12
    endloop
  endfacet
  facet normal 0.6959882037086724 -0.1384406612680232 -0.7045811547338233
    outer loop
      vertex 215.3060895851588 -25.947861219228365 10.01
      vertex 215.41403764277473 -25.40516968607752 10.01
      vertex 217.3266668908496 -25.91765714851933 12
    endloop
  endfacet
  facet normal 0.671963795780019 -0.22810097227951517 -0.704581154733824
    outer loop
      vertex 215.41403764277473 -25.40516968607752 10.01
      vertex 215.59189764916556 -24.8812110031422 10.01
      vertex 217.4212710518496 -25.63896227717855 12
    endloop
  endfacet
  facet normal 0.6364419010019933 -0.3138584124138096 -0.7045811547338263
    outer loop
      vertex 215.59189764916556 -24.8812110031422 10.01
      vertex 215.83662637030986 -24.38495024875622 10.01
      vertex 217.55144284148503 -25.375 12
    endloop
  endfacet
  facet normal 0.5900303088428133 -0.39424564809367446 -0.704581154733827
    outer loop
      vertex 215.83662637030986 -24.38495024875622 10.01
      vertex 216.1440364299372 -23.924878582016593 10.01
      vertex 217.71495498434473 -25.13028678473038 12
    endloop
  endfacet
  facet normal 0.5335231345120015 -0.46788723142915617 -0.7045811547338233
    outer loop
      vertex 216.1440364299372 -23.924878582016593 10.01
      vertex 216.5088679566972 -23.508867956697202 10.01
      vertex 217.90900974233026 -24.90900974233027 12
    endloop
  endfacet
  facet normal 0.46788723142914773 -0.5335231345120082 -0.7045811547338239
    outer loop
      vertex 216.5088679566972 -23.508867956697202 10.01
      vertex 216.9248785820166 -23.144036429937202 10.01
      vertex 218.13028678473037 -24.714954984344722 12
    endloop
  endfacet
  facet normal 0.3942456480936935 -0.5900303088428032 -0.7045811547338249
    outer loop
      vertex 216.9248785820166 -23.144036429937202 10.01
      vertex 217.3849502487562 -22.836626370309855 10.01
      vertex 218.375 -24.551442841485013 12
    endloop
  endfacet
  facet normal 0.3138584124138016 -0.6364419010020002 -0.7045811547338235
    outer loop
      vertex 217.3849502487562 -22.836626370309855 10.01
      vertex 217.8812110031422 -22.591897649165563 10.01
      vertex 218.63896227717854 -24.421271051849605 12
    endloop
  endfacet
  facet normal 0.2281009722795231 -0.6719637957800157 -0.7045811547338245
    outer loop
      vertex 217.8812110031422 -22.591897649165563 10.01
      vertex 218.40516968607753 -22.414037642774723 10.01
      vertex 218.91765714851934 -24.326666890849594 12
    endloop
  endfacet
  facet normal 0.13844066126800567 -0.6959882037086759 -0.7045811547338235
    outer loop
      vertex 218.40516968607753 -22.414037642774723 10.01
      vertex 218.94786121922837 -22.306089585158794 10.01
      vertex 219.20631606750487 -24.269249061908926 12
    endloop
  endfacet
  facet normal -0.13844066126800553 -0.6959882037086751 -0.7045811547338242
    outer loop
      vertex 220.05213878077163 -22.306089585158794 10.01
      vertex 220.59483031392247 -22.414037642774723 10.01
      vertex 220.08234285148066 -24.326666890849594 12
    endloop
  endfacet
  facet normal -0.22810097227952342 -0.6719637957800166 -0.7045811547338235
    outer loop
      vertex 220.59483031392247 -22.414037642774723 10.01
      vertex 221.1187889968578 -22.591897649165563 10.01
      vertex 220.36103772282146 -24.421271051849605 12
    endloop
  endfacet
  facet normal 0.046411592159192126 -0.7081040605074933 -0.7045811547338242
    outer loop
      vertex 218.94786121922837 -22.306089585158794 10.01
      vertex 219.5 -22.269900497512438 10.01
      vertex 219.5 -24.25 12
    endloop
  endfacet
  facet normal -0.04641159215919214 -0.7081040605074935 -0.704581154733824
    outer loop
      vertex 219.5 -22.269900497512438 10.01
      vertex 220.05213878077163 -22.306089585158794 10.01
      vertex 219.79368393249513 -24.269249061908926 12
    endloop
  endfacet
  facet normal -0.6959882037086692 -0.13844066126802257 -0.7045811547338268
    outer loop
      vertex 223.6939104148412 -25.947861219228365 10.01
      vertex 221.73075093809106 -26.206316067504883 12
      vertex 223.58596235722527 -25.40516968607752 10.01
    endloop
  endfacet
  facet normal -0.6719637957800194 -0.22810097227951534 -0.7045811547338233
    outer loop
      vertex 223.58596235722527 -25.40516968607752 10.01
      vertex 221.6733331091504 -25.91765714851933 12
      vertex 223.40810235083444 -24.8812110031422 10.01
    endloop
  endfacet
  facet normal -0.5900303088428137 -0.39424564809367474 -0.7045811547338264
    outer loop
      vertex 223.16337362969014 -24.38495024875622 10.01
      vertex 221.44855715851497 -25.375 12
      vertex 222.8559635700628 -23.924878582016593 10.01
    endloop
  endfacet
  facet normal -0.533523134511999 -0.4678872314291539 -0.7045811547338269
    outer loop
      vertex 222.4911320433028 -23.508867956697202 10.01
      vertex 222.8559635700628 -23.924878582016593 10.01
      vertex 221.28504501565527 -25.13028678473038 12
    endloop
  endfacet
  facet normal -0.6364419010019952 -0.31385841241381046 -0.704581154733824
    outer loop
      vertex 223.40810235083444 -24.8812110031422 10.01
      vertex 221.5787289481504 -25.63896227717855 12
      vertex 223.16337362969014 -24.38495024875622 10.01
    endloop
  endfacet
  facet normal -0.3942456480936939 -0.5900303088428037 -0.7045811547338241
    outer loop
      vertex 222.0751214179834 -23.144036429937202 10.01
      vertex 220.86971321526963 -24.714954984344722 12
      vertex 221.6150497512438 -22.836626370309855 10.01
    endloop
  endfacet
  facet normal -0.4678872314291482 -0.5335231345120087 -0.7045811547338232
    outer loop
      vertex 222.4911320433028 -23.508867956697202 10.01
      vertex 221.09099025766974 -24.90900974233027 12
      vertex 222.0751214179834 -23.144036429937202 10.01
    endloop
  endfacet
  facet normal -0.3138584124138011 -0.6364419010019992 -0.7045811547338249
    outer loop
      vertex 221.6150497512438 -22.836626370309855 10.01
      vertex 220.625 -24.551442841485013 12
      vertex 221.1187889968578 -22.591897649165563 10.01
    endloop
  endfacet
  facet normal 0.22810097227951237 0.6719637957800191 -0.7045811547338248
    outer loop
      vertex 218.40516968607753 -30.585962357225277 10.01
      vertex 218.63896227717854 -28.578728948150395 12
      vertex 218.91765714851934 -28.673333109150406 12
    endloop
  endfacet
  facet normal 0.31385841241381635 0.6364419010019934 -0.7045811547338232
    outer loop
      vertex 217.8812110031422 -30.408102350834437 10.01
      vertex 218.375 -28.448557158514987 12
      vertex 218.63896227717854 -28.578728948150395 12
    endloop
  endfacet
  facet normal 0.39424564809368445 0.5900303088428087 -0.7045811547338253
    outer loop
      vertex 217.3849502487562 -30.163373629690145 10.01
      vertex 218.13028678473037 -28.285045015655278 12
      vertex 218.375 -28.448557158514987 12
    endloop
  endfacet
  facet normal 0.4678872314291404 0.533523134512014 -0.7045811547338244
    outer loop
      vertex 216.9248785820166 -29.855963570062798 10.01
      vertex 217.90900974233026 -28.09099025766973 12
      vertex 218.13028678473037 -28.285045015655278 12
    endloop
  endfacet
  facet normal 0.5335231345120339 0.4678872314291213 -0.704581154733822
    outer loop
      vertex 216.5088679566972 -29.491132043302798 10.01
      vertex 217.71495498434473 -27.86971321526962 12
      vertex 217.90900974233026 -28.09099025766973 12
    endloop
  endfacet
  facet normal 0.13844066126801563 0.6959882037086742 -0.7045811547338232
    outer loop
      vertex 218.94786121922837 -30.693910414841206 10.01
      vertex 218.91765714851934 -28.673333109150406 12
      vertex 219.20631606750487 -28.730750938091074 12
    endloop
  endfacet
  facet normal 0.04641159215918917 0.7081040605074935 -0.7045811547338243
    outer loop
      vertex 219.5 -30.730099502487562 10.01
      vertex 219.20631606750487 -28.730750938091074 12
      vertex 219.5 -28.75 12
    endloop
  endfacet
  facet normal -0.0464115921591892 0.7081040605074937 -0.7045811547338239
    outer loop
      vertex 220.05213878077163 -30.693910414841206 10.01
      vertex 219.5 -28.75 12
      vertex 219.79368393249513 -28.730750938091074 12
    endloop
  endfacet
  facet normal -0.13844066126801483 0.6959882037086729 -0.7045811547338247
    outer loop
      vertex 220.59483031392247 -30.585962357225277 10.01
      vertex 219.79368393249513 -28.730750938091074 12
      vertex 220.08234285148066 -28.673333109150406 12
    endloop
  endfacet
  facet normal -0.2281009722795124 0.6719637957800206 -0.7045811547338232
    outer loop
      vertex 221.1187889968578 -30.408102350834437 10.01
      vertex 220.08234285148066 -28.673333109150406 12
      vertex 220.36103772282146 -28.578728948150395 12
    endloop
  endfacet
  facet normal 0.6364419010019795 0.31385841241383516 -0.7045811547338274
    outer loop
      vertex 215.83662637030986 -28.61504975124378 10.01
      vertex 217.4212710518496 -27.36103772282145 12
      vertex 217.55144284148503 -27.625 12
    endloop
  endfacet
  facet normal 0.671963795780016 0.22810097227952267 -0.7045811547338245
    outer loop
      vertex 215.59189764916556 -28.1187889968578 10.01
      vertex 217.3266668908496 -27.08234285148067 12
      vertex 217.4212710518496 -27.36103772282145 12
    endloop
  endfacet
  facet normal 0.6959882037086822 0.13844066126798119 -0.7045811547338219
    outer loop
      vertex 215.41403764277473 -27.59483031392248 10.01
      vertex 217.26924906190894 -26.793683932495117 12
      vertex 217.3266668908496 -27.08234285148067 12
    endloop
  endfacet
  facet normal 0.7081040605074879 0.04641159215921685 -0.7045811547338281
    outer loop
      vertex 215.3060895851588 -27.052138780771635 10.01
      vertex 217.25 -26.5 12
      vertex 217.26924906190894 -26.793683932495117 12
    endloop
  endfacet
  facet normal 0.70810406050749 -0.04641159215921699 -0.7045811547338258
    outer loop
      vertex 215.26990049751242 -26.5 10.01
      vertex 217.26924906190894 -26.206316067504883 12
      vertex 217.25 -26.5 12
    endloop
  endfacet
  facet normal 0.5900303088428093 0.39424564809367985 -0.7045811547338273
    outer loop
      vertex 216.1440364299372 -29.075121417983407 10.01
      vertex 217.55144284148503 -27.625 12
      vertex 217.71495498434473 -27.86971321526962 12
    endloop
  endfacet
  facet normal -0.3138584124138159 0.6364419010019914 -0.7045811547338252
    outer loop
      vertex 221.6150497512438 -30.163373629690145 10.01
      vertex 220.36103772282146 -28.578728948150395 12
      vertex 220.625 -28.448557158514987 12
    endloop
  endfacet
  facet normal -0.39424564809368523 0.5900303088428096 -0.7045811547338241
    outer loop
      vertex 222.0751214179834 -29.855963570062798 10.01
      vertex 220.625 -28.448557158514987 12
      vertex 220.86971321526963 -28.285045015655278 12
    endloop
  endfacet
  facet normal -0.4678872314291414 0.5335231345120153 -0.704581154733823
    outer loop
      vertex 222.4911320433028 -29.491132043302798 10.01
      vertex 220.86971321526963 -28.285045015655278 12
      vertex 221.09099025766974 -28.09099025766973 12
    endloop
  endfacet
  facet normal -0.5335231345120292 0.4678872314291169 -0.7045811547338285
    outer loop
      vertex 222.8559635700628 -29.075121417983407 10.01
      vertex 221.09099025766974 -28.09099025766973 12
      vertex 221.28504501565527 -27.86971321526962 12
    endloop
  endfacet
  facet normal -0.5900303088428105 0.39424564809368035 -0.704581154733826
    outer loop
      vertex 223.16337362969014 -28.61504975124378 10.01
      vertex 221.28504501565527 -27.86971321526962 12
      vertex 221.44855715851497 -27.625 12
    endloop
  endfacet
  facet normal -0.6364419010019832 0.3138584124138374 -0.704581154733823
    outer loop
      vertex 223.40810235083444 -28.1187889968578 10.01
      vertex 221.44855715851497 -27.625 12
      vertex 221.5787289481504 -27.36103772282145 12
    endloop
  endfacet
  facet normal -0.6719637957800172 0.22810097227952297 -0.7045811547338232
    outer loop
      vertex 223.58596235722527 -27.59483031392248 10.01
      vertex 221.5787289481504 -27.36103772282145 12
      vertex 221.6733331091504 -27.08234285148067 12
    endloop
  endfacet
  facet normal -0.6959882037086764 0.13844066126797896 -0.7045811547338281
    outer loop
      vertex 223.6939104148412 -27.052138780771635 10.01
      vertex 221.6733331091504 -27.08234285148067 12
      vertex 221.73075093809106 -26.793683932495117 12
    endloop
  endfacet
  facet normal -0.70810406050749 0.04641159215921699 -0.7045811547338258
    outer loop
      vertex 223.73009950248758 -26.5 10.01
      vertex 221.73075093809106 -26.793683932495117 12
      vertex 221.75 -26.5 12
    endloop
  endfacet
  facet normal 0.6959882037086764 -0.13844066126797896 -0.7045811547338281
    outer loop
      vertex 215.3060895851588 -25.947861219228365 10.01
      vertex 217.3266668908496 -25.91765714851933 12
      vertex 217.26924906190894 -26.206316067504883 12
    endloop
  endfacet
  facet normal 0.6719637957800172 -0.22810097227952297 -0.7045811547338232
    outer loop
      vertex 215.41403764277473 -25.40516968607752 10.01
      vertex 217.4212710518496 -25.63896227717855 12
      vertex 217.3266668908496 -25.91765714851933 12
    endloop
  endfacet
  facet normal 0.6364419010019832 -0.3138584124138374 -0.704581154733823
    outer loop
      vertex 215.59189764916556 -24.8812110031422 10.01
      vertex 217.55144284148503 -25.375 12
      vertex 217.4212710518496 -25.63896227717855 12
    endloop
  endfacet
  facet normal 0.5900303088428105 -0.39424564809368035 -0.704581154733826
    outer loop
      vertex 215.83662637030986 -24.38495024875622 10.01
      vertex 217.71495498434473 -25.13028678473038 12
      vertex 217.55144284148503 -25.375 12
    endloop
  endfacet
  facet normal 0.5335231345120292 -0.4678872314291169 -0.7045811547338285
    outer loop
      vertex 216.1440364299372 -23.924878582016593 10.01
      vertex 217.90900974233026 -24.90900974233027 12
      vertex 217.71495498434473 -25.13028678473038 12
    endloop
  endfacet
  facet normal 0.4678872314291414 -0.5335231345120153 -0.704581154733823
    outer loop
      vertex 216.5088679566972 -23.508867956697202 10.01
      vertex 218.13028678473037 -24.714954984344722 12
      vertex 217.90900974233026 -24.90900974233027 12
    endloop
  endfacet
  facet normal 0.39424564809368523 -0.5900303088428096 -0.7045811547338241
    outer loop
      vertex 216.9248785820166 -23.144036429937202 10.01
      vertex 218.375 -24.551442841485013 12
      vertex 218.13028678473037 -24.714954984344722 12
    endloop
  endfacet
  facet normal 0.3138584124138159 -0.6364419010019914 -0.7045811547338252
    outer loop
      vertex 217.3849502487562 -22.836626370309855 10.01
      vertex 218.63896227717854 -24.421271051849605 12
      vertex 218.375 -24.551442841485013 12
    endloop
  endfacet
  facet normal 0.2281009722795124 -0.6719637957800206 -0.7045811547338232
    outer loop
      vertex 217.8812110031422 -22.591897649165563 10.01
      vertex 218.91765714851934 -24.326666890849594 12
      vertex 218.63896227717854 -24.421271051849605 12
    endloop
  endfacet
  facet normal 0.13844066126801483 -0.6959882037086729 -0.7045811547338247
    outer loop
      vertex 218.40516968607753 -22.414037642774723 10.01
      vertex 219.20631606750487 -24.269249061908926 12
      vertex 218.91765714851934 -24.326666890849594 12
    endloop
  endfacet
  facet normal 0.0464115921591892 -0.7081040605074937 -0.7045811547338239
    outer loop
      vertex 218.94786121922837 -22.306089585158794 10.01
      vertex 219.5 -24.25 12
      vertex 219.20631606750487 -24.269249061908926 12
    endloop
  endfacet
  facet normal -0.04641159215918917 -0.7081040605074935 -0.7045811547338243
    outer loop
      vertex 219.5 -22.269900497512438 10.01
      vertex 219.79368393249513 -24.269249061908926 12
      vertex 219.5 -24.25 12
    endloop
  endfacet
  facet normal -0.31385841241381635 -0.6364419010019934 -0.7045811547338232
    outer loop
      vertex 221.1187889968578 -22.591897649165563 10.01
      vertex 220.625 -24.551442841485013 12
      vertex 220.36103772282146 -24.421271051849605 12
    endloop
  endfacet
  facet normal -0.13844066126801563 -0.6959882037086742 -0.7045811547338232
    outer loop
      vertex 220.05213878077163 -22.306089585158794 10.01
      vertex 220.08234285148066 -24.326666890849594 12
      vertex 219.79368393249513 -24.269249061908926 12
    endloop
  endfacet
  facet normal -0.22810097227951237 -0.6719637957800191 -0.7045811547338248
    outer loop
      vertex 220.59483031392247 -22.414037642774723 10.01
      vertex 220.36103772282146 -24.421271051849605 12
      vertex 220.08234285148066 -24.326666890849594 12
    endloop
  endfacet
  facet normal -0.7081040605074879 -0.04641159215921685 -0.7045811547338281
    outer loop
      vertex 223.6939104148412 -25.947861219228365 10.01
      vertex 221.75 -26.5 12
      vertex 221.73075093809106 -26.206316067504883 12
    endloop
  endfacet
  facet normal -0.6959882037086822 -0.13844066126798119 -0.7045811547338219
    outer loop
      vertex 223.58596235722527 -25.40516968607752 10.01
      vertex 221.73075093809106 -26.206316067504883 12
      vertex 221.6733331091504 -25.91765714851933 12
    endloop
  endfacet
  facet normal -0.671963795780016 -0.22810097227952267 -0.7045811547338245
    outer loop
      vertex 223.40810235083444 -24.8812110031422 10.01
      vertex 221.6733331091504 -25.91765714851933 12
      vertex 221.5787289481504 -25.63896227717855 12
    endloop
  endfacet
  facet normal -0.6364419010019795 -0.31385841241383516 -0.7045811547338274
    outer loop
      vertex 223.16337362969014 -24.38495024875622 10.01
      vertex 221.5787289481504 -25.63896227717855 12
      vertex 221.44855715851497 -25.375 12
    endloop
  endfacet
  facet normal -0.5900303088428093 -0.39424564809367985 -0.7045811547338273
    outer loop
      vertex 222.8559635700628 -23.924878582016593 10.01
      vertex 221.44855715851497 -25.375 12
      vertex 221.28504501565527 -25.13028678473038 12
    endloop
  endfacet
  facet normal -0.5335231345120339 -0.4678872314291213 -0.704581154733822
    outer loop
      vertex 222.4911320433028 -23.508867956697202 10.01
      vertex 221.28504501565527 -25.13028678473038 12
      vertex 221.09099025766974 -24.90900974233027 12
    endloop
  endfacet
  facet normal -0.4678872314291404 -0.533523134512014 -0.7045811547338244
    outer loop
      vertex 222.0751214179834 -23.144036429937202 10.01
      vertex 221.09099025766974 -24.90900974233027 12
      vertex 220.86971321526963 -24.714954984344722 12
    endloop
  endfacet
  facet normal -0.39424564809368445 -0.5900303088428087 -0.7045811547338253
    outer loop
      vertex 221.6150497512438 -22.836626370309855 10.01
      vertex 220.86971321526963 -24.714954984344722 12
      vertex 220.625 -24.551442841485013 12
    endloop
  endfacet
  facet normal 0.44228869021900225 0.8968727415326878 0
    outer loop
      vertex 13.25 21.73686027918559 10.01
      vertex 13.895241121992006 21.418662571187923 0
      vertex 13.25 21.73686027918559 0
    endloop
  endfacet
  facet normal 0.32143946530316386 0.9469301294951049 0
    outer loop
      vertex 13.895241121992006 21.418662571187923 10.01
      vertex 14.576495251936135 21.187407955410123 0
      vertex 13.895241121992006 21.418662571187923 0
    endloop
  endfacet
  facet normal 0.555570233019602 0.8314696123025453 0
    outer loop
      vertex 12.651812140452037 22.136556628398207 10.01
      vertex 13.25 21.73686027918559 0
      vertex 12.651812140452037 22.136556628398207 0
    endloop
  endfacet
  facet normal 0.659345815100069 0.7518398074789773 0
    outer loop
      vertex 12.11091270347399 22.61091270347399 10.01
      vertex 12.651812140452037 22.136556628398207 0
      vertex 12.11091270347399 22.61091270347399 0
    endloop
  endfacet
  facet normal 0.7518398074789773 0.659345815100069 0
    outer loop
      vertex 11.636556628398207 23.151812140452037 10.01
      vertex 12.11091270347399 22.61091270347399 0
      vertex 11.636556628398207 23.151812140452037 0
    endloop
  endfacet
  facet normal 0.8314696123025453 0.555570233019602 0
    outer loop
      vertex 11.236860279185588 23.75 10.01
      vertex 11.636556628398207 23.151812140452037 0
      vertex 11.236860279185588 23.75 0
    endloop
  endfacet
  facet normal 0.8968727415326883 0.44228869021900125 0
    outer loop
      vertex 10.918662571187923 24.395241121992008 10.01
      vertex 11.236860279185588 23.75 0
      vertex 10.918662571187923 24.395241121992008 0
    endloop
  endfacet
  facet normal 0.9469301294951056 0.32143946530316164 0
    outer loop
      vertex 10.687407955410125 25.076495251936137 10.01
      vertex 10.918662571187923 24.395241121992008 0
      vertex 10.687407955410125 25.076495251936137 0
    endloop
  endfacet
  facet normal 0.98078528040323 0.1950903220161305 0
    outer loop
      vertex 10.547053262444042 25.782105942789716 10.01
      vertex 10.687407955410125 25.076495251936137 0
      vertex 10.547053262444042 25.782105942789716 0
    endloop
  endfacet
  facet normal 0.06540312923014151 0.9978589232386036 0
    outer loop
      vertex 15.282105942789716 21.04705326244404 10.01
      vertex 16 21 0
      vertex 15.282105942789716 21.04705326244404 0
    endloop
  endfacet
  facet normal 0.19509032201612767 0.9807852804032307 0
    outer loop
      vertex 14.576495251936135 21.187407955410123 10.01
      vertex 15.282105942789716 21.04705326244404 0
      vertex 14.576495251936135 21.187407955410123 0
    endloop
  endfacet
  facet normal -0.06540312923014151 0.9978589232386036 0
    outer loop
      vertex 16 21 10.01
      vertex 16.717894057210284 21.04705326244404 0
      vertex 16 21 0
    endloop
  endfacet
  facet normal -0.19509032201612814 0.9807852804032304 0
    outer loop
      vertex 16.717894057210284 21.04705326244404 10.01
      vertex 17.423504748063863 21.187407955410123 0
      vertex 16.717894057210284 21.04705326244404 0
    endloop
  endfacet
  facet normal -0.32143946530316386 0.9469301294951049 0
    outer loop
      vertex 17.423504748063863 21.187407955410123 10.01
      vertex 18.104758878007992 21.418662571187923 0
      vertex 17.423504748063863 21.187407955410123 0
    endloop
  endfacet
  facet normal -0.44228869021900125 0.8968727415326883 0
    outer loop
      vertex 18.104758878007992 21.418662571187923 10.01
      vertex 18.75 21.73686027918559 0
      vertex 18.104758878007992 21.418662571187923 0
    endloop
  endfacet
  facet normal -0.555570233019602 0.8314696123025453 0
    outer loop
      vertex 18.75 21.73686027918559 10.01
      vertex 19.348187859547963 22.136556628398207 0
      vertex 18.75 21.73686027918559 0
    endloop
  endfacet
  facet normal -0.659345815100069 0.7518398074789773 0
    outer loop
      vertex 19.348187859547963 22.136556628398207 10.01
      vertex 19.88908729652601 22.61091270347399 0
      vertex 19.348187859547963 22.136556628398207 0
    endloop
  endfacet
  facet normal -0.7518398074789773 0.659345815100069 0
    outer loop
      vertex 19.88908729652601 22.61091270347399 10.01
      vertex 20.363443371601793 23.151812140452037 0
      vertex 19.88908729652601 22.61091270347399 0
    endloop
  endfacet
  facet normal -0.8314696123025453 0.555570233019602 0
    outer loop
      vertex 20.363443371601793 23.151812140452037 10.01
      vertex 20.76313972081441 23.75 0
      vertex 20.363443371601793 23.151812140452037 0
    endloop
  endfacet
  facet normal -0.8968727415326883 0.44228869021900125 0
    outer loop
      vertex 20.76313972081441 23.75 10.01
      vertex 21.081337428812077 24.395241121992008 0
      vertex 20.76313972081441 23.75 0
    endloop
  endfacet
  facet normal -0.9469301294951049 0.32143946530316386 0
    outer loop
      vertex 21.081337428812077 24.395241121992008 10.01
      vertex 21.312592044589877 25.076495251936137 0
      vertex 21.081337428812077 24.395241121992008 0
    endloop
  endfacet
  facet normal -0.9807852804032304 0.19509032201612814 0
    outer loop
      vertex 21.312592044589877 25.076495251936137 10.01
      vertex 21.45294673755596 25.782105942789716 0
      vertex 21.312592044589877 25.076495251936137 0
    endloop
  endfacet
  facet normal -0.9978589232386036 0.06540312923014151 0
    outer loop
      vertex 21.45294673755596 25.782105942789716 10.01
      vertex 21.5 26.5 0
      vertex 21.45294673755596 25.782105942789716 0
    endloop
  endfacet
  facet normal 0.9978589232386036 0.06540312923014151 0
    outer loop
      vertex 10.5 26.5 10.01
      vertex 10.547053262444042 25.782105942789716 0
      vertex 10.5 26.5 0
    endloop
  endfacet
  facet normal 0.9978589232386036 -0.06540312923014151 0
    outer loop
      vertex 10.547053262444042 27.217894057210284 10.01
      vertex 10.5 26.5 0
      vertex 10.547053262444042 27.217894057210284 0
    endloop
  endfacet
  facet normal 0.98078528040323 -0.1950903220161305 0
    outer loop
      vertex 10.687407955410125 27.923504748063863 10.01
      vertex 10.547053262444042 27.217894057210284 0
      vertex 10.687407955410125 27.923504748063863 0
    endloop
  endfacet
  facet normal 0.9469301294951056 -0.32143946530316164 0
    outer loop
      vertex 10.918662571187923 28.604758878007992 10.01
      vertex 10.687407955410125 27.923504748063863 0
      vertex 10.918662571187923 28.604758878007992 0
    endloop
  endfacet
  facet normal 0.8968727415326883 -0.44228869021900125 0
    outer loop
      vertex 11.236860279185588 29.25 10.01
      vertex 10.918662571187923 28.604758878007992 0
      vertex 11.236860279185588 29.25 0
    endloop
  endfacet
  facet normal 0.8314696123025453 -0.555570233019602 0
    outer loop
      vertex 11.636556628398207 29.848187859547963 10.01
      vertex 11.236860279185588 29.25 0
      vertex 11.636556628398207 29.848187859547963 0
    endloop
  endfacet
  facet normal 0.7518398074789773 -0.659345815100069 0
    outer loop
      vertex 12.11091270347399 30.38908729652601 10.01
      vertex 11.636556628398207 29.848187859547963 0
      vertex 12.11091270347399 30.38908729652601 0
    endloop
  endfacet
  facet normal 0.659345815100069 -0.7518398074789773 0
    outer loop
      vertex 12.651812140452037 30.863443371601793 10.01
      vertex 12.11091270347399 30.38908729652601 0
      vertex 12.651812140452037 30.863443371601793 0
    endloop
  endfacet
  facet normal 0.555570233019602 -0.8314696123025453 0
    outer loop
      vertex 13.25 31.26313972081441 10.01
      vertex 12.651812140452037 30.863443371601793 0
      vertex 13.25 31.26313972081441 0
    endloop
  endfacet
  facet normal 0.44228869021900225 -0.8968727415326878 0
    outer loop
      vertex 13.895241121992006 31.581337428812077 10.01
      vertex 13.25 31.26313972081441 0
      vertex 13.895241121992006 31.581337428812077 0
    endloop
  endfacet
  facet normal 0.32143946530316386 -0.9469301294951049 0
    outer loop
      vertex 14.576495251936135 31.812592044589877 10.01
      vertex 13.895241121992006 31.581337428812077 0
      vertex 14.576495251936135 31.812592044589877 0
    endloop
  endfacet
  facet normal -0.9978589232386036 -0.06540312923014151 0
    outer loop
      vertex 21.5 26.5 10.01
      vertex 21.45294673755596 27.217894057210284 0
      vertex 21.5 26.5 0
    endloop
  endfacet
  facet normal -0.9807852804032304 -0.19509032201612814 0
    outer loop
      vertex 21.45294673755596 27.217894057210284 10.01
      vertex 21.312592044589877 27.923504748063863 0
      vertex 21.45294673755596 27.217894057210284 0
    endloop
  endfacet
  facet normal -0.9469301294951049 -0.32143946530316386 0
    outer loop
      vertex 21.312592044589877 27.923504748063863 10.01
      vertex 21.081337428812077 28.604758878007992 0
      vertex 21.312592044589877 27.923504748063863 0
    endloop
  endfacet
  facet normal -0.8968727415326883 -0.44228869021900125 0
    outer loop
      vertex 21.081337428812077 28.604758878007992 10.01
      vertex 20.76313972081441 29.25 0
      vertex 21.081337428812077 28.604758878007992 0
    endloop
  endfacet
  facet normal -0.8314696123025453 -0.555570233019602 0
    outer loop
      vertex 20.76313972081441 29.25 10.01
      vertex 20.363443371601793 29.848187859547963 0
      vertex 20.76313972081441 29.25 0
    endloop
  endfacet
  facet normal -0.7518398074789773 -0.659345815100069 0
    outer loop
      vertex 20.363443371601793 29.848187859547963 10.01
      vertex 19.88908729652601 30.38908729652601 0
      vertex 20.363443371601793 29.848187859547963 0
    endloop
  endfacet
  facet normal -0.659345815100069 -0.7518398074789773 0
    outer loop
      vertex 19.88908729652601 30.38908729652601 10.01
      vertex 19.348187859547963 30.863443371601793 0
      vertex 19.88908729652601 30.38908729652601 0
    endloop
  endfacet
  facet normal -0.32143946530316386 -0.9469301294951049 0
    outer loop
      vertex 18.104758878007992 31.581337428812077 10.01
      vertex 17.423504748063863 31.812592044589877 0
      vertex 18.104758878007992 31.581337428812077 0
    endloop
  endfacet
  facet normal 0.19509032201612767 -0.9807852804032307 0
    outer loop
      vertex 15.282105942789716 31.95294673755596 10.01
      vertex 14.576495251936135 31.812592044589877 0
      vertex 15.282105942789716 31.95294673755596 0
    endloop
  endfacet
  facet normal 0.06540312923014151 -0.9978589232386036 0
    outer loop
      vertex 16 32 10.01
      vertex 15.282105942789716 31.95294673755596 0
      vertex 16 32 0
    endloop
  endfacet
  facet normal -0.06540312923014151 -0.9978589232386036 0
    outer loop
      vertex 16.717894057210284 31.95294673755596 10.01
      vertex 16 32 0
      vertex 16.717894057210284 31.95294673755596 0
    endloop
  endfacet
  facet normal -0.19509032201612814 -0.9807852804032304 0
    outer loop
      vertex 17.423504748063863 31.812592044589877 10.01
      vertex 16.717894057210284 31.95294673755596 0
      vertex 17.423504748063863 31.812592044589877 0
    endloop
  endfacet
  facet normal -0.555570233019602 -0.8314696123025453 0
    outer loop
      vertex 19.348187859547963 30.863443371601793 10.01
      vertex 18.75 31.26313972081441 0
      vertex 19.348187859547963 30.863443371601793 0
    endloop
  endfacet
  facet normal -0.44228869021900125 -0.8968727415326883 0
    outer loop
      vertex 18.75 31.26313972081441 10.01
      vertex 18.104758878007992 31.581337428812077 0
      vertex 18.75 31.26313972081441 0
    endloop
  endfacet
  facet normal 0.32143946530316386 0.9469301294951049 0
    outer loop
      vertex 14.576495251936135 21.187407955410123 10.01
      vertex 14.576495251936135 21.187407955410123 0
      vertex 13.895241121992006 21.418662571187923 10.01
    endloop
  endfacet
  facet normal 0.44228869021900225 0.8968727415326878 0
    outer loop
      vertex 13.895241121992006 21.418662571187923 10.01
      vertex 13.895241121992006 21.418662571187923 0
      vertex 13.25 21.73686027918559 10.01
    endloop
  endfacet
  facet normal 0.555570233019602 0.8314696123025453 0
    outer loop
      vertex 13.25 21.73686027918559 10.01
      vertex 13.25 21.73686027918559 0
      vertex 12.651812140452037 22.136556628398207 10.01
    endloop
  endfacet
  facet normal 0.659345815100069 0.7518398074789773 0
    outer loop
      vertex 12.651812140452037 22.136556628398207 10.01
      vertex 12.651812140452037 22.136556628398207 0
      vertex 12.11091270347399 22.61091270347399 10.01
    endloop
  endfacet
  facet normal 0.7518398074789773 0.659345815100069 0
    outer loop
      vertex 12.11091270347399 22.61091270347399 10.01
      vertex 12.11091270347399 22.61091270347399 0
      vertex 11.636556628398207 23.151812140452037 10.01
    endloop
  endfacet
  facet normal 0.8314696123025453 0.555570233019602 0
    outer loop
      vertex 11.636556628398207 23.151812140452037 10.01
      vertex 11.636556628398207 23.151812140452037 0
      vertex 11.236860279185588 23.75 10.01
    endloop
  endfacet
  facet normal 0.8968727415326883 0.44228869021900125 0
    outer loop
      vertex 11.236860279185588 23.75 10.01
      vertex 11.236860279185588 23.75 0
      vertex 10.918662571187923 24.395241121992008 10.01
    endloop
  endfacet
  facet normal 0.9469301294951056 0.32143946530316164 0
    outer loop
      vertex 10.918662571187923 24.395241121992008 10.01
      vertex 10.918662571187923 24.395241121992008 0
      vertex 10.687407955410125 25.076495251936137 10.01
    endloop
  endfacet
  facet normal 0.98078528040323 0.1950903220161305 0
    outer loop
      vertex 10.687407955410125 25.076495251936137 10.01
      vertex 10.687407955410125 25.076495251936137 0
      vertex 10.547053262444042 25.782105942789716 10.01
    endloop
  endfacet
  facet normal 0.9978589232386036 0.06540312923014151 0
    outer loop
      vertex 10.547053262444042 25.782105942789716 10.01
      vertex 10.547053262444042 25.782105942789716 0
      vertex 10.5 26.5 10.01
    endloop
  endfacet
  facet normal 0.19509032201612767 0.9807852804032307 0
    outer loop
      vertex 14.576495251936135 21.187407955410123 10.01
      vertex 15.282105942789716 21.04705326244404 10.01
      vertex 15.282105942789716 21.04705326244404 0
    endloop
  endfacet
  facet normal 0.06540312923014151 0.9978589232386036 0
    outer loop
      vertex 15.282105942789716 21.04705326244404 10.01
      vertex 16 21 10.01
      vertex 16 21 0
    endloop
  endfacet
  facet normal -0.06540312923014151 0.9978589232386036 0
    outer loop
      vertex 16 21 10.01
      vertex 16.717894057210284 21.04705326244404 10.01
      vertex 16.717894057210284 21.04705326244404 0
    endloop
  endfacet
  facet normal -0.19509032201612814 0.9807852804032304 0
    outer loop
      vertex 16.717894057210284 21.04705326244404 10.01
      vertex 17.423504748063863 21.187407955410123 10.01
      vertex 17.423504748063863 21.187407955410123 0
    endloop
  endfacet
  facet normal -0.32143946530316386 0.9469301294951049 0
    outer loop
      vertex 17.423504748063863 21.187407955410123 10.01
      vertex 18.104758878007992 21.418662571187923 10.01
      vertex 18.104758878007992 21.418662571187923 0
    endloop
  endfacet
  facet normal -0.44228869021900125 0.8968727415326883 0
    outer loop
      vertex 18.104758878007992 21.418662571187923 10.01
      vertex 18.75 21.73686027918559 10.01
      vertex 18.75 21.73686027918559 0
    endloop
  endfacet
  facet normal -0.555570233019602 0.8314696123025453 0
    outer loop
      vertex 18.75 21.73686027918559 10.01
      vertex 19.348187859547963 22.136556628398207 10.01
      vertex 19.348187859547963 22.136556628398207 0
    endloop
  endfacet
  facet normal -0.659345815100069 0.7518398074789773 0
    outer loop
      vertex 19.348187859547963 22.136556628398207 10.01
      vertex 19.88908729652601 22.61091270347399 10.01
      vertex 19.88908729652601 22.61091270347399 0
    endloop
  endfacet
  facet normal -0.7518398074789773 0.659345815100069 0
    outer loop
      vertex 19.88908729652601 22.61091270347399 10.01
      vertex 20.363443371601793 23.151812140452037 10.01
      vertex 20.363443371601793 23.151812140452037 0
    endloop
  endfacet
  facet normal -0.8314696123025453 0.555570233019602 0
    outer loop
      vertex 20.363443371601793 23.151812140452037 10.01
      vertex 20.76313972081441 23.75 10.01
      vertex 20.76313972081441 23.75 0
    endloop
  endfacet
  facet normal -0.8968727415326883 0.44228869021900125 0
    outer loop
      vertex 20.76313972081441 23.75 10.01
      vertex 21.081337428812077 24.395241121992008 10.01
      vertex 21.081337428812077 24.395241121992008 0
    endloop
  endfacet
  facet normal -0.9469301294951049 0.32143946530316386 0
    outer loop
      vertex 21.081337428812077 24.395241121992008 10.01
      vertex 21.312592044589877 25.076495251936137 10.01
      vertex 21.312592044589877 25.076495251936137 0
    endloop
  endfacet
  facet normal -0.9807852804032304 0.19509032201612814 0
    outer loop
      vertex 21.312592044589877 25.076495251936137 10.01
      vertex 21.45294673755596 25.782105942789716 10.01
      vertex 21.45294673755596 25.782105942789716 0
    endloop
  endfacet
  facet normal 0.9978589232386036 -0.06540312923014151 0
    outer loop
      vertex 10.5 26.5 10.01
      vertex 10.5 26.5 0
      vertex 10.547053262444042 27.217894057210284 10.01
    endloop
  endfacet
  facet normal 0.98078528040323 -0.1950903220161305 0
    outer loop
      vertex 10.547053262444042 27.217894057210284 10.01
      vertex 10.547053262444042 27.217894057210284 0
      vertex 10.687407955410125 27.923504748063863 10.01
    endloop
  endfacet
  facet normal 0.9469301294951056 -0.32143946530316164 0
    outer loop
      vertex 10.687407955410125 27.923504748063863 10.01
      vertex 10.687407955410125 27.923504748063863 0
      vertex 10.918662571187923 28.604758878007992 10.01
    endloop
  endfacet
  facet normal 0.8968727415326883 -0.44228869021900125 0
    outer loop
      vertex 10.918662571187923 28.604758878007992 10.01
      vertex 10.918662571187923 28.604758878007992 0
      vertex 11.236860279185588 29.25 10.01
    endloop
  endfacet
  facet normal 0.8314696123025453 -0.555570233019602 0
    outer loop
      vertex 11.236860279185588 29.25 10.01
      vertex 11.236860279185588 29.25 0
      vertex 11.636556628398207 29.848187859547963 10.01
    endloop
  endfacet
  facet normal 0.7518398074789773 -0.659345815100069 0
    outer loop
      vertex 11.636556628398207 29.848187859547963 10.01
      vertex 11.636556628398207 29.848187859547963 0
      vertex 12.11091270347399 30.38908729652601 10.01
    endloop
  endfacet
  facet normal 0.659345815100069 -0.7518398074789773 0
    outer loop
      vertex 12.11091270347399 30.38908729652601 10.01
      vertex 12.11091270347399 30.38908729652601 0
      vertex 12.651812140452037 30.863443371601793 10.01
    endloop
  endfacet
  facet normal 0.555570233019602 -0.8314696123025453 0
    outer loop
      vertex 12.651812140452037 30.863443371601793 10.01
      vertex 12.651812140452037 30.863443371601793 0
      vertex 13.25 31.26313972081441 10.01
    endloop
  endfacet
  facet normal 0.44228869021900225 -0.8968727415326878 0
    outer loop
      vertex 13.25 31.26313972081441 10.01
      vertex 13.25 31.26313972081441 0
      vertex 13.895241121992006 31.581337428812077 10.01
    endloop
  endfacet
  facet normal 0.32143946530316386 -0.9469301294951049 0
    outer loop
      vertex 13.895241121992006 31.581337428812077 10.01
      vertex 13.895241121992006 31.581337428812077 0
      vertex 14.576495251936135 31.812592044589877 10.01
    endloop
  endfacet
  facet normal -0.9978589232386036 0.06540312923014151 0
    outer loop
      vertex 21.45294673755596 25.782105942789716 10.01
      vertex 21.5 26.5 10.01
      vertex 21.5 26.5 0
    endloop
  endfacet
  facet normal -0.9978589232386036 -0.06540312923014151 0
    outer loop
      vertex 21.5 26.5 10.01
      vertex 21.45294673755596 27.217894057210284 10.01
      vertex 21.45294673755596 27.217894057210284 0
    endloop
  endfacet
  facet normal -0.9807852804032304 -0.19509032201612814 0
    outer loop
      vertex 21.45294673755596 27.217894057210284 10.01
      vertex 21.312592044589877 27.923504748063863 10.01
      vertex 21.312592044589877 27.923504748063863 0
    endloop
  endfacet
  facet normal -0.9469301294951049 -0.32143946530316386 0
    outer loop
      vertex 21.312592044589877 27.923504748063863 10.01
      vertex 21.081337428812077 28.604758878007992 10.01
      vertex 21.081337428812077 28.604758878007992 0
    endloop
  endfacet
  facet normal -0.8968727415326883 -0.44228869021900125 0
    outer loop
      vertex 21.081337428812077 28.604758878007992 10.01
      vertex 20.76313972081441 29.25 10.01
      vertex 20.76313972081441 29.25 0
    endloop
  endfacet
  facet normal -0.7518398074789773 -0.659345815100069 0
    outer loop
      vertex 20.363443371601793 29.848187859547963 10.01
      vertex 19.88908729652601 30.38908729652601 10.01
      vertex 19.88908729652601 30.38908729652601 0
    endloop
  endfacet
  facet normal -0.8314696123025453 -0.555570233019602 0
    outer loop
      vertex 20.76313972081441 29.25 10.01
      vertex 20.363443371601793 29.848187859547963 10.01
      vertex 20.363443371601793 29.848187859547963 0
    endloop
  endfacet
  facet normal -0.44228869021900125 -0.8968727415326883 0
    outer loop
      vertex 18.104758878007992 31.581337428812077 10.01
      vertex 18.104758878007992 31.581337428812077 0
      vertex 18.75 31.26313972081441 10.01
    endloop
  endfacet
  facet normal 0.19509032201612767 -0.9807852804032307 0
    outer loop
      vertex 14.576495251936135 31.812592044589877 10.01
      vertex 14.576495251936135 31.812592044589877 0
      vertex 15.282105942789716 31.95294673755596 10.01
    endloop
  endfacet
  facet normal 0.06540312923014151 -0.9978589232386036 0
    outer loop
      vertex 15.282105942789716 31.95294673755596 10.01
      vertex 15.282105942789716 31.95294673755596 0
      vertex 16 32 10.01
    endloop
  endfacet
  facet normal -0.06540312923014151 -0.9978589232386036 0
    outer loop
      vertex 16 32 10.01
      vertex 16 32 0
      vertex 16.717894057210284 31.95294673755596 10.01
    endloop
  endfacet
  facet normal -0.19509032201612814 -0.9807852804032304 0
    outer loop
      vertex 16.717894057210284 31.95294673755596 10.01
      vertex 16.717894057210284 31.95294673755596 0
      vertex 17.423504748063863 31.812592044589877 10.01
    endloop
  endfacet
  facet normal -0.32143946530316386 -0.9469301294951049 0
    outer loop
      vertex 18.104758878007992 31.581337428812077 10.01
      vertex 17.423504748063863 31.812592044589877 10.01
      vertex 17.423504748063863 31.812592044589877 0
    endloop
  endfacet
  facet normal -0.555570233019602 -0.8314696123025453 0
    outer loop
      vertex 19.348187859547963 30.863443371601793 10.01
      vertex 18.75 31.26313972081441 10.01
      vertex 18.75 31.26313972081441 0
    endloop
  endfacet
  facet normal -0.659345815100069 -0.7518398074789773 0
    outer loop
      vertex 19.88908729652601 30.38908729652601 10.01
      vertex 19.348187859547963 30.863443371601793 10.01
      vertex 19.348187859547963 30.863443371601793 0
    endloop
  endfacet
  facet normal 0 0 -1
    outer loop
      vertex 14.576495251936135 21.187407955410123 10.01
      vertex 13.895241121992006 21.418662571187923 10.01
      vertex 14.905169686077521 22.414037642774723 10.01
    endloop
  endfacet
  facet normal 0 0 -1
    outer loop
      vertex 12.651812140452037 22.136556628398207 10.01
      vertex 12.11091270347399 22.61091270347399 10.01
      vertex 12.6440364299372 23.924878582016593 10.01
    endloop
  endfacet
  facet normal 0 0 -1
    outer loop
      vertex 13.895241121992006 21.418662571187923 10.01
      vertex 13.25 21.73686027918559 10.01
      vertex 13.884950248756219 22.836626370309855 10.01
    endloop
  endfacet
  facet normal 0 0 -1
    outer loop
      vertex 13.25 21.73686027918559 10.01
      vertex 12.651812140452037 22.136556628398207 10.01
      vertex 13.424878582016593 23.144036429937202 10.01
    endloop
  endfacet
  facet normal 0 0 -1
    outer loop
      vertex 13.895241121992006 21.418662571187923 10.01
      vertex 14.381211003142202 22.591897649165563 10.01
      vertex 14.905169686077521 22.414037642774723 10.01
    endloop
  endfacet
  facet normal 0 0 -1
    outer loop
      vertex 13.895241121992006 21.418662571187923 10.01
      vertex 13.884950248756219 22.836626370309855 10.01
      vertex 14.381211003142202 22.591897649165563 10.01
    endloop
  endfacet
  facet normal 0 0 -1
    outer loop
      vertex 13.25 21.73686027918559 10.01
      vertex 13.424878582016593 23.144036429937202 10.01
      vertex 13.884950248756219 22.836626370309855 10.01
    endloop
  endfacet
  facet normal 0 0 -1
    outer loop
      vertex 12.651812140452037 22.136556628398207 10.01
      vertex 13.008867956697204 23.508867956697202 10.01
      vertex 13.424878582016593 23.144036429937202 10.01
    endloop
  endfacet
  facet normal 0 0 -1
    outer loop
      vertex 12.651812140452037 22.136556628398207 10.01
      vertex 12.6440364299372 23.924878582016593 10.01
      vertex 13.008867956697204 23.508867956697202 10.01
    endloop
  endfacet
  facet normal 0 0 -1
    outer loop
      vertex 12.11091270347399 22.61091270347399 10.01
      vertex 11.636556628398207 23.151812140452037 10.01
      vertex 12.091897649165563 24.8812110031422 10.01
    endloop
  endfacet
  facet normal 0 0 -1
    outer loop
      vertex 12.11091270347399 22.61091270347399 10.01
      vertex 12.336626370309855 24.38495024875622 10.01
      vertex 12.6440364299372 23.924878582016593 10.01
    endloop
  endfacet
  facet normal 0 0 -1
    outer loop
      vertex 12.11091270347399 22.61091270347399 10.01
      vertex 12.091897649165563 24.8812110031422 10.01
      vertex 12.336626370309855 24.38495024875622 10.01
    endloop
  endfacet
  facet normal 0 0 -1
    outer loop
      vertex 11.236860279185588 23.75 10.01
      vertex 10.918662571187923 24.395241121992008 10.01
      vertex 10.918662571187923 28.604758878007992 10.01
    endloop
  endfacet
  facet normal 0 0 -1
    outer loop
      vertex 10.918662571187923 24.395241121992008 10.01
      vertex 10.687407955410125 25.076495251936137 10.01
      vertex 10.687407955410125 27.923504748063863 10.01
    endloop
  endfacet
  facet normal 0 0 -1
    outer loop
      vertex 10.687407955410125 25.076495251936137 10.01
      vertex 10.547053262444042 25.782105942789716 10.01
      vertex 10.547053262444042 27.217894057210284 10.01
    endloop
  endfacet
  facet normal 0 0 -1
    outer loop
      vertex 11.636556628398207 23.151812140452037 10.01
      vertex 11.914037642774725 25.40516968607752 10.01
      vertex 12.091897649165563 24.8812110031422 10.01
    endloop
  endfacet
  facet normal 0 0 -1
    outer loop
      vertex 11.636556628398207 23.151812140452037 10.01
      vertex 11.806089585158794 25.947861219228365 10.01
      vertex 11.914037642774725 25.40516968607752 10.01
    endloop
  endfacet
  facet normal 0 0 -1
    outer loop
      vertex 11.636556628398207 23.151812140452037 10.01
      vertex 11.236860279185588 23.75 10.01
      vertex 11.236860279185588 29.25 10.01
    endloop
  endfacet
  facet normal 0 0 -1
    outer loop
      vertex 11.636556628398207 23.151812140452037 10.01
      vertex 11.769900497512438 26.5 10.01
      vertex 11.806089585158794 25.947861219228365 10.01
    endloop
  endfacet
  facet normal 0 0 -1
    outer loop
      vertex 14.576495251936135 21.187407955410123 10.01
      vertex 15.447861219228363 22.306089585158794 10.01
      vertex 15.282105942789716 21.04705326244404 10.01
    endloop
  endfacet
  facet normal 0 0 -1
    outer loop
      vertex 15.282105942789716 21.04705326244404 10.01
      vertex 15.447861219228363 22.306089585158794 10.01
      vertex 16 22.269900497512438 10.01
    endloop
  endfacet
  facet normal 0 0 -1
    outer loop
      vertex 15.282105942789716 21.04705326244404 10.01
      vertex 16 22.269900497512438 10.01
      vertex 16 21 10.01
    endloop
  endfacet
  facet normal 0 0 -1
    outer loop
      vertex 16 21 10.01
      vertex 16.552138780771635 22.306089585158794 10.01
      vertex 16.717894057210284 21.04705326244404 10.01
    endloop
  endfacet
  facet normal 0 0 -1
    outer loop
      vertex 16 21 10.01
      vertex 16 22.269900497512438 10.01
      vertex 16.552138780771635 22.306089585158794 10.01
    endloop
  endfacet
  facet normal 0 0 -1
    outer loop
      vertex 16.717894057210284 21.04705326244404 10.01
      vertex 17.09483031392248 22.414037642774723 10.01
      vertex 17.423504748063863 21.187407955410123 10.01
    endloop
  endfacet
  facet normal 0 0 -1
    outer loop
      vertex 17.423504748063863 21.187407955410123 10.01
      vertex 17.6187889968578 22.591897649165563 10.01
      vertex 18.104758878007992 21.418662571187923 10.01
    endloop
  endfacet
  facet normal 0 0 -1
    outer loop
      vertex 14.576495251936135 21.187407955410123 10.01
      vertex 14.905169686077521 22.414037642774723 10.01
      vertex 15.447861219228363 22.306089585158794 10.01
    endloop
  endfacet
  facet normal 0 0 -1
    outer loop
      vertex 16.717894057210284 21.04705326244404 10.01
      vertex 16.552138780771635 22.306089585158794 10.01
      vertex 17.09483031392248 22.414037642774723 10.01
    endloop
  endfacet
  facet normal 0 0 -1
    outer loop
      vertex 17.423504748063863 21.187407955410123 10.01
      vertex 17.09483031392248 22.414037642774723 10.01
      vertex 17.6187889968578 22.591897649165563 10.01
    endloop
  endfacet
  facet normal 0 0 -1
    outer loop
      vertex 18.104758878007992 21.418662571187923 10.01
      vertex 18.11504975124378 22.836626370309855 10.01
      vertex 18.75 21.73686027918559 10.01
    endloop
  endfacet
  facet normal 0 0 -1
    outer loop
      vertex 18.104758878007992 21.418662571187923 10.01
      vertex 17.6187889968578 22.591897649165563 10.01
      vertex 18.11504975124378 22.836626370309855 10.01
    endloop
  endfacet
  facet normal 0 0 -1
    outer loop
      vertex 18.75 21.73686027918559 10.01
      vertex 18.11504975124378 22.836626370309855 10.01
      vertex 18.575121417983407 23.144036429937202 10.01
    endloop
  endfacet
  facet normal 0 0 -1
    outer loop
      vertex 18.75 21.73686027918559 10.01
      vertex 18.991132043302798 23.508867956697202 10.01
      vertex 19.348187859547963 22.136556628398207 10.01
    endloop
  endfacet
  facet normal 0 0 -1
    outer loop
      vertex 18.75 21.73686027918559 10.01
      vertex 18.575121417983407 23.144036429937202 10.01
      vertex 18.991132043302798 23.508867956697202 10.01
    endloop
  endfacet
  facet normal 0 0 -1
    outer loop
      vertex 19.348187859547963 22.136556628398207 10.01
      vertex 19.355963570062798 23.924878582016593 10.01
      vertex 19.88908729652601 22.61091270347399 10.01
    endloop
  endfacet
  facet normal 0 0 -1
    outer loop
      vertex 19.348187859547963 22.136556628398207 10.01
      vertex 18.991132043302798 23.508867956697202 10.01
      vertex 19.355963570062798 23.924878582016593 10.01
    endloop
  endfacet
  facet normal 0 0 -1
    outer loop
      vertex 19.88908729652601 22.61091270347399 10.01
      vertex 19.355963570062798 23.924878582016593 10.01
      vertex 19.663373629690145 24.38495024875622 10.01
    endloop
  endfacet
  facet normal 0 0 -1
    outer loop
      vertex 19.88908729652601 22.61091270347399 10.01
      vertex 19.908102350834437 24.8812110031422 10.01
      vertex 20.363443371601793 23.151812140452037 10.01
    endloop
  endfacet
  facet normal 0 0 -1
    outer loop
      vertex 19.88908729652601 22.61091270347399 10.01
      vertex 19.663373629690145 24.38495024875622 10.01
      vertex 19.908102350834437 24.8812110031422 10.01
    endloop
  endfacet
  facet normal 0 0 -1
    outer loop
      vertex 20.363443371601793 23.151812140452037 10.01
      vertex 19.908102350834437 24.8812110031422 10.01
      vertex 20.085962357225277 25.40516968607752 10.01
    endloop
  endfacet
  facet normal 0 0 -1
    outer loop
      vertex 20.363443371601793 23.151812140452037 10.01
      vertex 20.085962357225277 25.40516968607752 10.01
      vertex 20.193910414841206 25.947861219228365 10.01
    endloop
  endfacet
  facet normal 0 0 -1
    outer loop
      vertex 20.363443371601793 23.151812140452037 10.01
      vertex 20.193910414841206 25.947861219228365 10.01
      vertex 20.230099502487562 26.5 10.01
    endloop
  endfacet
  facet normal 0 0 -1
    outer loop
      vertex 20.363443371601793 23.151812140452037 10.01
      vertex 20.363443371601793 29.848187859547963 10.01
      vertex 20.76313972081441 23.75 10.01
    endloop
  endfacet
  facet normal 0 0 -1
    outer loop
      vertex 20.76313972081441 23.75 10.01
      vertex 20.76313972081441 29.25 10.01
      vertex 21.081337428812077 24.395241121992008 10.01
    endloop
  endfacet
  facet normal 0 0 -1
    outer loop
      vertex 21.081337428812077 24.395241121992008 10.01
      vertex 21.081337428812077 28.604758878007992 10.01
      vertex 21.312592044589877 25.076495251936137 10.01
    endloop
  endfacet
  facet normal 0 0 -1
    outer loop
      vertex 10.547053262444042 25.782105942789716 10.01
      vertex 10.5 26.5 10.01
      vertex 10.547053262444042 27.217894057210284 10.01
    endloop
  endfacet
  facet normal 0 0 -1
    outer loop
      vertex 10.687407955410125 25.076495251936137 10.01
      vertex 10.547053262444042 27.217894057210284 10.01
      vertex 10.687407955410125 27.923504748063863 10.01
    endloop
  endfacet
  facet normal 0 0 -1
    outer loop
      vertex 10.918662571187923 24.395241121992008 10.01
      vertex 10.687407955410125 27.923504748063863 10.01
      vertex 10.918662571187923 28.604758878007992 10.01
    endloop
  endfacet
  facet normal 0 0 -1
    outer loop
      vertex 11.636556628398207 23.151812140452037 10.01
      vertex 11.636556628398207 29.848187859547963 10.01
      vertex 11.769900497512438 26.5 10.01
    endloop
  endfacet
  facet normal 0 0 -1
    outer loop
      vertex 11.236860279185588 23.75 10.01
      vertex 10.918662571187923 28.604758878007992 10.01
      vertex 11.236860279185588 29.25 10.01
    endloop
  endfacet
  facet normal 0 0 -1
    outer loop
      vertex 11.636556628398207 23.151812140452037 10.01
      vertex 11.236860279185588 29.25 10.01
      vertex 11.636556628398207 29.848187859547963 10.01
    endloop
  endfacet
  facet normal 0 0 -1
    outer loop
      vertex 11.769900497512438 26.5 10.01
      vertex 11.636556628398207 29.848187859547963 10.01
      vertex 11.806089585158794 27.052138780771635 10.01
    endloop
  endfacet
  facet normal 0 0 -1
    outer loop
      vertex 11.806089585158794 27.052138780771635 10.01
      vertex 11.636556628398207 29.848187859547963 10.01
      vertex 11.914037642774725 27.59483031392248 10.01
    endloop
  endfacet
  facet normal 0 0 -1
    outer loop
      vertex 11.914037642774725 27.59483031392248 10.01
      vertex 11.636556628398207 29.848187859547963 10.01
      vertex 12.091897649165563 28.1187889968578 10.01
    endloop
  endfacet
  facet normal 0 0 -1
    outer loop
      vertex 12.091897649165563 28.1187889968578 10.01
      vertex 11.636556628398207 29.848187859547963 10.01
      vertex 12.11091270347399 30.38908729652601 10.01
    endloop
  endfacet
  facet normal 0 0 -1
    outer loop
      vertex 12.091897649165563 28.1187889968578 10.01
      vertex 12.11091270347399 30.38908729652601 10.01
      vertex 12.336626370309855 28.61504975124378 10.01
    endloop
  endfacet
  facet normal 0 0 -1
    outer loop
      vertex 12.336626370309855 28.61504975124378 10.01
      vertex 12.11091270347399 30.38908729652601 10.01
      vertex 12.6440364299372 29.075121417983407 10.01
    endloop
  endfacet
  facet normal 0 0 -1
    outer loop
      vertex 12.6440364299372 29.075121417983407 10.01
      vertex 12.651812140452037 30.863443371601793 10.01
      vertex 13.008867956697204 29.491132043302798 10.01
    endloop
  endfacet
  facet normal 0 0 -1
    outer loop
      vertex 12.6440364299372 29.075121417983407 10.01
      vertex 12.11091270347399 30.38908729652601 10.01
      vertex 12.651812140452037 30.863443371601793 10.01
    endloop
  endfacet
  facet normal 0 0 -1
    outer loop
      vertex 13.008867956697204 29.491132043302798 10.01
      vertex 13.25 31.26313972081441 10.01
      vertex 13.424878582016593 29.855963570062798 10.01
    endloop
  endfacet
  facet normal 0 0 -1
    outer loop
      vertex 13.008867956697204 29.491132043302798 10.01
      vertex 12.651812140452037 30.863443371601793 10.01
      vertex 13.25 31.26313972081441 10.01
    endloop
  endfacet
  facet normal 0 0 -1
    outer loop
      vertex 13.424878582016593 29.855963570062798 10.01
      vertex 13.25 31.26313972081441 10.01
      vertex 13.884950248756219 30.163373629690145 10.01
    endloop
  endfacet
  facet normal 0 0 -1
    outer loop
      vertex 13.884950248756219 30.163373629690145 10.01
      vertex 13.25 31.26313972081441 10.01
      vertex 13.895241121992006 31.581337428812077 10.01
    endloop
  endfacet
  facet normal 0 0 -1
    outer loop
      vertex 13.884950248756219 30.163373629690145 10.01
      vertex 13.895241121992006 31.581337428812077 10.01
      vertex 14.381211003142202 30.408102350834437 10.01
    endloop
  endfacet
  facet normal 0 0 -1
    outer loop
      vertex 14.381211003142202 30.408102350834437 10.01
      vertex 14.576495251936135 31.812592044589877 10.01
      vertex 14.905169686077521 30.585962357225277 10.01
    endloop
  endfacet
  facet normal 0 0 -1
    outer loop
      vertex 14.381211003142202 30.408102350834437 10.01
      vertex 13.895241121992006 31.581337428812077 10.01
      vertex 14.576495251936135 31.812592044589877 10.01
    endloop
  endfacet
  facet normal 0 0 -1
    outer loop
      vertex 20.363443371601793 23.151812140452037 10.01
      vertex 20.230099502487562 26.5 10.01
      vertex 20.363443371601793 29.848187859547963 10.01
    endloop
  endfacet
  facet normal 0 0 -1
    outer loop
      vertex 21.312592044589877 25.076495251936137 10.01
      vertex 21.312592044589877 27.923504748063863 10.01
      vertex 21.45294673755596 25.782105942789716 10.01
    endloop
  endfacet
  facet normal 0 0 -1
    outer loop
      vertex 21.45294673755596 25.782105942789716 10.01
      vertex 21.45294673755596 27.217894057210284 10.01
      vertex 21.5 26.5 10.01
    endloop
  endfacet
  facet normal 0 0 -1
    outer loop
      vertex 21.45294673755596 25.782105942789716 10.01
      vertex 21.312592044589877 27.923504748063863 10.01
      vertex 21.45294673755596 27.217894057210284 10.01
    endloop
  endfacet
  facet normal 0 0 -1
    outer loop
      vertex 21.312592044589877 25.076495251936137 10.01
      vertex 21.081337428812077 28.604758878007992 10.01
      vertex 21.312592044589877 27.923504748063863 10.01
    endloop
  endfacet
  facet normal 0 0 -1
    outer loop
      vertex 20.085962357225277 27.59483031392248 10.01
      vertex 20.363443371601793 29.848187859547963 10.01
      vertex 20.193910414841206 27.052138780771635 10.01
    endloop
  endfacet
  facet normal 0 0 -1
    outer loop
      vertex 20.76313972081441 23.75 10.01
      vertex 20.363443371601793 29.848187859547963 10.01
      vertex 20.76313972081441 29.25 10.01
    endloop
  endfacet
  facet normal 0 0 -1
    outer loop
      vertex 21.081337428812077 24.395241121992008 10.01
      vertex 20.76313972081441 29.25 10.01
      vertex 21.081337428812077 28.604758878007992 10.01
    endloop
  endfacet
  facet normal 0 0 -1
    outer loop
      vertex 20.230099502487562 26.5 10.01
      vertex 20.193910414841206 27.052138780771635 10.01
      vertex 20.363443371601793 29.848187859547963 10.01
    endloop
  endfacet
  facet normal 0 0 -1
    outer loop
      vertex 20.085962357225277 27.59483031392248 10.01
      vertex 19.908102350834437 28.1187889968578 10.01
      vertex 20.363443371601793 29.848187859547963 10.01
    endloop
  endfacet
  facet normal 0 0 -1
    outer loop
      vertex 19.908102350834437 28.1187889968578 10.01
      vertex 19.663373629690145 28.61504975124378 10.01
      vertex 19.88908729652601 30.38908729652601 10.01
    endloop
  endfacet
  facet normal 0 0 -1
    outer loop
      vertex 19.663373629690145 28.61504975124378 10.01
      vertex 19.355963570062798 29.075121417983407 10.01
      vertex 19.88908729652601 30.38908729652601 10.01
    endloop
  endfacet
  facet normal 0 0 -1
    outer loop
      vertex 19.908102350834437 28.1187889968578 10.01
      vertex 19.88908729652601 30.38908729652601 10.01
      vertex 20.363443371601793 29.848187859547963 10.01
    endloop
  endfacet
  facet normal 0 0 -1
    outer loop
      vertex 18.991132043302798 29.491132043302798 10.01
      vertex 19.348187859547963 30.863443371601793 10.01
      vertex 19.355963570062798 29.075121417983407 10.01
    endloop
  endfacet
  facet normal 0 0 -1
    outer loop
      vertex 18.991132043302798 29.491132043302798 10.01
      vertex 18.575121417983407 29.855963570062798 10.01
      vertex 19.348187859547963 30.863443371601793 10.01
    endloop
  endfacet
  facet normal 0 0 -1
    outer loop
      vertex 18.575121417983407 29.855963570062798 10.01
      vertex 18.11504975124378 30.163373629690145 10.01
      vertex 18.75 31.26313972081441 10.01
    endloop
  endfacet
  facet normal 0 0 -1
    outer loop
      vertex 19.355963570062798 29.075121417983407 10.01
      vertex 19.348187859547963 30.863443371601793 10.01
      vertex 19.88908729652601 30.38908729652601 10.01
    endloop
  endfacet
  facet normal 0 0 -1
    outer loop
      vertex 14.905169686077521 30.585962357225277 10.01
      vertex 15.282105942789716 31.95294673755596 10.01
      vertex 15.447861219228363 30.693910414841206 10.01
    endloop
  endfacet
  facet normal 0 0 -1
    outer loop
      vertex 15.447861219228363 30.693910414841206 10.01
      vertex 16 32 10.01
      vertex 16 30.730099502487562 10.01
    endloop
  endfacet
  facet normal 0 0 -1
    outer loop
      vertex 16 30.730099502487562 10.01
      vertex 16.717894057210284 31.95294673755596 10.01
      vertex 16.552138780771635 30.693910414841206 10.01
    endloop
  endfacet
  facet normal 0 0 -1
    outer loop
      vertex 14.576495251936135 31.812592044589877 10.01
      vertex 15.282105942789716 31.95294673755596 10.01
      vertex 14.905169686077521 30.585962357225277 10.01
    endloop
  endfacet
  facet normal 0 0 -1
    outer loop
      vertex 15.447861219228363 30.693910414841206 10.01
      vertex 15.282105942789716 31.95294673755596 10.01
      vertex 16 32 10.01
    endloop
  endfacet
  facet normal 0 0 -1
    outer loop
      vertex 16 30.730099502487562 10.01
      vertex 16 32 10.01
      vertex 16.717894057210284 31.95294673755596 10.01
    endloop
  endfacet
  facet normal 0 0 -1
    outer loop
      vertex 16.552138780771635 30.693910414841206 10.01
      vertex 17.423504748063863 31.812592044589877 10.01
      vertex 17.09483031392248 30.585962357225277 10.01
    endloop
  endfacet
  facet normal 0 0 -1
    outer loop
      vertex 17.6187889968578 30.408102350834437 10.01
      vertex 17.09483031392248 30.585962357225277 10.01
      vertex 18.104758878007992 31.581337428812077 10.01
    endloop
  endfacet
  facet normal 0 0 -1
    outer loop
      vertex 18.11504975124378 30.163373629690145 10.01
      vertex 17.6187889968578 30.408102350834437 10.01
      vertex 18.104758878007992 31.581337428812077 10.01
    endloop
  endfacet
  facet normal 0 0 -1
    outer loop
      vertex 18.11504975124378 30.163373629690145 10.01
      vertex 18.104758878007992 31.581337428812077 10.01
      vertex 18.75 31.26313972081441 10.01
    endloop
  endfacet
  facet normal 0 0 -1
    outer loop
      vertex 16.552138780771635 30.693910414841206 10.01
      vertex 16.717894057210284 31.95294673755596 10.01
      vertex 17.423504748063863 31.812592044589877 10.01
    endloop
  endfacet
  facet normal 0 0 -1
    outer loop
      vertex 17.09483031392248 30.585962357225277 10.01
      vertex 17.423504748063863 31.812592044589877 10.01
      vertex 18.104758878007992 31.581337428812077 10.01
    endloop
  endfacet
  facet normal 0 0 -1
    outer loop
      vertex 18.575121417983407 29.855963570062798 10.01
      vertex 18.75 31.26313972081441 10.01
      vertex 19.348187859547963 30.863443371601793 10.01
    endloop
  endfacet
  facet normal 0.4422886902190052 0.8968727415326864 0
    outer loop
      vertex 216.75 -31.26313972081441 10.01
      vertex 217.395241121992 -31.581337428812077 0
      vertex 216.75 -31.26313972081441 0
    endloop
  endfacet
  facet normal 0.5555702330195929 0.8314696123025515 0
    outer loop
      vertex 216.15181214045202 -30.863443371601793 10.01
      vertex 216.75 -31.26313972081441 0
      vertex 216.15181214045202 -30.863443371601793 0
    endloop
  endfacet
  facet normal 0.19509032201612905 0.9807852804032302 0
    outer loop
      vertex 218.07649525193614 -31.812592044589877 10.01
      vertex 218.7821059427897 -31.95294673755596 0
      vertex 218.07649525193614 -31.812592044589877 0
    endloop
  endfacet
  facet normal 0.06540312923014119 0.9978589232386036 0
    outer loop
      vertex 218.7821059427897 -31.95294673755596 10.01
      vertex 219.5 -32 0
      vertex 218.7821059427897 -31.95294673755596 0
    endloop
  endfacet
  facet normal -0.06540312923014119 0.9978589232386036 0
    outer loop
      vertex 219.5 -32 10.01
      vertex 220.2178940572103 -31.95294673755596 0
      vertex 219.5 -32 0
    endloop
  endfacet
  facet normal -0.19509032201612905 0.9807852804032302 0
    outer loop
      vertex 220.2178940572103 -31.95294673755596 10.01
      vertex 220.92350474806386 -31.812592044589877 0
      vertex 220.2178940572103 -31.95294673755596 0
    endloop
  endfacet
  facet normal 0.32143946530316087 0.9469301294951059 0
    outer loop
      vertex 217.395241121992 -31.581337428812077 10.01
      vertex 218.07649525193614 -31.812592044589877 0
      vertex 217.395241121992 -31.581337428812077 0
    endloop
  endfacet
  facet normal 0.6593458151000763 0.7518398074789708 0
    outer loop
      vertex 215.61091270347399 -30.38908729652601 10.01
      vertex 216.15181214045202 -30.863443371601793 0
      vertex 215.61091270347399 -30.38908729652601 0
    endloop
  endfacet
  facet normal 0.7518398074789822 0.6593458151000634 0
    outer loop
      vertex 215.1365566283982 -29.848187859547963 10.01
      vertex 215.61091270347399 -30.38908729652601 0
      vertex 215.1365566283982 -29.848187859547963 0
    endloop
  endfacet
  facet normal 0.8314696123025362 0.5555702330196156 0
    outer loop
      vertex 214.73686027918558 -29.25 10.01
      vertex 215.1365566283982 -29.848187859547963 0
      vertex 214.73686027918558 -29.25 0
    endloop
  endfacet
  facet normal 0.8968727415326941 0.44228869021898937 0
    outer loop
      vertex 214.41866257118792 -28.604758878007992 10.01
      vertex 214.73686027918558 -29.25 0
      vertex 214.41866257118792 -28.604758878007992 0
    endloop
  endfacet
  facet normal 0.9469301294951049 0.32143946530316386 0
    outer loop
      vertex 214.18740795541012 -27.923504748063863 10.01
      vertex 214.41866257118792 -28.604758878007992 0
      vertex 214.18740795541012 -27.923504748063863 0
    endloop
  endfacet
  facet normal 0.9807852804032333 0.1950903220161139 0
    outer loop
      vertex 214.04705326244405 -27.217894057210284 10.01
      vertex 214.18740795541012 -27.923504748063863 0
      vertex 214.04705326244405 -27.217894057210284 0
    endloop
  endfacet
  facet normal 0.9978589232386026 0.06540312923015626 0
    outer loop
      vertex 214 -26.5 10.01
      vertex 214.04705326244405 -27.217894057210284 0
      vertex 214 -26.5 0
    endloop
  endfacet
  facet normal -0.32143946530316087 0.9469301294951059 0
    outer loop
      vertex 220.92350474806386 -31.812592044589877 10.01
      vertex 221.604758878008 -31.581337428812077 0
      vertex 220.92350474806386 -31.812592044589877 0
    endloop
  endfacet
  facet normal -0.4422886902190052 0.8968727415326864 0
    outer loop
      vertex 221.604758878008 -31.581337428812077 10.01
      vertex 222.25 -31.26313972081441 0
      vertex 221.604758878008 -31.581337428812077 0
    endloop
  endfacet
  facet normal -0.5555702330195929 0.8314696123025515 0
    outer loop
      vertex 222.25 -31.26313972081441 10.01
      vertex 222.84818785954798 -30.863443371601793 0
      vertex 222.25 -31.26313972081441 0
    endloop
  endfacet
  facet normal -0.6593458151000763 0.7518398074789708 0
    outer loop
      vertex 222.84818785954798 -30.863443371601793 10.01
      vertex 223.38908729652601 -30.38908729652601 0
      vertex 222.84818785954798 -30.863443371601793 0
    endloop
  endfacet
  facet normal -0.7518398074789822 0.6593458151000634 0
    outer loop
      vertex 223.38908729652601 -30.38908729652601 10.01
      vertex 223.8634433716018 -29.848187859547963 0
      vertex 223.38908729652601 -30.38908729652601 0
    endloop
  endfacet
  facet normal -0.8314696123025362 0.5555702330196156 0
    outer loop
      vertex 223.8634433716018 -29.848187859547963 10.01
      vertex 224.26313972081442 -29.25 0
      vertex 223.8634433716018 -29.848187859547963 0
    endloop
  endfacet
  facet normal -0.8968727415326941 0.44228869021898937 0
    outer loop
      vertex 224.26313972081442 -29.25 10.01
      vertex 224.58133742881208 -28.604758878007992 0
      vertex 224.26313972081442 -29.25 0
    endloop
  endfacet
  facet normal -0.9469301294951049 0.32143946530316386 0
    outer loop
      vertex 224.58133742881208 -28.604758878007992 10.01
      vertex 224.81259204458988 -27.923504748063863 0
      vertex 224.58133742881208 -28.604758878007992 0
    endloop
  endfacet
  facet normal -0.9807852804032333 0.1950903220161139 0
    outer loop
      vertex 224.81259204458988 -27.923504748063863 10.01
      vertex 224.95294673755595 -27.217894057210284 0
      vertex 224.81259204458988 -27.923504748063863 0
    endloop
  endfacet
  facet normal -0.9978589232386026 0.06540312923015626 0
    outer loop
      vertex 224.95294673755595 -27.217894057210284 10.01
      vertex 225 -26.5 0
      vertex 224.95294673755595 -27.217894057210284 0
    endloop
  endfacet
  facet normal -0.9978589232386026 -0.06540312923015626 0
    outer loop
      vertex 225 -26.5 10.01
      vertex 224.95294673755595 -25.782105942789716 0
      vertex 225 -26.5 0
    endloop
  endfacet
  facet normal 0.9978589232386026 -0.06540312923015626 0
    outer loop
      vertex 214.04705326244405 -25.782105942789716 10.01
      vertex 214 -26.5 0
      vertex 214.04705326244405 -25.782105942789716 0
    endloop
  endfacet
  facet normal 0.9807852804032333 -0.1950903220161139 0
    outer loop
      vertex 214.18740795541012 -25.076495251936137 10.01
      vertex 214.04705326244405 -25.782105942789716 0
      vertex 214.18740795541012 -25.076495251936137 0
    endloop
  endfacet
  facet normal 0.9469301294951049 -0.32143946530316386 0
    outer loop
      vertex 214.41866257118792 -24.395241121992008 10.01
      vertex 214.18740795541012 -25.076495251936137 0
      vertex 214.41866257118792 -24.395241121992008 0
    endloop
  endfacet
  facet normal 0.8968727415326941 -0.44228869021898937 0
    outer loop
      vertex 214.73686027918558 -23.75 10.01
      vertex 214.41866257118792 -24.395241121992008 0
      vertex 214.73686027918558 -23.75 0
    endloop
  endfacet
  facet normal 0.8314696123025362 -0.5555702330196156 0
    outer loop
      vertex 215.1365566283982 -23.151812140452037 10.01
      vertex 214.73686027918558 -23.75 0
      vertex 215.1365566283982 -23.151812140452037 0
    endloop
  endfacet
  facet normal 0.7518398074789822 -0.6593458151000634 0
    outer loop
      vertex 215.61091270347399 -22.61091270347399 10.01
      vertex 215.1365566283982 -23.151812140452037 0
      vertex 215.61091270347399 -22.61091270347399 0
    endloop
  endfacet
  facet normal 0.6593458151000763 -0.7518398074789708 0
    outer loop
      vertex 216.15181214045202 -22.136556628398207 10.01
      vertex 215.61091270347399 -22.61091270347399 0
      vertex 216.15181214045202 -22.136556628398207 0
    endloop
  endfacet
  facet normal 0.5555702330195929 -0.8314696123025515 0
    outer loop
      vertex 216.75 -21.73686027918559 10.01
      vertex 216.15181214045202 -22.136556628398207 0
      vertex 216.75 -21.73686027918559 0
    endloop
  endfacet
  facet normal 0.4422886902190052 -0.8968727415326864 0
    outer loop
      vertex 217.395241121992 -21.418662571187923 10.01
      vertex 216.75 -21.73686027918559 0
      vertex 217.395241121992 -21.418662571187923 0
    endloop
  endfacet
  facet normal 0.32143946530316087 -0.9469301294951059 0
    outer loop
      vertex 218.07649525193614 -21.187407955410123 10.01
      vertex 217.395241121992 -21.418662571187923 0
      vertex 218.07649525193614 -21.187407955410123 0
    endloop
  endfacet
  facet normal 0.19509032201612905 -0.9807852804032302 0
    outer loop
      vertex 218.7821059427897 -21.04705326244404 10.01
      vertex 218.07649525193614 -21.187407955410123 0
      vertex 218.7821059427897 -21.04705326244404 0
    endloop
  endfacet
  facet normal 0.06540312923014119 -0.9978589232386036 0
    outer loop
      vertex 219.5 -21 10.01
      vertex 218.7821059427897 -21.04705326244404 0
      vertex 219.5 -21 0
    endloop
  endfacet
  facet normal -0.19509032201612905 -0.9807852804032302 0
    outer loop
      vertex 220.92350474806386 -21.187407955410123 10.01
      vertex 220.2178940572103 -21.04705326244404 0
      vertex 220.92350474806386 -21.187407955410123 0
    endloop
  endfacet
  facet normal -0.06540312923014119 -0.9978589232386036 0
    outer loop
      vertex 220.2178940572103 -21.04705326244404 10.01
      vertex 219.5 -21 0
      vertex 220.2178940572103 -21.04705326244404 0
    endloop
  endfacet
  facet normal -0.9807852804032333 -0.1950903220161139 0
    outer loop
      vertex 224.95294673755595 -25.782105942789716 10.01
      vertex 224.81259204458988 -25.076495251936137 0
      vertex 224.95294673755595 -25.782105942789716 0
    endloop
  endfacet
  facet normal -0.9469301294951049 -0.32143946530316386 0
    outer loop
      vertex 224.81259204458988 -25.076495251936137 10.01
      vertex 224.58133742881208 -24.395241121992008 0
      vertex 224.81259204458988 -25.076495251936137 0
    endloop
  endfacet
  facet normal -0.8968727415326941 -0.44228869021898937 0
    outer loop
      vertex 224.58133742881208 -24.395241121992008 10.01
      vertex 224.26313972081442 -23.75 0
      vertex 224.58133742881208 -24.395241121992008 0
    endloop
  endfacet
  facet normal -0.8314696123025362 -0.5555702330196156 0
    outer loop
      vertex 224.26313972081442 -23.75 10.01
      vertex 223.8634433716018 -23.151812140452037 0
      vertex 224.26313972081442 -23.75 0
    endloop
  endfacet
  facet normal -0.7518398074789822 -0.6593458151000634 0
    outer loop
      vertex 223.8634433716018 -23.151812140452037 10.01
      vertex 223.38908729652601 -22.61091270347399 0
      vertex 223.8634433716018 -23.151812140452037 0
    endloop
  endfacet
  facet normal -0.6593458151000763 -0.7518398074789708 0
    outer loop
      vertex 223.38908729652601 -22.61091270347399 10.01
      vertex 222.84818785954798 -22.136556628398207 0
      vertex 223.38908729652601 -22.61091270347399 0
    endloop
  endfacet
  facet normal -0.5555702330195929 -0.8314696123025515 0
    outer loop
      vertex 222.84818785954798 -22.136556628398207 10.01
      vertex 222.25 -21.73686027918559 0
      vertex 222.84818785954798 -22.136556628398207 0
    endloop
  endfacet
  facet normal -0.32143946530316087 -0.9469301294951059 0
    outer loop
      vertex 221.604758878008 -21.418662571187923 10.01
      vertex 220.92350474806386 -21.187407955410123 0
      vertex 221.604758878008 -21.418662571187923 0
    endloop
  endfacet
  facet normal -0.4422886902190052 -0.8968727415326864 0
    outer loop
      vertex 222.25 -21.73686027918559 10.01
      vertex 221.604758878008 -21.418662571187923 0
      vertex 222.25 -21.73686027918559 0
    endloop
  endfacet
  facet normal 0.6593458151000763 0.7518398074789708 0
    outer loop
      vertex 216.15181214045202 -30.863443371601793 10.01
      vertex 216.15181214045202 -30.863443371601793 0
      vertex 215.61091270347399 -30.38908729652601 10.01
    endloop
  endfacet
  facet normal 0.5555702330195929 0.8314696123025515 0
    outer loop
      vertex 216.75 -31.26313972081441 10.01
      vertex 216.75 -31.26313972081441 0
      vertex 216.15181214045202 -30.863443371601793 10.01
    endloop
  endfacet
  facet normal 0.32143946530316087 0.9469301294951059 0
    outer loop
      vertex 218.07649525193614 -31.812592044589877 10.01
      vertex 218.07649525193614 -31.812592044589877 0
      vertex 217.395241121992 -31.581337428812077 10.01
    endloop
  endfacet
  facet normal 0.19509032201612905 0.9807852804032302 0
    outer loop
      vertex 218.07649525193614 -31.812592044589877 10.01
      vertex 218.7821059427897 -31.95294673755596 10.01
      vertex 218.7821059427897 -31.95294673755596 0
    endloop
  endfacet
  facet normal 0.06540312923014119 0.9978589232386036 0
    outer loop
      vertex 218.7821059427897 -31.95294673755596 10.01
      vertex 219.5 -32 10.01
      vertex 219.5 -32 0
    endloop
  endfacet
  facet normal -0.06540312923014119 0.9978589232386036 0
    outer loop
      vertex 219.5 -32 10.01
      vertex 220.2178940572103 -31.95294673755596 10.01
      vertex 220.2178940572103 -31.95294673755596 0
    endloop
  endfacet
  facet normal -0.19509032201612905 0.9807852804032302 0
    outer loop
      vertex 220.2178940572103 -31.95294673755596 10.01
      vertex 220.92350474806386 -31.812592044589877 10.01
      vertex 220.92350474806386 -31.812592044589877 0
    endloop
  endfacet
  facet normal 0.4422886902190052 0.8968727415326864 0
    outer loop
      vertex 216.75 -31.26313972081441 10.01
      vertex 217.395241121992 -31.581337428812077 10.01
      vertex 217.395241121992 -31.581337428812077 0
    endloop
  endfacet
  facet normal 0.8314696123025362 0.5555702330196156 0
    outer loop
      vertex 215.1365566283982 -29.848187859547963 10.01
      vertex 215.1365566283982 -29.848187859547963 0
      vertex 214.73686027918558 -29.25 10.01
    endloop
  endfacet
  facet normal 0.7518398074789822 0.6593458151000634 0
    outer loop
      vertex 215.61091270347399 -30.38908729652601 10.01
      vertex 215.61091270347399 -30.38908729652601 0
      vertex 215.1365566283982 -29.848187859547963 10.01
    endloop
  endfacet
  facet normal 0.8968727415326941 0.44228869021898937 0
    outer loop
      vertex 214.73686027918558 -29.25 10.01
      vertex 214.73686027918558 -29.25 0
      vertex 214.41866257118792 -28.604758878007992 10.01
    endloop
  endfacet
  facet normal 0.9469301294951049 0.32143946530316386 0
    outer loop
      vertex 214.41866257118792 -28.604758878007992 10.01
      vertex 214.41866257118792 -28.604758878007992 0
      vertex 214.18740795541012 -27.923504748063863 10.01
    endloop
  endfacet
  facet normal 0.9807852804032333 0.1950903220161139 0
    outer loop
      vertex 214.18740795541012 -27.923504748063863 10.01
      vertex 214.18740795541012 -27.923504748063863 0
      vertex 214.04705326244405 -27.217894057210284 10.01
    endloop
  endfacet
  facet normal 0.9978589232386026 0.06540312923015626 0
    outer loop
      vertex 214.04705326244405 -27.217894057210284 10.01
      vertex 214.04705326244405 -27.217894057210284 0
      vertex 214 -26.5 10.01
    endloop
  endfacet
  facet normal 0.9978589232386026 -0.06540312923015626 0
    outer loop
      vertex 214 -26.5 10.01
      vertex 214 -26.5 0
      vertex 214.04705326244405 -25.782105942789716 10.01
    endloop
  endfacet
  facet normal -0.32143946530316087 0.9469301294951059 0
    outer loop
      vertex 220.92350474806386 -31.812592044589877 10.01
      vertex 221.604758878008 -31.581337428812077 10.01
      vertex 221.604758878008 -31.581337428812077 0
    endloop
  endfacet
  facet normal -0.4422886902190052 0.8968727415326864 0
    outer loop
      vertex 221.604758878008 -31.581337428812077 10.01
      vertex 222.25 -31.26313972081441 10.01
      vertex 222.25 -31.26313972081441 0
    endloop
  endfacet
  facet normal -0.5555702330195929 0.8314696123025515 0
    outer loop
      vertex 222.25 -31.26313972081441 10.01
      vertex 222.84818785954798 -30.863443371601793 10.01
      vertex 222.84818785954798 -30.863443371601793 0
    endloop
  endfacet
  facet normal -0.6593458151000763 0.7518398074789708 0
    outer loop
      vertex 222.84818785954798 -30.863443371601793 10.01
      vertex 223.38908729652601 -30.38908729652601 10.01
      vertex 223.38908729652601 -30.38908729652601 0
    endloop
  endfacet
  facet normal -0.7518398074789822 0.6593458151000634 0
    outer loop
      vertex 223.38908729652601 -30.38908729652601 10.01
      vertex 223.8634433716018 -29.848187859547963 10.01
      vertex 223.8634433716018 -29.848187859547963 0
    endloop
  endfacet
  facet normal -0.8314696123025362 0.5555702330196156 0
    outer loop
      vertex 223.8634433716018 -29.848187859547963 10.01
      vertex 224.26313972081442 -29.25 10.01
      vertex 224.26313972081442 -29.25 0
    endloop
  endfacet
  facet normal -0.8968727415326941 0.44228869021898937 0
    outer loop
      vertex 224.26313972081442 -29.25 10.01
      vertex 224.58133742881208 -28.604758878007992 10.01
      vertex 224.58133742881208 -28.604758878007992 0
    endloop
  endfacet
  facet normal -0.9469301294951049 0.32143946530316386 0
    outer loop
      vertex 224.58133742881208 -28.604758878007992 10.01
      vertex 224.81259204458988 -27.923504748063863 10.01
      vertex 224.81259204458988 -27.923504748063863 0
    endloop
  endfacet
  facet normal -0.9807852804032333 0.1950903220161139 0
    outer loop
      vertex 224.81259204458988 -27.923504748063863 10.01
      vertex 224.95294673755595 -27.217894057210284 10.01
      vertex 224.95294673755595 -27.217894057210284 0
    endloop
  endfacet
  facet normal -0.9978589232386026 0.06540312923015626 0
    outer loop
      vertex 224.95294673755595 -27.217894057210284 10.01
      vertex 225 -26.5 10.01
      vertex 225 -26.5 0
    endloop
  endfacet
  facet normal 0.9807852804032333 -0.1950903220161139 0
    outer loop
      vertex 214.04705326244405 -25.782105942789716 10.01
      vertex 214.04705326244405 -25.782105942789716 0
      vertex 214.18740795541012 -25.076495251936137 10.01
    endloop
  endfacet
  facet normal 0.9469301294951049 -0.32143946530316386 0
    outer loop
      vertex 214.18740795541012 -25.076495251936137 10.01
      vertex 214.18740795541012 -25.076495251936137 0
      vertex 214.41866257118792 -24.395241121992008 10.01
    endloop
  endfacet
  facet normal 0.8968727415326941 -0.44228869021898937 0
    outer loop
      vertex 214.41866257118792 -24.395241121992008 10.01
      vertex 214.41866257118792 -24.395241121992008 0
      vertex 214.73686027918558 -23.75 10.01
    endloop
  endfacet
  facet normal 0.8314696123025362 -0.5555702330196156 0
    outer loop
      vertex 214.73686027918558 -23.75 10.01
      vertex 214.73686027918558 -23.75 0
      vertex 215.1365566283982 -23.151812140452037 10.01
    endloop
  endfacet
  facet normal 0.7518398074789822 -0.6593458151000634 0
    outer loop
      vertex 215.1365566283982 -23.151812140452037 10.01
      vertex 215.1365566283982 -23.151812140452037 0
      vertex 215.61091270347399 -22.61091270347399 10.01
    endloop
  endfacet
  facet normal 0.6593458151000763 -0.7518398074789708 0
    outer loop
      vertex 215.61091270347399 -22.61091270347399 10.01
      vertex 215.61091270347399 -22.61091270347399 0
      vertex 216.15181214045202 -22.136556628398207 10.01
    endloop
  endfacet
  facet normal 0.5555702330195929 -0.8314696123025515 0
    outer loop
      vertex 216.15181214045202 -22.136556628398207 10.01
      vertex 216.15181214045202 -22.136556628398207 0
      vertex 216.75 -21.73686027918559 10.01
    endloop
  endfacet
  facet normal 0.4422886902190052 -0.8968727415326864 0
    outer loop
      vertex 216.75 -21.73686027918559 10.01
      vertex 216.75 -21.73686027918559 0
      vertex 217.395241121992 -21.418662571187923 10.01
    endloop
  endfacet
  facet normal 0.32143946530316087 -0.9469301294951059 0
    outer loop
      vertex 217.395241121992 -21.418662571187923 10.01
      vertex 217.395241121992 -21.418662571187923 0
      vertex 218.07649525193614 -21.187407955410123 10.01
    endloop
  endfacet
  facet normal 0.19509032201612905 -0.9807852804032302 0
    outer loop
      vertex 218.07649525193614 -21.187407955410123 10.01
      vertex 218.07649525193614 -21.187407955410123 0
      vertex 218.7821059427897 -21.04705326244404 10.01
    endloop
  endfacet
  facet normal 0.06540312923014119 -0.9978589232386036 0
    outer loop
      vertex 218.7821059427897 -21.04705326244404 10.01
      vertex 218.7821059427897 -21.04705326244404 0
      vertex 219.5 -21 10.01
    endloop
  endfacet
  facet normal -0.06540312923014119 -0.9978589232386036 0
    outer loop
      vertex 220.2178940572103 -21.04705326244404 10.01
      vertex 219.5 -21 10.01
      vertex 219.5 -21 0
    endloop
  endfacet
  facet normal -0.19509032201612905 -0.9807852804032302 0
    outer loop
      vertex 220.2178940572103 -21.04705326244404 10.01
      vertex 220.2178940572103 -21.04705326244404 0
      vertex 220.92350474806386 -21.187407955410123 10.01
    endloop
  endfacet
  facet normal -0.9978589232386026 -0.06540312923015626 0
    outer loop
      vertex 225 -26.5 10.01
      vertex 224.95294673755595 -25.782105942789716 10.01
      vertex 224.95294673755595 -25.782105942789716 0
    endloop
  endfacet
  facet normal -0.9807852804032333 -0.1950903220161139 0
    outer loop
      vertex 224.95294673755595 -25.782105942789716 10.01
      vertex 224.81259204458988 -25.076495251936137 10.01
      vertex 224.81259204458988 -25.076495251936137 0
    endloop
  endfacet
  facet normal -0.9469301294951049 -0.32143946530316386 0
    outer loop
      vertex 224.81259204458988 -25.076495251936137 10.01
      vertex 224.58133742881208 -24.395241121992008 10.01
      vertex 224.58133742881208 -24.395241121992008 0
    endloop
  endfacet
  facet normal -0.8968727415326941 -0.44228869021898937 0
    outer loop
      vertex 224.58133742881208 -24.395241121992008 10.01
      vertex 224.26313972081442 -23.75 10.01
      vertex 224.26313972081442 -23.75 0
    endloop
  endfacet
  facet normal -0.8314696123025362 -0.5555702330196156 0
    outer loop
      vertex 224.26313972081442 -23.75 10.01
      vertex 223.8634433716018 -23.151812140452037 10.01
      vertex 223.8634433716018 -23.151812140452037 0
    endloop
  endfacet
  facet normal -0.7518398074789822 -0.6593458151000634 0
    outer loop
      vertex 223.8634433716018 -23.151812140452037 10.01
      vertex 223.38908729652601 -22.61091270347399 10.01
      vertex 223.38908729652601 -22.61091270347399 0
    endloop
  endfacet
  facet normal -0.6593458151000763 -0.7518398074789708 0
    outer loop
      vertex 223.38908729652601 -22.61091270347399 10.01
      vertex 222.84818785954798 -22.136556628398207 10.01
      vertex 222.84818785954798 -22.136556628398207 0
    endloop
  endfacet
  facet normal -0.5555702330195929 -0.8314696123025515 0
    outer loop
      vertex 222.84818785954798 -22.136556628398207 10.01
      vertex 222.25 -21.73686027918559 10.01
      vertex 222.25 -21.73686027918559 0
    endloop
  endfacet
  facet normal -0.4422886902190052 -0.8968727415326864 0
    outer loop
      vertex 222.25 -21.73686027918559 10.01
      vertex 221.604758878008 -21.418662571187923 10.01
      vertex 221.604758878008 -21.418662571187923 0
    endloop
  endfacet
  facet normal -0.32143946530316087 -0.9469301294951059 0
    outer loop
      vertex 221.604758878008 -21.418662571187923 10.01
      vertex 220.92350474806386 -21.187407955410123 10.01
      vertex 220.92350474806386 -21.187407955410123 0
    endloop
  endfacet
  facet normal 0 0 -1
    outer loop
      vertex 216.75 -31.26313972081441 10.01
      vertex 216.15181214045202 -30.863443371601793 10.01
      vertex 216.9248785820166 -29.855963570062798 10.01
    endloop
  endfacet
  facet normal 0 0 -1
    outer loop
      vertex 218.07649525193614 -31.812592044589877 10.01
      vertex 217.395241121992 -31.581337428812077 10.01
      vertex 218.40516968607753 -30.585962357225277 10.01
    endloop
  endfacet
  facet normal 0 0 -1
    outer loop
      vertex 218.07649525193614 -31.812592044589877 10.01
      vertex 218.94786121922837 -30.693910414841206 10.01
      vertex 218.7821059427897 -31.95294673755596 10.01
    endloop
  endfacet
  facet normal 0 0 -1
    outer loop
      vertex 216.75 -31.26313972081441 10.01
      vertex 217.3849502487562 -30.163373629690145 10.01
      vertex 217.395241121992 -31.581337428812077 10.01
    endloop
  endfacet
  facet normal 0 0 -1
    outer loop
      vertex 217.395241121992 -31.581337428812077 10.01
      vertex 217.3849502487562 -30.163373629690145 10.01
      vertex 217.8812110031422 -30.408102350834437 10.01
    endloop
  endfacet
  facet normal 0 0 -1
    outer loop
      vertex 217.395241121992 -31.581337428812077 10.01
      vertex 217.8812110031422 -30.408102350834437 10.01
      vertex 218.40516968607753 -30.585962357225277 10.01
    endloop
  endfacet
  facet normal 0 0 -1
    outer loop
      vertex 218.07649525193614 -31.812592044589877 10.01
      vertex 218.40516968607753 -30.585962357225277 10.01
      vertex 218.94786121922837 -30.693910414841206 10.01
    endloop
  endfacet
  facet normal 0 0 -1
    outer loop
      vertex 218.7821059427897 -31.95294673755596 10.01
      vertex 219.5 -30.730099502487562 10.01
      vertex 219.5 -32 10.01
    endloop
  endfacet
  facet normal 0 0 -1
    outer loop
      vertex 219.5 -32 10.01
      vertex 220.05213878077163 -30.693910414841206 10.01
      vertex 220.2178940572103 -31.95294673755596 10.01
    endloop
  endfacet
  facet normal 0 0 -1
    outer loop
      vertex 220.2178940572103 -31.95294673755596 10.01
      vertex 220.59483031392247 -30.585962357225277 10.01
      vertex 220.92350474806386 -31.812592044589877 10.01
    endloop
  endfacet
  facet normal 0 0 -1
    outer loop
      vertex 218.7821059427897 -31.95294673755596 10.01
      vertex 218.94786121922837 -30.693910414841206 10.01
      vertex 219.5 -30.730099502487562 10.01
    endloop
  endfacet
  facet normal 0 0 -1
    outer loop
      vertex 219.5 -32 10.01
      vertex 219.5 -30.730099502487562 10.01
      vertex 220.05213878077163 -30.693910414841206 10.01
    endloop
  endfacet
  facet normal 0 0 -1
    outer loop
      vertex 220.2178940572103 -31.95294673755596 10.01
      vertex 220.05213878077163 -30.693910414841206 10.01
      vertex 220.59483031392247 -30.585962357225277 10.01
    endloop
  endfacet
  facet normal 0 0 -1
    outer loop
      vertex 216.15181214045202 -30.863443371601793 10.01
      vertex 215.61091270347399 -30.38908729652601 10.01
      vertex 216.1440364299372 -29.075121417983407 10.01
    endloop
  endfacet
  facet normal 0 0 -1
    outer loop
      vertex 216.75 -31.26313972081441 10.01
      vertex 216.9248785820166 -29.855963570062798 10.01
      vertex 217.3849502487562 -30.163373629690145 10.01
    endloop
  endfacet
  facet normal 0 0 -1
    outer loop
      vertex 216.15181214045202 -30.863443371601793 10.01
      vertex 216.5088679566972 -29.491132043302798 10.01
      vertex 216.9248785820166 -29.855963570062798 10.01
    endloop
  endfacet
  facet normal 0 0 -1
    outer loop
      vertex 216.15181214045202 -30.863443371601793 10.01
      vertex 216.1440364299372 -29.075121417983407 10.01
      vertex 216.5088679566972 -29.491132043302798 10.01
    endloop
  endfacet
  facet normal 0 0 -1
    outer loop
      vertex 215.61091270347399 -30.38908729652601 10.01
      vertex 215.1365566283982 -29.848187859547963 10.01
      vertex 215.59189764916556 -28.1187889968578 10.01
    endloop
  endfacet
  facet normal 0 0 -1
    outer loop
      vertex 215.61091270347399 -30.38908729652601 10.01
      vertex 215.83662637030986 -28.61504975124378 10.01
      vertex 216.1440364299372 -29.075121417983407 10.01
    endloop
  endfacet
  facet normal 0 0 -1
    outer loop
      vertex 215.61091270347399 -30.38908729652601 10.01
      vertex 215.59189764916556 -28.1187889968578 10.01
      vertex 215.83662637030986 -28.61504975124378 10.01
    endloop
  endfacet
  facet normal 0 0 -1
    outer loop
      vertex 215.1365566283982 -29.848187859547963 10.01
      vertex 215.41403764277473 -27.59483031392248 10.01
      vertex 215.59189764916556 -28.1187889968578 10.01
    endloop
  endfacet
  facet normal 0 0 -1
    outer loop
      vertex 215.1365566283982 -29.848187859547963 10.01
      vertex 215.26990049751242 -26.5 10.01
      vertex 215.3060895851588 -27.052138780771635 10.01
    endloop
  endfacet
  facet normal 0 0 -1
    outer loop
      vertex 214.73686027918558 -29.25 10.01
      vertex 214.41866257118792 -28.604758878007992 10.01
      vertex 214.41866257118792 -24.395241121992008 10.01
    endloop
  endfacet
  facet normal 0 0 -1
    outer loop
      vertex 215.1365566283982 -29.848187859547963 10.01
      vertex 214.73686027918558 -29.25 10.01
      vertex 214.73686027918558 -23.75 10.01
    endloop
  endfacet
  facet normal 0 0 -1
    outer loop
      vertex 215.1365566283982 -29.848187859547963 10.01
      vertex 215.3060895851588 -27.052138780771635 10.01
      vertex 215.41403764277473 -27.59483031392248 10.01
    endloop
  endfacet
  facet normal 0 0 -1
    outer loop
      vertex 214.41866257118792 -28.604758878007992 10.01
      vertex 214.18740795541012 -27.923504748063863 10.01
      vertex 214.18740795541012 -25.076495251936137 10.01
    endloop
  endfacet
  facet normal 0 0 -1
    outer loop
      vertex 214.18740795541012 -27.923504748063863 10.01
      vertex 214.04705326244405 -27.217894057210284 10.01
      vertex 214.04705326244405 -25.782105942789716 10.01
    endloop
  endfacet
  facet normal 0 0 -1
    outer loop
      vertex 214.04705326244405 -27.217894057210284 10.01
      vertex 214 -26.5 10.01
      vertex 214.04705326244405 -25.782105942789716 10.01
    endloop
  endfacet
  facet normal 0 0 -1
    outer loop
      vertex 214.18740795541012 -27.923504748063863 10.01
      vertex 214.04705326244405 -25.782105942789716 10.01
      vertex 214.18740795541012 -25.076495251936137 10.01
    endloop
  endfacet
  facet normal 0 0 -1
    outer loop
      vertex 215.1365566283982 -29.848187859547963 10.01
      vertex 215.1365566283982 -23.151812140452037 10.01
      vertex 215.26990049751242 -26.5 10.01
    endloop
  endfacet
  facet normal 0 0 -1
    outer loop
      vertex 220.92350474806386 -31.812592044589877 10.01
      vertex 221.1187889968578 -30.408102350834437 10.01
      vertex 221.604758878008 -31.581337428812077 10.01
    endloop
  endfacet
  facet normal 0 0 -1
    outer loop
      vertex 220.59483031392247 -30.585962357225277 10.01
      vertex 221.1187889968578 -30.408102350834437 10.01
      vertex 220.92350474806386 -31.812592044589877 10.01
    endloop
  endfacet
  facet normal 0 0 -1
    outer loop
      vertex 221.604758878008 -31.581337428812077 10.01
      vertex 221.1187889968578 -30.408102350834437 10.01
      vertex 221.6150497512438 -30.163373629690145 10.01
    endloop
  endfacet
  facet normal 0 0 -1
    outer loop
      vertex 221.604758878008 -31.581337428812077 10.01
      vertex 221.6150497512438 -30.163373629690145 10.01
      vertex 222.25 -31.26313972081441 10.01
    endloop
  endfacet
  facet normal 0 0 -1
    outer loop
      vertex 222.25 -31.26313972081441 10.01
      vertex 221.6150497512438 -30.163373629690145 10.01
      vertex 222.0751214179834 -29.855963570062798 10.01
    endloop
  endfacet
  facet normal 0 0 -1
    outer loop
      vertex 222.25 -31.26313972081441 10.01
      vertex 222.4911320433028 -29.491132043302798 10.01
      vertex 222.84818785954798 -30.863443371601793 10.01
    endloop
  endfacet
  facet normal 0 0 -1
    outer loop
      vertex 222.25 -31.26313972081441 10.01
      vertex 222.0751214179834 -29.855963570062798 10.01
      vertex 222.4911320433028 -29.491132043302798 10.01
    endloop
  endfacet
  facet normal 0 0 -1
    outer loop
      vertex 222.84818785954798 -30.863443371601793 10.01
      vertex 222.8559635700628 -29.075121417983407 10.01
      vertex 223.38908729652601 -30.38908729652601 10.01
    endloop
  endfacet
  facet normal 0 0 -1
    outer loop
      vertex 222.84818785954798 -30.863443371601793 10.01
      vertex 222.4911320433028 -29.491132043302798 10.01
      vertex 222.8559635700628 -29.075121417983407 10.01
    endloop
  endfacet
  facet normal 0 0 -1
    outer loop
      vertex 223.38908729652601 -30.38908729652601 10.01
      vertex 222.8559635700628 -29.075121417983407 10.01
      vertex 223.16337362969014 -28.61504975124378 10.01
    endloop
  endfacet
  facet normal 0 0 -1
    outer loop
      vertex 223.38908729652601 -30.38908729652601 10.01
      vertex 223.16337362969014 -28.61504975124378 10.01
      vertex 223.40810235083444 -28.1187889968578 10.01
    endloop
  endfacet
  facet normal 0 0 -1
    outer loop
      vertex 223.38908729652601 -30.38908729652601 10.01
      vertex 223.40810235083444 -28.1187889968578 10.01
      vertex 223.8634433716018 -29.848187859547963 10.01
    endloop
  endfacet
  facet normal 0 0 -1
    outer loop
      vertex 223.8634433716018 -29.848187859547963 10.01
      vertex 223.40810235083444 -28.1187889968578 10.01
      vertex 223.58596235722527 -27.59483031392248 10.01
    endloop
  endfacet
  facet normal 0 0 -1
    outer loop
      vertex 223.8634433716018 -29.848187859547963 10.01
      vertex 223.58596235722527 -27.59483031392248 10.01
      vertex 223.6939104148412 -27.052138780771635 10.01
    endloop
  endfacet
  facet normal 0 0 -1
    outer loop
      vertex 223.8634433716018 -29.848187859547963 10.01
      vertex 223.6939104148412 -27.052138780771635 10.01
      vertex 223.73009950248758 -26.5 10.01
    endloop
  endfacet
  facet normal 0 0 -1
    outer loop
      vertex 223.8634433716018 -29.848187859547963 10.01
      vertex 223.8634433716018 -23.151812140452037 10.01
      vertex 224.26313972081442 -29.25 10.01
    endloop
  endfacet
  facet normal 0 0 -1
    outer loop
      vertex 224.26313972081442 -29.25 10.01
      vertex 224.26313972081442 -23.75 10.01
      vertex 224.58133742881208 -28.604758878007992 10.01
    endloop
  endfacet
  facet normal 0 0 -1
    outer loop
      vertex 223.8634433716018 -29.848187859547963 10.01
      vertex 223.73009950248758 -26.5 10.01
      vertex 223.8634433716018 -23.151812140452037 10.01
    endloop
  endfacet
  facet normal 0 0 -1
    outer loop
      vertex 224.58133742881208 -28.604758878007992 10.01
      vertex 224.58133742881208 -24.395241121992008 10.01
      vertex 224.81259204458988 -27.923504748063863 10.01
    endloop
  endfacet
  facet normal 0 0 -1
    outer loop
      vertex 224.81259204458988 -27.923504748063863 10.01
      vertex 224.81259204458988 -25.076495251936137 10.01
      vertex 224.95294673755595 -27.217894057210284 10.01
    endloop
  endfacet
  facet normal 0 0 -1
    outer loop
      vertex 224.95294673755595 -27.217894057210284 10.01
      vertex 224.95294673755595 -25.782105942789716 10.01
      vertex 225 -26.5 10.01
    endloop
  endfacet
  facet normal 0 0 -1
    outer loop
      vertex 214.41866257118792 -28.604758878007992 10.01
      vertex 214.18740795541012 -25.076495251936137 10.01
      vertex 214.41866257118792 -24.395241121992008 10.01
    endloop
  endfacet
  facet normal 0 0 -1
    outer loop
      vertex 214.73686027918558 -29.25 10.01
      vertex 214.41866257118792 -24.395241121992008 10.01
      vertex 214.73686027918558 -23.75 10.01
    endloop
  endfacet
  facet normal 0 0 -1
    outer loop
      vertex 215.1365566283982 -29.848187859547963 10.01
      vertex 214.73686027918558 -23.75 10.01
      vertex 215.1365566283982 -23.151812140452037 10.01
    endloop
  endfacet
  facet normal 0 0 -1
    outer loop
      vertex 215.26990049751242 -26.5 10.01
      vertex 215.1365566283982 -23.151812140452037 10.01
      vertex 215.3060895851588 -25.947861219228365 10.01
    endloop
  endfacet
  facet normal 0 0 -1
    outer loop
      vertex 215.3060895851588 -25.947861219228365 10.01
      vertex 215.1365566283982 -23.151812140452037 10.01
      vertex 215.41403764277473 -25.40516968607752 10.01
    endloop
  endfacet
  facet normal 0 0 -1
    outer loop
      vertex 215.41403764277473 -25.40516968607752 10.01
      vertex 215.1365566283982 -23.151812140452037 10.01
      vertex 215.59189764916556 -24.8812110031422 10.01
    endloop
  endfacet
  facet normal 0 0 -1
    outer loop
      vertex 215.59189764916556 -24.8812110031422 10.01
      vertex 215.61091270347399 -22.61091270347399 10.01
      vertex 215.83662637030986 -24.38495024875622 10.01
    endloop
  endfacet
  facet normal 0 0 -1
    outer loop
      vertex 215.59189764916556 -24.8812110031422 10.01
      vertex 215.1365566283982 -23.151812140452037 10.01
      vertex 215.61091270347399 -22.61091270347399 10.01
    endloop
  endfacet
  facet normal 0 0 -1
    outer loop
      vertex 215.83662637030986 -24.38495024875622 10.01
      vertex 215.61091270347399 -22.61091270347399 10.01
      vertex 216.1440364299372 -23.924878582016593 10.01
    endloop
  endfacet
  facet normal 0 0 -1
    outer loop
      vertex 216.1440364299372 -23.924878582016593 10.01
      vertex 216.15181214045202 -22.136556628398207 10.01
      vertex 216.5088679566972 -23.508867956697202 10.01
    endloop
  endfacet
  facet normal 0 0 -1
    outer loop
      vertex 216.1440364299372 -23.924878582016593 10.01
      vertex 215.61091270347399 -22.61091270347399 10.01
      vertex 216.15181214045202 -22.136556628398207 10.01
    endloop
  endfacet
  facet normal 0 0 -1
    outer loop
      vertex 216.5088679566972 -23.508867956697202 10.01
      vertex 216.75 -21.73686027918559 10.01
      vertex 216.9248785820166 -23.144036429937202 10.01
    endloop
  endfacet
  facet normal 0 0 -1
    outer loop
      vertex 216.5088679566972 -23.508867956697202 10.01
      vertex 216.15181214045202 -22.136556628398207 10.01
      vertex 216.75 -21.73686027918559 10.01
    endloop
  endfacet
  facet normal 0 0 -1
    outer loop
      vertex 216.9248785820166 -23.144036429937202 10.01
      vertex 216.75 -21.73686027918559 10.01
      vertex 217.3849502487562 -22.836626370309855 10.01
    endloop
  endfacet
  facet normal 0 0 -1
    outer loop
      vertex 217.3849502487562 -22.836626370309855 10.01
      vertex 217.395241121992 -21.418662571187923 10.01
      vertex 217.8812110031422 -22.591897649165563 10.01
    endloop
  endfacet
  facet normal 0 0 -1
    outer loop
      vertex 217.3849502487562 -22.836626370309855 10.01
      vertex 216.75 -21.73686027918559 10.01
      vertex 217.395241121992 -21.418662571187923 10.01
    endloop
  endfacet
  facet normal 0 0 -1
    outer loop
      vertex 217.8812110031422 -22.591897649165563 10.01
      vertex 218.07649525193614 -21.187407955410123 10.01
      vertex 218.40516968607753 -22.414037642774723 10.01
    endloop
  endfacet
  facet normal 0 0 -1
    outer loop
      vertex 218.40516968607753 -22.414037642774723 10.01
      vertex 218.7821059427897 -21.04705326244404 10.01
      vertex 218.94786121922837 -22.306089585158794 10.01
    endloop
  endfacet
  facet normal 0 0 -1
    outer loop
      vertex 220.05213878077163 -22.306089585158794 10.01
      vertex 220.92350474806386 -21.187407955410123 10.01
      vertex 220.59483031392247 -22.414037642774723 10.01
    endloop
  endfacet
  facet normal 0 0 -1
    outer loop
      vertex 217.8812110031422 -22.591897649165563 10.01
      vertex 217.395241121992 -21.418662571187923 10.01
      vertex 218.07649525193614 -21.187407955410123 10.01
    endloop
  endfacet
  facet normal 0 0 -1
    outer loop
      vertex 218.40516968607753 -22.414037642774723 10.01
      vertex 218.07649525193614 -21.187407955410123 10.01
      vertex 218.7821059427897 -21.04705326244404 10.01
    endloop
  endfacet
  facet normal 0 0 -1
    outer loop
      vertex 218.94786121922837 -22.306089585158794 10.01
      vertex 219.5 -21 10.01
      vertex 219.5 -22.269900497512438 10.01
    endloop
  endfacet
  facet normal 0 0 -1
    outer loop
      vertex 218.94786121922837 -22.306089585158794 10.01
      vertex 218.7821059427897 -21.04705326244404 10.01
      vertex 219.5 -21 10.01
    endloop
  endfacet
  facet normal 0 0 -1
    outer loop
      vertex 219.5 -22.269900497512438 10.01
      vertex 219.5 -21 10.01
      vertex 220.2178940572103 -21.04705326244404 10.01
    endloop
  endfacet
  facet normal 0 0 -1
    outer loop
      vertex 219.5 -22.269900497512438 10.01
      vertex 220.2178940572103 -21.04705326244404 10.01
      vertex 220.05213878077163 -22.306089585158794 10.01
    endloop
  endfacet
  facet normal 0 0 -1
    outer loop
      vertex 220.05213878077163 -22.306089585158794 10.01
      vertex 220.2178940572103 -21.04705326244404 10.01
      vertex 220.92350474806386 -21.187407955410123 10.01
    endloop
  endfacet
  facet normal 0 0 -1
    outer loop
      vertex 223.73009950248758 -26.5 10.01
      vertex 223.6939104148412 -25.947861219228365 10.01
      vertex 223.8634433716018 -23.151812140452037 10.01
    endloop
  endfacet
  facet normal 0 0 -1
    outer loop
      vertex 224.26313972081442 -29.25 10.01
      vertex 223.8634433716018 -23.151812140452037 10.01
      vertex 224.26313972081442 -23.75 10.01
    endloop
  endfacet
  facet normal 0 0 -1
    outer loop
      vertex 223.6939104148412 -25.947861219228365 10.01
      vertex 223.58596235722527 -25.40516968607752 10.01
      vertex 223.8634433716018 -23.151812140452037 10.01
    endloop
  endfacet
  facet normal 0 0 -1
    outer loop
      vertex 223.58596235722527 -25.40516968607752 10.01
      vertex 223.40810235083444 -24.8812110031422 10.01
      vertex 223.8634433716018 -23.151812140452037 10.01
    endloop
  endfacet
  facet normal 0 0 -1
    outer loop
      vertex 224.95294673755595 -27.217894057210284 10.01
      vertex 224.81259204458988 -25.076495251936137 10.01
      vertex 224.95294673755595 -25.782105942789716 10.01
    endloop
  endfacet
  facet normal 0 0 -1
    outer loop
      vertex 224.81259204458988 -27.923504748063863 10.01
      vertex 224.58133742881208 -24.395241121992008 10.01
      vertex 224.81259204458988 -25.076495251936137 10.01
    endloop
  endfacet
  facet normal 0 0 -1
    outer loop
      vertex 224.58133742881208 -28.604758878007992 10.01
      vertex 224.26313972081442 -23.75 10.01
      vertex 224.58133742881208 -24.395241121992008 10.01
    endloop
  endfacet
  facet normal 0 0 -1
    outer loop
      vertex 223.40810235083444 -24.8812110031422 10.01
      vertex 223.16337362969014 -24.38495024875622 10.01
      vertex 223.38908729652601 -22.61091270347399 10.01
    endloop
  endfacet
  facet normal 0 0 -1
    outer loop
      vertex 223.16337362969014 -24.38495024875622 10.01
      vertex 222.8559635700628 -23.924878582016593 10.01
      vertex 223.38908729652601 -22.61091270347399 10.01
    endloop
  endfacet
  facet normal 0 0 -1
    outer loop
      vertex 223.40810235083444 -24.8812110031422 10.01
      vertex 223.38908729652601 -22.61091270347399 10.01
      vertex 223.8634433716018 -23.151812140452037 10.01
    endloop
  endfacet
  facet normal 0 0 -1
    outer loop
      vertex 222.4911320433028 -23.508867956697202 10.01
      vertex 222.84818785954798 -22.136556628398207 10.01
      vertex 222.8559635700628 -23.924878582016593 10.01
    endloop
  endfacet
  facet normal 0 0 -1
    outer loop
      vertex 222.4911320433028 -23.508867956697202 10.01
      vertex 222.0751214179834 -23.144036429937202 10.01
      vertex 222.84818785954798 -22.136556628398207 10.01
    endloop
  endfacet
  facet normal 0 0 -1
    outer loop
      vertex 222.0751214179834 -23.144036429937202 10.01
      vertex 221.6150497512438 -22.836626370309855 10.01
      vertex 222.25 -21.73686027918559 10.01
    endloop
  endfacet
  facet normal 0 0 -1
    outer loop
      vertex 221.6150497512438 -22.836626370309855 10.01
      vertex 221.1187889968578 -22.591897649165563 10.01
      vertex 221.604758878008 -21.418662571187923 10.01
    endloop
  endfacet
  facet normal 0 0 -1
    outer loop
      vertex 220.59483031392247 -22.414037642774723 10.01
      vertex 221.604758878008 -21.418662571187923 10.01
      vertex 221.1187889968578 -22.591897649165563 10.01
    endloop
  endfacet
  facet normal 0 0 -1
    outer loop
      vertex 222.0751214179834 -23.144036429937202 10.01
      vertex 222.25 -21.73686027918559 10.01
      vertex 222.84818785954798 -22.136556628398207 10.01
    endloop
  endfacet
  facet normal 0 0 -1
    outer loop
      vertex 221.6150497512438 -22.836626370309855 10.01
      vertex 221.604758878008 -21.418662571187923 10.01
      vertex 222.25 -21.73686027918559 10.01
    endloop
  endfacet
  facet normal 0 0 -1
    outer loop
      vertex 222.8559635700628 -23.924878582016593 10.01
      vertex 222.84818785954798 -22.136556628398207 10.01
      vertex 223.38908729652601 -22.61091270347399 10.01
    endloop
  endfacet
  facet normal 0 0 -1
    outer loop
      vertex 220.59483031392247 -22.414037642774723 10.01
      vertex 220.92350474806386 -21.187407955410123 10.01
      vertex 221.604758878008 -21.418662571187923 10.01
    endloop
  endfacet
  facet normal 0 0 1
    outer loop
      vertex 14 -17 3.4
      vertex 0 -15 3.4
      vertex 0 -17 3.4
    endloop
  endfacet
  facet normal 0 0 1
    outer loop
      vertex 14 -17 3.4
      vertex 14 -15 3.4
      vertex 0 -15 3.4
    endloop
  endfacet
  facet normal 0 1 0
    outer loop
      vertex 14 -17 3.4
      vertex 0 -17 3.4
      vertex 14 -17 11.1
    endloop
  endfacet
  facet normal -1 0 0
    outer loop
      vertex 14 -17 3.4
      vertex 14 -17 11.1
      vertex 14 -15 3.4
    endloop
  endfacet
  facet normal 0 1 0
    outer loop
      vertex 14 -17 11.1
      vertex 0 -17 3.4
      vertex 0 -17 11
    endloop
  endfacet
  facet normal -1 0 0
    outer loop
      vertex 14 -17 11.1
      vertex 14 -15 11
      vertex 14 -15 3.4
    endloop
  endfacet
  facet normal 0 1 0
    outer loop
      vertex 14 -17 11.1
      vertex 0 -17 11
      vertex 0 -17 11.1
    endloop
  endfacet
  facet normal 0 0 -1
    outer loop
      vertex 14 -15 11.1
      vertex 0 -17 11.1
      vertex 0 -15 11.1
    endloop
  endfacet
  facet normal 0 -1 0
    outer loop
      vertex 14 -15 11.1
      vertex 0 -15 11.1
      vertex 0 -15 11
    endloop
  endfacet
  facet normal 0 0 -1
    outer loop
      vertex 14 -17 11.1
      vertex 0 -17 11.1
      vertex 14 -15 11.1
    endloop
  endfacet
  facet normal -1 0 0
    outer loop
      vertex 14 -17 11.1
      vertex 14 -15 11.1
      vertex 14 -15 11
    endloop
  endfacet
  facet normal 0 -1 0
    outer loop
      vertex 14 -15 11.1
      vertex 0 -15 11
      vertex 14 -15 11
    endloop
  endfacet
  facet normal 0 0 1
    outer loop
      vertex 14 17 3.4
      vertex 0 17 3.4
      vertex 0 15 3.4
    endloop
  endfacet
  facet normal 0 0 1
    outer loop
      vertex 14 17 3.4
      vertex 0 15 3.4
      vertex 14 15 3.4
    endloop
  endfacet
  facet normal 0 -1 0
    outer loop
      vertex 14 17 3.4
      vertex 0 17 11
      vertex 0 17 3.4
    endloop
  endfacet
  facet normal -1 0 0
    outer loop
      vertex 14 17 3.4
      vertex 14 15 3.4
      vertex 14 15 11
    endloop
  endfacet
  facet normal 0 -1 0
    outer loop
      vertex 14 17 3.4
      vertex 0 17 11.1
      vertex 0 17 11
    endloop
  endfacet
  facet normal 0 -1 0
    outer loop
      vertex 14 17 3.4
      vertex 14 17 11.1
      vertex 0 17 11.1
    endloop
  endfacet
  facet normal -1 0 0
    outer loop
      vertex 14 17 3.4
      vertex 14 15 11
      vertex 14 15 11.1
    endloop
  endfacet
  facet normal -1 0 0
    outer loop
      vertex 14 17 3.4
      vertex 14 15 11.1
      vertex 14 17 11.1
    endloop
  endfacet
  facet normal 0 1 0
    outer loop
      vertex 0 15 11
      vertex 0 15 11.1
      vertex 14 15 11
    endloop
  endfacet
  facet normal 0 0 -1
    outer loop
      vertex 14 17 11.1
      vertex 0 15 11.1
      vertex 0 17 11.1
    endloop
  endfacet
  facet normal 0 1 0
    outer loop
      vertex 14 15 11.1
      vertex 14 15 11
      vertex 0 15 11.1
    endloop
  endfacet
  facet normal 0 0 -1
    outer loop
      vertex 14 15 11.1
      vertex 0 15 11.1
      vertex 14 17 11.1
    endloop
  endfacet
  facet normal 0 0 1
    outer loop
      vertex 221.5 -17 3.4
      vertex 235.5 -15 3.4
      vertex 221.5 -15 3.4
    endloop
  endfacet
  facet normal 0 0 1
    outer loop
      vertex 221.5 -17 3.4
      vertex 235.5 -17 3.4
      vertex 235.5 -15 3.4
    endloop
  endfacet
  facet normal 1 0 0
    outer loop
      vertex 221.5 -17 3.4
      vertex 221.5 -15 3.4
      vertex 221.5 -15 11
    endloop
  endfacet
  facet normal 0 1 0
    outer loop
      vertex 221.5 -17 3.4
      vertex 235.5 -17 11
      vertex 235.5 -17 3.4
    endloop
  endfacet
  facet normal 1 0 0
    outer loop
      vertex 221.5 -17 3.4
      vertex 221.5 -15 11.1
      vertex 221.5 -17 11.1
    endloop
  endfacet
  facet normal 1 0 0
    outer loop
      vertex 221.5 -17 3.4
      vertex 221.5 -15 11
      vertex 221.5 -15 11.1
    endloop
  endfacet
  facet normal 0 1 0
    outer loop
      vertex 221.5 -17 3.4
      vertex 221.5 -17 11.1
      vertex 235.5 -17 11.1
    endloop
  endfacet
  facet normal 0 1 0
    outer loop
      vertex 221.5 -17 3.4
      vertex 235.5 -17 11.1
      vertex 235.5 -17 11
    endloop
  endfacet
  facet normal 0 0 -1
    outer loop
      vertex 221.5 -17 11.1
      vertex 221.5 -15 11.1
      vertex 235.5 -15 11.1
    endloop
  endfacet
  facet normal 0 -1 0
    outer loop
      vertex 221.5 -15 11.1
      vertex 221.5 -15 11
      vertex 235.5 -15 11.1
    endloop
  endfacet
  facet normal 0 0 -1
    outer loop
      vertex 221.5 -17 11.1
      vertex 235.5 -15 11.1
      vertex 235.5 -17 11.1
    endloop
  endfacet
  facet normal 0 -1 0
    outer loop
      vertex 235.5 -15 11
      vertex 235.5 -15 11.1
      vertex 221.5 -15 11
    endloop
  endfacet
  facet normal 0 0 1
    outer loop
      vertex 221.5 17 3.4
      vertex 221.5 15 3.4
      vertex 235.5 15 3.4
    endloop
  endfacet
  facet normal 0 0 1
    outer loop
      vertex 221.5 17 3.4
      vertex 235.5 15 3.4
      vertex 235.5 17 3.4
    endloop
  endfacet
  facet normal 1 0 0
    outer loop
      vertex 221.5 17 3.4
      vertex 221.5 17 11.1
      vertex 221.5 15 3.4
    endloop
  endfacet
  facet normal 0 -1 0
    outer loop
      vertex 221.5 17 3.4
      vertex 235.5 17 3.4
      vertex 221.5 17 11.1
    endloop
  endfacet
  facet normal 1 0 0
    outer loop
      vertex 221.5 17 11.1
      vertex 221.5 15 11
      vertex 221.5 15 3.4
    endloop
  endfacet
  facet normal 0 -1 0
    outer loop
      vertex 221.5 17 11.1
      vertex 235.5 17 3.4
      vertex 235.5 17 11
    endloop
  endfacet
  facet normal 0 1 0
    outer loop
      vertex 221.5 15 11.1
      vertex 235.5 15 11
      vertex 221.5 15 11
    endloop
  endfacet
  facet normal 1 0 0
    outer loop
      vertex 221.5 15 11.1
      vertex 221.5 15 11
      vertex 221.5 17 11.1
    endloop
  endfacet
  facet normal 0 0 -1
    outer loop
      vertex 221.5 15 11.1
      vertex 221.5 17 11.1
      vertex 235.5 17 11.1
    endloop
  endfacet
  facet normal 0 1 0
    outer loop
      vertex 221.5 15 11.1
      vertex 235.5 15 11.1
      vertex 235.5 15 11
    endloop
  endfacet
  facet normal 0 0 -1
    outer loop
      vertex 221.5 15 11.1
      vertex 235.5 17 11.1
      vertex 235.5 15 11.1
    endloop
  endfacet
  facet normal 0 -1 0
    outer loop
      vertex 221.5 17 11.1
      vertex 235.5 17 11
      vertex 235.5 17 11.1
    endloop
  endfacet
endsolid OpenSCAD_Model
