solid OpenSCAD_Model
  facet normal -0.5467472815747723 -0.4487038979316414 -0.7069174082391436
    outer loop
      vertex -30.825432106638072 -27.03317841910282 0.8
      vertex -31.892804279707654 -24.472209446150572 0
      vertex -30.22396026065489 -26.50570176702277 0
    endloop
  endfacet
  facet normal -0.5749232926983301 -0.4119842053299666 -0.7069174082391423
    outer loop
      vertex -33.42507841456232 -22.33392336738801 0
      vertex -32.527486951940645 -24.959218589357548 0.8
      vertex -34.09025410440435 -22.77837955380369 0.8
    endloop
  endfacet
  facet normal -0.6006373940187192 -0.37350033311210556 -0.7069174082391436
    outer loop
      vertex -34.09025410440435 -22.77837955380369 0.8
      vertex -35.50704155516198 -20.5 0.8
      vertex -34.814221232134436 -20.1 0
    endloop
  endfacet
  facet normal -0.6006373940187207 -0.3735003331121057 -0.7069174082391423
    outer loop
      vertex -33.42507841456232 -22.33392336738801 0
      vertex -34.09025410440435 -22.77837955380369 0.8
      vertex -34.814221232134436 -20.1 0
    endloop
  endfacet
  facet normal -0.5749232926983256 -0.4119842053299662 -0.7069174082391461
    outer loop
      vertex -33.42507841456232 -22.33392336738801 0
      vertex -31.892804279707654 -24.472209446150572 0
      vertex -32.527486951940645 -24.959218589357548 0.8
    endloop
  endfacet
  facet normal -0.5467472815747695 -0.44870389793164095 -0.706917408239146
    outer loop
      vertex -30.825432106638072 -27.03317841910282 0.8
      vertex -32.527486951940645 -24.959218589357548 0.8
      vertex -31.892804279707654 -24.472209446150572 0
    endloop
  endfacet
  facet normal -0.4487038979316424 -0.5467472815747713 -0.7069174082391435
    outer loop
      vertex -27.03317841910282 -30.825432106638072 0.8
      vertex -26.50570176702277 -30.22396026065489 0
      vertex -24.959218589357548 -32.527486951940645 0.8
    endloop
  endfacet
  facet normal -0.4487038979316398 -0.5467472815747703 -0.706917408239146
    outer loop
      vertex -24.959218589357548 -32.527486951940645 0.8
      vertex -26.50570176702277 -30.22396026065489 0
      vertex -24.472209446150572 -31.892804279707654 0
    endloop
  endfacet
  facet normal -0.41198420532996444 -0.5749232926983271 -0.7069174082391461
    outer loop
      vertex -24.959218589357548 -32.527486951940645 0.8
      vertex -24.472209446150572 -31.892804279707654 0
      vertex -22.77837955380369 -34.09025410440435 0.8
    endloop
  endfacet
  facet normal -0.4119842053299684 -0.5749232926983286 -0.7069174082391423
    outer loop
      vertex -24.472209446150572 -31.892804279707654 0
      vertex -22.33392336738801 -33.42507841456232 0
      vertex -22.77837955380369 -34.09025410440435 0.8
    endloop
  endfacet
  facet normal -0.37350033311210634 -0.6006373940187203 -0.7069174082391423
    outer loop
      vertex -22.33392336738801 -33.42507841456232 0
      vertex -20.5 -35.50704155516198 0.8
      vertex -22.77837955380369 -34.09025410440435 0.8
    endloop
  endfacet
  facet normal -0.37350033311210507 -0.6006373940187197 -0.7069174082391435
    outer loop
      vertex -22.33392336738801 -33.42507841456232 0
      vertex -20.1 -34.814221232134436 0
      vertex -20.5 -35.50704155516198 0.8
    endloop
  endfacet
  facet normal -0.5162300146533452 -0.48350217155609465 -0.7069174082391435
    outer loop
      vertex -30.825432106638072 -27.03317841910282 0.8
      vertex -30.22396026065489 -26.50570176702277 0
      vertex -28.99137802864845 -28.99137802864845 0.8
    endloop
  endfacet
  facet normal -0.5162300146533438 -0.4835021715560944 -0.7069174082391446
    outer loop
      vertex -28.425692603699215 -28.425692603699215 0
      vertex -28.99137802864845 -28.99137802864845 0.8
      vertex -30.22396026065489 -26.50570176702277 0
    endloop
  endfacet
  facet normal -0.48350217155609515 -0.5162300146533447 -0.7069174082391435
    outer loop
      vertex -27.03317841910282 -30.825432106638072 0.8
      vertex -28.425692603699215 -28.425692603699215 0
      vertex -26.50570176702277 -30.22396026065489 0
    endloop
  endfacet
  facet normal -0.4835021715560939 -0.5162300146533443 -0.7069174082391446
    outer loop
      vertex -27.03317841910282 -30.825432106638072 0.8
      vertex -28.99137802864845 -28.99137802864845 0.8
      vertex -28.425692603699215 -28.425692603699215 0
    endloop
  endfacet
  facet normal -0.6237794738063929 -0.33341707512704133 -0.706917408239144
    outer loop
      vertex -36.771782402840216 -18.133836298979052 0.8
      vertex -36.05428420961407 -17.780005346803854 0
      vertex -35.50704155516198 -20.5 0.8
    endloop
  endfacet
  facet normal -0.6442504341228593 -0.2919060740391657 -0.706917408239144
    outer loop
      vertex -36.771782402840216 -18.133836298979052 0.8
      vertex -37.87906083296276 -15.690020726968681 0.8
      vertex -37.13995720695373 -15.38387398107661 0
    endloop
  endfacet
  facet normal -0.6442504341228593 -0.2919060740391657 -0.7069174082391441
    outer loop
      vertex -36.771782402840216 -18.133836298979052 0.8
      vertex -37.13995720695373 -15.38387398107661 0
      vertex -36.05428420961407 -17.780005346803854 0
    endloop
  endfacet
  facet normal -0.6768401706791926 -0.2053172211077595 -0.706917408239144
    outer loop
      vertex -38.824135309299336 -13.179018077429625 0.8
      vertex -38.83021821682055 -10.404525613121335 0
      vertex -38.066591205703254 -12.921866505187097 0
    endloop
  endfacet
  facet normal -0.6768401706791937 -0.2053172211077592 -0.7069174082391432
    outer loop
      vertex -38.824135309299336 -13.179018077429625 0.8
      vertex -39.6029588778518 -10.61158084920335 0.8
      vertex -38.83021821682055 -10.404525613121335 0
    endloop
  endfacet
  facet normal -0.6619626151732867 -0.24914508632801635 -0.706917408239144
    outer loop
      vertex -37.87906083296276 -15.690020726968681 0.8
      vertex -38.066591205703254 -12.921866505187097 0
      vertex -37.13995720695373 -15.38387398107661 0
    endloop
  endfacet
  facet normal -0.6619626151732865 -0.24914508632801638 -0.7069174082391441
    outer loop
      vertex -37.87906083296276 -15.690020726968681 0.8
      vertex -38.824135309299336 -13.179018077429625 0.8
      vertex -38.066591205703254 -12.921866505187097 0
    endloop
  endfacet
  facet normal -0.6237794738063933 -0.3334170751270413 -0.7069174082391435
    outer loop
      vertex -36.05428420961407 -17.780005346803854 0
      vertex -34.814221232134436 -20.1 0
      vertex -35.50704155516198 -20.5 0.8
    endloop
  endfacet
  facet normal -0.6888193926638562 -0.16061015602584985 -0.7069174082391442
    outer loop
      vertex -39.6029588778518 -10.61158084920335 0.8
      vertex -40.21219649653245 -7.998703202661258 0.8
      vertex -39.42756827220987 -7.842630945048356 0
    endloop
  endfacet
  facet normal -0.688819392663857 -0.1606101560258495 -0.7069174082391432
    outer loop
      vertex -38.83021821682055 -10.404525613121335 0
      vertex -39.6029588778518 -10.61158084920335 0.8
      vertex -39.42756827220987 -7.842630945048356 0
    endloop
  endfacet
  facet normal -0.6978489842596565 -0.11521533359851517 -0.7069174082391442
    outer loop
      vertex -40.21219649653245 -7.998703202661258 0.8
      vertex -39.85608342722718 -5.2471529272460735 0
      vertex -39.42756827220987 -7.842630945048356 0
    endloop
  endfacet
  facet normal -0.697848984259659 -0.11521533359851414 -0.7069174082391418
    outer loop
      vertex -40.21219649653245 -7.998703202661258 0.8
      vertex -40.649239316326224 -5.351573881022114 0.8
      vertex -39.85608342722718 -5.2471529272460735 0
    endloop
  endfacet
  facet normal 0 0 -1
    outer loop
      vertex -36.05428420961407 -17.780005346803854 0
      vertex -37.13995720695373 -15.38387398107661 0
      vertex -36.05428420961407 17.780005346803854 0
    endloop
  endfacet
  facet normal -0.7038902793691341 -0.06932714142453204 -0.7069174082391418
    outer loop
      vertex -39.85608342722718 -5.2471529272460735 0
      vertex -40.649239316326224 -5.351573881022114 0.8
      vertex -40.113928714191864 -2.6292057950517513 0
    endloop
  endfacet
  facet normal -0.7038902793691318 -0.06932714142453308 -0.7069174082391438
    outer loop
      vertex -40.649239316326224 -5.351573881022114 0.8
      vertex -40.912215852782744 -2.6815282984358655 0.8
      vertex -40.113928714191864 -2.6292057950517513 0
    endloop
  endfacet
  facet normal 0 0 -1
    outer loop
      vertex -38.83021821682055 -10.404525613121335 0
      vertex -39.42756827220987 -7.842630945048356 0
      vertex -38.83021821682055 10.404525613121335 0
    endloop
  endfacet
  facet normal -0.706917408239147 -0.02314207978767325 -0.7069174082391438
    outer loop
      vertex -40.113928714191864 -2.6292057950517513 0
      vertex -40.912215852782744 -2.6815282984358655 0.8
      vertex -41 0 0.8
    endloop
  endfacet
  facet normal -0.7069174082391467 -0.0231420797876731 -0.7069174082391441
    outer loop
      vertex -40.113928714191864 -2.6292057950517513 0
      vertex -41 0 0.8
      vertex -40.2 0 0
    endloop
  endfacet
  facet normal 0 0 -1
    outer loop
      vertex -39.85608342722718 -5.2471529272460735 0
      vertex -40.113928714191864 -2.6292057950517513 0
      vertex -39.85608342722718 5.2471529272460735 0
    endloop
  endfacet
  facet normal 0 0 -1
    outer loop
      vertex -39.42756827220987 -7.842630945048356 0
      vertex -39.85608342722718 -5.2471529272460735 0
      vertex -39.42756827220987 7.842630945048356 0
    endloop
  endfacet
  facet normal 0 0 -1
    outer loop
      vertex -37.13995720695373 -15.38387398107661 0
      vertex -38.066591205703254 -12.921866505187097 0
      vertex -37.13995720695373 15.38387398107661 0
    endloop
  endfacet
  facet normal 0 0 -1
    outer loop
      vertex -38.83021821682055 -10.404525613121335 0
      vertex -38.066591205703254 12.921866505187097 0
      vertex -38.066591205703254 -12.921866505187097 0
    endloop
  endfacet
  facet normal 0 0 -1
    outer loop
      vertex -36.05428420961407 -17.780005346803854 0
      vertex -34.814221232134436 20.1 0
      vertex -34.814221232134436 -20.1 0
    endloop
  endfacet
  facet normal 0 0 -1
    outer loop
      vertex -33.42507841456232 -22.33392336738801 0
      vertex -34.814221232134436 -20.1 0
      vertex -33.42507841456232 22.33392336738801 0
    endloop
  endfacet
  facet normal 0 0 -1
    outer loop
      vertex -31.892804279707654 -24.472209446150572 0
      vertex -30.22396026065489 26.50570176702277 0
      vertex -30.22396026065489 -26.50570176702277 0
    endloop
  endfacet
  facet normal 0 0 -1
    outer loop
      vertex -33.42507841456232 -22.33392336738801 0
      vertex -31.892804279707654 24.472209446150572 0
      vertex -31.892804279707654 -24.472209446150572 0
    endloop
  endfacet
  facet normal 0 0 -1
    outer loop
      vertex -24.472209446150572 -31.892804279707654 0
      vertex -22.33392336738801 33.42507841456232 0
      vertex -22.33392336738801 -33.42507841456232 0
    endloop
  endfacet
  facet normal 0 0 -1
    outer loop
      vertex -22.33392336738801 -33.42507841456232 0
      vertex -20.1 34.814221232134436 0
      vertex -20.1 -34.814221232134436 0
    endloop
  endfacet
  facet normal 0 0 -1
    outer loop
      vertex -28.425692603699215 -28.425692603699215 0
      vertex -30.22396026065489 -26.50570176702277 0
      vertex -28.425692603699215 28.425692603699215 0
    endloop
  endfacet
  facet normal 0 0 -1
    outer loop
      vertex -28.425692603699215 -28.425692603699215 0
      vertex -26.50570176702277 30.22396026065489 0
      vertex -26.50570176702277 -30.22396026065489 0
    endloop
  endfacet
  facet normal 0 0 -1
    outer loop
      vertex -24.472209446150572 -31.892804279707654 0
      vertex -26.50570176702277 -30.22396026065489 0
      vertex -24.472209446150572 31.892804279707654 0
    endloop
  endfacet
  facet normal -0.3334170751270411 -0.623779473806393 -0.706917408239144
    outer loop
      vertex -18.133836298979052 -36.771782402840216 0.8
      vertex -20.1 -34.814221232134436 0
      vertex -17.780005346803854 -36.05428420961407 0
    endloop
  endfacet
  facet normal -0.29190607403916563 -0.6442504341228592 -0.7069174082391441
    outer loop
      vertex -18.133836298979052 -36.771782402840216 0.8
      vertex -17.780005346803854 -36.05428420961407 0
      vertex -15.690020726968681 -37.87906083296276 0.8
    endloop
  endfacet
  facet normal -0.2919060740391657 -0.6442504341228592 -0.7069174082391438
    outer loop
      vertex -17.780005346803854 -36.05428420961407 0
      vertex -15.38387398107661 -37.13995720695373 0
      vertex -15.690020726968681 -37.87906083296276 0.8
    endloop
  endfacet
  facet normal -0.33341707512704144 -0.6237794738063932 -0.7069174082391436
    outer loop
      vertex -18.133836298979052 -36.771782402840216 0.8
      vertex -20.5 -35.50704155516198 0.8
      vertex -20.1 -34.814221232134436 0
    endloop
  endfacet
  facet normal -0.24914508632801644 -0.6619626151732867 -0.7069174082391438
    outer loop
      vertex -15.690020726968681 -37.87906083296276 0.8
      vertex -15.38387398107661 -37.13995720695373 0
      vertex -13.179018077429625 -38.824135309299336 0.8
    endloop
  endfacet
  facet normal -0.24914508632801627 -0.6619626151732865 -0.706917408239144
    outer loop
      vertex -15.38387398107661 -37.13995720695373 0
      vertex -12.921866505187097 -38.066591205703254 0
      vertex -13.179018077429625 -38.824135309299336 0.8
    endloop
  endfacet
  facet normal -0.20531722110775896 -0.6768401706791929 -0.7069174082391441
    outer loop
      vertex -13.179018077429625 -38.824135309299336 0.8
      vertex -12.921866505187097 -38.066591205703254 0
      vertex -10.61158084920335 -39.6029588778518 0.8
    endloop
  endfacet
  facet normal -0.20531722110775977 -0.6768401706791937 -0.7069174082391433
    outer loop
      vertex -12.921866505187097 -38.066591205703254 0
      vertex -10.404525613121335 -38.83021821682055 0
      vertex -10.61158084920335 -39.6029588778518 0.8
    endloop
  endfacet
  facet normal -0.16061015602585005 -0.688819392663857 -0.7069174082391432
    outer loop
      vertex -10.404525613121335 -38.83021821682055 0
      vertex -7.998703202661258 -40.21219649653245 0.8
      vertex -10.61158084920335 -39.6029588778518 0.8
    endloop
  endfacet
  facet normal -0.16061015602584924 -0.6888193926638561 -0.7069174082391442
    outer loop
      vertex -10.404525613121335 -38.83021821682055 0
      vertex -7.842630945048356 -39.42756827220987 0
      vertex -7.998703202661258 -40.21219649653245 0.8
    endloop
  endfacet
  facet normal -0.11521533359851376 -0.6978489842596567 -0.706917408239144
    outer loop
      vertex -7.998703202661258 -40.21219649653245 0.8
      vertex -7.842630945048356 -39.42756827220987 0
      vertex -5.351573881022114 -40.649239316326224 0.8
    endloop
  endfacet
  facet normal -0.11521533359851553 -0.6978489842596588 -0.7069174082391417
    outer loop
      vertex -7.842630945048356 -39.42756827220987 0
      vertex -5.2471529272460735 -39.85608342722718 0
      vertex -5.351573881022114 -40.649239316326224 0.8
    endloop
  endfacet
  facet normal -0.06932714142453325 -0.7038902793691338 -0.7069174082391417
    outer loop
      vertex -5.2471529272460735 -39.85608342722718 0
      vertex -2.6815282984358655 -40.912215852782744 0.8
      vertex -5.351573881022114 -40.649239316326224 0.8
    endloop
  endfacet
  facet normal -0.06932714142453184 -0.703890279369132 -0.7069174082391441
    outer loop
      vertex -5.2471529272460735 -39.85608342722718 0
      vertex -2.6292057950517513 -40.113928714191864 0
      vertex -2.6815282984358655 -40.912215852782744 0.8
    endloop
  endfacet
  facet normal -0.02314207978767325 -0.706917408239147 -0.7069174082391438
    outer loop
      vertex -2.6292057950517513 -40.113928714191864 0
      vertex 0 -41 0.8
      vertex -2.6815282984358655 -40.912215852782744 0.8
    endloop
  endfacet
  facet normal -0.0231420797876731 -0.7069174082391467 -0.7069174082391441
    outer loop
      vertex -2.6292057950517513 -40.113928714191864 0
      vertex 0 -40.2 0
      vertex 0 -41 0.8
    endloop
  endfacet
  facet normal 0 0 -1
    outer loop
      vertex -17.780005346803854 -36.05428420961407 0
      vertex -20.1 -34.814221232134436 0
      vertex -17.780005346803854 36.05428420961407 0
    endloop
  endfacet
  facet normal 0 0 -1
    outer loop
      vertex -17.780005346803854 -36.05428420961407 0
      vertex -15.38387398107661 37.13995720695373 0
      vertex -15.38387398107661 -37.13995720695373 0
    endloop
  endfacet
  facet normal 0 0 -1
    outer loop
      vertex -15.38387398107661 -37.13995720695373 0
      vertex -12.921866505187097 38.066591205703254 0
      vertex -12.921866505187097 -38.066591205703254 0
    endloop
  endfacet
  facet normal 0 0 -1
    outer loop
      vertex -12.921866505187097 -38.066591205703254 0
      vertex -10.404525613121335 38.83021821682055 0
      vertex -10.404525613121335 -38.83021821682055 0
    endloop
  endfacet
  facet normal 0 0 -1
    outer loop
      vertex -10.404525613121335 -38.83021821682055 0
      vertex -7.842630945048356 39.42756827220987 0
      vertex -7.842630945048356 -39.42756827220987 0
    endloop
  endfacet
  facet normal 0 0 -1
    outer loop
      vertex -7.842630945048356 -39.42756827220987 0
      vertex -5.2471529272460735 39.85608342722718 0
      vertex -5.2471529272460735 -39.85608342722718 0
    endloop
  endfacet
  facet normal 0 0 -1
    outer loop
      vertex -5.2471529272460735 -39.85608342722718 0
      vertex -2.6292057950517513 40.113928714191864 0
      vertex -2.6292057950517513 -40.113928714191864 0
    endloop
  endfacet
  facet normal 0 0 -1
    outer loop
      vertex -2.6292057950517513 -40.113928714191864 0
      vertex 0 40.2 0
      vertex 0 -40.2 0
    endloop
  endfacet
  facet normal -0.7069174082391466 0.023142079787673096 -0.7069174082391441
    outer loop
      vertex -40.2 0 0
      vertex -41 0 0.8
      vertex -40.113928714191864 2.6292057950517513 0
    endloop
  endfacet
  facet normal 0 0 -1
    outer loop
      vertex -40.113928714191864 -2.6292057950517513 0
      vertex -40.2 0 0
      vertex -40.113928714191864 2.6292057950517513 0
    endloop
  endfacet
  facet normal -0.706917408239147 0.02314207978767326 -0.7069174082391438
    outer loop
      vertex -41 0 0.8
      vertex -40.912215852782744 2.6815282984358655 0.8
      vertex -40.113928714191864 2.6292057950517513 0
    endloop
  endfacet
  facet normal 0 0 -1
    outer loop
      vertex -40.113928714191864 -2.6292057950517513 0
      vertex -40.113928714191864 2.6292057950517513 0
      vertex -39.85608342722718 5.2471529272460735 0
    endloop
  endfacet
  facet normal -0.7038902793691318 0.06932714142453308 -0.7069174082391438
    outer loop
      vertex -40.113928714191864 2.6292057950517513 0
      vertex -40.912215852782744 2.6815282984358655 0.8
      vertex -40.649239316326224 5.351573881022114 0.8
    endloop
  endfacet
  facet normal -0.7038902793691341 0.06932714142453204 -0.7069174082391418
    outer loop
      vertex -40.113928714191864 2.6292057950517513 0
      vertex -40.649239316326224 5.351573881022114 0.8
      vertex -39.85608342722718 5.2471529272460735 0
    endloop
  endfacet
  facet normal 0 0 -1
    outer loop
      vertex -39.85608342722718 -5.2471529272460735 0
      vertex -39.85608342722718 5.2471529272460735 0
      vertex -39.42756827220987 7.842630945048356 0
    endloop
  endfacet
  facet normal 0 0 -1
    outer loop
      vertex -39.42756827220987 -7.842630945048356 0
      vertex -39.42756827220987 7.842630945048356 0
      vertex -38.83021821682055 10.404525613121335 0
    endloop
  endfacet
  facet normal 0 0 -1
    outer loop
      vertex -38.83021821682055 -10.404525613121335 0
      vertex -38.83021821682055 10.404525613121335 0
      vertex -38.066591205703254 12.921866505187097 0
    endloop
  endfacet
  facet normal -0.697848984259659 0.11521533359851417 -0.7069174082391418
    outer loop
      vertex -39.85608342722718 5.2471529272460735 0
      vertex -40.649239316326224 5.351573881022114 0.8
      vertex -40.21219649653245 7.998703202661258 0.8
    endloop
  endfacet
  facet normal -0.6978489842596565 0.11521533359851516 -0.7069174082391442
    outer loop
      vertex -39.85608342722718 5.2471529272460735 0
      vertex -40.21219649653245 7.998703202661258 0.8
      vertex -39.42756827220987 7.842630945048356 0
    endloop
  endfacet
  facet normal -0.6888193926638562 0.16061015602584985 -0.7069174082391442
    outer loop
      vertex -40.21219649653245 7.998703202661258 0.8
      vertex -39.6029588778518 10.61158084920335 0.8
      vertex -39.42756827220987 7.842630945048356 0
    endloop
  endfacet
  facet normal -0.6888193926638569 0.16061015602584947 -0.7069174082391432
    outer loop
      vertex -39.42756827220987 7.842630945048356 0
      vertex -39.6029588778518 10.61158084920335 0.8
      vertex -38.83021821682055 10.404525613121335 0
    endloop
  endfacet
  facet normal 0 0 -1
    outer loop
      vertex -38.066591205703254 -12.921866505187097 0
      vertex -38.066591205703254 12.921866505187097 0
      vertex -37.13995720695373 15.38387398107661 0
    endloop
  endfacet
  facet normal 0 0 -1
    outer loop
      vertex -37.13995720695373 -15.38387398107661 0
      vertex -37.13995720695373 15.38387398107661 0
      vertex -36.05428420961407 17.780005346803854 0
    endloop
  endfacet
  facet normal 0 0 -1
    outer loop
      vertex -36.05428420961407 -17.780005346803854 0
      vertex -36.05428420961407 17.780005346803854 0
      vertex -34.814221232134436 20.1 0
    endloop
  endfacet
  facet normal 0 0 -1
    outer loop
      vertex -34.814221232134436 -20.1 0
      vertex -34.814221232134436 20.1 0
      vertex -33.42507841456232 22.33392336738801 0
    endloop
  endfacet
  facet normal 0 0 -1
    outer loop
      vertex -33.42507841456232 -22.33392336738801 0
      vertex -33.42507841456232 22.33392336738801 0
      vertex -31.892804279707654 24.472209446150572 0
    endloop
  endfacet
  facet normal 0 0 -1
    outer loop
      vertex -31.892804279707654 -24.472209446150572 0
      vertex -31.892804279707654 24.472209446150572 0
      vertex -30.22396026065489 26.50570176702277 0
    endloop
  endfacet
  facet normal -0.6768401706791938 0.20531722110775924 -0.7069174082391431
    outer loop
      vertex -38.83021821682055 10.404525613121335 0
      vertex -39.6029588778518 10.61158084920335 0.8
      vertex -38.824135309299336 13.179018077429625 0.8
    endloop
  endfacet
  facet normal -0.6768401706791926 0.20531722110775943 -0.7069174082391442
    outer loop
      vertex -38.83021821682055 10.404525613121335 0
      vertex -38.824135309299336 13.179018077429625 0.8
      vertex -38.066591205703254 12.921866505187097 0
    endloop
  endfacet
  facet normal -0.6619626151732865 0.24914508632801638 -0.7069174082391441
    outer loop
      vertex -38.824135309299336 13.179018077429625 0.8
      vertex -37.87906083296276 15.690020726968681 0.8
      vertex -38.066591205703254 12.921866505187097 0
    endloop
  endfacet
  facet normal -0.6619626151732867 0.24914508632801635 -0.7069174082391438
    outer loop
      vertex -38.066591205703254 12.921866505187097 0
      vertex -37.87906083296276 15.690020726968681 0.8
      vertex -37.13995720695373 15.38387398107661 0
    endloop
  endfacet
  facet normal -0.6442504341228593 0.2919060740391657 -0.706917408239144
    outer loop
      vertex -37.87906083296276 15.690020726968681 0.8
      vertex -36.771782402840216 18.133836298979052 0.8
      vertex -37.13995720695373 15.38387398107661 0
    endloop
  endfacet
  facet normal -0.6442504341228592 0.2919060740391657 -0.7069174082391441
    outer loop
      vertex -37.13995720695373 15.38387398107661 0
      vertex -36.771782402840216 18.133836298979052 0.8
      vertex -36.05428420961407 17.780005346803854 0
    endloop
  endfacet
  facet normal -0.623779473806393 0.33341707512704133 -0.706917408239144
    outer loop
      vertex -36.05428420961407 17.780005346803854 0
      vertex -36.771782402840216 18.133836298979052 0.8
      vertex -35.50704155516198 20.5 0.8
    endloop
  endfacet
  facet normal -0.6237794738063933 0.3334170751270413 -0.7069174082391435
    outer loop
      vertex -36.05428420961407 17.780005346803854 0
      vertex -35.50704155516198 20.5 0.8
      vertex -34.814221232134436 20.1 0
    endloop
  endfacet
  facet normal 0 0 -1
    outer loop
      vertex -30.22396026065489 -26.50570176702277 0
      vertex -30.22396026065489 26.50570176702277 0
      vertex -28.425692603699215 28.425692603699215 0
    endloop
  endfacet
  facet normal 0 0 -1
    outer loop
      vertex -28.425692603699215 -28.425692603699215 0
      vertex -28.425692603699215 28.425692603699215 0
      vertex -26.50570176702277 30.22396026065489 0
    endloop
  endfacet
  facet normal 0 0 -1
    outer loop
      vertex -26.50570176702277 -30.22396026065489 0
      vertex -26.50570176702277 30.22396026065489 0
      vertex -24.472209446150572 31.892804279707654 0
    endloop
  endfacet
  facet normal 0 0 -1
    outer loop
      vertex -24.472209446150572 -31.892804279707654 0
      vertex -24.472209446150572 31.892804279707654 0
      vertex -22.33392336738801 33.42507841456232 0
    endloop
  endfacet
  facet normal 0 0 -1
    outer loop
      vertex -22.33392336738801 -33.42507841456232 0
      vertex -22.33392336738801 33.42507841456232 0
      vertex -20.1 34.814221232134436 0
    endloop
  endfacet
  facet normal -0.6006373940187192 0.37350033311210573 -0.7069174082391436
    outer loop
      vertex -34.814221232134436 20.1 0
      vertex -35.50704155516198 20.5 0.8
      vertex -34.09025410440435 22.77837955380369 0.8
    endloop
  endfacet
  facet normal -0.6006373940187207 0.3735003331121057 -0.7069174082391423
    outer loop
      vertex -34.814221232134436 20.1 0
      vertex -34.09025410440435 22.77837955380369 0.8
      vertex -33.42507841456232 22.33392336738801 0
    endloop
  endfacet
  facet normal -0.5749232926983301 0.4119842053299666 -0.7069174082391423
    outer loop
      vertex -33.42507841456232 22.33392336738801 0
      vertex -34.09025410440435 22.77837955380369 0.8
      vertex -32.527486951940645 24.959218589357548 0.8
    endloop
  endfacet
  facet normal -0.5749232926983256 0.4119842053299662 -0.7069174082391461
    outer loop
      vertex -33.42507841456232 22.33392336738801 0
      vertex -32.527486951940645 24.959218589357548 0.8
      vertex -31.892804279707654 24.472209446150572 0
    endloop
  endfacet
  facet normal -0.5467472815747695 0.4487038979316409 -0.706917408239146
    outer loop
      vertex -32.527486951940645 24.959218589357548 0.8
      vertex -30.825432106638072 27.03317841910282 0.8
      vertex -31.892804279707654 24.472209446150572 0
    endloop
  endfacet
  facet normal -0.5467472815747721 0.44870389793164134 -0.7069174082391436
    outer loop
      vertex -31.892804279707654 24.472209446150572 0
      vertex -30.825432106638072 27.03317841910282 0.8
      vertex -30.22396026065489 26.50570176702277 0
    endloop
  endfacet
  facet normal -0.5162300146533452 0.48350217155609465 -0.7069174082391435
    outer loop
      vertex -30.825432106638072 27.03317841910282 0.8
      vertex -28.99137802864845 28.99137802864845 0.8
      vertex -30.22396026065489 26.50570176702277 0
    endloop
  endfacet
  facet normal -0.5162300146533438 0.4835021715560944 -0.7069174082391446
    outer loop
      vertex -30.22396026065489 26.50570176702277 0
      vertex -28.99137802864845 28.99137802864845 0.8
      vertex -28.425692603699215 28.425692603699215 0
    endloop
  endfacet
  facet normal -0.4835021715560939 0.5162300146533443 -0.7069174082391446
    outer loop
      vertex -28.425692603699215 28.425692603699215 0
      vertex -28.99137802864845 28.99137802864845 0.8
      vertex -27.03317841910282 30.825432106638072 0.8
    endloop
  endfacet
  facet normal -0.48350217155609515 0.5162300146533446 -0.7069174082391435
    outer loop
      vertex -28.425692603699215 28.425692603699215 0
      vertex -27.03317841910282 30.825432106638072 0.8
      vertex -26.50570176702277 30.22396026065489 0
    endloop
  endfacet
  facet normal -0.4487038979316424 0.5467472815747713 -0.7069174082391435
    outer loop
      vertex -26.50570176702277 30.22396026065489 0
      vertex -27.03317841910282 30.825432106638072 0.8
      vertex -24.959218589357548 32.527486951940645 0.8
    endloop
  endfacet
  facet normal -0.44870389793163984 0.5467472815747704 -0.706917408239146
    outer loop
      vertex -26.50570176702277 30.22396026065489 0
      vertex -24.959218589357548 32.527486951940645 0.8
      vertex -24.472209446150572 31.892804279707654 0
    endloop
  endfacet
  facet normal -0.41198420532996444 0.5749232926983271 -0.7069174082391461
    outer loop
      vertex -24.472209446150572 31.892804279707654 0
      vertex -24.959218589357548 32.527486951940645 0.8
      vertex -22.77837955380369 34.09025410440435 0.8
    endloop
  endfacet
  facet normal -0.4119842053299684 0.5749232926983286 -0.7069174082391423
    outer loop
      vertex -24.472209446150572 31.892804279707654 0
      vertex -22.77837955380369 34.09025410440435 0.8
      vertex -22.33392336738801 33.42507841456232 0
    endloop
  endfacet
  facet normal -0.37350033311210634 0.6006373940187203 -0.7069174082391423
    outer loop
      vertex -22.33392336738801 33.42507841456232 0
      vertex -22.77837955380369 34.09025410440435 0.8
      vertex -20.5 35.50704155516198 0.8
    endloop
  endfacet
  facet normal -0.37350033311210507 0.6006373940187197 -0.7069174082391435
    outer loop
      vertex -22.33392336738801 33.42507841456232 0
      vertex -20.5 35.50704155516198 0.8
      vertex -20.1 34.814221232134436 0
    endloop
  endfacet
  facet normal 0 0 -1
    outer loop
      vertex -20.1 -34.814221232134436 0
      vertex -20.1 34.814221232134436 0
      vertex -17.780005346803854 36.05428420961407 0
    endloop
  endfacet
  facet normal 0 0 -1
    outer loop
      vertex -17.780005346803854 -36.05428420961407 0
      vertex -17.780005346803854 36.05428420961407 0
      vertex -15.38387398107661 37.13995720695373 0
    endloop
  endfacet
  facet normal 0 0 -1
    outer loop
      vertex -15.38387398107661 -37.13995720695373 0
      vertex -15.38387398107661 37.13995720695373 0
      vertex -12.921866505187097 38.066591205703254 0
    endloop
  endfacet
  facet normal 0 0 -1
    outer loop
      vertex -12.921866505187097 -38.066591205703254 0
      vertex -12.921866505187097 38.066591205703254 0
      vertex -10.404525613121335 38.83021821682055 0
    endloop
  endfacet
  facet normal 0 0 -1
    outer loop
      vertex -10.404525613121335 -38.83021821682055 0
      vertex -10.404525613121335 38.83021821682055 0
      vertex -7.842630945048356 39.42756827220987 0
    endloop
  endfacet
  facet normal 0 0 -1
    outer loop
      vertex -7.842630945048356 -39.42756827220987 0
      vertex -7.842630945048356 39.42756827220987 0
      vertex -5.2471529272460735 39.85608342722718 0
    endloop
  endfacet
  facet normal 0 0 -1
    outer loop
      vertex -5.2471529272460735 -39.85608342722718 0
      vertex -5.2471529272460735 39.85608342722718 0
      vertex -2.6292057950517513 40.113928714191864 0
    endloop
  endfacet
  facet normal 0 0 -1
    outer loop
      vertex -2.6292057950517513 -40.113928714191864 0
      vertex -2.6292057950517513 40.113928714191864 0
      vertex 0 40.2 0
    endloop
  endfacet
  facet normal -0.3334170751270416 0.6237794738063933 -0.7069174082391435
    outer loop
      vertex -20.1 34.814221232134436 0
      vertex -20.5 35.50704155516198 0.8
      vertex -18.133836298979052 36.771782402840216 0.8
    endloop
  endfacet
  facet normal -0.3334170751270411 0.623779473806393 -0.706917408239144
    outer loop
      vertex -20.1 34.814221232134436 0
      vertex -18.133836298979052 36.771782402840216 0.8
      vertex -17.780005346803854 36.05428420961407 0
    endloop
  endfacet
  facet normal -0.29190607403916563 0.6442504341228592 -0.7069174082391441
    outer loop
      vertex -18.133836298979052 36.771782402840216 0.8
      vertex -15.690020726968681 37.87906083296276 0.8
      vertex -17.780005346803854 36.05428420961407 0
    endloop
  endfacet
  facet normal -0.2919060740391657 0.6442504341228592 -0.7069174082391438
    outer loop
      vertex -17.780005346803854 36.05428420961407 0
      vertex -15.690020726968681 37.87906083296276 0.8
      vertex -15.38387398107661 37.13995720695373 0
    endloop
  endfacet
  facet normal -0.2491450863280164 0.6619626151732866 -0.7069174082391438
    outer loop
      vertex -15.38387398107661 37.13995720695373 0
      vertex -15.690020726968681 37.87906083296276 0.8
      vertex -13.179018077429625 38.824135309299336 0.8
    endloop
  endfacet
  facet normal -0.24914508632801627 0.6619626151732865 -0.706917408239144
    outer loop
      vertex -15.38387398107661 37.13995720695373 0
      vertex -13.179018077429625 38.824135309299336 0.8
      vertex -12.921866505187097 38.066591205703254 0
    endloop
  endfacet
  facet normal -0.20531722110775893 0.6768401706791929 -0.7069174082391441
    outer loop
      vertex -12.921866505187097 38.066591205703254 0
      vertex -13.179018077429625 38.824135309299336 0.8
      vertex -10.61158084920335 39.6029588778518 0.8
    endloop
  endfacet
  facet normal -0.20531722110775977 0.6768401706791937 -0.7069174082391433
    outer loop
      vertex -12.921866505187097 38.066591205703254 0
      vertex -10.61158084920335 39.6029588778518 0.8
      vertex -10.404525613121335 38.83021821682055 0
    endloop
  endfacet
  facet normal -0.16061015602585005 0.688819392663857 -0.7069174082391432
    outer loop
      vertex -10.404525613121335 38.83021821682055 0
      vertex -10.61158084920335 39.6029588778518 0.8
      vertex -7.998703202661258 40.21219649653245 0.8
    endloop
  endfacet
  facet normal -0.16061015602584924 0.6888193926638561 -0.7069174082391442
    outer loop
      vertex -10.404525613121335 38.83021821682055 0
      vertex -7.998703202661258 40.21219649653245 0.8
      vertex -7.842630945048356 39.42756827220987 0
    endloop
  endfacet
  facet normal -0.11521533359851374 0.6978489842596567 -0.706917408239144
    outer loop
      vertex -7.842630945048356 39.42756827220987 0
      vertex -7.998703202661258 40.21219649653245 0.8
      vertex -5.351573881022114 40.649239316326224 0.8
    endloop
  endfacet
  facet normal -0.11521533359851553 0.6978489842596588 -0.7069174082391417
    outer loop
      vertex -7.842630945048356 39.42756827220987 0
      vertex -5.351573881022114 40.649239316326224 0.8
      vertex -5.2471529272460735 39.85608342722718 0
    endloop
  endfacet
  facet normal -0.06932714142453325 0.7038902793691338 -0.7069174082391417
    outer loop
      vertex -5.2471529272460735 39.85608342722718 0
      vertex -5.351573881022114 40.649239316326224 0.8
      vertex -2.6815282984358655 40.912215852782744 0.8
    endloop
  endfacet
  facet normal -0.06932714142453184 0.703890279369132 -0.7069174082391441
    outer loop
      vertex -5.2471529272460735 39.85608342722718 0
      vertex -2.6815282984358655 40.912215852782744 0.8
      vertex -2.6292057950517513 40.113928714191864 0
    endloop
  endfacet
  facet normal -0.02314207978767325 0.706917408239147 -0.7069174082391438
    outer loop
      vertex -2.6292057950517513 40.113928714191864 0
      vertex -2.6815282984358655 40.912215852782744 0.8
      vertex 0 41 0.8
    endloop
  endfacet
  facet normal -0.0231420797876731 0.7069174082391467 -0.7069174082391441
    outer loop
      vertex -2.6292057950517513 40.113928714191864 0
      vertex 0 41 0.8
      vertex 0 40.2 0
    endloop
  endfacet
  facet normal 0.023142079787673096 -0.7069174082391466 -0.7069174082391441
    outer loop
      vertex 0 -40.2 0
      vertex 2.6292057950517513 -40.113928714191864 0
      vertex 0 -41 0.8
    endloop
  endfacet
  facet normal 0.02314207978767326 -0.706917408239147 -0.7069174082391438
    outer loop
      vertex 0 -41 0.8
      vertex 2.6292057950517513 -40.113928714191864 0
      vertex 2.6815282984358655 -40.912215852782744 0.8
    endloop
  endfacet
  facet normal 0.06932714142453184 -0.703890279369132 -0.7069174082391438
    outer loop
      vertex 2.6292057950517513 -40.113928714191864 0
      vertex 5.2471529272460735 -39.85608342722718 0
      vertex 2.6815282984358655 -40.912215852782744 0.8
    endloop
  endfacet
  facet normal 0.06932714142453329 -0.7038902793691338 -0.7069174082391417
    outer loop
      vertex 2.6815282984358655 -40.912215852782744 0.8
      vertex 5.2471529272460735 -39.85608342722718 0
      vertex 5.351573881022114 -40.649239316326224 0.8
    endloop
  endfacet
  facet normal 0.11521533359851553 -0.6978489842596588 -0.7069174082391417
    outer loop
      vertex 5.2471529272460735 -39.85608342722718 0
      vertex 7.842630945048356 -39.42756827220987 0
      vertex 5.351573881022114 -40.649239316326224 0.8
    endloop
  endfacet
  facet normal 0.11521533359851376 -0.6978489842596567 -0.7069174082391441
    outer loop
      vertex 5.351573881022114 -40.649239316326224 0.8
      vertex 7.842630945048356 -39.42756827220987 0
      vertex 7.998703202661258 -40.21219649653245 0.8
    endloop
  endfacet
  facet normal 0.16061015602584922 -0.6888193926638562 -0.7069174082391441
    outer loop
      vertex 7.998703202661258 -40.21219649653245 0.8
      vertex 7.842630945048356 -39.42756827220987 0
      vertex 10.404525613121335 -38.83021821682055 0
    endloop
  endfacet
  facet normal 0.16061015602585002 -0.6888193926638568 -0.7069174082391432
    outer loop
      vertex 7.998703202661258 -40.21219649653245 0.8
      vertex 10.404525613121335 -38.83021821682055 0
      vertex 10.61158084920335 -39.6029588778518 0.8
    endloop
  endfacet
  facet normal 0.20531722110775977 -0.6768401706791937 -0.7069174082391433
    outer loop
      vertex 10.404525613121335 -38.83021821682055 0
      vertex 12.921866505187097 -38.066591205703254 0
      vertex 10.61158084920335 -39.6029588778518 0.8
    endloop
  endfacet
  facet normal 0.20531722110775896 -0.6768401706791929 -0.7069174082391441
    outer loop
      vertex 10.61158084920335 -39.6029588778518 0.8
      vertex 12.921866505187097 -38.066591205703254 0
      vertex 13.179018077429625 -38.824135309299336 0.8
    endloop
  endfacet
  facet normal 0.2491450863280163 -0.6619626151732866 -0.7069174082391442
    outer loop
      vertex 13.179018077429625 -38.824135309299336 0.8
      vertex 12.921866505187097 -38.066591205703254 0
      vertex 15.38387398107661 -37.13995720695373 0
    endloop
  endfacet
  facet normal 0.2491450863280164 -0.6619626151732866 -0.7069174082391438
    outer loop
      vertex 13.179018077429625 -38.824135309299336 0.8
      vertex 15.38387398107661 -37.13995720695373 0
      vertex 15.690020726968681 -37.87906083296276 0.8
    endloop
  endfacet
  facet normal 0.29190607403916574 -0.6442504341228592 -0.7069174082391438
    outer loop
      vertex 15.690020726968681 -37.87906083296276 0.8
      vertex 15.38387398107661 -37.13995720695373 0
      vertex 17.780005346803854 -36.05428420961407 0
    endloop
  endfacet
  facet normal 0.29190607403916563 -0.6442504341228591 -0.7069174082391441
    outer loop
      vertex 15.690020726968681 -37.87906083296276 0.8
      vertex 17.780005346803854 -36.05428420961407 0
      vertex 18.133836298979052 -36.771782402840216 0.8
    endloop
  endfacet
  facet normal 0.3334170751270411 -0.623779473806393 -0.706917408239144
    outer loop
      vertex 17.780005346803854 -36.05428420961407 0
      vertex 20.1 -34.814221232134436 0
      vertex 18.133836298979052 -36.771782402840216 0.8
    endloop
  endfacet
  facet normal 0.33341707512704144 -0.6237794738063932 -0.7069174082391436
    outer loop
      vertex 18.133836298979052 -36.771782402840216 0.8
      vertex 20.1 -34.814221232134436 0
      vertex 20.5 -35.50704155516198 0.8
    endloop
  endfacet
  facet normal 0 0 -1
    outer loop
      vertex 0 -40.2 0
      vertex 2.6292057950517513 40.113928714191864 0
      vertex 2.6292057950517513 -40.113928714191864 0
    endloop
  endfacet
  facet normal 0 0 -1
    outer loop
      vertex 2.6292057950517513 -40.113928714191864 0
      vertex 5.2471529272460735 39.85608342722718 0
      vertex 5.2471529272460735 -39.85608342722718 0
    endloop
  endfacet
  facet normal 0 0 -1
    outer loop
      vertex 5.2471529272460735 -39.85608342722718 0
      vertex 7.842630945048356 39.42756827220987 0
      vertex 7.842630945048356 -39.42756827220987 0
    endloop
  endfacet
  facet normal 0 0 -1
    outer loop
      vertex 7.842630945048356 -39.42756827220987 0
      vertex 10.404525613121335 38.83021821682055 0
      vertex 10.404525613121335 -38.83021821682055 0
    endloop
  endfacet
  facet normal 0 0 -1
    outer loop
      vertex 10.404525613121335 -38.83021821682055 0
      vertex 12.921866505187097 38.066591205703254 0
      vertex 12.921866505187097 -38.066591205703254 0
    endloop
  endfacet
  facet normal 0 0 -1
    outer loop
      vertex 12.921866505187097 -38.066591205703254 0
      vertex 15.38387398107661 37.13995720695373 0
      vertex 15.38387398107661 -37.13995720695373 0
    endloop
  endfacet
  facet normal 0 0 -1
    outer loop
      vertex 15.38387398107661 -37.13995720695373 0
      vertex 17.780005346803854 36.05428420961407 0
      vertex 17.780005346803854 -36.05428420961407 0
    endloop
  endfacet
  facet normal 0 0 -1
    outer loop
      vertex 17.780005346803854 -36.05428420961407 0
      vertex 20.1 34.814221232134436 0
      vertex 20.1 -34.814221232134436 0
    endloop
  endfacet
  facet normal 0.37350033311210495 -0.6006373940187195 -0.7069174082391435
    outer loop
      vertex 20.1 -34.814221232134436 0
      vertex 22.33392336738801 -33.42507841456232 0
      vertex 20.5 -35.50704155516198 0.8
    endloop
  endfacet
  facet normal 0.3735003331121063 -0.6006373940187203 -0.7069174082391423
    outer loop
      vertex 20.5 -35.50704155516198 0.8
      vertex 22.33392336738801 -33.42507841456232 0
      vertex 22.77837955380369 -34.09025410440435 0.8
    endloop
  endfacet
  facet normal 0.41198420532996843 -0.5749232926983288 -0.7069174082391423
    outer loop
      vertex 22.33392336738801 -33.42507841456232 0
      vertex 24.472209446150572 -31.892804279707654 0
      vertex 22.77837955380369 -34.09025410440435 0.8
    endloop
  endfacet
  facet normal 0.41198420532996444 -0.5749232926983271 -0.7069174082391461
    outer loop
      vertex 22.77837955380369 -34.09025410440435 0.8
      vertex 24.472209446150572 -31.892804279707654 0
      vertex 24.959218589357548 -32.527486951940645 0.8
    endloop
  endfacet
  facet normal 0.4487038979316398 -0.5467472815747703 -0.706917408239146
    outer loop
      vertex 24.959218589357548 -32.527486951940645 0.8
      vertex 24.472209446150572 -31.892804279707654 0
      vertex 26.50570176702277 -30.22396026065489 0
    endloop
  endfacet
  facet normal 0.4487038979316424 -0.5467472815747713 -0.7069174082391436
    outer loop
      vertex 24.959218589357548 -32.527486951940645 0.8
      vertex 26.50570176702277 -30.22396026065489 0
      vertex 27.03317841910282 -30.825432106638072 0.8
    endloop
  endfacet
  facet normal 0.48350217155609515 -0.5162300146533447 -0.7069174082391435
    outer loop
      vertex 27.03317841910282 -30.825432106638072 0.8
      vertex 26.50570176702277 -30.22396026065489 0
      vertex 28.425692603699215 -28.425692603699215 0
    endloop
  endfacet
  facet normal 0.4835021715560939 -0.5162300146533443 -0.7069174082391446
    outer loop
      vertex 27.03317841910282 -30.825432106638072 0.8
      vertex 28.425692603699215 -28.425692603699215 0
      vertex 28.99137802864845 -28.99137802864845 0.8
    endloop
  endfacet
  facet normal 0.5162300146533438 -0.4835021715560944 -0.7069174082391446
    outer loop
      vertex 28.425692603699215 -28.425692603699215 0
      vertex 30.22396026065489 -26.50570176702277 0
      vertex 28.99137802864845 -28.99137802864845 0.8
    endloop
  endfacet
  facet normal 0.5162300146533452 -0.48350217155609465 -0.7069174082391434
    outer loop
      vertex 28.99137802864845 -28.99137802864845 0.8
      vertex 30.22396026065489 -26.50570176702277 0
      vertex 30.825432106638072 -27.03317841910282 0.8
    endloop
  endfacet
  facet normal 0.5467472815747721 -0.44870389793164134 -0.7069174082391436
    outer loop
      vertex 30.22396026065489 -26.50570176702277 0
      vertex 31.892804279707654 -24.472209446150572 0
      vertex 30.825432106638072 -27.03317841910282 0.8
    endloop
  endfacet
  facet normal 0.5467472815747695 -0.44870389793164095 -0.706917408239146
    outer loop
      vertex 30.825432106638072 -27.03317841910282 0.8
      vertex 31.892804279707654 -24.472209446150572 0
      vertex 32.527486951940645 -24.959218589357548 0.8
    endloop
  endfacet
  facet normal 0.5749232926983256 -0.4119842053299662 -0.7069174082391461
    outer loop
      vertex 31.892804279707654 -24.472209446150572 0
      vertex 33.42507841456232 -22.33392336738801 0
      vertex 32.527486951940645 -24.959218589357548 0.8
    endloop
  endfacet
  facet normal 0.5749232926983301 -0.4119842053299666 -0.7069174082391423
    outer loop
      vertex 32.527486951940645 -24.959218589357548 0.8
      vertex 33.42507841456232 -22.33392336738801 0
      vertex 34.09025410440435 -22.77837955380369 0.8
    endloop
  endfacet
  facet normal 0.6006373940187207 -0.3735003331121057 -0.7069174082391423
    outer loop
      vertex 33.42507841456232 -22.33392336738801 0
      vertex 34.814221232134436 -20.1 0
      vertex 34.09025410440435 -22.77837955380369 0.8
    endloop
  endfacet
  facet normal 0.6006373940187192 -0.37350033311210556 -0.7069174082391436
    outer loop
      vertex 34.09025410440435 -22.77837955380369 0.8
      vertex 34.814221232134436 -20.1 0
      vertex 35.50704155516198 -20.5 0.8
    endloop
  endfacet
  facet normal 0 0 -1
    outer loop
      vertex 20.1 -34.814221232134436 0
      vertex 22.33392336738801 33.42507841456232 0
      vertex 22.33392336738801 -33.42507841456232 0
    endloop
  endfacet
  facet normal 0 0 -1
    outer loop
      vertex 22.33392336738801 -33.42507841456232 0
      vertex 24.472209446150572 31.892804279707654 0
      vertex 24.472209446150572 -31.892804279707654 0
    endloop
  endfacet
  facet normal 0 0 -1
    outer loop
      vertex 24.472209446150572 -31.892804279707654 0
      vertex 26.50570176702277 30.22396026065489 0
      vertex 26.50570176702277 -30.22396026065489 0
    endloop
  endfacet
  facet normal 0 0 -1
    outer loop
      vertex 26.50570176702277 -30.22396026065489 0
      vertex 28.425692603699215 28.425692603699215 0
      vertex 28.425692603699215 -28.425692603699215 0
    endloop
  endfacet
  facet normal 0 0 -1
    outer loop
      vertex 28.425692603699215 -28.425692603699215 0
      vertex 30.22396026065489 26.50570176702277 0
      vertex 30.22396026065489 -26.50570176702277 0
    endloop
  endfacet
  facet normal 0.6237794738063933 -0.3334170751270412 -0.7069174082391435
    outer loop
      vertex 34.814221232134436 -20.1 0
      vertex 36.05428420961407 -17.780005346803854 0
      vertex 35.50704155516198 -20.5 0.8
    endloop
  endfacet
  facet normal 0.6237794738063929 -0.33341707512704133 -0.706917408239144
    outer loop
      vertex 35.50704155516198 -20.5 0.8
      vertex 36.05428420961407 -17.780005346803854 0
      vertex 36.771782402840216 -18.133836298979052 0.8
    endloop
  endfacet
  facet normal 0.6442504341228593 -0.2919060740391657 -0.7069174082391441
    outer loop
      vertex 36.771782402840216 -18.133836298979052 0.8
      vertex 36.05428420961407 -17.780005346803854 0
      vertex 37.13995720695373 -15.38387398107661 0
    endloop
  endfacet
  facet normal 0.6442504341228593 -0.2919060740391657 -0.706917408239144
    outer loop
      vertex 36.771782402840216 -18.133836298979052 0.8
      vertex 37.13995720695373 -15.38387398107661 0
      vertex 37.87906083296276 -15.690020726968681 0.8
    endloop
  endfacet
  facet normal 0.6619626151732867 -0.24914508632801635 -0.7069174082391438
    outer loop
      vertex 37.13995720695373 -15.38387398107661 0
      vertex 38.066591205703254 -12.921866505187097 0
      vertex 37.87906083296276 -15.690020726968681 0.8
    endloop
  endfacet
  facet normal 0.6619626151732865 -0.24914508632801638 -0.7069174082391441
    outer loop
      vertex 37.87906083296276 -15.690020726968681 0.8
      vertex 38.066591205703254 -12.921866505187097 0
      vertex 38.824135309299336 -13.179018077429625 0.8
    endloop
  endfacet
  facet normal 0.6768401706791927 -0.2053172211077595 -0.7069174082391441
    outer loop
      vertex 38.066591205703254 -12.921866505187097 0
      vertex 38.83021821682055 -10.404525613121335 0
      vertex 38.824135309299336 -13.179018077429625 0.8
    endloop
  endfacet
  facet normal 0.6768401706791937 -0.2053172211077592 -0.7069174082391432
    outer loop
      vertex 38.824135309299336 -13.179018077429625 0.8
      vertex 38.83021821682055 -10.404525613121335 0
      vertex 39.6029588778518 -10.61158084920335 0.8
    endloop
  endfacet
  facet normal 0 0 -1
    outer loop
      vertex 30.22396026065489 -26.50570176702277 0
      vertex 31.892804279707654 24.472209446150572 0
      vertex 31.892804279707654 -24.472209446150572 0
    endloop
  endfacet
  facet normal 0 0 -1
    outer loop
      vertex 31.892804279707654 -24.472209446150572 0
      vertex 33.42507841456232 22.33392336738801 0
      vertex 33.42507841456232 -22.33392336738801 0
    endloop
  endfacet
  facet normal 0 0 -1
    outer loop
      vertex 33.42507841456232 -22.33392336738801 0
      vertex 34.814221232134436 20.1 0
      vertex 34.814221232134436 -20.1 0
    endloop
  endfacet
  facet normal 0 0 -1
    outer loop
      vertex 34.814221232134436 -20.1 0
      vertex 36.05428420961407 17.780005346803854 0
      vertex 36.05428420961407 -17.780005346803854 0
    endloop
  endfacet
  facet normal 0 0 -1
    outer loop
      vertex 36.05428420961407 -17.780005346803854 0
      vertex 37.13995720695373 15.38387398107661 0
      vertex 37.13995720695373 -15.38387398107661 0
    endloop
  endfacet
  facet normal 0 0 -1
    outer loop
      vertex 37.13995720695373 -15.38387398107661 0
      vertex 38.066591205703254 12.921866505187097 0
      vertex 38.066591205703254 -12.921866505187097 0
    endloop
  endfacet
  facet normal 0.688819392663857 -0.1606101560258495 -0.7069174082391432
    outer loop
      vertex 38.83021821682055 -10.404525613121335 0
      vertex 39.42756827220987 -7.842630945048356 0
      vertex 39.6029588778518 -10.61158084920335 0.8
    endloop
  endfacet
  facet normal 0.6888193926638562 -0.16061015602584985 -0.7069174082391442
    outer loop
      vertex 39.6029588778518 -10.61158084920335 0.8
      vertex 39.42756827220987 -7.842630945048356 0
      vertex 40.21219649653245 -7.998703202661258 0.8
    endloop
  endfacet
  facet normal 0.6978489842596565 -0.11521533359851516 -0.7069174082391442
    outer loop
      vertex 39.42756827220987 -7.842630945048356 0
      vertex 39.85608342722718 -5.2471529272460735 0
      vertex 40.21219649653245 -7.998703202661258 0.8
    endloop
  endfacet
  facet normal 0.697848984259659 -0.11521533359851414 -0.7069174082391418
    outer loop
      vertex 40.21219649653245 -7.998703202661258 0.8
      vertex 39.85608342722718 -5.2471529272460735 0
      vertex 40.649239316326224 -5.351573881022114 0.8
    endloop
  endfacet
  facet normal 0 0 -1
    outer loop
      vertex 38.066591205703254 -12.921866505187097 0
      vertex 38.83021821682055 10.404525613121335 0
      vertex 38.83021821682055 -10.404525613121335 0
    endloop
  endfacet
  facet normal 0 0 -1
    outer loop
      vertex 38.83021821682055 -10.404525613121335 0
      vertex 39.42756827220987 7.842630945048356 0
      vertex 39.42756827220987 -7.842630945048356 0
    endloop
  endfacet
  facet normal 0 0 -1
    outer loop
      vertex 39.42756827220987 -7.842630945048356 0
      vertex 39.85608342722718 5.2471529272460735 0
      vertex 39.85608342722718 -5.2471529272460735 0
    endloop
  endfacet
  facet normal 0.7038902793691341 -0.06932714142453204 -0.7069174082391418
    outer loop
      vertex 39.85608342722718 -5.2471529272460735 0
      vertex 40.113928714191864 -2.6292057950517513 0
      vertex 40.649239316326224 -5.351573881022114 0.8
    endloop
  endfacet
  facet normal 0.7038902793691318 -0.06932714142453308 -0.7069174082391438
    outer loop
      vertex 40.649239316326224 -5.351573881022114 0.8
      vertex 40.113928714191864 -2.6292057950517513 0
      vertex 40.912215852782744 -2.6815282984358655 0.8
    endloop
  endfacet
  facet normal 0 0 -1
    outer loop
      vertex 39.85608342722718 -5.2471529272460735 0
      vertex 40.113928714191864 2.6292057950517513 0
      vertex 40.113928714191864 -2.6292057950517513 0
    endloop
  endfacet
  facet normal 0.706917408239147 -0.02314207978767325 -0.7069174082391438
    outer loop
      vertex 40.113928714191864 -2.6292057950517513 0
      vertex 41 0 0.8
      vertex 40.912215852782744 -2.6815282984358655 0.8
    endloop
  endfacet
  facet normal 0.7069174082391467 -0.0231420797876731 -0.7069174082391441
    outer loop
      vertex 40.113928714191864 -2.6292057950517513 0
      vertex 40.2 0 0
      vertex 41 0 0.8
    endloop
  endfacet
  facet normal 0 0 -1
    outer loop
      vertex 0 -40.2 0
      vertex 0 40.2 0
      vertex 2.6292057950517513 40.113928714191864 0
    endloop
  endfacet
  facet normal 0 0 -1
    outer loop
      vertex 2.6292057950517513 -40.113928714191864 0
      vertex 2.6292057950517513 40.113928714191864 0
      vertex 5.2471529272460735 39.85608342722718 0
    endloop
  endfacet
  facet normal 0 0 -1
    outer loop
      vertex 5.2471529272460735 -39.85608342722718 0
      vertex 5.2471529272460735 39.85608342722718 0
      vertex 7.842630945048356 39.42756827220987 0
    endloop
  endfacet
  facet normal 0 0 -1
    outer loop
      vertex 7.842630945048356 -39.42756827220987 0
      vertex 7.842630945048356 39.42756827220987 0
      vertex 10.404525613121335 38.83021821682055 0
    endloop
  endfacet
  facet normal 0 0 -1
    outer loop
      vertex 10.404525613121335 -38.83021821682055 0
      vertex 10.404525613121335 38.83021821682055 0
      vertex 12.921866505187097 38.066591205703254 0
    endloop
  endfacet
  facet normal 0 0 -1
    outer loop
      vertex 12.921866505187097 -38.066591205703254 0
      vertex 12.921866505187097 38.066591205703254 0
      vertex 15.38387398107661 37.13995720695373 0
    endloop
  endfacet
  facet normal 0 0 -1
    outer loop
      vertex 15.38387398107661 -37.13995720695373 0
      vertex 15.38387398107661 37.13995720695373 0
      vertex 17.780005346803854 36.05428420961407 0
    endloop
  endfacet
  facet normal 0 0 -1
    outer loop
      vertex 17.780005346803854 -36.05428420961407 0
      vertex 17.780005346803854 36.05428420961407 0
      vertex 20.1 34.814221232134436 0
    endloop
  endfacet
  facet normal 0.023142079787673096 0.7069174082391466 -0.7069174082391441
    outer loop
      vertex 0 40.2 0
      vertex 0 41 0.8
      vertex 2.6292057950517513 40.113928714191864 0
    endloop
  endfacet
  facet normal 0.02314207978767326 0.706917408239147 -0.7069174082391438
    outer loop
      vertex 0 41 0.8
      vertex 2.6815282984358655 40.912215852782744 0.8
      vertex 2.6292057950517513 40.113928714191864 0
    endloop
  endfacet
  facet normal 0.06932714142453184 0.703890279369132 -0.7069174082391438
    outer loop
      vertex 2.6292057950517513 40.113928714191864 0
      vertex 2.6815282984358655 40.912215852782744 0.8
      vertex 5.2471529272460735 39.85608342722718 0
    endloop
  endfacet
  facet normal 0.06932714142453329 0.7038902793691338 -0.7069174082391417
    outer loop
      vertex 2.6815282984358655 40.912215852782744 0.8
      vertex 5.351573881022114 40.649239316326224 0.8
      vertex 5.2471529272460735 39.85608342722718 0
    endloop
  endfacet
  facet normal 0.11521533359851553 0.6978489842596588 -0.7069174082391417
    outer loop
      vertex 5.2471529272460735 39.85608342722718 0
      vertex 5.351573881022114 40.649239316326224 0.8
      vertex 7.842630945048356 39.42756827220987 0
    endloop
  endfacet
  facet normal 0.11521533359851376 0.6978489842596567 -0.7069174082391441
    outer loop
      vertex 5.351573881022114 40.649239316326224 0.8
      vertex 7.998703202661258 40.21219649653245 0.8
      vertex 7.842630945048356 39.42756827220987 0
    endloop
  endfacet
  facet normal 0.16061015602584927 0.6888193926638562 -0.7069174082391442
    outer loop
      vertex 7.842630945048356 39.42756827220987 0
      vertex 7.998703202661258 40.21219649653245 0.8
      vertex 10.404525613121335 38.83021821682055 0
    endloop
  endfacet
  facet normal 0.16061015602585002 0.6888193926638568 -0.7069174082391432
    outer loop
      vertex 7.998703202661258 40.21219649653245 0.8
      vertex 10.61158084920335 39.6029588778518 0.8
      vertex 10.404525613121335 38.83021821682055 0
    endloop
  endfacet
  facet normal 0.20531722110775977 0.6768401706791937 -0.7069174082391433
    outer loop
      vertex 10.404525613121335 38.83021821682055 0
      vertex 10.61158084920335 39.6029588778518 0.8
      vertex 12.921866505187097 38.066591205703254 0
    endloop
  endfacet
  facet normal 0.20531722110775896 0.6768401706791929 -0.7069174082391441
    outer loop
      vertex 10.61158084920335 39.6029588778518 0.8
      vertex 13.179018077429625 38.824135309299336 0.8
      vertex 12.921866505187097 38.066591205703254 0
    endloop
  endfacet
  facet normal 0.24914508632801627 0.6619626151732865 -0.706917408239144
    outer loop
      vertex 12.921866505187097 38.066591205703254 0
      vertex 13.179018077429625 38.824135309299336 0.8
      vertex 15.38387398107661 37.13995720695373 0
    endloop
  endfacet
  facet normal 0.2491450863280164 0.6619626151732866 -0.7069174082391438
    outer loop
      vertex 13.179018077429625 38.824135309299336 0.8
      vertex 15.690020726968681 37.87906083296276 0.8
      vertex 15.38387398107661 37.13995720695373 0
    endloop
  endfacet
  facet normal 0.3334170751270416 0.6237794738063933 -0.7069174082391435
    outer loop
      vertex 20.1 34.814221232134436 0
      vertex 18.133836298979052 36.771782402840216 0.8
      vertex 20.5 35.50704155516198 0.8
    endloop
  endfacet
  facet normal 0.2919060740391657 0.6442504341228592 -0.7069174082391438
    outer loop
      vertex 15.38387398107661 37.13995720695373 0
      vertex 15.690020726968681 37.87906083296276 0.8
      vertex 17.780005346803854 36.05428420961407 0
    endloop
  endfacet
  facet normal 0.29190607403916563 0.6442504341228591 -0.7069174082391441
    outer loop
      vertex 15.690020726968681 37.87906083296276 0.8
      vertex 18.133836298979052 36.771782402840216 0.8
      vertex 17.780005346803854 36.05428420961407 0
    endloop
  endfacet
  facet normal 0.3334170751270411 0.623779473806393 -0.706917408239144
    outer loop
      vertex 20.1 34.814221232134436 0
      vertex 17.780005346803854 36.05428420961407 0
      vertex 18.133836298979052 36.771782402840216 0.8
    endloop
  endfacet
  facet normal 0 0 -1
    outer loop
      vertex 24.472209446150572 -31.892804279707654 0
      vertex 24.472209446150572 31.892804279707654 0
      vertex 26.50570176702277 30.22396026065489 0
    endloop
  endfacet
  facet normal 0 0 -1
    outer loop
      vertex 26.50570176702277 -30.22396026065489 0
      vertex 26.50570176702277 30.22396026065489 0
      vertex 28.425692603699215 28.425692603699215 0
    endloop
  endfacet
  facet normal 0 0 -1
    outer loop
      vertex 28.425692603699215 -28.425692603699215 0
      vertex 28.425692603699215 28.425692603699215 0
      vertex 30.22396026065489 26.50570176702277 0
    endloop
  endfacet
  facet normal 0 0 -1
    outer loop
      vertex 20.1 -34.814221232134436 0
      vertex 20.1 34.814221232134436 0
      vertex 22.33392336738801 33.42507841456232 0
    endloop
  endfacet
  facet normal 0 0 -1
    outer loop
      vertex 22.33392336738801 -33.42507841456232 0
      vertex 22.33392336738801 33.42507841456232 0
      vertex 24.472209446150572 31.892804279707654 0
    endloop
  endfacet
  facet normal 0 0 -1
    outer loop
      vertex 31.892804279707654 -24.472209446150572 0
      vertex 31.892804279707654 24.472209446150572 0
      vertex 33.42507841456232 22.33392336738801 0
    endloop
  endfacet
  facet normal 0 0 -1
    outer loop
      vertex 30.22396026065489 -26.50570176702277 0
      vertex 30.22396026065489 26.50570176702277 0
      vertex 31.892804279707654 24.472209446150572 0
    endloop
  endfacet
  facet normal 0 0 -1
    outer loop
      vertex 33.42507841456232 -22.33392336738801 0
      vertex 33.42507841456232 22.33392336738801 0
      vertex 34.814221232134436 20.1 0
    endloop
  endfacet
  facet normal 0 0 -1
    outer loop
      vertex 34.814221232134436 -20.1 0
      vertex 34.814221232134436 20.1 0
      vertex 36.05428420961407 17.780005346803854 0
    endloop
  endfacet
  facet normal 0 0 -1
    outer loop
      vertex 38.066591205703254 -12.921866505187097 0
      vertex 38.066591205703254 12.921866505187097 0
      vertex 38.83021821682055 10.404525613121335 0
    endloop
  endfacet
  facet normal 0 0 -1
    outer loop
      vertex 37.13995720695373 -15.38387398107661 0
      vertex 37.13995720695373 15.38387398107661 0
      vertex 38.066591205703254 12.921866505187097 0
    endloop
  endfacet
  facet normal 0 0 -1
    outer loop
      vertex 39.42756827220987 -7.842630945048356 0
      vertex 39.42756827220987 7.842630945048356 0
      vertex 39.85608342722718 5.2471529272460735 0
    endloop
  endfacet
  facet normal 0 0 -1
    outer loop
      vertex 40.113928714191864 -2.6292057950517513 0
      vertex 40.113928714191864 2.6292057950517513 0
      vertex 40.2 0 0
    endloop
  endfacet
  facet normal 0 0 -1
    outer loop
      vertex 39.85608342722718 -5.2471529272460735 0
      vertex 39.85608342722718 5.2471529272460735 0
      vertex 40.113928714191864 2.6292057950517513 0
    endloop
  endfacet
  facet normal 0.7069174082391466 0.023142079787673096 -0.7069174082391441
    outer loop
      vertex 40.2 0 0
      vertex 40.113928714191864 2.6292057950517513 0
      vertex 41 0 0.8
    endloop
  endfacet
  facet normal 0.706917408239147 0.02314207978767326 -0.7069174082391438
    outer loop
      vertex 41 0 0.8
      vertex 40.113928714191864 2.6292057950517513 0
      vertex 40.912215852782744 2.6815282984358655 0.8
    endloop
  endfacet
  facet normal 0 0 -1
    outer loop
      vertex 38.83021821682055 -10.404525613121335 0
      vertex 38.83021821682055 10.404525613121335 0
      vertex 39.42756827220987 7.842630945048356 0
    endloop
  endfacet
  facet normal 0.7038902793691318 0.06932714142453308 -0.7069174082391438
    outer loop
      vertex 40.113928714191864 2.6292057950517513 0
      vertex 40.649239316326224 5.351573881022114 0.8
      vertex 40.912215852782744 2.6815282984358655 0.8
    endloop
  endfacet
  facet normal 0.7038902793691341 0.06932714142453204 -0.7069174082391418
    outer loop
      vertex 40.113928714191864 2.6292057950517513 0
      vertex 39.85608342722718 5.2471529272460735 0
      vertex 40.649239316326224 5.351573881022114 0.8
    endloop
  endfacet
  facet normal 0 0 -1
    outer loop
      vertex 36.05428420961407 -17.780005346803854 0
      vertex 36.05428420961407 17.780005346803854 0
      vertex 37.13995720695373 15.38387398107661 0
    endloop
  endfacet
  facet normal 0.697848984259659 0.11521533359851417 -0.7069174082391418
    outer loop
      vertex 39.85608342722718 5.2471529272460735 0
      vertex 40.21219649653245 7.998703202661258 0.8
      vertex 40.649239316326224 5.351573881022114 0.8
    endloop
  endfacet
  facet normal 0.6978489842596565 0.11521533359851516 -0.7069174082391442
    outer loop
      vertex 39.85608342722718 5.2471529272460735 0
      vertex 39.42756827220987 7.842630945048356 0
      vertex 40.21219649653245 7.998703202661258 0.8
    endloop
  endfacet
  facet normal 0.6888193926638569 0.16061015602584947 -0.7069174082391432
    outer loop
      vertex 39.42756827220987 7.842630945048356 0
      vertex 38.83021821682055 10.404525613121335 0
      vertex 39.6029588778518 10.61158084920335 0.8
    endloop
  endfacet
  facet normal 0.6888193926638562 0.16061015602584985 -0.7069174082391442
    outer loop
      vertex 39.42756827220987 7.842630945048356 0
      vertex 39.6029588778518 10.61158084920335 0.8
      vertex 40.21219649653245 7.998703202661258 0.8
    endloop
  endfacet
  facet normal 0.6237794738063933 0.3334170751270412 -0.7069174082391435
    outer loop
      vertex 34.814221232134436 20.1 0
      vertex 35.50704155516198 20.5 0.8
      vertex 36.05428420961407 17.780005346803854 0
    endloop
  endfacet
  facet normal 0.6619626151732865 0.2491450863280164 -0.7069174082391441
    outer loop
      vertex 38.066591205703254 12.921866505187097 0
      vertex 37.87906083296276 15.690020726968681 0.8
      vertex 38.824135309299336 13.179018077429625 0.8
    endloop
  endfacet
  facet normal 0.6619626151732867 0.24914508632801635 -0.7069174082391438
    outer loop
      vertex 38.066591205703254 12.921866505187097 0
      vertex 37.13995720695373 15.38387398107661 0
      vertex 37.87906083296276 15.690020726968681 0.8
    endloop
  endfacet
  facet normal 0.6768401706791938 0.20531722110775924 -0.7069174082391431
    outer loop
      vertex 38.83021821682055 10.404525613121335 0
      vertex 38.824135309299336 13.179018077429625 0.8
      vertex 39.6029588778518 10.61158084920335 0.8
    endloop
  endfacet
  facet normal 0.6768401706791927 0.2053172211077595 -0.7069174082391441
    outer loop
      vertex 38.066591205703254 12.921866505187097 0
      vertex 38.824135309299336 13.179018077429625 0.8
      vertex 38.83021821682055 10.404525613121335 0
    endloop
  endfacet
  facet normal 0.6442504341228592 0.2919060740391657 -0.7069174082391441
    outer loop
      vertex 37.13995720695373 15.38387398107661 0
      vertex 36.05428420961407 17.780005346803854 0
      vertex 36.771782402840216 18.133836298979052 0.8
    endloop
  endfacet
  facet normal 0.6442504341228593 0.2919060740391657 -0.706917408239144
    outer loop
      vertex 37.13995720695373 15.38387398107661 0
      vertex 36.771782402840216 18.133836298979052 0.8
      vertex 37.87906083296276 15.690020726968681 0.8
    endloop
  endfacet
  facet normal 0.623779473806393 0.33341707512704133 -0.706917408239144
    outer loop
      vertex 36.05428420961407 17.780005346803854 0
      vertex 35.50704155516198 20.5 0.8
      vertex 36.771782402840216 18.133836298979052 0.8
    endloop
  endfacet
  facet normal 0.4835021715560939 0.5162300146533443 -0.7069174082391446
    outer loop
      vertex 28.425692603699215 28.425692603699215 0
      vertex 27.03317841910282 30.825432106638072 0.8
      vertex 28.99137802864845 28.99137802864845 0.8
    endloop
  endfacet
  facet normal 0.48350217155609515 0.5162300146533446 -0.7069174082391435
    outer loop
      vertex 26.50570176702277 30.22396026065489 0
      vertex 27.03317841910282 30.825432106638072 0.8
      vertex 28.425692603699215 28.425692603699215 0
    endloop
  endfacet
  facet normal 0.5162300146533438 0.4835021715560944 -0.7069174082391446
    outer loop
      vertex 30.22396026065489 26.50570176702277 0
      vertex 28.425692603699215 28.425692603699215 0
      vertex 28.99137802864845 28.99137802864845 0.8
    endloop
  endfacet
  facet normal 0.5162300146533452 0.48350217155609465 -0.7069174082391434
    outer loop
      vertex 30.22396026065489 26.50570176702277 0
      vertex 28.99137802864845 28.99137802864845 0.8
      vertex 30.825432106638072 27.03317841910282 0.8
    endloop
  endfacet
  facet normal 0.37350033311210495 0.6006373940187195 -0.7069174082391435
    outer loop
      vertex 20.1 34.814221232134436 0
      vertex 20.5 35.50704155516198 0.8
      vertex 22.33392336738801 33.42507841456232 0
    endloop
  endfacet
  facet normal 0.3735003331121063 0.6006373940187203 -0.7069174082391423
    outer loop
      vertex 20.5 35.50704155516198 0.8
      vertex 22.77837955380369 34.09025410440435 0.8
      vertex 22.33392336738801 33.42507841456232 0
    endloop
  endfacet
  facet normal 0.41198420532996843 0.5749232926983288 -0.7069174082391423
    outer loop
      vertex 22.33392336738801 33.42507841456232 0
      vertex 22.77837955380369 34.09025410440435 0.8
      vertex 24.472209446150572 31.892804279707654 0
    endloop
  endfacet
  facet normal 0.41198420532996444 0.5749232926983271 -0.7069174082391461
    outer loop
      vertex 22.77837955380369 34.09025410440435 0.8
      vertex 24.959218589357548 32.527486951940645 0.8
      vertex 24.472209446150572 31.892804279707654 0
    endloop
  endfacet
  facet normal 0.44870389793163984 0.5467472815747704 -0.706917408239146
    outer loop
      vertex 26.50570176702277 30.22396026065489 0
      vertex 24.472209446150572 31.892804279707654 0
      vertex 24.959218589357548 32.527486951940645 0.8
    endloop
  endfacet
  facet normal 0.4487038979316424 0.5467472815747713 -0.7069174082391435
    outer loop
      vertex 26.50570176702277 30.22396026065489 0
      vertex 24.959218589357548 32.527486951940645 0.8
      vertex 27.03317841910282 30.825432106638072 0.8
    endloop
  endfacet
  facet normal 0.5467472815747695 0.4487038979316409 -0.706917408239146
    outer loop
      vertex 31.892804279707654 24.472209446150572 0
      vertex 30.825432106638072 27.03317841910282 0.8
      vertex 32.527486951940645 24.959218589357548 0.8
    endloop
  endfacet
  facet normal 0.5749232926983256 0.4119842053299662 -0.7069174082391461
    outer loop
      vertex 31.892804279707654 24.472209446150572 0
      vertex 32.527486951940645 24.959218589357548 0.8
      vertex 33.42507841456232 22.33392336738801 0
    endloop
  endfacet
  facet normal 0.6006373940187207 0.3735003331121057 -0.7069174082391423
    outer loop
      vertex 34.814221232134436 20.1 0
      vertex 33.42507841456232 22.33392336738801 0
      vertex 34.09025410440435 22.77837955380369 0.8
    endloop
  endfacet
  facet normal 0.6006373940187192 0.37350033311210573 -0.7069174082391436
    outer loop
      vertex 34.814221232134436 20.1 0
      vertex 34.09025410440435 22.77837955380369 0.8
      vertex 35.50704155516198 20.5 0.8
    endloop
  endfacet
  facet normal 0.5749232926983301 0.4119842053299666 -0.7069174082391423
    outer loop
      vertex 32.527486951940645 24.959218589357548 0.8
      vertex 34.09025410440435 22.77837955380369 0.8
      vertex 33.42507841456232 22.33392336738801 0
    endloop
  endfacet
  facet normal 0.5467472815747721 0.44870389793164134 -0.7069174082391436
    outer loop
      vertex 30.22396026065489 26.50570176702277 0
      vertex 30.825432106638072 27.03317841910282 0.8
      vertex 31.892804279707654 24.472209446150572 0
    endloop
  endfacet
  facet normal -0.7730104533627356 -0.6343932841636472 0
    outer loop
      vertex -30.825432106638072 -27.03317841910282 0.8
      vertex -32.527486951940645 -24.959218589357548 46
      vertex -32.527486951940645 -24.959218589357548 0.8
    endloop
  endfacet
  facet normal -0.8128466845916169 -0.5824776968677998 0
    outer loop
      vertex -34.09025410440435 -22.77837955380369 0.8
      vertex -32.527486951940645 -24.959218589357548 0.8
      vertex -34.09025410440435 -22.77837955380369 46
    endloop
  endfacet
  facet normal -0.8492021815265783 -0.5280678506503689 0
    outer loop
      vertex -34.09025410440435 -22.77837955380369 0.8
      vertex -35.50704155516198 -20.5 46
      vertex -35.50704155516198 -20.5 0.8
    endloop
  endfacet
  facet normal -0.6343932841636472 -0.7730104533627356 0
    outer loop
      vertex -27.03317841910282 -30.825432106638072 0.8
      vertex -24.959218589357548 -32.527486951940645 0.8
      vertex -24.959218589357548 -32.527486951940645 46
    endloop
  endfacet
  facet normal -0.5824776968677998 -0.8128466845916169 0
    outer loop
      vertex -24.959218589357548 -32.527486951940645 0.8
      vertex -22.77837955380369 -34.09025410440435 0.8
      vertex -22.77837955380369 -34.09025410440435 46
    endloop
  endfacet
  facet normal -0.5280678506503689 -0.8492021815265783 0
    outer loop
      vertex -22.77837955380369 -34.09025410440435 0.8
      vertex -20.5 -35.50704155516198 0.8
      vertex -20.5 -35.50704155516198 46
    endloop
  endfacet
  facet normal -0.7298640726978375 -0.6835923020228694 0
    outer loop
      vertex -30.825432106638072 -27.03317841910282 0.8
      vertex -28.99137802864845 -28.99137802864845 0.8
      vertex -30.825432106638072 -27.03317841910282 46
    endloop
  endfacet
  facet normal -0.6835923020228694 -0.7298640726978375 0
    outer loop
      vertex -27.03317841910282 -30.825432106638072 0.8
      vertex -27.03317841910282 -30.825432106638072 46
      vertex -28.99137802864845 -28.99137802864845 0.8
    endloop
  endfacet
  facet normal -0.8819212643483555 -0.4713967368259967 0
    outer loop
      vertex -36.771782402840216 -18.133836298979052 0.8
      vertex -35.50704155516198 -20.5 0.8
      vertex -36.771782402840216 -18.133836298979052 46
    endloop
  endfacet
  facet normal -0.9108638249211751 -0.4127070298043964 0
    outer loop
      vertex -36.771782402840216 -18.133836298979052 0.8
      vertex -37.87906083296276 -15.690020726968681 46
      vertex -37.87906083296276 -15.690020726968681 0.8
    endloop
  endfacet
  facet normal -0.9359059267573253 -0.35225004792123465 0
    outer loop
      vertex -37.87906083296276 -15.690020726968681 0.8
      vertex -38.824135309299336 -13.179018077429625 46
      vertex -38.824135309299336 -13.179018077429625 0.8
    endloop
  endfacet
  facet normal -0.9569403357322095 -0.29028467725446006 0
    outer loop
      vertex -38.824135309299336 -13.179018077429625 0.8
      vertex -39.6029588778518 -10.61158084920335 46
      vertex -39.6029588778518 -10.61158084920335 0.8
    endloop
  endfacet
  facet normal -0.9738769792773333 -0.22707626303437445 0
    outer loop
      vertex -39.6029588778518 -10.61158084920335 0.8
      vertex -40.21219649653245 -7.998703202661258 46
      vertex -40.21219649653245 -7.998703202661258 0.8
    endloop
  endfacet
  facet normal -0.9866433320848792 -0.16289547339458713 0
    outer loop
      vertex -40.21219649653245 -7.998703202661258 0.8
      vertex -40.649239316326224 -5.351573881022114 46
      vertex -40.649239316326224 -5.351573881022114 0.8
    endloop
  endfacet
  facet normal -0.9951847266721968 -0.09801714032956185 0
    outer loop
      vertex -40.649239316326224 -5.351573881022114 0.8
      vertex -40.912215852782744 -2.6815282984358655 46
      vertex -40.912215852782744 -2.6815282984358655 0.8
    endloop
  endfacet
  facet normal -0.9994645874763656 -0.03271908282177616 0
    outer loop
      vertex -40.912215852782744 -2.6815282984358655 0.8
      vertex -41 0 46
      vertex -41 0 0.8
    endloop
  endfacet
  facet normal -0.4713967368259967 -0.8819212643483555 0
    outer loop
      vertex -18.133836298979052 -36.771782402840216 0.8
      vertex -18.133836298979052 -36.771782402840216 46
      vertex -20.5 -35.50704155516198 0.8
    endloop
  endfacet
  facet normal -0.4127070298043964 -0.9108638249211751 0
    outer loop
      vertex -18.133836298979052 -36.771782402840216 0.8
      vertex -15.690020726968681 -37.87906083296276 0.8
      vertex -15.690020726968681 -37.87906083296276 46
    endloop
  endfacet
  facet normal -0.35225004792123465 -0.9359059267573253 0
    outer loop
      vertex -15.690020726968681 -37.87906083296276 0.8
      vertex -13.179018077429625 -38.824135309299336 0.8
      vertex -13.179018077429625 -38.824135309299336 46
    endloop
  endfacet
  facet normal -0.29028467725446006 -0.9569403357322095 0
    outer loop
      vertex -13.179018077429625 -38.824135309299336 0.8
      vertex -10.61158084920335 -39.6029588778518 0.8
      vertex -10.61158084920335 -39.6029588778518 46
    endloop
  endfacet
  facet normal -0.22707626303437445 -0.9738769792773333 0
    outer loop
      vertex -10.61158084920335 -39.6029588778518 0.8
      vertex -7.998703202661258 -40.21219649653245 0.8
      vertex -7.998703202661258 -40.21219649653245 46
    endloop
  endfacet
  facet normal -0.16289547339458713 -0.9866433320848792 0
    outer loop
      vertex -7.998703202661258 -40.21219649653245 0.8
      vertex -5.351573881022114 -40.649239316326224 0.8
      vertex -5.351573881022114 -40.649239316326224 46
    endloop
  endfacet
  facet normal -0.09801714032956185 -0.9951847266721968 0
    outer loop
      vertex -5.351573881022114 -40.649239316326224 0.8
      vertex -2.6815282984358655 -40.912215852782744 0.8
      vertex -2.6815282984358655 -40.912215852782744 46
    endloop
  endfacet
  facet normal -0.03271908282177616 -0.9994645874763656 0
    outer loop
      vertex -2.6815282984358655 -40.912215852782744 0.8
      vertex 0 -41 0.8
      vertex 0 -41 46
    endloop
  endfacet
  facet normal -0.7730104533627356 -0.6343932841636472 0
    outer loop
      vertex -30.825432106638072 -27.03317841910282 0.8
      vertex -30.825432106638072 -27.03317841910282 46
      vertex -32.527486951940645 -24.959218589357548 46
    endloop
  endfacet
  facet normal -0.8492021815265783 -0.5280678506503689 0
    outer loop
      vertex -34.09025410440435 -22.77837955380369 0.8
      vertex -34.09025410440435 -22.77837955380369 46
      vertex -35.50704155516198 -20.5 46
    endloop
  endfacet
  facet normal -0.8128466845916169 -0.5824776968677998 0
    outer loop
      vertex -32.527486951940645 -24.959218589357548 0.8
      vertex -32.527486951940645 -24.959218589357548 46
      vertex -34.09025410440435 -22.77837955380369 46
    endloop
  endfacet
  facet normal -0.6343932841636472 -0.7730104533627356 0
    outer loop
      vertex -27.03317841910282 -30.825432106638072 0.8
      vertex -24.959218589357548 -32.527486951940645 46
      vertex -27.03317841910282 -30.825432106638072 46
    endloop
  endfacet
  facet normal -0.5824776968677998 -0.8128466845916169 0
    outer loop
      vertex -24.959218589357548 -32.527486951940645 0.8
      vertex -22.77837955380369 -34.09025410440435 46
      vertex -24.959218589357548 -32.527486951940645 46
    endloop
  endfacet
  facet normal -0.5280678506503689 -0.8492021815265783 0
    outer loop
      vertex -22.77837955380369 -34.09025410440435 0.8
      vertex -20.5 -35.50704155516198 46
      vertex -22.77837955380369 -34.09025410440435 46
    endloop
  endfacet
  facet normal -0.7298640726978375 -0.6835923020228694 0
    outer loop
      vertex -28.99137802864845 -28.99137802864845 0.8
      vertex -28.99137802864845 -28.99137802864845 46
      vertex -30.825432106638072 -27.03317841910282 46
    endloop
  endfacet
  facet normal -0.6835923020228694 -0.7298640726978375 0
    outer loop
      vertex -28.99137802864845 -28.99137802864845 0.8
      vertex -27.03317841910282 -30.825432106638072 46
      vertex -28.99137802864845 -28.99137802864845 46
    endloop
  endfacet
  facet normal 0 0 1
    outer loop
      vertex -34.09025410440435 -22.77837955380369 46
      vertex -32.527486951940645 -24.959218589357548 46
      vertex -33.428580586079335 -19.3 46
    endloop
  endfacet
  facet normal 0 0 1
    outer loop
      vertex -30.825432106638072 -27.03317841910282 46
      vertex -32.09472703487825 -21.445010994556643 46
      vertex -32.527486951940645 -24.959218589357548 46
    endloop
  endfacet
  facet normal 0 0 1
    outer loop
      vertex -30.825432106638072 -27.03317841910282 46
      vertex -30.62343893524168 -23.498191159736617 46
      vertex -32.09472703487825 -21.445010994556643 46
    endloop
  endfacet
  facet normal 0 0 1
    outer loop
      vertex -32.527486951940645 -24.959218589357548 46
      vertex -32.09472703487825 -21.445010994556643 46
      vertex -33.428580586079335 -19.3 46
    endloop
  endfacet
  facet normal 0 0 1
    outer loop
      vertex -27.03317841910282 -30.825432106638072 46
      vertex -24.959218589357548 -32.527486951940645 46
      vertex -25.45074846286266 -29.021016568688527 46
    endloop
  endfacet
  facet normal 0 0 1
    outer loop
      vertex -24.959218589357548 -32.527486951940645 46
      vertex -22.77837955380369 -34.09025410440435 46
      vertex -23.498191159736617 -30.62343893524168 46
    endloop
  endfacet
  facet normal 0 0 1
    outer loop
      vertex -22.77837955380369 -34.09025410440435 46
      vertex -20.5 -35.50704155516198 46
      vertex -21.445010994556643 -32.09472703487825 46
    endloop
  endfacet
  facet normal 0 0 1
    outer loop
      vertex -22.77837955380369 -34.09025410440435 46
      vertex -21.445010994556643 -32.09472703487825 46
      vertex -23.498191159736617 -30.62343893524168 46
    endloop
  endfacet
  facet normal 0 0 1
    outer loop
      vertex -30.825432106638072 -27.03317841910282 46
      vertex -28.99137802864845 -28.99137802864845 46
      vertex -30.62343893524168 -23.498191159736617 46
    endloop
  endfacet
  facet normal 0 0 1
    outer loop
      vertex -28.99137802864845 -28.99137802864845 46
      vertex -29.021016568688527 -25.45074846286266 46
      vertex -30.62343893524168 -23.498191159736617 46
    endloop
  endfacet
  facet normal 0 0 1
    outer loop
      vertex -28.99137802864845 -28.99137802864845 46
      vertex -27.294321753800737 -27.294321753800737 46
      vertex -29.021016568688527 -25.45074846286266 46
    endloop
  endfacet
  facet normal 0 0 1
    outer loop
      vertex -27.03317841910282 -30.825432106638072 46
      vertex -27.294321753800737 -27.294321753800737 46
      vertex -28.99137802864845 -28.99137802864845 46
    endloop
  endfacet
  facet normal 0 0 1
    outer loop
      vertex -27.03317841910282 -30.825432106638072 46
      vertex -25.45074846286266 -29.021016568688527 46
      vertex -27.294321753800737 -27.294321753800737 46
    endloop
  endfacet
  facet normal 0 0 1
    outer loop
      vertex -24.959218589357548 -32.527486951940645 46
      vertex -23.498191159736617 -30.62343893524168 46
      vertex -25.45074846286266 -29.021016568688527 46
    endloop
  endfacet
  facet normal -0.8819212643483555 -0.4713967368259967 0
    outer loop
      vertex -35.50704155516198 -20.5 0.8
      vertex -35.50704155516198 -20.5 46
      vertex -36.771782402840216 -18.133836298979052 46
    endloop
  endfacet
  facet normal -0.9108638249211751 -0.4127070298043964 0
    outer loop
      vertex -36.771782402840216 -18.133836298979052 0.8
      vertex -36.771782402840216 -18.133836298979052 46
      vertex -37.87906083296276 -15.690020726968681 46
    endloop
  endfacet
  facet normal -0.9569403357322095 -0.29028467725446006 0
    outer loop
      vertex -38.824135309299336 -13.179018077429625 0.8
      vertex -38.824135309299336 -13.179018077429625 46
      vertex -39.6029588778518 -10.61158084920335 46
    endloop
  endfacet
  facet normal -0.9359059267573253 -0.35225004792123465 0
    outer loop
      vertex -37.87906083296276 -15.690020726968681 0.8
      vertex -37.87906083296276 -15.690020726968681 46
      vertex -38.824135309299336 -13.179018077429625 46
    endloop
  endfacet
  facet normal -0.9738769792773333 -0.22707626303437445 0
    outer loop
      vertex -39.6029588778518 -10.61158084920335 0.8
      vertex -39.6029588778518 -10.61158084920335 46
      vertex -40.21219649653245 -7.998703202661258 46
    endloop
  endfacet
  facet normal -0.9866433320848792 -0.16289547339458713 0
    outer loop
      vertex -40.21219649653245 -7.998703202661258 0.8
      vertex -40.21219649653245 -7.998703202661258 46
      vertex -40.649239316326224 -5.351573881022114 46
    endloop
  endfacet
  facet normal -0.9951847266721968 -0.09801714032956185 0
    outer loop
      vertex -40.649239316326224 -5.351573881022114 0.8
      vertex -40.649239316326224 -5.351573881022114 46
      vertex -40.912215852782744 -2.6815282984358655 46
    endloop
  endfacet
  facet normal -0.9994645874763656 -0.03271908282177616 0
    outer loop
      vertex -40.912215852782744 -2.6815282984358655 0.8
      vertex -40.912215852782744 -2.6815282984358655 46
      vertex -41 0 46
    endloop
  endfacet
  facet normal 0 0 1
    outer loop
      vertex -36.771782402840216 -18.133836298979052 46
      vertex -35.50704155516198 -20.5 46
      vertex -36.55150299851108 -12.407563360702039 46
    endloop
  endfacet
  facet normal 0 0 1
    outer loop
      vertex -35.50704155516198 -20.5 46
      vertex -35.66174995493567 -14.771580489292466 46
      vertex -36.55150299851108 -12.407563360702039 46
    endloop
  endfacet
  facet normal 0 0 1
    outer loop
      vertex -36.771782402840216 -18.133836298979052 46
      vertex -37.28473689475804 -9.990415140957301 46
      vertex -37.87906083296276 -15.690020726968681 46
    endloop
  endfacet
  facet normal 0 0 1
    outer loop
      vertex -36.771782402840216 -18.133836298979052 46
      vertex -36.55150299851108 -12.407563360702039 46
      vertex -37.28473689475804 -9.990415140957301 46
    endloop
  endfacet
  facet normal 0 0 1
    outer loop
      vertex -37.87906083296276 -15.690020726968681 46
      vertex -38.26977164902908 -5.038311019693991 46
      vertex -38.824135309299336 -13.179018077429625 46
    endloop
  endfacet
  facet normal 0 0 1
    outer loop
      vertex -37.87906083296276 -15.690020726968681 46
      vertex -37.28473689475804 -9.990415140957301 46
      vertex -37.8583118235647 -7.530486429822551 46
    endloop
  endfacet
  facet normal 0 0 1
    outer loop
      vertex -34.09025410440435 -22.77837955380369 46
      vertex -34.61928782316177 -17.07234344245345 46
      vertex -35.50704155516198 -20.5 46
    endloop
  endfacet
  facet normal 0 0 1
    outer loop
      vertex -34.09025410440435 -22.77837955380369 46
      vertex -33.428580586079335 -19.3 46
      vertex -34.61928782316177 -17.07234344245345 46
    endloop
  endfacet
  facet normal 0 0 1
    outer loop
      vertex -35.50704155516198 -20.5 46
      vertex -34.61928782316177 -17.07234344245345 46
      vertex -35.66174995493567 -14.771580489292466 46
    endloop
  endfacet
  facet normal 0 0 1
    outer loop
      vertex -38.824135309299336 -13.179018077429625 46
      vertex -38.26977164902908 -5.038311019693991 46
      vertex -38.5173544370101 -2.524560788283522 46
    endloop
  endfacet
  facet normal 0 0 1
    outer loop
      vertex -38.824135309299336 -13.179018077429625 46
      vertex -38.5173544370101 -2.524560788283522 46
      vertex -38.6 0 46
    endloop
  endfacet
  facet normal 0 0 1
    outer loop
      vertex -37.87906083296276 -15.690020726968681 46
      vertex -37.8583118235647 -7.530486429822551 46
      vertex -38.26977164902908 -5.038311019693991 46
    endloop
  endfacet
  facet normal 0 0 1
    outer loop
      vertex -40.21219649653245 -7.998703202661258 46
      vertex -40.649239316326224 5.351573881022114 46
      vertex -40.649239316326224 -5.351573881022114 46
    endloop
  endfacet
  facet normal 0 0 1
    outer loop
      vertex -39.6029588778518 -10.61158084920335 46
      vertex -40.21219649653245 7.998703202661258 46
      vertex -40.21219649653245 -7.998703202661258 46
    endloop
  endfacet
  facet normal 0 0 1
    outer loop
      vertex -38.824135309299336 -13.179018077429625 46
      vertex -39.6029588778518 10.61158084920335 46
      vertex -39.6029588778518 -10.61158084920335 46
    endloop
  endfacet
  facet normal 0 0 1
    outer loop
      vertex -40.649239316326224 -5.351573881022114 46
      vertex -40.912215852782744 2.6815282984358655 46
      vertex -40.912215852782744 -2.6815282984358655 46
    endloop
  endfacet
  facet normal -0.4713967368259967 -0.8819212643483555 0
    outer loop
      vertex -20.5 -35.50704155516198 0.8
      vertex -18.133836298979052 -36.771782402840216 46
      vertex -20.5 -35.50704155516198 46
    endloop
  endfacet
  facet normal -0.4127070298043964 -0.9108638249211751 0
    outer loop
      vertex -18.133836298979052 -36.771782402840216 0.8
      vertex -15.690020726968681 -37.87906083296276 46
      vertex -18.133836298979052 -36.771782402840216 46
    endloop
  endfacet
  facet normal -0.35225004792123465 -0.9359059267573253 0
    outer loop
      vertex -15.690020726968681 -37.87906083296276 0.8
      vertex -13.179018077429625 -38.824135309299336 46
      vertex -15.690020726968681 -37.87906083296276 46
    endloop
  endfacet
  facet normal -0.29028467725446006 -0.9569403357322095 0
    outer loop
      vertex -13.179018077429625 -38.824135309299336 0.8
      vertex -10.61158084920335 -39.6029588778518 46
      vertex -13.179018077429625 -38.824135309299336 46
    endloop
  endfacet
  facet normal -0.22707626303437445 -0.9738769792773333 0
    outer loop
      vertex -10.61158084920335 -39.6029588778518 0.8
      vertex -7.998703202661258 -40.21219649653245 46
      vertex -10.61158084920335 -39.6029588778518 46
    endloop
  endfacet
  facet normal -0.16289547339458713 -0.9866433320848792 0
    outer loop
      vertex -7.998703202661258 -40.21219649653245 0.8
      vertex -5.351573881022114 -40.649239316326224 46
      vertex -7.998703202661258 -40.21219649653245 46
    endloop
  endfacet
  facet normal -0.09801714032956185 -0.9951847266721968 0
    outer loop
      vertex -5.351573881022114 -40.649239316326224 0.8
      vertex -2.6815282984358655 -40.912215852782744 46
      vertex -5.351573881022114 -40.649239316326224 46
    endloop
  endfacet
  facet normal -0.03271908282177616 -0.9994645874763656 0
    outer loop
      vertex -2.6815282984358655 -40.912215852782744 0.8
      vertex 0 -41 46
      vertex -2.6815282984358655 -40.912215852782744 46
    endloop
  endfacet
  facet normal 0 0 1
    outer loop
      vertex -18.133836298979052 -36.771782402840216 46
      vertex -15.690020726968681 -37.87906083296276 46
      vertex -17.07234344245345 -34.61928782316177 46
    endloop
  endfacet
  facet normal 0 0 1
    outer loop
      vertex -15.690020726968681 -37.87906083296276 46
      vertex -14.771580489292466 -35.66174995493567 46
      vertex -17.07234344245345 -34.61928782316177 46
    endloop
  endfacet
  facet normal 0 0 1
    outer loop
      vertex -18.133836298979052 -36.771782402840216 46
      vertex -19.3 -33.428580586079335 46
      vertex -20.5 -35.50704155516198 46
    endloop
  endfacet
  facet normal 0 0 1
    outer loop
      vertex -20.5 -35.50704155516198 46
      vertex -19.3 -33.428580586079335 46
      vertex -21.445010994556643 -32.09472703487825 46
    endloop
  endfacet
  facet normal 0 0 1
    outer loop
      vertex -18.133836298979052 -36.771782402840216 46
      vertex -17.07234344245345 -34.61928782316177 46
      vertex -19.3 -33.428580586079335 46
    endloop
  endfacet
  facet normal 0 0 1
    outer loop
      vertex -15.690020726968681 -37.87906083296276 46
      vertex -13.179018077429625 -38.824135309299336 46
      vertex -14.771580489292466 -35.66174995493567 46
    endloop
  endfacet
  facet normal 0 0 1
    outer loop
      vertex -13.179018077429625 -38.824135309299336 46
      vertex -12.407563360702039 -36.55150299851108 46
      vertex -14.771580489292466 -35.66174995493567 46
    endloop
  endfacet
  facet normal 0 0 1
    outer loop
      vertex -13.179018077429625 -38.824135309299336 46
      vertex -10.61158084920335 -39.6029588778518 46
      vertex -12.407563360702039 -36.55150299851108 46
    endloop
  endfacet
  facet normal 0 0 1
    outer loop
      vertex -10.61158084920335 -39.6029588778518 46
      vertex -9.990415140957301 -37.28473689475804 46
      vertex -12.407563360702039 -36.55150299851108 46
    endloop
  endfacet
  facet normal 0 0 1
    outer loop
      vertex -10.61158084920335 -39.6029588778518 46
      vertex -7.998703202661258 -40.21219649653245 46
      vertex -9.990415140957301 -37.28473689475804 46
    endloop
  endfacet
  facet normal 0 0 1
    outer loop
      vertex -7.998703202661258 -40.21219649653245 46
      vertex -7.530486429822551 -37.8583118235647 46
      vertex -9.990415140957301 -37.28473689475804 46
    endloop
  endfacet
  facet normal 0 0 1
    outer loop
      vertex -7.998703202661258 -40.21219649653245 46
      vertex -5.351573881022114 -40.649239316326224 46
      vertex -7.530486429822551 -37.8583118235647 46
    endloop
  endfacet
  facet normal 0 0 1
    outer loop
      vertex -5.351573881022114 -40.649239316326224 46
      vertex -5.038311019693991 -38.26977164902908 46
      vertex -7.530486429822551 -37.8583118235647 46
    endloop
  endfacet
  facet normal 0 0 1
    outer loop
      vertex -5.351573881022114 -40.649239316326224 46
      vertex -2.6815282984358655 -40.912215852782744 46
      vertex -5.038311019693991 -38.26977164902908 46
    endloop
  endfacet
  facet normal 0 0 1
    outer loop
      vertex -2.6815282984358655 -40.912215852782744 46
      vertex -2.524560788283522 -38.5173544370101 46
      vertex -5.038311019693991 -38.26977164902908 46
    endloop
  endfacet
  facet normal 0 0 1
    outer loop
      vertex -2.6815282984358655 -40.912215852782744 46
      vertex 0 -41 46
      vertex -2.524560788283522 -38.5173544370101 46
    endloop
  endfacet
  facet normal 0 0 1
    outer loop
      vertex 0 -41 46
      vertex 0 -38.6 46
      vertex -2.524560788283522 -38.5173544370101 46
    endloop
  endfacet
  facet normal -0.9994645874763656 0.03271908282177616 0
    outer loop
      vertex -41 0 0.8
      vertex -40.912215852782744 2.6815282984358655 46
      vertex -40.912215852782744 2.6815282984358655 0.8
    endloop
  endfacet
  facet normal -0.9951847266721968 0.09801714032956185 0
    outer loop
      vertex -40.912215852782744 2.6815282984358655 0.8
      vertex -40.649239316326224 5.351573881022114 46
      vertex -40.649239316326224 5.351573881022114 0.8
    endloop
  endfacet
  facet normal -0.9866433320848792 0.16289547339458713 0
    outer loop
      vertex -40.649239316326224 5.351573881022114 0.8
      vertex -40.21219649653245 7.998703202661258 46
      vertex -40.21219649653245 7.998703202661258 0.8
    endloop
  endfacet
  facet normal -0.9738769792773333 0.22707626303437445 0
    outer loop
      vertex -40.21219649653245 7.998703202661258 0.8
      vertex -39.6029588778518 10.61158084920335 46
      vertex -39.6029588778518 10.61158084920335 0.8
    endloop
  endfacet
  facet normal -0.9569403357322095 0.29028467725446006 0
    outer loop
      vertex -39.6029588778518 10.61158084920335 0.8
      vertex -38.824135309299336 13.179018077429625 46
      vertex -38.824135309299336 13.179018077429625 0.8
    endloop
  endfacet
  facet normal -0.9359059267573253 0.35225004792123465 0
    outer loop
      vertex -38.824135309299336 13.179018077429625 0.8
      vertex -37.87906083296276 15.690020726968681 46
      vertex -37.87906083296276 15.690020726968681 0.8
    endloop
  endfacet
  facet normal -0.9108638249211751 0.4127070298043964 0
    outer loop
      vertex -37.87906083296276 15.690020726968681 0.8
      vertex -36.771782402840216 18.133836298979052 46
      vertex -36.771782402840216 18.133836298979052 0.8
    endloop
  endfacet
  facet normal -0.8819212643483555 0.4713967368259967 0
    outer loop
      vertex -36.771782402840216 18.133836298979052 0.8
      vertex -35.50704155516198 20.5 46
      vertex -35.50704155516198 20.5 0.8
    endloop
  endfacet
  facet normal -0.8492021815265783 0.5280678506503689 0
    outer loop
      vertex -35.50704155516198 20.5 0.8
      vertex -34.09025410440435 22.77837955380369 46
      vertex -34.09025410440435 22.77837955380369 0.8
    endloop
  endfacet
  facet normal -0.8128466845916169 0.5824776968677998 0
    outer loop
      vertex -34.09025410440435 22.77837955380369 0.8
      vertex -32.527486951940645 24.959218589357548 46
      vertex -32.527486951940645 24.959218589357548 0.8
    endloop
  endfacet
  facet normal -0.7730104533627356 0.6343932841636472 0
    outer loop
      vertex -32.527486951940645 24.959218589357548 0.8
      vertex -30.825432106638072 27.03317841910282 46
      vertex -30.825432106638072 27.03317841910282 0.8
    endloop
  endfacet
  facet normal -0.7298640726978375 0.6835923020228694 0
    outer loop
      vertex -30.825432106638072 27.03317841910282 0.8
      vertex -28.99137802864845 28.99137802864845 46
      vertex -28.99137802864845 28.99137802864845 0.8
    endloop
  endfacet
  facet normal -0.6835923020228694 0.7298640726978375 0
    outer loop
      vertex -28.99137802864845 28.99137802864845 0.8
      vertex -28.99137802864845 28.99137802864845 46
      vertex -27.03317841910282 30.825432106638072 0.8
    endloop
  endfacet
  facet normal -0.6343932841636472 0.7730104533627356 0
    outer loop
      vertex -27.03317841910282 30.825432106638072 0.8
      vertex -27.03317841910282 30.825432106638072 46
      vertex -24.959218589357548 32.527486951940645 0.8
    endloop
  endfacet
  facet normal -0.5824776968677998 0.8128466845916169 0
    outer loop
      vertex -24.959218589357548 32.527486951940645 0.8
      vertex -24.959218589357548 32.527486951940645 46
      vertex -22.77837955380369 34.09025410440435 0.8
    endloop
  endfacet
  facet normal -0.5280678506503689 0.8492021815265783 0
    outer loop
      vertex -22.77837955380369 34.09025410440435 0.8
      vertex -22.77837955380369 34.09025410440435 46
      vertex -20.5 35.50704155516198 0.8
    endloop
  endfacet
  facet normal -0.4713967368259967 0.8819212643483555 0
    outer loop
      vertex -20.5 35.50704155516198 0.8
      vertex -20.5 35.50704155516198 46
      vertex -18.133836298979052 36.771782402840216 0.8
    endloop
  endfacet
  facet normal -0.4127070298043964 0.9108638249211751 0
    outer loop
      vertex -18.133836298979052 36.771782402840216 0.8
      vertex -18.133836298979052 36.771782402840216 46
      vertex -15.690020726968681 37.87906083296276 0.8
    endloop
  endfacet
  facet normal -0.35225004792123465 0.9359059267573253 0
    outer loop
      vertex -15.690020726968681 37.87906083296276 0.8
      vertex -15.690020726968681 37.87906083296276 46
      vertex -13.179018077429625 38.824135309299336 0.8
    endloop
  endfacet
  facet normal -0.29028467725446006 0.9569403357322095 0
    outer loop
      vertex -13.179018077429625 38.824135309299336 0.8
      vertex -13.179018077429625 38.824135309299336 46
      vertex -10.61158084920335 39.6029588778518 0.8
    endloop
  endfacet
  facet normal -0.22707626303437445 0.9738769792773333 0
    outer loop
      vertex -10.61158084920335 39.6029588778518 0.8
      vertex -10.61158084920335 39.6029588778518 46
      vertex -7.998703202661258 40.21219649653245 0.8
    endloop
  endfacet
  facet normal -0.16289547339458713 0.9866433320848792 0
    outer loop
      vertex -7.998703202661258 40.21219649653245 0.8
      vertex -7.998703202661258 40.21219649653245 46
      vertex -5.351573881022114 40.649239316326224 0.8
    endloop
  endfacet
  facet normal -0.09801714032956185 0.9951847266721968 0
    outer loop
      vertex -5.351573881022114 40.649239316326224 0.8
      vertex -5.351573881022114 40.649239316326224 46
      vertex -2.6815282984358655 40.912215852782744 0.8
    endloop
  endfacet
  facet normal -0.03271908282177616 0.9994645874763656 0
    outer loop
      vertex -2.6815282984358655 40.912215852782744 0.8
      vertex -2.6815282984358655 40.912215852782744 46
      vertex 0 41 0.8
    endloop
  endfacet
  facet normal -0.9994645874763656 0.03271908282177616 0
    outer loop
      vertex -41 0 0.8
      vertex -41 0 46
      vertex -40.912215852782744 2.6815282984358655 46
    endloop
  endfacet
  facet normal -0.9951847266721968 0.09801714032956185 0
    outer loop
      vertex -40.912215852782744 2.6815282984358655 0.8
      vertex -40.912215852782744 2.6815282984358655 46
      vertex -40.649239316326224 5.351573881022114 46
    endloop
  endfacet
  facet normal -0.9866433320848792 0.16289547339458713 0
    outer loop
      vertex -40.649239316326224 5.351573881022114 0.8
      vertex -40.649239316326224 5.351573881022114 46
      vertex -40.21219649653245 7.998703202661258 46
    endloop
  endfacet
  facet normal -0.9738769792773333 0.22707626303437445 0
    outer loop
      vertex -40.21219649653245 7.998703202661258 0.8
      vertex -40.21219649653245 7.998703202661258 46
      vertex -39.6029588778518 10.61158084920335 46
    endloop
  endfacet
  facet normal -0.9569403357322095 0.29028467725446006 0
    outer loop
      vertex -39.6029588778518 10.61158084920335 0.8
      vertex -39.6029588778518 10.61158084920335 46
      vertex -38.824135309299336 13.179018077429625 46
    endloop
  endfacet
  facet normal -0.9359059267573253 0.35225004792123465 0
    outer loop
      vertex -38.824135309299336 13.179018077429625 0.8
      vertex -38.824135309299336 13.179018077429625 46
      vertex -37.87906083296276 15.690020726968681 46
    endloop
  endfacet
  facet normal -0.9108638249211751 0.4127070298043964 0
    outer loop
      vertex -37.87906083296276 15.690020726968681 0.8
      vertex -37.87906083296276 15.690020726968681 46
      vertex -36.771782402840216 18.133836298979052 46
    endloop
  endfacet
  facet normal -0.8819212643483555 0.4713967368259967 0
    outer loop
      vertex -36.771782402840216 18.133836298979052 0.8
      vertex -36.771782402840216 18.133836298979052 46
      vertex -35.50704155516198 20.5 46
    endloop
  endfacet
  facet normal 0 0 1
    outer loop
      vertex -40.912215852782744 -2.6815282984358655 46
      vertex -40.912215852782744 2.6815282984358655 46
      vertex -41 0 46
    endloop
  endfacet
  facet normal 0 0 1
    outer loop
      vertex -40.649239316326224 -5.351573881022114 46
      vertex -40.649239316326224 5.351573881022114 46
      vertex -40.912215852782744 2.6815282984358655 46
    endloop
  endfacet
  facet normal 0 0 1
    outer loop
      vertex -40.21219649653245 -7.998703202661258 46
      vertex -40.21219649653245 7.998703202661258 46
      vertex -40.649239316326224 5.351573881022114 46
    endloop
  endfacet
  facet normal 0 0 1
    outer loop
      vertex -38.824135309299336 -13.179018077429625 46
      vertex -38.6 0 46
      vertex -38.824135309299336 13.179018077429625 46
    endloop
  endfacet
  facet normal 0 0 1
    outer loop
      vertex -39.6029588778518 -10.61158084920335 46
      vertex -39.6029588778518 10.61158084920335 46
      vertex -40.21219649653245 7.998703202661258 46
    endloop
  endfacet
  facet normal 0 0 1
    outer loop
      vertex -38.824135309299336 -13.179018077429625 46
      vertex -38.824135309299336 13.179018077429625 46
      vertex -39.6029588778518 10.61158084920335 46
    endloop
  endfacet
  facet normal 0 0 1
    outer loop
      vertex -38.824135309299336 13.179018077429625 46
      vertex -38.6 0 46
      vertex -38.5173544370101 2.524560788283522 46
    endloop
  endfacet
  facet normal 0 0 1
    outer loop
      vertex -38.824135309299336 13.179018077429625 46
      vertex -38.5173544370101 2.524560788283522 46
      vertex -38.26977164902908 5.038311019693991 46
    endloop
  endfacet
  facet normal 0 0 1
    outer loop
      vertex -38.824135309299336 13.179018077429625 46
      vertex -38.26977164902908 5.038311019693991 46
      vertex -37.8583118235647 7.530486429822551 46
    endloop
  endfacet
  facet normal 0 0 1
    outer loop
      vertex -37.87906083296276 15.690020726968681 46
      vertex -37.8583118235647 7.530486429822551 46
      vertex -37.28473689475804 9.990415140957301 46
    endloop
  endfacet
  facet normal 0 0 1
    outer loop
      vertex -38.824135309299336 13.179018077429625 46
      vertex -37.8583118235647 7.530486429822551 46
      vertex -37.87906083296276 15.690020726968681 46
    endloop
  endfacet
  facet normal 0 0 1
    outer loop
      vertex -37.87906083296276 15.690020726968681 46
      vertex -37.28473689475804 9.990415140957301 46
      vertex -36.55150299851108 12.407563360702039 46
    endloop
  endfacet
  facet normal 0 0 1
    outer loop
      vertex -36.771782402840216 18.133836298979052 46
      vertex -36.55150299851108 12.407563360702039 46
      vertex -35.66174995493567 14.771580489292466 46
    endloop
  endfacet
  facet normal 0 0 1
    outer loop
      vertex -37.87906083296276 15.690020726968681 46
      vertex -36.55150299851108 12.407563360702039 46
      vertex -36.771782402840216 18.133836298979052 46
    endloop
  endfacet
  facet normal 0 0 1
    outer loop
      vertex -36.771782402840216 18.133836298979052 46
      vertex -35.66174995493567 14.771580489292466 46
      vertex -34.61928782316177 17.07234344245345 46
    endloop
  endfacet
  facet normal 0 0 1
    outer loop
      vertex -36.771782402840216 18.133836298979052 46
      vertex -34.61928782316177 17.07234344245345 46
      vertex -35.50704155516198 20.5 46
    endloop
  endfacet
  facet normal 0 0 1
    outer loop
      vertex -35.50704155516198 20.5 46
      vertex -34.61928782316177 17.07234344245345 46
      vertex -33.428580586079335 19.3 46
    endloop
  endfacet
  facet normal -0.8492021815265783 0.5280678506503689 0
    outer loop
      vertex -35.50704155516198 20.5 0.8
      vertex -35.50704155516198 20.5 46
      vertex -34.09025410440435 22.77837955380369 46
    endloop
  endfacet
  facet normal -0.8128466845916169 0.5824776968677998 0
    outer loop
      vertex -34.09025410440435 22.77837955380369 0.8
      vertex -34.09025410440435 22.77837955380369 46
      vertex -32.527486951940645 24.959218589357548 46
    endloop
  endfacet
  facet normal -0.7730104533627356 0.6343932841636472 0
    outer loop
      vertex -32.527486951940645 24.959218589357548 0.8
      vertex -32.527486951940645 24.959218589357548 46
      vertex -30.825432106638072 27.03317841910282 46
    endloop
  endfacet
  facet normal -0.7298640726978375 0.6835923020228694 0
    outer loop
      vertex -30.825432106638072 27.03317841910282 0.8
      vertex -30.825432106638072 27.03317841910282 46
      vertex -28.99137802864845 28.99137802864845 46
    endloop
  endfacet
  facet normal -0.6835923020228694 0.7298640726978375 0
    outer loop
      vertex -27.03317841910282 30.825432106638072 0.8
      vertex -28.99137802864845 28.99137802864845 46
      vertex -27.03317841910282 30.825432106638072 46
    endloop
  endfacet
  facet normal -0.6343932841636472 0.7730104533627356 0
    outer loop
      vertex -24.959218589357548 32.527486951940645 0.8
      vertex -27.03317841910282 30.825432106638072 46
      vertex -24.959218589357548 32.527486951940645 46
    endloop
  endfacet
  facet normal -0.5824776968677998 0.8128466845916169 0
    outer loop
      vertex -22.77837955380369 34.09025410440435 0.8
      vertex -24.959218589357548 32.527486951940645 46
      vertex -22.77837955380369 34.09025410440435 46
    endloop
  endfacet
  facet normal -0.5280678506503689 0.8492021815265783 0
    outer loop
      vertex -20.5 35.50704155516198 0.8
      vertex -22.77837955380369 34.09025410440435 46
      vertex -20.5 35.50704155516198 46
    endloop
  endfacet
  facet normal 0 0 1
    outer loop
      vertex -35.50704155516198 20.5 46
      vertex -33.428580586079335 19.3 46
      vertex -34.09025410440435 22.77837955380369 46
    endloop
  endfacet
  facet normal 0 0 1
    outer loop
      vertex -34.09025410440435 22.77837955380369 46
      vertex -33.428580586079335 19.3 46
      vertex -32.09472703487825 21.445010994556643 46
    endloop
  endfacet
  facet normal 0 0 1
    outer loop
      vertex -34.09025410440435 22.77837955380369 46
      vertex -32.09472703487825 21.445010994556643 46
      vertex -32.527486951940645 24.959218589357548 46
    endloop
  endfacet
  facet normal 0 0 1
    outer loop
      vertex -32.527486951940645 24.959218589357548 46
      vertex -32.09472703487825 21.445010994556643 46
      vertex -30.62343893524168 23.498191159736617 46
    endloop
  endfacet
  facet normal 0 0 1
    outer loop
      vertex -32.527486951940645 24.959218589357548 46
      vertex -30.62343893524168 23.498191159736617 46
      vertex -30.825432106638072 27.03317841910282 46
    endloop
  endfacet
  facet normal 0 0 1
    outer loop
      vertex -30.825432106638072 27.03317841910282 46
      vertex -30.62343893524168 23.498191159736617 46
      vertex -29.021016568688527 25.45074846286266 46
    endloop
  endfacet
  facet normal 0 0 1
    outer loop
      vertex -30.825432106638072 27.03317841910282 46
      vertex -29.021016568688527 25.45074846286266 46
      vertex -27.294321753800737 27.294321753800737 46
    endloop
  endfacet
  facet normal 0 0 1
    outer loop
      vertex -30.825432106638072 27.03317841910282 46
      vertex -27.294321753800737 27.294321753800737 46
      vertex -28.99137802864845 28.99137802864845 46
    endloop
  endfacet
  facet normal 0 0 1
    outer loop
      vertex -28.99137802864845 28.99137802864845 46
      vertex -27.294321753800737 27.294321753800737 46
      vertex -25.45074846286266 29.021016568688527 46
    endloop
  endfacet
  facet normal 0 0 1
    outer loop
      vertex -28.99137802864845 28.99137802864845 46
      vertex -25.45074846286266 29.021016568688527 46
      vertex -27.03317841910282 30.825432106638072 46
    endloop
  endfacet
  facet normal 0 0 1
    outer loop
      vertex -27.03317841910282 30.825432106638072 46
      vertex -25.45074846286266 29.021016568688527 46
      vertex -23.498191159736617 30.62343893524168 46
    endloop
  endfacet
  facet normal 0 0 1
    outer loop
      vertex -27.03317841910282 30.825432106638072 46
      vertex -23.498191159736617 30.62343893524168 46
      vertex -24.959218589357548 32.527486951940645 46
    endloop
  endfacet
  facet normal 0 0 1
    outer loop
      vertex -24.959218589357548 32.527486951940645 46
      vertex -23.498191159736617 30.62343893524168 46
      vertex -21.445010994556643 32.09472703487825 46
    endloop
  endfacet
  facet normal 0 0 1
    outer loop
      vertex -24.959218589357548 32.527486951940645 46
      vertex -21.445010994556643 32.09472703487825 46
      vertex -22.77837955380369 34.09025410440435 46
    endloop
  endfacet
  facet normal 0 0 1
    outer loop
      vertex -22.77837955380369 34.09025410440435 46
      vertex -21.445010994556643 32.09472703487825 46
      vertex -19.3 33.428580586079335 46
    endloop
  endfacet
  facet normal 0 0 1
    outer loop
      vertex -22.77837955380369 34.09025410440435 46
      vertex -19.3 33.428580586079335 46
      vertex -20.5 35.50704155516198 46
    endloop
  endfacet
  facet normal -0.4713967368259967 0.8819212643483555 0
    outer loop
      vertex -18.133836298979052 36.771782402840216 0.8
      vertex -20.5 35.50704155516198 46
      vertex -18.133836298979052 36.771782402840216 46
    endloop
  endfacet
  facet normal -0.4127070298043964 0.9108638249211751 0
    outer loop
      vertex -15.690020726968681 37.87906083296276 0.8
      vertex -18.133836298979052 36.771782402840216 46
      vertex -15.690020726968681 37.87906083296276 46
    endloop
  endfacet
  facet normal -0.35225004792123465 0.9359059267573253 0
    outer loop
      vertex -13.179018077429625 38.824135309299336 0.8
      vertex -15.690020726968681 37.87906083296276 46
      vertex -13.179018077429625 38.824135309299336 46
    endloop
  endfacet
  facet normal -0.29028467725446006 0.9569403357322095 0
    outer loop
      vertex -10.61158084920335 39.6029588778518 0.8
      vertex -13.179018077429625 38.824135309299336 46
      vertex -10.61158084920335 39.6029588778518 46
    endloop
  endfacet
  facet normal -0.22707626303437445 0.9738769792773333 0
    outer loop
      vertex -7.998703202661258 40.21219649653245 0.8
      vertex -10.61158084920335 39.6029588778518 46
      vertex -7.998703202661258 40.21219649653245 46
    endloop
  endfacet
  facet normal -0.16289547339458713 0.9866433320848792 0
    outer loop
      vertex -5.351573881022114 40.649239316326224 0.8
      vertex -7.998703202661258 40.21219649653245 46
      vertex -5.351573881022114 40.649239316326224 46
    endloop
  endfacet
  facet normal -0.09801714032956185 0.9951847266721968 0
    outer loop
      vertex -2.6815282984358655 40.912215852782744 0.8
      vertex -5.351573881022114 40.649239316326224 46
      vertex -2.6815282984358655 40.912215852782744 46
    endloop
  endfacet
  facet normal -0.03271908282177616 0.9994645874763656 0
    outer loop
      vertex -2.6815282984358655 40.912215852782744 46
      vertex 0 41 46
      vertex 0 41 0.8
    endloop
  endfacet
  facet normal 0 0 1
    outer loop
      vertex -20.5 35.50704155516198 46
      vertex -19.3 33.428580586079335 46
      vertex -17.07234344245345 34.61928782316177 46
    endloop
  endfacet
  facet normal 0 0 1
    outer loop
      vertex -20.5 35.50704155516198 46
      vertex -17.07234344245345 34.61928782316177 46
      vertex -18.133836298979052 36.771782402840216 46
    endloop
  endfacet
  facet normal 0 0 1
    outer loop
      vertex -18.133836298979052 36.771782402840216 46
      vertex -17.07234344245345 34.61928782316177 46
      vertex -14.771580489292466 35.66174995493567 46
    endloop
  endfacet
  facet normal 0 0 1
    outer loop
      vertex -18.133836298979052 36.771782402840216 46
      vertex -14.771580489292466 35.66174995493567 46
      vertex -15.690020726968681 37.87906083296276 46
    endloop
  endfacet
  facet normal 0 0 1
    outer loop
      vertex -15.690020726968681 37.87906083296276 46
      vertex -14.771580489292466 35.66174995493567 46
      vertex -12.407563360702039 36.55150299851108 46
    endloop
  endfacet
  facet normal 0 0 1
    outer loop
      vertex -15.690020726968681 37.87906083296276 46
      vertex -12.407563360702039 36.55150299851108 46
      vertex -13.179018077429625 38.824135309299336 46
    endloop
  endfacet
  facet normal 0 0 1
    outer loop
      vertex -13.179018077429625 38.824135309299336 46
      vertex -12.407563360702039 36.55150299851108 46
      vertex -9.990415140957301 37.28473689475804 46
    endloop
  endfacet
  facet normal 0 0 1
    outer loop
      vertex -13.179018077429625 38.824135309299336 46
      vertex -9.990415140957301 37.28473689475804 46
      vertex -10.61158084920335 39.6029588778518 46
    endloop
  endfacet
  facet normal 0 0 1
    outer loop
      vertex -10.61158084920335 39.6029588778518 46
      vertex -9.990415140957301 37.28473689475804 46
      vertex -7.530486429822551 37.8583118235647 46
    endloop
  endfacet
  facet normal 0 0 1
    outer loop
      vertex -10.61158084920335 39.6029588778518 46
      vertex -7.530486429822551 37.8583118235647 46
      vertex -7.998703202661258 40.21219649653245 46
    endloop
  endfacet
  facet normal 0 0 1
    outer loop
      vertex -7.998703202661258 40.21219649653245 46
      vertex -7.530486429822551 37.8583118235647 46
      vertex -5.038311019693991 38.26977164902908 46
    endloop
  endfacet
  facet normal 0 0 1
    outer loop
      vertex -7.998703202661258 40.21219649653245 46
      vertex -5.038311019693991 38.26977164902908 46
      vertex -5.351573881022114 40.649239316326224 46
    endloop
  endfacet
  facet normal 0 0 1
    outer loop
      vertex -5.351573881022114 40.649239316326224 46
      vertex -5.038311019693991 38.26977164902908 46
      vertex -2.524560788283522 38.5173544370101 46
    endloop
  endfacet
  facet normal 0 0 1
    outer loop
      vertex -5.351573881022114 40.649239316326224 46
      vertex -2.524560788283522 38.5173544370101 46
      vertex -2.6815282984358655 40.912215852782744 46
    endloop
  endfacet
  facet normal 0 0 1
    outer loop
      vertex -2.6815282984358655 40.912215852782744 46
      vertex -2.524560788283522 38.5173544370101 46
      vertex 0 38.6 46
    endloop
  endfacet
  facet normal 0 0 1
    outer loop
      vertex -2.6815282984358655 40.912215852782744 46
      vertex 0 38.6 46
      vertex 0 41 46
    endloop
  endfacet
  facet normal 0.03271908282177616 -0.9994645874763656 0
    outer loop
      vertex 0 -41 0.8
      vertex 2.6815282984358655 -40.912215852782744 0.8
      vertex 2.6815282984358655 -40.912215852782744 46
    endloop
  endfacet
  facet normal 0.09801714032956185 -0.9951847266721968 0
    outer loop
      vertex 2.6815282984358655 -40.912215852782744 0.8
      vertex 5.351573881022114 -40.649239316326224 0.8
      vertex 5.351573881022114 -40.649239316326224 46
    endloop
  endfacet
  facet normal 0.16289547339458713 -0.9866433320848792 0
    outer loop
      vertex 5.351573881022114 -40.649239316326224 0.8
      vertex 7.998703202661258 -40.21219649653245 0.8
      vertex 7.998703202661258 -40.21219649653245 46
    endloop
  endfacet
  facet normal 0.22707626303437445 -0.9738769792773333 0
    outer loop
      vertex 7.998703202661258 -40.21219649653245 0.8
      vertex 10.61158084920335 -39.6029588778518 0.8
      vertex 10.61158084920335 -39.6029588778518 46
    endloop
  endfacet
  facet normal 0.29028467725446006 -0.9569403357322095 0
    outer loop
      vertex 10.61158084920335 -39.6029588778518 0.8
      vertex 13.179018077429625 -38.824135309299336 0.8
      vertex 13.179018077429625 -38.824135309299336 46
    endloop
  endfacet
  facet normal 0.35225004792123465 -0.9359059267573253 0
    outer loop
      vertex 13.179018077429625 -38.824135309299336 0.8
      vertex 15.690020726968681 -37.87906083296276 0.8
      vertex 15.690020726968681 -37.87906083296276 46
    endloop
  endfacet
  facet normal 0.4127070298043964 -0.9108638249211751 0
    outer loop
      vertex 15.690020726968681 -37.87906083296276 0.8
      vertex 18.133836298979052 -36.771782402840216 0.8
      vertex 18.133836298979052 -36.771782402840216 46
    endloop
  endfacet
  facet normal 0.4713967368259967 -0.8819212643483555 0
    outer loop
      vertex 18.133836298979052 -36.771782402840216 0.8
      vertex 20.5 -35.50704155516198 0.8
      vertex 20.5 -35.50704155516198 46
    endloop
  endfacet
  facet normal 0.5280678506503689 -0.8492021815265783 0
    outer loop
      vertex 20.5 -35.50704155516198 0.8
      vertex 22.77837955380369 -34.09025410440435 0.8
      vertex 22.77837955380369 -34.09025410440435 46
    endloop
  endfacet
  facet normal 0.5824776968677998 -0.8128466845916169 0
    outer loop
      vertex 22.77837955380369 -34.09025410440435 0.8
      vertex 24.959218589357548 -32.527486951940645 0.8
      vertex 24.959218589357548 -32.527486951940645 46
    endloop
  endfacet
  facet normal 0.6343932841636472 -0.7730104533627356 0
    outer loop
      vertex 24.959218589357548 -32.527486951940645 0.8
      vertex 27.03317841910282 -30.825432106638072 0.8
      vertex 27.03317841910282 -30.825432106638072 46
    endloop
  endfacet
  facet normal 0.6835923020228694 -0.7298640726978375 0
    outer loop
      vertex 27.03317841910282 -30.825432106638072 0.8
      vertex 28.99137802864845 -28.99137802864845 0.8
      vertex 28.99137802864845 -28.99137802864845 46
    endloop
  endfacet
  facet normal 0.7298640726978375 -0.6835923020228694 0
    outer loop
      vertex 28.99137802864845 -28.99137802864845 0.8
      vertex 30.825432106638072 -27.03317841910282 0.8
      vertex 28.99137802864845 -28.99137802864845 46
    endloop
  endfacet
  facet normal 0.7730104533627356 -0.6343932841636472 0
    outer loop
      vertex 30.825432106638072 -27.03317841910282 0.8
      vertex 32.527486951940645 -24.959218589357548 0.8
      vertex 30.825432106638072 -27.03317841910282 46
    endloop
  endfacet
  facet normal 0.8128466845916169 -0.5824776968677998 0
    outer loop
      vertex 32.527486951940645 -24.959218589357548 0.8
      vertex 34.09025410440435 -22.77837955380369 0.8
      vertex 32.527486951940645 -24.959218589357548 46
    endloop
  endfacet
  facet normal 0.8492021815265783 -0.5280678506503689 0
    outer loop
      vertex 34.09025410440435 -22.77837955380369 0.8
      vertex 35.50704155516198 -20.5 0.8
      vertex 34.09025410440435 -22.77837955380369 46
    endloop
  endfacet
  facet normal 0.8819212643483555 -0.4713967368259967 0
    outer loop
      vertex 35.50704155516198 -20.5 0.8
      vertex 36.771782402840216 -18.133836298979052 0.8
      vertex 35.50704155516198 -20.5 46
    endloop
  endfacet
  facet normal 0.9108638249211751 -0.4127070298043964 0
    outer loop
      vertex 36.771782402840216 -18.133836298979052 0.8
      vertex 37.87906083296276 -15.690020726968681 0.8
      vertex 36.771782402840216 -18.133836298979052 46
    endloop
  endfacet
  facet normal 0.9359059267573253 -0.35225004792123465 0
    outer loop
      vertex 37.87906083296276 -15.690020726968681 0.8
      vertex 38.824135309299336 -13.179018077429625 0.8
      vertex 37.87906083296276 -15.690020726968681 46
    endloop
  endfacet
  facet normal 0.9569403357322095 -0.29028467725446006 0
    outer loop
      vertex 38.824135309299336 -13.179018077429625 0.8
      vertex 39.6029588778518 -10.61158084920335 0.8
      vertex 38.824135309299336 -13.179018077429625 46
    endloop
  endfacet
  facet normal 0.9738769792773333 -0.22707626303437445 0
    outer loop
      vertex 39.6029588778518 -10.61158084920335 0.8
      vertex 40.21219649653245 -7.998703202661258 0.8
      vertex 39.6029588778518 -10.61158084920335 46
    endloop
  endfacet
  facet normal 0.9866433320848792 -0.16289547339458713 0
    outer loop
      vertex 40.21219649653245 -7.998703202661258 0.8
      vertex 40.649239316326224 -5.351573881022114 0.8
      vertex 40.21219649653245 -7.998703202661258 46
    endloop
  endfacet
  facet normal 0.9951847266721968 -0.09801714032956185 0
    outer loop
      vertex 40.649239316326224 -5.351573881022114 0.8
      vertex 40.912215852782744 -2.6815282984358655 0.8
      vertex 40.649239316326224 -5.351573881022114 46
    endloop
  endfacet
  facet normal 0.9994645874763656 -0.03271908282177616 0
    outer loop
      vertex 40.912215852782744 -2.6815282984358655 0.8
      vertex 41 0 0.8
      vertex 40.912215852782744 -2.6815282984358655 46
    endloop
  endfacet
  facet normal 0.03271908282177616 -0.9994645874763656 0
    outer loop
      vertex 0 -41 0.8
      vertex 2.6815282984358655 -40.912215852782744 46
      vertex 0 -41 46
    endloop
  endfacet
  facet normal 0.09801714032956185 -0.9951847266721968 0
    outer loop
      vertex 2.6815282984358655 -40.912215852782744 0.8
      vertex 5.351573881022114 -40.649239316326224 46
      vertex 2.6815282984358655 -40.912215852782744 46
    endloop
  endfacet
  facet normal 0.16289547339458713 -0.9866433320848792 0
    outer loop
      vertex 5.351573881022114 -40.649239316326224 0.8
      vertex 7.998703202661258 -40.21219649653245 46
      vertex 5.351573881022114 -40.649239316326224 46
    endloop
  endfacet
  facet normal 0.22707626303437445 -0.9738769792773333 0
    outer loop
      vertex 7.998703202661258 -40.21219649653245 0.8
      vertex 10.61158084920335 -39.6029588778518 46
      vertex 7.998703202661258 -40.21219649653245 46
    endloop
  endfacet
  facet normal 0.29028467725446006 -0.9569403357322095 0
    outer loop
      vertex 10.61158084920335 -39.6029588778518 0.8
      vertex 13.179018077429625 -38.824135309299336 46
      vertex 10.61158084920335 -39.6029588778518 46
    endloop
  endfacet
  facet normal 0.35225004792123465 -0.9359059267573253 0
    outer loop
      vertex 13.179018077429625 -38.824135309299336 0.8
      vertex 15.690020726968681 -37.87906083296276 46
      vertex 13.179018077429625 -38.824135309299336 46
    endloop
  endfacet
  facet normal 0.4127070298043964 -0.9108638249211751 0
    outer loop
      vertex 15.690020726968681 -37.87906083296276 0.8
      vertex 18.133836298979052 -36.771782402840216 46
      vertex 15.690020726968681 -37.87906083296276 46
    endloop
  endfacet
  facet normal 0.4713967368259967 -0.8819212643483555 0
    outer loop
      vertex 18.133836298979052 -36.771782402840216 0.8
      vertex 20.5 -35.50704155516198 46
      vertex 18.133836298979052 -36.771782402840216 46
    endloop
  endfacet
  facet normal 0 0 1
    outer loop
      vertex 0 -41 46
      vertex 2.6815282984358655 -40.912215852782744 46
      vertex 0 -38.6 46
    endloop
  endfacet
  facet normal 0 0 1
    outer loop
      vertex 2.6815282984358655 -40.912215852782744 46
      vertex 2.524560788283522 -38.5173544370101 46
      vertex 0 -38.6 46
    endloop
  endfacet
  facet normal 0 0 1
    outer loop
      vertex 2.6815282984358655 -40.912215852782744 46
      vertex 5.351573881022114 -40.649239316326224 46
      vertex 2.524560788283522 -38.5173544370101 46
    endloop
  endfacet
  facet normal 0 0 1
    outer loop
      vertex 5.351573881022114 -40.649239316326224 46
      vertex 5.038311019693991 -38.26977164902908 46
      vertex 2.524560788283522 -38.5173544370101 46
    endloop
  endfacet
  facet normal 0 0 1
    outer loop
      vertex 5.351573881022114 -40.649239316326224 46
      vertex 7.998703202661258 -40.21219649653245 46
      vertex 5.038311019693991 -38.26977164902908 46
    endloop
  endfacet
  facet normal 0 0 1
    outer loop
      vertex 7.998703202661258 -40.21219649653245 46
      vertex 7.530486429822551 -37.8583118235647 46
      vertex 5.038311019693991 -38.26977164902908 46
    endloop
  endfacet
  facet normal 0 0 1
    outer loop
      vertex 7.998703202661258 -40.21219649653245 46
      vertex 10.61158084920335 -39.6029588778518 46
      vertex 7.530486429822551 -37.8583118235647 46
    endloop
  endfacet
  facet normal 0 0 1
    outer loop
      vertex 10.61158084920335 -39.6029588778518 46
      vertex 9.990415140957301 -37.28473689475804 46
      vertex 7.530486429822551 -37.8583118235647 46
    endloop
  endfacet
  facet normal 0 0 1
    outer loop
      vertex 10.61158084920335 -39.6029588778518 46
      vertex 13.179018077429625 -38.824135309299336 46
      vertex 9.990415140957301 -37.28473689475804 46
    endloop
  endfacet
  facet normal 0 0 1
    outer loop
      vertex 13.179018077429625 -38.824135309299336 46
      vertex 12.407563360702039 -36.55150299851108 46
      vertex 9.990415140957301 -37.28473689475804 46
    endloop
  endfacet
  facet normal 0 0 1
    outer loop
      vertex 13.179018077429625 -38.824135309299336 46
      vertex 15.690020726968681 -37.87906083296276 46
      vertex 12.407563360702039 -36.55150299851108 46
    endloop
  endfacet
  facet normal 0 0 1
    outer loop
      vertex 15.690020726968681 -37.87906083296276 46
      vertex 14.771580489292466 -35.66174995493567 46
      vertex 12.407563360702039 -36.55150299851108 46
    endloop
  endfacet
  facet normal 0 0 1
    outer loop
      vertex 15.690020726968681 -37.87906083296276 46
      vertex 18.133836298979052 -36.771782402840216 46
      vertex 14.771580489292466 -35.66174995493567 46
    endloop
  endfacet
  facet normal 0 0 1
    outer loop
      vertex 18.133836298979052 -36.771782402840216 46
      vertex 17.07234344245345 -34.61928782316177 46
      vertex 14.771580489292466 -35.66174995493567 46
    endloop
  endfacet
  facet normal 0 0 1
    outer loop
      vertex 18.133836298979052 -36.771782402840216 46
      vertex 20.5 -35.50704155516198 46
      vertex 17.07234344245345 -34.61928782316177 46
    endloop
  endfacet
  facet normal 0 0 1
    outer loop
      vertex 20.5 -35.50704155516198 46
      vertex 19.3 -33.428580586079335 46
      vertex 17.07234344245345 -34.61928782316177 46
    endloop
  endfacet
  facet normal 0.5280678506503689 -0.8492021815265783 0
    outer loop
      vertex 20.5 -35.50704155516198 0.8
      vertex 22.77837955380369 -34.09025410440435 46
      vertex 20.5 -35.50704155516198 46
    endloop
  endfacet
  facet normal 0.5824776968677998 -0.8128466845916169 0
    outer loop
      vertex 22.77837955380369 -34.09025410440435 0.8
      vertex 24.959218589357548 -32.527486951940645 46
      vertex 22.77837955380369 -34.09025410440435 46
    endloop
  endfacet
  facet normal 0.6343932841636472 -0.7730104533627356 0
    outer loop
      vertex 24.959218589357548 -32.527486951940645 0.8
      vertex 27.03317841910282 -30.825432106638072 46
      vertex 24.959218589357548 -32.527486951940645 46
    endloop
  endfacet
  facet normal 0.6835923020228694 -0.7298640726978375 0
    outer loop
      vertex 27.03317841910282 -30.825432106638072 0.8
      vertex 28.99137802864845 -28.99137802864845 46
      vertex 27.03317841910282 -30.825432106638072 46
    endloop
  endfacet
  facet normal 0.7298640726978375 -0.6835923020228694 0
    outer loop
      vertex 30.825432106638072 -27.03317841910282 0.8
      vertex 30.825432106638072 -27.03317841910282 46
      vertex 28.99137802864845 -28.99137802864845 46
    endloop
  endfacet
  facet normal 0.7730104533627356 -0.6343932841636472 0
    outer loop
      vertex 32.527486951940645 -24.959218589357548 0.8
      vertex 32.527486951940645 -24.959218589357548 46
      vertex 30.825432106638072 -27.03317841910282 46
    endloop
  endfacet
  facet normal 0.8128466845916169 -0.5824776968677998 0
    outer loop
      vertex 34.09025410440435 -22.77837955380369 0.8
      vertex 34.09025410440435 -22.77837955380369 46
      vertex 32.527486951940645 -24.959218589357548 46
    endloop
  endfacet
  facet normal 0.8492021815265783 -0.5280678506503689 0
    outer loop
      vertex 35.50704155516198 -20.5 0.8
      vertex 35.50704155516198 -20.5 46
      vertex 34.09025410440435 -22.77837955380369 46
    endloop
  endfacet
  facet normal 0 0 1
    outer loop
      vertex 20.5 -35.50704155516198 46
      vertex 22.77837955380369 -34.09025410440435 46
      vertex 19.3 -33.428580586079335 46
    endloop
  endfacet
  facet normal 0 0 1
    outer loop
      vertex 22.77837955380369 -34.09025410440435 46
      vertex 21.445010994556643 -32.09472703487825 46
      vertex 19.3 -33.428580586079335 46
    endloop
  endfacet
  facet normal 0 0 1
    outer loop
      vertex 22.77837955380369 -34.09025410440435 46
      vertex 24.959218589357548 -32.527486951940645 46
      vertex 21.445010994556643 -32.09472703487825 46
    endloop
  endfacet
  facet normal 0 0 1
    outer loop
      vertex 24.959218589357548 -32.527486951940645 46
      vertex 23.498191159736617 -30.62343893524168 46
      vertex 21.445010994556643 -32.09472703487825 46
    endloop
  endfacet
  facet normal 0 0 1
    outer loop
      vertex 24.959218589357548 -32.527486951940645 46
      vertex 27.03317841910282 -30.825432106638072 46
      vertex 23.498191159736617 -30.62343893524168 46
    endloop
  endfacet
  facet normal 0 0 1
    outer loop
      vertex 27.03317841910282 -30.825432106638072 46
      vertex 25.45074846286266 -29.021016568688527 46
      vertex 23.498191159736617 -30.62343893524168 46
    endloop
  endfacet
  facet normal 0 0 1
    outer loop
      vertex 27.03317841910282 -30.825432106638072 46
      vertex 28.99137802864845 -28.99137802864845 46
      vertex 25.45074846286266 -29.021016568688527 46
    endloop
  endfacet
  facet normal 0 0 1
    outer loop
      vertex 28.99137802864845 -28.99137802864845 46
      vertex 27.294321753800737 -27.294321753800737 46
      vertex 25.45074846286266 -29.021016568688527 46
    endloop
  endfacet
  facet normal 0 0 1
    outer loop
      vertex 28.99137802864845 -28.99137802864845 46
      vertex 30.825432106638072 -27.03317841910282 46
      vertex 27.294321753800737 -27.294321753800737 46
    endloop
  endfacet
  facet normal 0 0 1
    outer loop
      vertex 30.825432106638072 -27.03317841910282 46
      vertex 29.021016568688527 -25.45074846286266 46
      vertex 27.294321753800737 -27.294321753800737 46
    endloop
  endfacet
  facet normal 0 0 1
    outer loop
      vertex 30.825432106638072 -27.03317841910282 46
      vertex 30.62343893524168 -23.498191159736617 46
      vertex 29.021016568688527 -25.45074846286266 46
    endloop
  endfacet
  facet normal 0 0 1
    outer loop
      vertex 30.825432106638072 -27.03317841910282 46
      vertex 32.527486951940645 -24.959218589357548 46
      vertex 30.62343893524168 -23.498191159736617 46
    endloop
  endfacet
  facet normal 0 0 1
    outer loop
      vertex 32.527486951940645 -24.959218589357548 46
      vertex 32.09472703487825 -21.445010994556643 46
      vertex 30.62343893524168 -23.498191159736617 46
    endloop
  endfacet
  facet normal 0 0 1
    outer loop
      vertex 32.527486951940645 -24.959218589357548 46
      vertex 34.09025410440435 -22.77837955380369 46
      vertex 32.09472703487825 -21.445010994556643 46
    endloop
  endfacet
  facet normal 0 0 1
    outer loop
      vertex 34.09025410440435 -22.77837955380369 46
      vertex 33.428580586079335 -19.3 46
      vertex 32.09472703487825 -21.445010994556643 46
    endloop
  endfacet
  facet normal 0 0 1
    outer loop
      vertex 34.09025410440435 -22.77837955380369 46
      vertex 35.50704155516198 -20.5 46
      vertex 33.428580586079335 -19.3 46
    endloop
  endfacet
  facet normal 0.8819212643483555 -0.4713967368259967 0
    outer loop
      vertex 36.771782402840216 -18.133836298979052 0.8
      vertex 36.771782402840216 -18.133836298979052 46
      vertex 35.50704155516198 -20.5 46
    endloop
  endfacet
  facet normal 0.9108638249211751 -0.4127070298043964 0
    outer loop
      vertex 37.87906083296276 -15.690020726968681 0.8
      vertex 37.87906083296276 -15.690020726968681 46
      vertex 36.771782402840216 -18.133836298979052 46
    endloop
  endfacet
  facet normal 0.9359059267573253 -0.35225004792123465 0
    outer loop
      vertex 38.824135309299336 -13.179018077429625 0.8
      vertex 38.824135309299336 -13.179018077429625 46
      vertex 37.87906083296276 -15.690020726968681 46
    endloop
  endfacet
  facet normal 0.9569403357322095 -0.29028467725446006 0
    outer loop
      vertex 39.6029588778518 -10.61158084920335 0.8
      vertex 39.6029588778518 -10.61158084920335 46
      vertex 38.824135309299336 -13.179018077429625 46
    endloop
  endfacet
  facet normal 0.9738769792773333 -0.22707626303437445 0
    outer loop
      vertex 40.21219649653245 -7.998703202661258 0.8
      vertex 40.21219649653245 -7.998703202661258 46
      vertex 39.6029588778518 -10.61158084920335 46
    endloop
  endfacet
  facet normal 0.9866433320848792 -0.16289547339458713 0
    outer loop
      vertex 40.649239316326224 -5.351573881022114 0.8
      vertex 40.649239316326224 -5.351573881022114 46
      vertex 40.21219649653245 -7.998703202661258 46
    endloop
  endfacet
  facet normal 0.9951847266721968 -0.09801714032956185 0
    outer loop
      vertex 40.912215852782744 -2.6815282984358655 0.8
      vertex 40.912215852782744 -2.6815282984358655 46
      vertex 40.649239316326224 -5.351573881022114 46
    endloop
  endfacet
  facet normal 0.9994645874763656 -0.03271908282177616 0
    outer loop
      vertex 40.912215852782744 -2.6815282984358655 46
      vertex 41 0 0.8
      vertex 41 0 46
    endloop
  endfacet
  facet normal 0 0 1
    outer loop
      vertex 35.50704155516198 -20.5 46
      vertex 34.61928782316177 -17.07234344245345 46
      vertex 33.428580586079335 -19.3 46
    endloop
  endfacet
  facet normal 0 0 1
    outer loop
      vertex 35.50704155516198 -20.5 46
      vertex 36.771782402840216 -18.133836298979052 46
      vertex 34.61928782316177 -17.07234344245345 46
    endloop
  endfacet
  facet normal 0 0 1
    outer loop
      vertex 36.771782402840216 -18.133836298979052 46
      vertex 35.66174995493567 -14.771580489292466 46
      vertex 34.61928782316177 -17.07234344245345 46
    endloop
  endfacet
  facet normal 0 0 1
    outer loop
      vertex 36.771782402840216 -18.133836298979052 46
      vertex 37.87906083296276 -15.690020726968681 46
      vertex 36.55150299851108 -12.407563360702039 46
    endloop
  endfacet
  facet normal 0 0 1
    outer loop
      vertex 36.771782402840216 -18.133836298979052 46
      vertex 36.55150299851108 -12.407563360702039 46
      vertex 35.66174995493567 -14.771580489292466 46
    endloop
  endfacet
  facet normal 0 0 1
    outer loop
      vertex 37.87906083296276 -15.690020726968681 46
      vertex 37.28473689475804 -9.990415140957301 46
      vertex 36.55150299851108 -12.407563360702039 46
    endloop
  endfacet
  facet normal 0 0 1
    outer loop
      vertex 37.87906083296276 -15.690020726968681 46
      vertex 38.824135309299336 -13.179018077429625 46
      vertex 37.8583118235647 -7.530486429822551 46
    endloop
  endfacet
  facet normal 0 0 1
    outer loop
      vertex 37.87906083296276 -15.690020726968681 46
      vertex 37.8583118235647 -7.530486429822551 46
      vertex 37.28473689475804 -9.990415140957301 46
    endloop
  endfacet
  facet normal 0 0 1
    outer loop
      vertex 38.824135309299336 -13.179018077429625 46
      vertex 38.26977164902908 -5.038311019693991 46
      vertex 37.8583118235647 -7.530486429822551 46
    endloop
  endfacet
  facet normal 0 0 1
    outer loop
      vertex 38.824135309299336 -13.179018077429625 46
      vertex 38.5173544370101 -2.524560788283522 46
      vertex 38.26977164902908 -5.038311019693991 46
    endloop
  endfacet
  facet normal 0 0 1
    outer loop
      vertex 38.824135309299336 -13.179018077429625 46
      vertex 38.6 0 46
      vertex 38.5173544370101 -2.524560788283522 46
    endloop
  endfacet
  facet normal 0 0 1
    outer loop
      vertex 38.824135309299336 -13.179018077429625 46
      vertex 39.6029588778518 -10.61158084920335 46
      vertex 38.824135309299336 13.179018077429625 46
    endloop
  endfacet
  facet normal 0 0 1
    outer loop
      vertex 39.6029588778518 -10.61158084920335 46
      vertex 40.21219649653245 -7.998703202661258 46
      vertex 39.6029588778518 10.61158084920335 46
    endloop
  endfacet
  facet normal 0 0 1
    outer loop
      vertex 40.21219649653245 -7.998703202661258 46
      vertex 40.649239316326224 -5.351573881022114 46
      vertex 40.21219649653245 7.998703202661258 46
    endloop
  endfacet
  facet normal 0 0 1
    outer loop
      vertex 40.649239316326224 -5.351573881022114 46
      vertex 40.912215852782744 -2.6815282984358655 46
      vertex 40.649239316326224 5.351573881022114 46
    endloop
  endfacet
  facet normal 0.03271908282177616 0.9994645874763656 0
    outer loop
      vertex 0 41 0.8
      vertex 0 41 46
      vertex 2.6815282984358655 40.912215852782744 0.8
    endloop
  endfacet
  facet normal 0.09801714032956185 0.9951847266721968 0
    outer loop
      vertex 2.6815282984358655 40.912215852782744 0.8
      vertex 2.6815282984358655 40.912215852782744 46
      vertex 5.351573881022114 40.649239316326224 0.8
    endloop
  endfacet
  facet normal 0.16289547339458713 0.9866433320848792 0
    outer loop
      vertex 5.351573881022114 40.649239316326224 0.8
      vertex 5.351573881022114 40.649239316326224 46
      vertex 7.998703202661258 40.21219649653245 0.8
    endloop
  endfacet
  facet normal 0.22707626303437445 0.9738769792773333 0
    outer loop
      vertex 7.998703202661258 40.21219649653245 0.8
      vertex 7.998703202661258 40.21219649653245 46
      vertex 10.61158084920335 39.6029588778518 0.8
    endloop
  endfacet
  facet normal 0.29028467725446006 0.9569403357322095 0
    outer loop
      vertex 10.61158084920335 39.6029588778518 0.8
      vertex 10.61158084920335 39.6029588778518 46
      vertex 13.179018077429625 38.824135309299336 0.8
    endloop
  endfacet
  facet normal 0.35225004792123465 0.9359059267573253 0
    outer loop
      vertex 13.179018077429625 38.824135309299336 0.8
      vertex 13.179018077429625 38.824135309299336 46
      vertex 15.690020726968681 37.87906083296276 0.8
    endloop
  endfacet
  facet normal 0.4127070298043964 0.9108638249211751 0
    outer loop
      vertex 15.690020726968681 37.87906083296276 0.8
      vertex 15.690020726968681 37.87906083296276 46
      vertex 18.133836298979052 36.771782402840216 0.8
    endloop
  endfacet
  facet normal 0.4713967368259967 0.8819212643483555 0
    outer loop
      vertex 18.133836298979052 36.771782402840216 0.8
      vertex 18.133836298979052 36.771782402840216 46
      vertex 20.5 35.50704155516198 0.8
    endloop
  endfacet
  facet normal 0.9994645874763656 0.03271908282177616 0
    outer loop
      vertex 41 0 0.8
      vertex 40.912215852782744 2.6815282984358655 0.8
      vertex 41 0 46
    endloop
  endfacet
  facet normal 0.9951847266721968 0.09801714032956185 0
    outer loop
      vertex 40.912215852782744 2.6815282984358655 0.8
      vertex 40.649239316326224 5.351573881022114 0.8
      vertex 40.912215852782744 2.6815282984358655 46
    endloop
  endfacet
  facet normal 0.9866433320848792 0.16289547339458713 0
    outer loop
      vertex 40.649239316326224 5.351573881022114 0.8
      vertex 40.21219649653245 7.998703202661258 0.8
      vertex 40.649239316326224 5.351573881022114 46
    endloop
  endfacet
  facet normal 0.9738769792773333 0.22707626303437445 0
    outer loop
      vertex 40.21219649653245 7.998703202661258 0.8
      vertex 39.6029588778518 10.61158084920335 0.8
      vertex 40.21219649653245 7.998703202661258 46
    endloop
  endfacet
  facet normal 0.9569403357322095 0.29028467725446006 0
    outer loop
      vertex 39.6029588778518 10.61158084920335 0.8
      vertex 38.824135309299336 13.179018077429625 0.8
      vertex 39.6029588778518 10.61158084920335 46
    endloop
  endfacet
  facet normal 0.9359059267573253 0.35225004792123465 0
    outer loop
      vertex 38.824135309299336 13.179018077429625 0.8
      vertex 37.87906083296276 15.690020726968681 0.8
      vertex 38.824135309299336 13.179018077429625 46
    endloop
  endfacet
  facet normal 0.9108638249211751 0.4127070298043964 0
    outer loop
      vertex 37.87906083296276 15.690020726968681 0.8
      vertex 36.771782402840216 18.133836298979052 0.8
      vertex 37.87906083296276 15.690020726968681 46
    endloop
  endfacet
  facet normal 0.8819212643483555 0.4713967368259967 0
    outer loop
      vertex 36.771782402840216 18.133836298979052 0.8
      vertex 35.50704155516198 20.5 0.8
      vertex 36.771782402840216 18.133836298979052 46
    endloop
  endfacet
  facet normal 0.6835923020228694 0.7298640726978375 0
    outer loop
      vertex 28.99137802864845 28.99137802864845 0.8
      vertex 27.03317841910282 30.825432106638072 0.8
      vertex 27.03317841910282 30.825432106638072 46
    endloop
  endfacet
  facet normal 0.7298640726978375 0.6835923020228694 0
    outer loop
      vertex 28.99137802864845 28.99137802864845 0.8
      vertex 30.825432106638072 27.03317841910282 46
      vertex 30.825432106638072 27.03317841910282 0.8
    endloop
  endfacet
  facet normal 0.5280678506503689 0.8492021815265783 0
    outer loop
      vertex 20.5 35.50704155516198 0.8
      vertex 20.5 35.50704155516198 46
      vertex 22.77837955380369 34.09025410440435 0.8
    endloop
  endfacet
  facet normal 0.5824776968677998 0.8128466845916169 0
    outer loop
      vertex 22.77837955380369 34.09025410440435 0.8
      vertex 22.77837955380369 34.09025410440435 46
      vertex 24.959218589357548 32.527486951940645 0.8
    endloop
  endfacet
  facet normal 0.6343932841636472 0.7730104533627356 0
    outer loop
      vertex 24.959218589357548 32.527486951940645 0.8
      vertex 24.959218589357548 32.527486951940645 46
      vertex 27.03317841910282 30.825432106638072 0.8
    endloop
  endfacet
  facet normal 0.8492021815265783 0.5280678506503689 0
    outer loop
      vertex 34.09025410440435 22.77837955380369 0.8
      vertex 35.50704155516198 20.5 46
      vertex 35.50704155516198 20.5 0.8
    endloop
  endfacet
  facet normal 0.8128466845916169 0.5824776968677998 0
    outer loop
      vertex 32.527486951940645 24.959218589357548 0.8
      vertex 34.09025410440435 22.77837955380369 46
      vertex 34.09025410440435 22.77837955380369 0.8
    endloop
  endfacet
  facet normal 0.7730104533627356 0.6343932841636472 0
    outer loop
      vertex 32.527486951940645 24.959218589357548 0.8
      vertex 30.825432106638072 27.03317841910282 0.8
      vertex 32.527486951940645 24.959218589357548 46
    endloop
  endfacet
  facet normal 0.03271908282177616 0.9994645874763656 0
    outer loop
      vertex 2.6815282984358655 40.912215852782744 0.8
      vertex 0 41 46
      vertex 2.6815282984358655 40.912215852782744 46
    endloop
  endfacet
  facet normal 0.09801714032956185 0.9951847266721968 0
    outer loop
      vertex 5.351573881022114 40.649239316326224 0.8
      vertex 2.6815282984358655 40.912215852782744 46
      vertex 5.351573881022114 40.649239316326224 46
    endloop
  endfacet
  facet normal 0.16289547339458713 0.9866433320848792 0
    outer loop
      vertex 7.998703202661258 40.21219649653245 0.8
      vertex 5.351573881022114 40.649239316326224 46
      vertex 7.998703202661258 40.21219649653245 46
    endloop
  endfacet
  facet normal 0.22707626303437445 0.9738769792773333 0
    outer loop
      vertex 10.61158084920335 39.6029588778518 0.8
      vertex 7.998703202661258 40.21219649653245 46
      vertex 10.61158084920335 39.6029588778518 46
    endloop
  endfacet
  facet normal 0.29028467725446006 0.9569403357322095 0
    outer loop
      vertex 13.179018077429625 38.824135309299336 0.8
      vertex 10.61158084920335 39.6029588778518 46
      vertex 13.179018077429625 38.824135309299336 46
    endloop
  endfacet
  facet normal 0.35225004792123465 0.9359059267573253 0
    outer loop
      vertex 15.690020726968681 37.87906083296276 0.8
      vertex 13.179018077429625 38.824135309299336 46
      vertex 15.690020726968681 37.87906083296276 46
    endloop
  endfacet
  facet normal 0.4127070298043964 0.9108638249211751 0
    outer loop
      vertex 18.133836298979052 36.771782402840216 0.8
      vertex 15.690020726968681 37.87906083296276 46
      vertex 18.133836298979052 36.771782402840216 46
    endloop
  endfacet
  facet normal 0.4713967368259967 0.8819212643483555 0
    outer loop
      vertex 20.5 35.50704155516198 0.8
      vertex 18.133836298979052 36.771782402840216 46
      vertex 20.5 35.50704155516198 46
    endloop
  endfacet
  facet normal 0 0 1
    outer loop
      vertex 0 41 46
      vertex 0 38.6 46
      vertex 2.524560788283522 38.5173544370101 46
    endloop
  endfacet
  facet normal 0 0 1
    outer loop
      vertex 0 41 46
      vertex 2.524560788283522 38.5173544370101 46
      vertex 2.6815282984358655 40.912215852782744 46
    endloop
  endfacet
  facet normal 0 0 1
    outer loop
      vertex 2.6815282984358655 40.912215852782744 46
      vertex 2.524560788283522 38.5173544370101 46
      vertex 5.038311019693991 38.26977164902908 46
    endloop
  endfacet
  facet normal 0 0 1
    outer loop
      vertex 2.6815282984358655 40.912215852782744 46
      vertex 5.038311019693991 38.26977164902908 46
      vertex 5.351573881022114 40.649239316326224 46
    endloop
  endfacet
  facet normal 0 0 1
    outer loop
      vertex 5.351573881022114 40.649239316326224 46
      vertex 5.038311019693991 38.26977164902908 46
      vertex 7.530486429822551 37.8583118235647 46
    endloop
  endfacet
  facet normal 0 0 1
    outer loop
      vertex 5.351573881022114 40.649239316326224 46
      vertex 7.530486429822551 37.8583118235647 46
      vertex 7.998703202661258 40.21219649653245 46
    endloop
  endfacet
  facet normal 0 0 1
    outer loop
      vertex 7.998703202661258 40.21219649653245 46
      vertex 7.530486429822551 37.8583118235647 46
      vertex 9.990415140957301 37.28473689475804 46
    endloop
  endfacet
  facet normal 0 0 1
    outer loop
      vertex 7.998703202661258 40.21219649653245 46
      vertex 9.990415140957301 37.28473689475804 46
      vertex 10.61158084920335 39.6029588778518 46
    endloop
  endfacet
  facet normal 0 0 1
    outer loop
      vertex 10.61158084920335 39.6029588778518 46
      vertex 9.990415140957301 37.28473689475804 46
      vertex 12.407563360702039 36.55150299851108 46
    endloop
  endfacet
  facet normal 0 0 1
    outer loop
      vertex 10.61158084920335 39.6029588778518 46
      vertex 12.407563360702039 36.55150299851108 46
      vertex 13.179018077429625 38.824135309299336 46
    endloop
  endfacet
  facet normal 0 0 1
    outer loop
      vertex 13.179018077429625 38.824135309299336 46
      vertex 12.407563360702039 36.55150299851108 46
      vertex 14.771580489292466 35.66174995493567 46
    endloop
  endfacet
  facet normal 0 0 1
    outer loop
      vertex 13.179018077429625 38.824135309299336 46
      vertex 14.771580489292466 35.66174995493567 46
      vertex 15.690020726968681 37.87906083296276 46
    endloop
  endfacet
  facet normal 0 0 1
    outer loop
      vertex 18.133836298979052 36.771782402840216 46
      vertex 17.07234344245345 34.61928782316177 46
      vertex 19.3 33.428580586079335 46
    endloop
  endfacet
  facet normal 0 0 1
    outer loop
      vertex 20.5 35.50704155516198 46
      vertex 19.3 33.428580586079335 46
      vertex 21.445010994556643 32.09472703487825 46
    endloop
  endfacet
  facet normal 0 0 1
    outer loop
      vertex 18.133836298979052 36.771782402840216 46
      vertex 19.3 33.428580586079335 46
      vertex 20.5 35.50704155516198 46
    endloop
  endfacet
  facet normal 0 0 1
    outer loop
      vertex 15.690020726968681 37.87906083296276 46
      vertex 14.771580489292466 35.66174995493567 46
      vertex 17.07234344245345 34.61928782316177 46
    endloop
  endfacet
  facet normal 0 0 1
    outer loop
      vertex 15.690020726968681 37.87906083296276 46
      vertex 17.07234344245345 34.61928782316177 46
      vertex 18.133836298979052 36.771782402840216 46
    endloop
  endfacet
  facet normal 0.9994645874763656 0.03271908282177616 0
    outer loop
      vertex 40.912215852782744 2.6815282984358655 0.8
      vertex 40.912215852782744 2.6815282984358655 46
      vertex 41 0 46
    endloop
  endfacet
  facet normal 0.9951847266721968 0.09801714032956185 0
    outer loop
      vertex 40.649239316326224 5.351573881022114 0.8
      vertex 40.649239316326224 5.351573881022114 46
      vertex 40.912215852782744 2.6815282984358655 46
    endloop
  endfacet
  facet normal 0.9866433320848792 0.16289547339458713 0
    outer loop
      vertex 40.21219649653245 7.998703202661258 0.8
      vertex 40.21219649653245 7.998703202661258 46
      vertex 40.649239316326224 5.351573881022114 46
    endloop
  endfacet
  facet normal 0.9738769792773333 0.22707626303437445 0
    outer loop
      vertex 39.6029588778518 10.61158084920335 0.8
      vertex 39.6029588778518 10.61158084920335 46
      vertex 40.21219649653245 7.998703202661258 46
    endloop
  endfacet
  facet normal 0.9359059267573253 0.35225004792123465 0
    outer loop
      vertex 37.87906083296276 15.690020726968681 0.8
      vertex 37.87906083296276 15.690020726968681 46
      vertex 38.824135309299336 13.179018077429625 46
    endloop
  endfacet
  facet normal 0.9569403357322095 0.29028467725446006 0
    outer loop
      vertex 38.824135309299336 13.179018077429625 0.8
      vertex 38.824135309299336 13.179018077429625 46
      vertex 39.6029588778518 10.61158084920335 46
    endloop
  endfacet
  facet normal 0.9108638249211751 0.4127070298043964 0
    outer loop
      vertex 36.771782402840216 18.133836298979052 0.8
      vertex 36.771782402840216 18.133836298979052 46
      vertex 37.87906083296276 15.690020726968681 46
    endloop
  endfacet
  facet normal 0.8819212643483555 0.4713967368259967 0
    outer loop
      vertex 35.50704155516198 20.5 0.8
      vertex 35.50704155516198 20.5 46
      vertex 36.771782402840216 18.133836298979052 46
    endloop
  endfacet
  facet normal 0 0 1
    outer loop
      vertex 38.824135309299336 -13.179018077429625 46
      vertex 38.824135309299336 13.179018077429625 46
      vertex 38.6 0 46
    endloop
  endfacet
  facet normal 0 0 1
    outer loop
      vertex 40.912215852782744 -2.6815282984358655 46
      vertex 41 0 46
      vertex 40.912215852782744 2.6815282984358655 46
    endloop
  endfacet
  facet normal 0 0 1
    outer loop
      vertex 40.912215852782744 -2.6815282984358655 46
      vertex 40.912215852782744 2.6815282984358655 46
      vertex 40.649239316326224 5.351573881022114 46
    endloop
  endfacet
  facet normal 0 0 1
    outer loop
      vertex 39.6029588778518 -10.61158084920335 46
      vertex 39.6029588778518 10.61158084920335 46
      vertex 38.824135309299336 13.179018077429625 46
    endloop
  endfacet
  facet normal 0 0 1
    outer loop
      vertex 40.21219649653245 -7.998703202661258 46
      vertex 40.21219649653245 7.998703202661258 46
      vertex 39.6029588778518 10.61158084920335 46
    endloop
  endfacet
  facet normal 0 0 1
    outer loop
      vertex 40.649239316326224 -5.351573881022114 46
      vertex 40.649239316326224 5.351573881022114 46
      vertex 40.21219649653245 7.998703202661258 46
    endloop
  endfacet
  facet normal 0 0 1
    outer loop
      vertex 37.87906083296276 15.690020726968681 46
      vertex 37.8583118235647 7.530486429822551 46
      vertex 38.26977164902908 5.038311019693991 46
    endloop
  endfacet
  facet normal 0 0 1
    outer loop
      vertex 38.824135309299336 13.179018077429625 46
      vertex 38.5173544370101 2.524560788283522 46
      vertex 38.6 0 46
    endloop
  endfacet
  facet normal 0 0 1
    outer loop
      vertex 38.824135309299336 13.179018077429625 46
      vertex 38.26977164902908 5.038311019693991 46
      vertex 38.5173544370101 2.524560788283522 46
    endloop
  endfacet
  facet normal 0 0 1
    outer loop
      vertex 35.50704155516198 20.5 46
      vertex 34.61928782316177 17.07234344245345 46
      vertex 35.66174995493567 14.771580489292466 46
    endloop
  endfacet
  facet normal 0 0 1
    outer loop
      vertex 34.09025410440435 22.77837955380369 46
      vertex 33.428580586079335 19.3 46
      vertex 34.61928782316177 17.07234344245345 46
    endloop
  endfacet
  facet normal 0 0 1
    outer loop
      vertex 34.09025410440435 22.77837955380369 46
      vertex 34.61928782316177 17.07234344245345 46
      vertex 35.50704155516198 20.5 46
    endloop
  endfacet
  facet normal 0 0 1
    outer loop
      vertex 37.87906083296276 15.690020726968681 46
      vertex 37.28473689475804 9.990415140957301 46
      vertex 37.8583118235647 7.530486429822551 46
    endloop
  endfacet
  facet normal 0 0 1
    outer loop
      vertex 38.824135309299336 13.179018077429625 46
      vertex 37.87906083296276 15.690020726968681 46
      vertex 38.26977164902908 5.038311019693991 46
    endloop
  endfacet
  facet normal 0 0 1
    outer loop
      vertex 36.771782402840216 18.133836298979052 46
      vertex 36.55150299851108 12.407563360702039 46
      vertex 37.28473689475804 9.990415140957301 46
    endloop
  endfacet
  facet normal 0 0 1
    outer loop
      vertex 37.87906083296276 15.690020726968681 46
      vertex 36.771782402840216 18.133836298979052 46
      vertex 37.28473689475804 9.990415140957301 46
    endloop
  endfacet
  facet normal 0 0 1
    outer loop
      vertex 35.50704155516198 20.5 46
      vertex 35.66174995493567 14.771580489292466 46
      vertex 36.55150299851108 12.407563360702039 46
    endloop
  endfacet
  facet normal 0 0 1
    outer loop
      vertex 36.771782402840216 18.133836298979052 46
      vertex 35.50704155516198 20.5 46
      vertex 36.55150299851108 12.407563360702039 46
    endloop
  endfacet
  facet normal 0.6835923020228694 0.7298640726978375 0
    outer loop
      vertex 28.99137802864845 28.99137802864845 0.8
      vertex 27.03317841910282 30.825432106638072 46
      vertex 28.99137802864845 28.99137802864845 46
    endloop
  endfacet
  facet normal 0.7298640726978375 0.6835923020228694 0
    outer loop
      vertex 28.99137802864845 28.99137802864845 0.8
      vertex 28.99137802864845 28.99137802864845 46
      vertex 30.825432106638072 27.03317841910282 46
    endloop
  endfacet
  facet normal 0.5280678506503689 0.8492021815265783 0
    outer loop
      vertex 22.77837955380369 34.09025410440435 0.8
      vertex 20.5 35.50704155516198 46
      vertex 22.77837955380369 34.09025410440435 46
    endloop
  endfacet
  facet normal 0.5824776968677998 0.8128466845916169 0
    outer loop
      vertex 24.959218589357548 32.527486951940645 0.8
      vertex 22.77837955380369 34.09025410440435 46
      vertex 24.959218589357548 32.527486951940645 46
    endloop
  endfacet
  facet normal 0.6343932841636472 0.7730104533627356 0
    outer loop
      vertex 27.03317841910282 30.825432106638072 0.8
      vertex 24.959218589357548 32.527486951940645 46
      vertex 27.03317841910282 30.825432106638072 46
    endloop
  endfacet
  facet normal 0.8128466845916169 0.5824776968677998 0
    outer loop
      vertex 32.527486951940645 24.959218589357548 0.8
      vertex 32.527486951940645 24.959218589357548 46
      vertex 34.09025410440435 22.77837955380369 46
    endloop
  endfacet
  facet normal 0.8492021815265783 0.5280678506503689 0
    outer loop
      vertex 34.09025410440435 22.77837955380369 0.8
      vertex 34.09025410440435 22.77837955380369 46
      vertex 35.50704155516198 20.5 46
    endloop
  endfacet
  facet normal 0.7730104533627356 0.6343932841636472 0
    outer loop
      vertex 30.825432106638072 27.03317841910282 0.8
      vertex 30.825432106638072 27.03317841910282 46
      vertex 32.527486951940645 24.959218589357548 46
    endloop
  endfacet
  facet normal 0 0 1
    outer loop
      vertex 24.959218589357548 32.527486951940645 46
      vertex 23.498191159736617 30.62343893524168 46
      vertex 25.45074846286266 29.021016568688527 46
    endloop
  endfacet
  facet normal 0 0 1
    outer loop
      vertex 27.03317841910282 30.825432106638072 46
      vertex 25.45074846286266 29.021016568688527 46
      vertex 27.294321753800737 27.294321753800737 46
    endloop
  endfacet
  facet normal 0 0 1
    outer loop
      vertex 28.99137802864845 28.99137802864845 46
      vertex 27.03317841910282 30.825432106638072 46
      vertex 27.294321753800737 27.294321753800737 46
    endloop
  endfacet
  facet normal 0 0 1
    outer loop
      vertex 28.99137802864845 28.99137802864845 46
      vertex 27.294321753800737 27.294321753800737 46
      vertex 29.021016568688527 25.45074846286266 46
    endloop
  endfacet
  facet normal 0 0 1
    outer loop
      vertex 28.99137802864845 28.99137802864845 46
      vertex 29.021016568688527 25.45074846286266 46
      vertex 30.62343893524168 23.498191159736617 46
    endloop
  endfacet
  facet normal 0 0 1
    outer loop
      vertex 28.99137802864845 28.99137802864845 46
      vertex 30.62343893524168 23.498191159736617 46
      vertex 30.825432106638072 27.03317841910282 46
    endloop
  endfacet
  facet normal 0 0 1
    outer loop
      vertex 22.77837955380369 34.09025410440435 46
      vertex 21.445010994556643 32.09472703487825 46
      vertex 23.498191159736617 30.62343893524168 46
    endloop
  endfacet
  facet normal 0 0 1
    outer loop
      vertex 20.5 35.50704155516198 46
      vertex 21.445010994556643 32.09472703487825 46
      vertex 22.77837955380369 34.09025410440435 46
    endloop
  endfacet
  facet normal 0 0 1
    outer loop
      vertex 22.77837955380369 34.09025410440435 46
      vertex 23.498191159736617 30.62343893524168 46
      vertex 24.959218589357548 32.527486951940645 46
    endloop
  endfacet
  facet normal 0 0 1
    outer loop
      vertex 24.959218589357548 32.527486951940645 46
      vertex 25.45074846286266 29.021016568688527 46
      vertex 27.03317841910282 30.825432106638072 46
    endloop
  endfacet
  facet normal 0 0 1
    outer loop
      vertex 32.527486951940645 24.959218589357548 46
      vertex 32.09472703487825 21.445010994556643 46
      vertex 33.428580586079335 19.3 46
    endloop
  endfacet
  facet normal 0 0 1
    outer loop
      vertex 30.825432106638072 27.03317841910282 46
      vertex 30.62343893524168 23.498191159736617 46
      vertex 32.09472703487825 21.445010994556643 46
    endloop
  endfacet
  facet normal 0 0 1
    outer loop
      vertex 32.527486951940645 24.959218589357548 46
      vertex 30.825432106638072 27.03317841910282 46
      vertex 32.09472703487825 21.445010994556643 46
    endloop
  endfacet
  facet normal 0 0 1
    outer loop
      vertex 32.527486951940645 24.959218589357548 46
      vertex 33.428580586079335 19.3 46
      vertex 34.09025410440435 22.77837955380369 46
    endloop
  endfacet
  facet normal 0.812846684591616 0.5824776968678012 0
    outer loop
      vertex -32.09472703487825 -21.445010994556643 3
      vertex -32.09472703487825 -21.445010994556643 46
      vertex -30.62343893524168 -23.498191159736617 3
    endloop
  endfacet
  facet normal 0.5824776968678012 0.812846684591616 0
    outer loop
      vertex -23.498191159736617 -30.62343893524168 3
      vertex -23.498191159736617 -30.62343893524168 46
      vertex -21.445010994556643 -32.09472703487825 3
    endloop
  endfacet
  facet normal 0.5280678506503692 0.8492021815265781 0
    outer loop
      vertex -21.445010994556643 -32.09472703487825 3
      vertex -21.445010994556643 -32.09472703487825 46
      vertex -19.3 -33.428580586079335 3
    endloop
  endfacet
  facet normal 0.7298640726978367 0.6835923020228701 0
    outer loop
      vertex -29.021016568688527 -25.45074846286266 3
      vertex -29.021016568688527 -25.45074846286266 46
      vertex -27.294321753800737 -27.294321753800737 3
    endloop
  endfacet
  facet normal 0.6835923020228701 0.7298640726978367 0
    outer loop
      vertex -25.45074846286266 -29.021016568688527 3
      vertex -27.294321753800737 -27.294321753800737 3
      vertex -27.294321753800737 -27.294321753800737 46
    endloop
  endfacet
  facet normal 0.7730104533627364 0.6343932841636462 0
    outer loop
      vertex -29.021016568688527 -25.45074846286266 3
      vertex -30.62343893524168 -23.498191159736617 3
      vertex -30.62343893524168 -23.498191159736617 46
    endloop
  endfacet
  facet normal 0.6343932841636462 0.7730104533627364 0
    outer loop
      vertex -25.45074846286266 -29.021016568688527 3
      vertex -25.45074846286266 -29.021016568688527 46
      vertex -23.498191159736617 -30.62343893524168 3
    endloop
  endfacet
  facet normal 0 0 1
    outer loop
      vertex -35.66174995493567 -14.771580489292466 3
      vertex -35.66174995493567 14.771580489292466 3
      vertex -36.55150299851108 -12.407563360702039 3
    endloop
  endfacet
  facet normal 0 0 1
    outer loop
      vertex -36.55150299851108 -12.407563360702039 3
      vertex -36.55150299851108 12.407563360702039 3
      vertex -37.28473689475804 -9.990415140957301 3
    endloop
  endfacet
  facet normal 0 0 1
    outer loop
      vertex -37.8583118235647 -7.530486429822551 3
      vertex -37.8583118235647 7.530486429822551 3
      vertex -38.26977164902908 -5.038311019693991 3
    endloop
  endfacet
  facet normal 0 0 1
    outer loop
      vertex -37.28473689475804 -9.990415140957301 3
      vertex -37.28473689475804 9.990415140957301 3
      vertex -37.8583118235647 -7.530486429822551 3
    endloop
  endfacet
  facet normal 0 0 1
    outer loop
      vertex -38.26977164902908 -5.038311019693991 3
      vertex -38.26977164902908 5.038311019693991 3
      vertex -38.5173544370101 -2.524560788283522 3
    endloop
  endfacet
  facet normal 0 0 1
    outer loop
      vertex -34.61928782316177 -17.07234344245345 3
      vertex -33.428580586079335 -19.3 3
      vertex -33.428580586079335 19.3 3
    endloop
  endfacet
  facet normal 0 0 1
    outer loop
      vertex -32.09472703487825 -21.445010994556643 3
      vertex -32.09472703487825 21.445010994556643 3
      vertex -33.428580586079335 -19.3 3
    endloop
  endfacet
  facet normal 0 0 1
    outer loop
      vertex -32.09472703487825 -21.445010994556643 3
      vertex -30.62343893524168 -23.498191159736617 3
      vertex -30.62343893524168 23.498191159736617 3
    endloop
  endfacet
  facet normal 0 0 1
    outer loop
      vertex -34.61928782316177 -17.07234344245345 3
      vertex -34.61928782316177 17.07234344245345 3
      vertex -35.66174995493567 -14.771580489292466 3
    endloop
  endfacet
  facet normal 0 0 1
    outer loop
      vertex -29.021016568688527 -25.45074846286266 3
      vertex -29.021016568688527 25.45074846286266 3
      vertex -30.62343893524168 -23.498191159736617 3
    endloop
  endfacet
  facet normal 0 0 1
    outer loop
      vertex -29.021016568688527 -25.45074846286266 3
      vertex -27.294321753800737 -27.294321753800737 3
      vertex -27.294321753800737 27.294321753800737 3
    endloop
  endfacet
  facet normal 0 0 1
    outer loop
      vertex -25.45074846286266 -29.021016568688527 3
      vertex -25.45074846286266 29.021016568688527 3
      vertex -27.294321753800737 -27.294321753800737 3
    endloop
  endfacet
  facet normal 0 0 1
    outer loop
      vertex -25.45074846286266 -29.021016568688527 3
      vertex -23.498191159736617 -30.62343893524168 3
      vertex -23.498191159736617 30.62343893524168 3
    endloop
  endfacet
  facet normal 0 0 1
    outer loop
      vertex -23.498191159736617 -30.62343893524168 3
      vertex -21.445010994556643 -32.09472703487825 3
      vertex -21.445010994556643 32.09472703487825 3
    endloop
  endfacet
  facet normal 0.9359059267573256 0.3522500479212339 0
    outer loop
      vertex -35.66174995493567 -14.771580489292466 3
      vertex -36.55150299851108 -12.407563360702039 3
      vertex -36.55150299851108 -12.407563360702039 46
    endloop
  endfacet
  facet normal 0.9569403357322088 0.2902846772544624 0
    outer loop
      vertex -36.55150299851108 -12.407563360702039 3
      vertex -37.28473689475804 -9.990415140957301 3
      vertex -37.28473689475804 -9.990415140957301 46
    endloop
  endfacet
  facet normal 0.9108638249211756 0.4127070298043953 0
    outer loop
      vertex -34.61928782316177 -17.07234344245345 3
      vertex -35.66174995493567 -14.771580489292466 3
      vertex -35.66174995493567 -14.771580489292466 46
    endloop
  endfacet
  facet normal 0.8819212643483553 0.4713967368259975 0
    outer loop
      vertex -34.61928782316177 -17.07234344245345 3
      vertex -34.61928782316177 -17.07234344245345 46
      vertex -33.428580586079335 -19.3 3
    endloop
  endfacet
  facet normal 0.8492021815265781 0.5280678506503692 0
    outer loop
      vertex -32.09472703487825 -21.445010994556643 3
      vertex -33.428580586079335 -19.3 3
      vertex -33.428580586079335 -19.3 46
    endloop
  endfacet
  facet normal 0.9738769792773339 0.2270762630343723 0
    outer loop
      vertex -37.28473689475804 -9.990415140957301 3
      vertex -37.8583118235647 -7.530486429822551 3
      vertex -37.8583118235647 -7.530486429822551 46
    endloop
  endfacet
  facet normal 0.9866433320848792 0.16289547339458765 0
    outer loop
      vertex -37.8583118235647 -7.530486429822551 3
      vertex -38.26977164902908 -5.038311019693991 3
      vertex -38.26977164902908 -5.038311019693991 46
    endloop
  endfacet
  facet normal 0.9994645874763657 0.0327190828217755 0
    outer loop
      vertex -38.5173544370101 -2.524560788283522 3
      vertex -38.6 0 3
      vertex -38.6 0 46
    endloop
  endfacet
  facet normal 0.9951847266721968 0.09801714032956195 0
    outer loop
      vertex -38.26977164902908 -5.038311019693991 3
      vertex -38.5173544370101 -2.524560788283522 3
      vertex -38.5173544370101 -2.524560788283522 46
    endloop
  endfacet
  facet normal 0.4713967368259975 0.8819212643483553 0
    outer loop
      vertex -17.07234344245345 -34.61928782316177 3
      vertex -19.3 -33.428580586079335 3
      vertex -19.3 -33.428580586079335 46
    endloop
  endfacet
  facet normal 0.4127070298043953 0.9108638249211756 0
    outer loop
      vertex -17.07234344245345 -34.61928782316177 3
      vertex -17.07234344245345 -34.61928782316177 46
      vertex -14.771580489292466 -35.66174995493567 3
    endloop
  endfacet
  facet normal 0.3522500479212339 0.9359059267573256 0
    outer loop
      vertex -14.771580489292466 -35.66174995493567 3
      vertex -14.771580489292466 -35.66174995493567 46
      vertex -12.407563360702039 -36.55150299851108 3
    endloop
  endfacet
  facet normal 0.2902846772544624 0.9569403357322088 0
    outer loop
      vertex -12.407563360702039 -36.55150299851108 3
      vertex -12.407563360702039 -36.55150299851108 46
      vertex -9.990415140957301 -37.28473689475804 3
    endloop
  endfacet
  facet normal 0.2270762630343723 0.9738769792773339 0
    outer loop
      vertex -9.990415140957301 -37.28473689475804 3
      vertex -9.990415140957301 -37.28473689475804 46
      vertex -7.530486429822551 -37.8583118235647 3
    endloop
  endfacet
  facet normal 0.16289547339458765 0.9866433320848792 0
    outer loop
      vertex -7.530486429822551 -37.8583118235647 3
      vertex -7.530486429822551 -37.8583118235647 46
      vertex -5.038311019693991 -38.26977164902908 3
    endloop
  endfacet
  facet normal 0.09801714032956195 0.9951847266721968 0
    outer loop
      vertex -5.038311019693991 -38.26977164902908 3
      vertex -5.038311019693991 -38.26977164902908 46
      vertex -2.524560788283522 -38.5173544370101 3
    endloop
  endfacet
  facet normal 0.0327190828217755 0.9994645874763657 0
    outer loop
      vertex -2.524560788283522 -38.5173544370101 3
      vertex -2.524560788283522 -38.5173544370101 46
      vertex 0 -38.6 3
    endloop
  endfacet
  facet normal 0 0 1
    outer loop
      vertex -21.445010994556643 -32.09472703487825 3
      vertex -19.3 -33.428580586079335 3
      vertex -19.3 33.428580586079335 3
    endloop
  endfacet
  facet normal 0 0 1
    outer loop
      vertex -17.07234344245345 -34.61928782316177 3
      vertex -17.07234344245345 34.61928782316177 3
      vertex -19.3 -33.428580586079335 3
    endloop
  endfacet
  facet normal 0 0 1
    outer loop
      vertex -17.07234344245345 -34.61928782316177 3
      vertex -14.771580489292466 -35.66174995493567 3
      vertex -14.771580489292466 35.66174995493567 3
    endloop
  endfacet
  facet normal 0 0 1
    outer loop
      vertex -14.771580489292466 -35.66174995493567 3
      vertex -12.407563360702039 -36.55150299851108 3
      vertex -12.407563360702039 36.55150299851108 3
    endloop
  endfacet
  facet normal 0 0 1
    outer loop
      vertex -12.407563360702039 -36.55150299851108 3
      vertex -9.990415140957301 -37.28473689475804 3
      vertex -9.990415140957301 37.28473689475804 3
    endloop
  endfacet
  facet normal 0 0 1
    outer loop
      vertex -9.990415140957301 -37.28473689475804 3
      vertex -7.530486429822551 -37.8583118235647 3
      vertex -7.530486429822551 37.8583118235647 3
    endloop
  endfacet
  facet normal 0 0 1
    outer loop
      vertex -7.530486429822551 -37.8583118235647 3
      vertex -5.038311019693991 -38.26977164902908 3
      vertex -5.038311019693991 38.26977164902908 3
    endloop
  endfacet
  facet normal 0 0 1
    outer loop
      vertex -5.038311019693991 -38.26977164902908 3
      vertex -2.524560788283522 -38.5173544370101 3
      vertex -2.524560788283522 38.5173544370101 3
    endloop
  endfacet
  facet normal 0 0 1
    outer loop
      vertex -2.524560788283522 -38.5173544370101 3
      vertex 0 -38.6 3
      vertex 0 38.6 3
    endloop
  endfacet
  facet normal 0.8492021815265781 0.5280678506503692 0
    outer loop
      vertex -32.09472703487825 -21.445010994556643 3
      vertex -33.428580586079335 -19.3 46
      vertex -32.09472703487825 -21.445010994556643 46
    endloop
  endfacet
  facet normal 0.812846684591616 0.5824776968678012 0
    outer loop
      vertex -30.62343893524168 -23.498191159736617 3
      vertex -32.09472703487825 -21.445010994556643 46
      vertex -30.62343893524168 -23.498191159736617 46
    endloop
  endfacet
  facet normal 0.5824776968678012 0.812846684591616 0
    outer loop
      vertex -21.445010994556643 -32.09472703487825 3
      vertex -23.498191159736617 -30.62343893524168 46
      vertex -21.445010994556643 -32.09472703487825 46
    endloop
  endfacet
  facet normal 0.6835923020228701 0.7298640726978367 0
    outer loop
      vertex -25.45074846286266 -29.021016568688527 3
      vertex -27.294321753800737 -27.294321753800737 46
      vertex -25.45074846286266 -29.021016568688527 46
    endloop
  endfacet
  facet normal 0.7298640726978367 0.6835923020228701 0
    outer loop
      vertex -27.294321753800737 -27.294321753800737 3
      vertex -29.021016568688527 -25.45074846286266 46
      vertex -27.294321753800737 -27.294321753800737 46
    endloop
  endfacet
  facet normal 0.7730104533627364 0.6343932841636462 0
    outer loop
      vertex -29.021016568688527 -25.45074846286266 3
      vertex -30.62343893524168 -23.498191159736617 46
      vertex -29.021016568688527 -25.45074846286266 46
    endloop
  endfacet
  facet normal 0.6343932841636462 0.7730104533627364 0
    outer loop
      vertex -23.498191159736617 -30.62343893524168 3
      vertex -25.45074846286266 -29.021016568688527 46
      vertex -23.498191159736617 -30.62343893524168 46
    endloop
  endfacet
  facet normal 0.9359059267573256 0.3522500479212339 0
    outer loop
      vertex -35.66174995493567 -14.771580489292466 3
      vertex -36.55150299851108 -12.407563360702039 46
      vertex -35.66174995493567 -14.771580489292466 46
    endloop
  endfacet
  facet normal 0.9569403357322088 0.2902846772544624 0
    outer loop
      vertex -36.55150299851108 -12.407563360702039 3
      vertex -37.28473689475804 -9.990415140957301 46
      vertex -36.55150299851108 -12.407563360702039 46
    endloop
  endfacet
  facet normal 0.8819212643483553 0.4713967368259975 0
    outer loop
      vertex -33.428580586079335 -19.3 3
      vertex -34.61928782316177 -17.07234344245345 46
      vertex -33.428580586079335 -19.3 46
    endloop
  endfacet
  facet normal 0.9108638249211756 0.4127070298043953 0
    outer loop
      vertex -34.61928782316177 -17.07234344245345 3
      vertex -35.66174995493567 -14.771580489292466 46
      vertex -34.61928782316177 -17.07234344245345 46
    endloop
  endfacet
  facet normal 0.9738769792773339 0.2270762630343723 0
    outer loop
      vertex -37.28473689475804 -9.990415140957301 3
      vertex -37.8583118235647 -7.530486429822551 46
      vertex -37.28473689475804 -9.990415140957301 46
    endloop
  endfacet
  facet normal 0.9866433320848792 0.16289547339458765 0
    outer loop
      vertex -37.8583118235647 -7.530486429822551 3
      vertex -38.26977164902908 -5.038311019693991 46
      vertex -37.8583118235647 -7.530486429822551 46
    endloop
  endfacet
  facet normal 0.9994645874763657 0.0327190828217755 0
    outer loop
      vertex -38.5173544370101 -2.524560788283522 3
      vertex -38.6 0 46
      vertex -38.5173544370101 -2.524560788283522 46
    endloop
  endfacet
  facet normal 0.9951847266721968 0.09801714032956195 0
    outer loop
      vertex -38.26977164902908 -5.038311019693991 3
      vertex -38.5173544370101 -2.524560788283522 46
      vertex -38.26977164902908 -5.038311019693991 46
    endloop
  endfacet
  facet normal 0.5280678506503692 0.8492021815265781 0
    outer loop
      vertex -19.3 -33.428580586079335 3
      vertex -21.445010994556643 -32.09472703487825 46
      vertex -19.3 -33.428580586079335 46
    endloop
  endfacet
  facet normal 0.4713967368259975 0.8819212643483553 0
    outer loop
      vertex -17.07234344245345 -34.61928782316177 3
      vertex -19.3 -33.428580586079335 46
      vertex -17.07234344245345 -34.61928782316177 46
    endloop
  endfacet
  facet normal 0.4127070298043953 0.9108638249211756 0
    outer loop
      vertex -14.771580489292466 -35.66174995493567 3
      vertex -17.07234344245345 -34.61928782316177 46
      vertex -14.771580489292466 -35.66174995493567 46
    endloop
  endfacet
  facet normal 0.3522500479212339 0.9359059267573256 0
    outer loop
      vertex -12.407563360702039 -36.55150299851108 3
      vertex -14.771580489292466 -35.66174995493567 46
      vertex -12.407563360702039 -36.55150299851108 46
    endloop
  endfacet
  facet normal 0.2902846772544624 0.9569403357322088 0
    outer loop
      vertex -9.990415140957301 -37.28473689475804 3
      vertex -12.407563360702039 -36.55150299851108 46
      vertex -9.990415140957301 -37.28473689475804 46
    endloop
  endfacet
  facet normal 0.2270762630343723 0.9738769792773339 0
    outer loop
      vertex -7.530486429822551 -37.8583118235647 3
      vertex -9.990415140957301 -37.28473689475804 46
      vertex -7.530486429822551 -37.8583118235647 46
    endloop
  endfacet
  facet normal 0.16289547339458765 0.9866433320848792 0
    outer loop
      vertex -5.038311019693991 -38.26977164902908 3
      vertex -7.530486429822551 -37.8583118235647 46
      vertex -5.038311019693991 -38.26977164902908 46
    endloop
  endfacet
  facet normal 0.09801714032956195 0.9951847266721968 0
    outer loop
      vertex -2.524560788283522 -38.5173544370101 3
      vertex -5.038311019693991 -38.26977164902908 46
      vertex -2.524560788283522 -38.5173544370101 46
    endloop
  endfacet
  facet normal 0.0327190828217755 0.9994645874763657 0
    outer loop
      vertex 0 -38.6 3
      vertex -2.524560788283522 -38.5173544370101 46
      vertex 0 -38.6 46
    endloop
  endfacet
  facet normal 0 0 1
    outer loop
      vertex -38.5173544370101 -2.524560788283522 3
      vertex -38.5173544370101 2.524560788283522 3
      vertex -38.6 0 3
    endloop
  endfacet
  facet normal 0 0 1
    outer loop
      vertex -38.5173544370101 -2.524560788283522 3
      vertex -38.26977164902908 5.038311019693991 3
      vertex -38.5173544370101 2.524560788283522 3
    endloop
  endfacet
  facet normal 0 0 1
    outer loop
      vertex -38.26977164902908 -5.038311019693991 3
      vertex -37.8583118235647 7.530486429822551 3
      vertex -38.26977164902908 5.038311019693991 3
    endloop
  endfacet
  facet normal 0 0 1
    outer loop
      vertex -37.8583118235647 -7.530486429822551 3
      vertex -37.28473689475804 9.990415140957301 3
      vertex -37.8583118235647 7.530486429822551 3
    endloop
  endfacet
  facet normal 0 0 1
    outer loop
      vertex -37.28473689475804 -9.990415140957301 3
      vertex -36.55150299851108 12.407563360702039 3
      vertex -37.28473689475804 9.990415140957301 3
    endloop
  endfacet
  facet normal 0 0 1
    outer loop
      vertex -36.55150299851108 -12.407563360702039 3
      vertex -35.66174995493567 14.771580489292466 3
      vertex -36.55150299851108 12.407563360702039 3
    endloop
  endfacet
  facet normal 0 0 1
    outer loop
      vertex -35.66174995493567 -14.771580489292466 3
      vertex -34.61928782316177 17.07234344245345 3
      vertex -35.66174995493567 14.771580489292466 3
    endloop
  endfacet
  facet normal 0 0 1
    outer loop
      vertex -34.61928782316177 -17.07234344245345 3
      vertex -33.428580586079335 19.3 3
      vertex -34.61928782316177 17.07234344245345 3
    endloop
  endfacet
  facet normal 0 0 1
    outer loop
      vertex -33.428580586079335 -19.3 3
      vertex -32.09472703487825 21.445010994556643 3
      vertex -33.428580586079335 19.3 3
    endloop
  endfacet
  facet normal 0 0 1
    outer loop
      vertex -32.09472703487825 -21.445010994556643 3
      vertex -30.62343893524168 23.498191159736617 3
      vertex -32.09472703487825 21.445010994556643 3
    endloop
  endfacet
  facet normal 0 0 1
    outer loop
      vertex -30.62343893524168 -23.498191159736617 3
      vertex -29.021016568688527 25.45074846286266 3
      vertex -30.62343893524168 23.498191159736617 3
    endloop
  endfacet
  facet normal 0 0 1
    outer loop
      vertex -29.021016568688527 -25.45074846286266 3
      vertex -27.294321753800737 27.294321753800737 3
      vertex -29.021016568688527 25.45074846286266 3
    endloop
  endfacet
  facet normal 0 0 1
    outer loop
      vertex -27.294321753800737 -27.294321753800737 3
      vertex -25.45074846286266 29.021016568688527 3
      vertex -27.294321753800737 27.294321753800737 3
    endloop
  endfacet
  facet normal 0 0 1
    outer loop
      vertex -25.45074846286266 -29.021016568688527 3
      vertex -23.498191159736617 30.62343893524168 3
      vertex -25.45074846286266 29.021016568688527 3
    endloop
  endfacet
  facet normal 0 0 1
    outer loop
      vertex -23.498191159736617 -30.62343893524168 3
      vertex -21.445010994556643 32.09472703487825 3
      vertex -23.498191159736617 30.62343893524168 3
    endloop
  endfacet
  facet normal 0 0 1
    outer loop
      vertex -21.445010994556643 -32.09472703487825 3
      vertex -19.3 33.428580586079335 3
      vertex -21.445010994556643 32.09472703487825 3
    endloop
  endfacet
  facet normal 0.9994645874763657 -0.0327190828217755 0
    outer loop
      vertex -38.6 0 3
      vertex -38.5173544370101 2.524560788283522 3
      vertex -38.5173544370101 2.524560788283522 46
    endloop
  endfacet
  facet normal 0.9951847266721968 -0.09801714032956195 0
    outer loop
      vertex -38.5173544370101 2.524560788283522 3
      vertex -38.26977164902908 5.038311019693991 3
      vertex -38.26977164902908 5.038311019693991 46
    endloop
  endfacet
  facet normal 0.9866433320848792 -0.16289547339458765 0
    outer loop
      vertex -38.26977164902908 5.038311019693991 3
      vertex -37.8583118235647 7.530486429822551 3
      vertex -37.8583118235647 7.530486429822551 46
    endloop
  endfacet
  facet normal 0.9738769792773339 -0.2270762630343723 0
    outer loop
      vertex -37.8583118235647 7.530486429822551 3
      vertex -37.28473689475804 9.990415140957301 3
      vertex -37.28473689475804 9.990415140957301 46
    endloop
  endfacet
  facet normal 0.9569403357322088 -0.2902846772544624 0
    outer loop
      vertex -37.28473689475804 9.990415140957301 3
      vertex -36.55150299851108 12.407563360702039 3
      vertex -36.55150299851108 12.407563360702039 46
    endloop
  endfacet
  facet normal 0.9359059267573256 -0.3522500479212339 0
    outer loop
      vertex -36.55150299851108 12.407563360702039 3
      vertex -35.66174995493567 14.771580489292466 3
      vertex -35.66174995493567 14.771580489292466 46
    endloop
  endfacet
  facet normal 0.9108638249211756 -0.4127070298043953 0
    outer loop
      vertex -35.66174995493567 14.771580489292466 3
      vertex -34.61928782316177 17.07234344245345 3
      vertex -34.61928782316177 17.07234344245345 46
    endloop
  endfacet
  facet normal 0.8819212643483553 -0.4713967368259975 0
    outer loop
      vertex -34.61928782316177 17.07234344245345 3
      vertex -33.428580586079335 19.3 3
      vertex -33.428580586079335 19.3 46
    endloop
  endfacet
  facet normal 0.8492021815265781 -0.5280678506503692 0
    outer loop
      vertex -33.428580586079335 19.3 3
      vertex -32.09472703487825 21.445010994556643 3
      vertex -32.09472703487825 21.445010994556643 46
    endloop
  endfacet
  facet normal 0.812846684591616 -0.5824776968678012 0
    outer loop
      vertex -32.09472703487825 21.445010994556643 3
      vertex -30.62343893524168 23.498191159736617 3
      vertex -30.62343893524168 23.498191159736617 46
    endloop
  endfacet
  facet normal 0.7730104533627364 -0.6343932841636462 0
    outer loop
      vertex -30.62343893524168 23.498191159736617 3
      vertex -29.021016568688527 25.45074846286266 3
      vertex -29.021016568688527 25.45074846286266 46
    endloop
  endfacet
  facet normal 0.7298640726978367 -0.6835923020228701 0
    outer loop
      vertex -29.021016568688527 25.45074846286266 3
      vertex -27.294321753800737 27.294321753800737 3
      vertex -27.294321753800737 27.294321753800737 46
    endloop
  endfacet
  facet normal 0.6835923020228701 -0.7298640726978367 0
    outer loop
      vertex -27.294321753800737 27.294321753800737 3
      vertex -25.45074846286266 29.021016568688527 3
      vertex -25.45074846286266 29.021016568688527 46
    endloop
  endfacet
  facet normal 0.6343932841636462 -0.7730104533627364 0
    outer loop
      vertex -25.45074846286266 29.021016568688527 3
      vertex -23.498191159736617 30.62343893524168 3
      vertex -23.498191159736617 30.62343893524168 46
    endloop
  endfacet
  facet normal 0.5824776968678012 -0.812846684591616 0
    outer loop
      vertex -23.498191159736617 30.62343893524168 3
      vertex -21.445010994556643 32.09472703487825 3
      vertex -21.445010994556643 32.09472703487825 46
    endloop
  endfacet
  facet normal 0 0 1
    outer loop
      vertex -19.3 -33.428580586079335 3
      vertex -17.07234344245345 34.61928782316177 3
      vertex -19.3 33.428580586079335 3
    endloop
  endfacet
  facet normal 0 0 1
    outer loop
      vertex -17.07234344245345 -34.61928782316177 3
      vertex -14.771580489292466 35.66174995493567 3
      vertex -17.07234344245345 34.61928782316177 3
    endloop
  endfacet
  facet normal 0 0 1
    outer loop
      vertex -14.771580489292466 -35.66174995493567 3
      vertex -12.407563360702039 36.55150299851108 3
      vertex -14.771580489292466 35.66174995493567 3
    endloop
  endfacet
  facet normal 0 0 1
    outer loop
      vertex -12.407563360702039 -36.55150299851108 3
      vertex -9.990415140957301 37.28473689475804 3
      vertex -12.407563360702039 36.55150299851108 3
    endloop
  endfacet
  facet normal 0 0 1
    outer loop
      vertex -9.990415140957301 -37.28473689475804 3
      vertex -7.530486429822551 37.8583118235647 3
      vertex -9.990415140957301 37.28473689475804 3
    endloop
  endfacet
  facet normal 0 0 1
    outer loop
      vertex -7.530486429822551 -37.8583118235647 3
      vertex -5.038311019693991 38.26977164902908 3
      vertex -7.530486429822551 37.8583118235647 3
    endloop
  endfacet
  facet normal 0 0 1
    outer loop
      vertex -5.038311019693991 -38.26977164902908 3
      vertex -2.524560788283522 38.5173544370101 3
      vertex -5.038311019693991 38.26977164902908 3
    endloop
  endfacet
  facet normal 0 0 1
    outer loop
      vertex -2.524560788283522 -38.5173544370101 3
      vertex 0 38.6 3
      vertex -2.524560788283522 38.5173544370101 3
    endloop
  endfacet
  facet normal 0.5280678506503692 -0.8492021815265781 0
    outer loop
      vertex -21.445010994556643 32.09472703487825 3
      vertex -19.3 33.428580586079335 3
      vertex -19.3 33.428580586079335 46
    endloop
  endfacet
  facet normal 0.4713967368259975 -0.8819212643483553 0
    outer loop
      vertex -19.3 33.428580586079335 3
      vertex -17.07234344245345 34.61928782316177 3
      vertex -17.07234344245345 34.61928782316177 46
    endloop
  endfacet
  facet normal 0.4127070298043953 -0.9108638249211756 0
    outer loop
      vertex -17.07234344245345 34.61928782316177 3
      vertex -14.771580489292466 35.66174995493567 3
      vertex -14.771580489292466 35.66174995493567 46
    endloop
  endfacet
  facet normal 0.3522500479212339 -0.9359059267573256 0
    outer loop
      vertex -14.771580489292466 35.66174995493567 3
      vertex -12.407563360702039 36.55150299851108 3
      vertex -12.407563360702039 36.55150299851108 46
    endloop
  endfacet
  facet normal 0.2902846772544624 -0.9569403357322088 0
    outer loop
      vertex -12.407563360702039 36.55150299851108 3
      vertex -9.990415140957301 37.28473689475804 3
      vertex -9.990415140957301 37.28473689475804 46
    endloop
  endfacet
  facet normal 0.2270762630343723 -0.9738769792773339 0
    outer loop
      vertex -9.990415140957301 37.28473689475804 3
      vertex -7.530486429822551 37.8583118235647 3
      vertex -7.530486429822551 37.8583118235647 46
    endloop
  endfacet
  facet normal 0.16289547339458765 -0.9866433320848792 0
    outer loop
      vertex -7.530486429822551 37.8583118235647 3
      vertex -5.038311019693991 38.26977164902908 3
      vertex -5.038311019693991 38.26977164902908 46
    endloop
  endfacet
  facet normal 0.09801714032956195 -0.9951847266721968 0
    outer loop
      vertex -5.038311019693991 38.26977164902908 3
      vertex -2.524560788283522 38.5173544370101 3
      vertex -2.524560788283522 38.5173544370101 46
    endloop
  endfacet
  facet normal 0.0327190828217755 -0.9994645874763657 0
    outer loop
      vertex -2.524560788283522 38.5173544370101 3
      vertex 0 38.6 3
      vertex 0 38.6 46
    endloop
  endfacet
  facet normal 0.9994645874763657 -0.0327190828217755 0
    outer loop
      vertex -38.6 0 3
      vertex -38.5173544370101 2.524560788283522 46
      vertex -38.6 0 46
    endloop
  endfacet
  facet normal 0.9951847266721968 -0.09801714032956195 0
    outer loop
      vertex -38.5173544370101 2.524560788283522 3
      vertex -38.26977164902908 5.038311019693991 46
      vertex -38.5173544370101 2.524560788283522 46
    endloop
  endfacet
  facet normal 0.9866433320848792 -0.16289547339458765 0
    outer loop
      vertex -38.26977164902908 5.038311019693991 3
      vertex -37.8583118235647 7.530486429822551 46
      vertex -38.26977164902908 5.038311019693991 46
    endloop
  endfacet
  facet normal 0.9738769792773339 -0.2270762630343723 0
    outer loop
      vertex -37.8583118235647 7.530486429822551 3
      vertex -37.28473689475804 9.990415140957301 46
      vertex -37.8583118235647 7.530486429822551 46
    endloop
  endfacet
  facet normal 0.9569403357322088 -0.2902846772544624 0
    outer loop
      vertex -37.28473689475804 9.990415140957301 3
      vertex -36.55150299851108 12.407563360702039 46
      vertex -37.28473689475804 9.990415140957301 46
    endloop
  endfacet
  facet normal 0.9359059267573256 -0.3522500479212339 0
    outer loop
      vertex -36.55150299851108 12.407563360702039 3
      vertex -35.66174995493567 14.771580489292466 46
      vertex -36.55150299851108 12.407563360702039 46
    endloop
  endfacet
  facet normal 0.9108638249211756 -0.4127070298043953 0
    outer loop
      vertex -35.66174995493567 14.771580489292466 3
      vertex -34.61928782316177 17.07234344245345 46
      vertex -35.66174995493567 14.771580489292466 46
    endloop
  endfacet
  facet normal 0.8819212643483553 -0.4713967368259975 0
    outer loop
      vertex -34.61928782316177 17.07234344245345 3
      vertex -33.428580586079335 19.3 46
      vertex -34.61928782316177 17.07234344245345 46
    endloop
  endfacet
  facet normal 0.8492021815265781 -0.5280678506503692 0
    outer loop
      vertex -33.428580586079335 19.3 3
      vertex -32.09472703487825 21.445010994556643 46
      vertex -33.428580586079335 19.3 46
    endloop
  endfacet
  facet normal 0.812846684591616 -0.5824776968678012 0
    outer loop
      vertex -32.09472703487825 21.445010994556643 3
      vertex -30.62343893524168 23.498191159736617 46
      vertex -32.09472703487825 21.445010994556643 46
    endloop
  endfacet
  facet normal 0.7730104533627364 -0.6343932841636462 0
    outer loop
      vertex -30.62343893524168 23.498191159736617 3
      vertex -29.021016568688527 25.45074846286266 46
      vertex -30.62343893524168 23.498191159736617 46
    endloop
  endfacet
  facet normal 0.7298640726978367 -0.6835923020228701 0
    outer loop
      vertex -29.021016568688527 25.45074846286266 3
      vertex -27.294321753800737 27.294321753800737 46
      vertex -29.021016568688527 25.45074846286266 46
    endloop
  endfacet
  facet normal 0.6835923020228701 -0.7298640726978367 0
    outer loop
      vertex -27.294321753800737 27.294321753800737 3
      vertex -25.45074846286266 29.021016568688527 46
      vertex -27.294321753800737 27.294321753800737 46
    endloop
  endfacet
  facet normal 0.6343932841636462 -0.7730104533627364 0
    outer loop
      vertex -25.45074846286266 29.021016568688527 3
      vertex -23.498191159736617 30.62343893524168 46
      vertex -25.45074846286266 29.021016568688527 46
    endloop
  endfacet
  facet normal 0.5824776968678012 -0.812846684591616 0
    outer loop
      vertex -23.498191159736617 30.62343893524168 3
      vertex -21.445010994556643 32.09472703487825 46
      vertex -23.498191159736617 30.62343893524168 46
    endloop
  endfacet
  facet normal 0.5280678506503692 -0.8492021815265781 0
    outer loop
      vertex -21.445010994556643 32.09472703487825 3
      vertex -19.3 33.428580586079335 46
      vertex -21.445010994556643 32.09472703487825 46
    endloop
  endfacet
  facet normal 0.4713967368259975 -0.8819212643483553 0
    outer loop
      vertex -19.3 33.428580586079335 3
      vertex -17.07234344245345 34.61928782316177 46
      vertex -19.3 33.428580586079335 46
    endloop
  endfacet
  facet normal 0.4127070298043953 -0.9108638249211756 0
    outer loop
      vertex -17.07234344245345 34.61928782316177 3
      vertex -14.771580489292466 35.66174995493567 46
      vertex -17.07234344245345 34.61928782316177 46
    endloop
  endfacet
  facet normal 0.3522500479212339 -0.9359059267573256 0
    outer loop
      vertex -14.771580489292466 35.66174995493567 3
      vertex -12.407563360702039 36.55150299851108 46
      vertex -14.771580489292466 35.66174995493567 46
    endloop
  endfacet
  facet normal 0.2902846772544624 -0.9569403357322088 0
    outer loop
      vertex -12.407563360702039 36.55150299851108 3
      vertex -9.990415140957301 37.28473689475804 46
      vertex -12.407563360702039 36.55150299851108 46
    endloop
  endfacet
  facet normal 0.2270762630343723 -0.9738769792773339 0
    outer loop
      vertex -9.990415140957301 37.28473689475804 3
      vertex -7.530486429822551 37.8583118235647 46
      vertex -9.990415140957301 37.28473689475804 46
    endloop
  endfacet
  facet normal 0.16289547339458765 -0.9866433320848792 0
    outer loop
      vertex -7.530486429822551 37.8583118235647 3
      vertex -5.038311019693991 38.26977164902908 46
      vertex -7.530486429822551 37.8583118235647 46
    endloop
  endfacet
  facet normal 0.09801714032956195 -0.9951847266721968 0
    outer loop
      vertex -5.038311019693991 38.26977164902908 3
      vertex -2.524560788283522 38.5173544370101 46
      vertex -5.038311019693991 38.26977164902908 46
    endloop
  endfacet
  facet normal 0.0327190828217755 -0.9994645874763657 0
    outer loop
      vertex -2.524560788283522 38.5173544370101 3
      vertex 0 38.6 46
      vertex -2.524560788283522 38.5173544370101 46
    endloop
  endfacet
  facet normal -0.0327190828217755 0.9994645874763657 0
    outer loop
      vertex 0 -38.6 3
      vertex 0 -38.6 46
      vertex 2.524560788283522 -38.5173544370101 3
    endloop
  endfacet
  facet normal -0.09801714032956195 0.9951847266721968 0
    outer loop
      vertex 2.524560788283522 -38.5173544370101 3
      vertex 2.524560788283522 -38.5173544370101 46
      vertex 5.038311019693991 -38.26977164902908 3
    endloop
  endfacet
  facet normal -0.16289547339458765 0.9866433320848792 0
    outer loop
      vertex 5.038311019693991 -38.26977164902908 3
      vertex 5.038311019693991 -38.26977164902908 46
      vertex 7.530486429822551 -37.8583118235647 3
    endloop
  endfacet
  facet normal -0.2270762630343723 0.9738769792773339 0
    outer loop
      vertex 7.530486429822551 -37.8583118235647 3
      vertex 7.530486429822551 -37.8583118235647 46
      vertex 9.990415140957301 -37.28473689475804 3
    endloop
  endfacet
  facet normal -0.2902846772544624 0.9569403357322088 0
    outer loop
      vertex 9.990415140957301 -37.28473689475804 3
      vertex 9.990415140957301 -37.28473689475804 46
      vertex 12.407563360702039 -36.55150299851108 3
    endloop
  endfacet
  facet normal -0.3522500479212339 0.9359059267573256 0
    outer loop
      vertex 12.407563360702039 -36.55150299851108 3
      vertex 12.407563360702039 -36.55150299851108 46
      vertex 14.771580489292466 -35.66174995493567 3
    endloop
  endfacet
  facet normal -0.4127070298043953 0.9108638249211756 0
    outer loop
      vertex 14.771580489292466 -35.66174995493567 3
      vertex 14.771580489292466 -35.66174995493567 46
      vertex 17.07234344245345 -34.61928782316177 3
    endloop
  endfacet
  facet normal -0.4713967368259975 0.8819212643483553 0
    outer loop
      vertex 17.07234344245345 -34.61928782316177 3
      vertex 17.07234344245345 -34.61928782316177 46
      vertex 19.3 -33.428580586079335 3
    endloop
  endfacet
  facet normal -0.5280678506503692 0.8492021815265781 0
    outer loop
      vertex 19.3 -33.428580586079335 3
      vertex 19.3 -33.428580586079335 46
      vertex 21.445010994556643 -32.09472703487825 3
    endloop
  endfacet
  facet normal 0 0 1
    outer loop
      vertex 0 -38.6 3
      vertex 2.524560788283522 -38.5173544370101 3
      vertex 2.524560788283522 38.5173544370101 3
    endloop
  endfacet
  facet normal 0 0 1
    outer loop
      vertex 2.524560788283522 -38.5173544370101 3
      vertex 5.038311019693991 -38.26977164902908 3
      vertex 5.038311019693991 38.26977164902908 3
    endloop
  endfacet
  facet normal 0 0 1
    outer loop
      vertex 5.038311019693991 -38.26977164902908 3
      vertex 7.530486429822551 -37.8583118235647 3
      vertex 7.530486429822551 37.8583118235647 3
    endloop
  endfacet
  facet normal 0 0 1
    outer loop
      vertex 7.530486429822551 -37.8583118235647 3
      vertex 9.990415140957301 -37.28473689475804 3
      vertex 9.990415140957301 37.28473689475804 3
    endloop
  endfacet
  facet normal 0 0 1
    outer loop
      vertex 9.990415140957301 -37.28473689475804 3
      vertex 12.407563360702039 -36.55150299851108 3
      vertex 12.407563360702039 36.55150299851108 3
    endloop
  endfacet
  facet normal 0 0 1
    outer loop
      vertex 12.407563360702039 -36.55150299851108 3
      vertex 14.771580489292466 -35.66174995493567 3
      vertex 14.771580489292466 35.66174995493567 3
    endloop
  endfacet
  facet normal 0 0 1
    outer loop
      vertex 14.771580489292466 -35.66174995493567 3
      vertex 17.07234344245345 -34.61928782316177 3
      vertex 17.07234344245345 34.61928782316177 3
    endloop
  endfacet
  facet normal 0 0 1
    outer loop
      vertex 17.07234344245345 -34.61928782316177 3
      vertex 19.3 -33.428580586079335 3
      vertex 19.3 33.428580586079335 3
    endloop
  endfacet
  facet normal -0.5824776968678012 0.812846684591616 0
    outer loop
      vertex 21.445010994556643 -32.09472703487825 3
      vertex 21.445010994556643 -32.09472703487825 46
      vertex 23.498191159736617 -30.62343893524168 3
    endloop
  endfacet
  facet normal -0.6343932841636462 0.7730104533627364 0
    outer loop
      vertex 23.498191159736617 -30.62343893524168 3
      vertex 23.498191159736617 -30.62343893524168 46
      vertex 25.45074846286266 -29.021016568688527 3
    endloop
  endfacet
  facet normal -0.6835923020228701 0.7298640726978367 0
    outer loop
      vertex 25.45074846286266 -29.021016568688527 3
      vertex 25.45074846286266 -29.021016568688527 46
      vertex 27.294321753800737 -27.294321753800737 3
    endloop
  endfacet
  facet normal -0.7298640726978367 0.6835923020228701 0
    outer loop
      vertex 27.294321753800737 -27.294321753800737 3
      vertex 27.294321753800737 -27.294321753800737 46
      vertex 29.021016568688527 -25.45074846286266 3
    endloop
  endfacet
  facet normal -0.7730104533627364 0.6343932841636462 0
    outer loop
      vertex 29.021016568688527 -25.45074846286266 3
      vertex 29.021016568688527 -25.45074846286266 46
      vertex 30.62343893524168 -23.498191159736617 3
    endloop
  endfacet
  facet normal -0.812846684591616 0.5824776968678012 0
    outer loop
      vertex 30.62343893524168 -23.498191159736617 3
      vertex 30.62343893524168 -23.498191159736617 46
      vertex 32.09472703487825 -21.445010994556643 3
    endloop
  endfacet
  facet normal -0.8492021815265781 0.5280678506503692 0
    outer loop
      vertex 32.09472703487825 -21.445010994556643 3
      vertex 32.09472703487825 -21.445010994556643 46
      vertex 33.428580586079335 -19.3 3
    endloop
  endfacet
  facet normal 0 0 1
    outer loop
      vertex 19.3 -33.428580586079335 3
      vertex 21.445010994556643 -32.09472703487825 3
      vertex 21.445010994556643 32.09472703487825 3
    endloop
  endfacet
  facet normal 0 0 1
    outer loop
      vertex 21.445010994556643 -32.09472703487825 3
      vertex 23.498191159736617 -30.62343893524168 3
      vertex 23.498191159736617 30.62343893524168 3
    endloop
  endfacet
  facet normal 0 0 1
    outer loop
      vertex 23.498191159736617 -30.62343893524168 3
      vertex 25.45074846286266 -29.021016568688527 3
      vertex 25.45074846286266 29.021016568688527 3
    endloop
  endfacet
  facet normal 0 0 1
    outer loop
      vertex 25.45074846286266 -29.021016568688527 3
      vertex 27.294321753800737 -27.294321753800737 3
      vertex 27.294321753800737 27.294321753800737 3
    endloop
  endfacet
  facet normal 0 0 1
    outer loop
      vertex 27.294321753800737 -27.294321753800737 3
      vertex 29.021016568688527 -25.45074846286266 3
      vertex 29.021016568688527 25.45074846286266 3
    endloop
  endfacet
  facet normal 0 0 1
    outer loop
      vertex 29.021016568688527 -25.45074846286266 3
      vertex 30.62343893524168 -23.498191159736617 3
      vertex 30.62343893524168 23.498191159736617 3
    endloop
  endfacet
  facet normal 0 0 1
    outer loop
      vertex 30.62343893524168 -23.498191159736617 3
      vertex 32.09472703487825 -21.445010994556643 3
      vertex 32.09472703487825 21.445010994556643 3
    endloop
  endfacet
  facet normal 0 0 1
    outer loop
      vertex 32.09472703487825 -21.445010994556643 3
      vertex 33.428580586079335 -19.3 3
      vertex 33.428580586079335 19.3 3
    endloop
  endfacet
  facet normal 0 0 1
    outer loop
      vertex 33.428580586079335 -19.3 3
      vertex 34.61928782316177 -17.07234344245345 3
      vertex 34.61928782316177 17.07234344245345 3
    endloop
  endfacet
  facet normal 0 0 1
    outer loop
      vertex 34.61928782316177 -17.07234344245345 3
      vertex 35.66174995493567 -14.771580489292466 3
      vertex 35.66174995493567 14.771580489292466 3
    endloop
  endfacet
  facet normal 0 0 1
    outer loop
      vertex 35.66174995493567 -14.771580489292466 3
      vertex 36.55150299851108 -12.407563360702039 3
      vertex 36.55150299851108 12.407563360702039 3
    endloop
  endfacet
  facet normal 0 0 1
    outer loop
      vertex 36.55150299851108 -12.407563360702039 3
      vertex 37.28473689475804 -9.990415140957301 3
      vertex 37.28473689475804 9.990415140957301 3
    endloop
  endfacet
  facet normal 0 0 1
    outer loop
      vertex 37.28473689475804 -9.990415140957301 3
      vertex 37.8583118235647 -7.530486429822551 3
      vertex 37.8583118235647 7.530486429822551 3
    endloop
  endfacet
  facet normal 0 0 1
    outer loop
      vertex 37.8583118235647 -7.530486429822551 3
      vertex 38.26977164902908 -5.038311019693991 3
      vertex 38.26977164902908 5.038311019693991 3
    endloop
  endfacet
  facet normal 0 0 1
    outer loop
      vertex 38.26977164902908 -5.038311019693991 3
      vertex 38.5173544370101 -2.524560788283522 3
      vertex 38.5173544370101 2.524560788283522 3
    endloop
  endfacet
  facet normal -0.8819212643483553 0.4713967368259975 0
    outer loop
      vertex 33.428580586079335 -19.3 3
      vertex 33.428580586079335 -19.3 46
      vertex 34.61928782316177 -17.07234344245345 3
    endloop
  endfacet
  facet normal -0.9108638249211756 0.4127070298043953 0
    outer loop
      vertex 34.61928782316177 -17.07234344245345 3
      vertex 34.61928782316177 -17.07234344245345 46
      vertex 35.66174995493567 -14.771580489292466 3
    endloop
  endfacet
  facet normal -0.9359059267573256 0.3522500479212339 0
    outer loop
      vertex 35.66174995493567 -14.771580489292466 3
      vertex 35.66174995493567 -14.771580489292466 46
      vertex 36.55150299851108 -12.407563360702039 3
    endloop
  endfacet
  facet normal -0.9569403357322088 0.2902846772544624 0
    outer loop
      vertex 36.55150299851108 -12.407563360702039 3
      vertex 36.55150299851108 -12.407563360702039 46
      vertex 37.28473689475804 -9.990415140957301 3
    endloop
  endfacet
  facet normal -0.9738769792773339 0.2270762630343723 0
    outer loop
      vertex 37.28473689475804 -9.990415140957301 3
      vertex 37.28473689475804 -9.990415140957301 46
      vertex 37.8583118235647 -7.530486429822551 3
    endloop
  endfacet
  facet normal -0.9866433320848792 0.16289547339458765 0
    outer loop
      vertex 37.8583118235647 -7.530486429822551 3
      vertex 37.8583118235647 -7.530486429822551 46
      vertex 38.26977164902908 -5.038311019693991 3
    endloop
  endfacet
  facet normal -0.9951847266721968 0.09801714032956195 0
    outer loop
      vertex 38.26977164902908 -5.038311019693991 3
      vertex 38.26977164902908 -5.038311019693991 46
      vertex 38.5173544370101 -2.524560788283522 3
    endloop
  endfacet
  facet normal -0.9994645874763657 0.0327190828217755 0
    outer loop
      vertex 38.5173544370101 -2.524560788283522 3
      vertex 38.5173544370101 -2.524560788283522 46
      vertex 38.6 0 3
    endloop
  endfacet
  facet normal -0.0327190828217755 0.9994645874763657 0
    outer loop
      vertex 2.524560788283522 -38.5173544370101 3
      vertex 0 -38.6 46
      vertex 2.524560788283522 -38.5173544370101 46
    endloop
  endfacet
  facet normal -0.09801714032956195 0.9951847266721968 0
    outer loop
      vertex 5.038311019693991 -38.26977164902908 3
      vertex 2.524560788283522 -38.5173544370101 46
      vertex 5.038311019693991 -38.26977164902908 46
    endloop
  endfacet
  facet normal -0.16289547339458765 0.9866433320848792 0
    outer loop
      vertex 7.530486429822551 -37.8583118235647 3
      vertex 5.038311019693991 -38.26977164902908 46
      vertex 7.530486429822551 -37.8583118235647 46
    endloop
  endfacet
  facet normal -0.2270762630343723 0.9738769792773339 0
    outer loop
      vertex 9.990415140957301 -37.28473689475804 3
      vertex 7.530486429822551 -37.8583118235647 46
      vertex 9.990415140957301 -37.28473689475804 46
    endloop
  endfacet
  facet normal -0.2902846772544624 0.9569403357322088 0
    outer loop
      vertex 12.407563360702039 -36.55150299851108 3
      vertex 9.990415140957301 -37.28473689475804 46
      vertex 12.407563360702039 -36.55150299851108 46
    endloop
  endfacet
  facet normal -0.3522500479212339 0.9359059267573256 0
    outer loop
      vertex 14.771580489292466 -35.66174995493567 3
      vertex 12.407563360702039 -36.55150299851108 46
      vertex 14.771580489292466 -35.66174995493567 46
    endloop
  endfacet
  facet normal -0.4127070298043953 0.9108638249211756 0
    outer loop
      vertex 17.07234344245345 -34.61928782316177 3
      vertex 14.771580489292466 -35.66174995493567 46
      vertex 17.07234344245345 -34.61928782316177 46
    endloop
  endfacet
  facet normal -0.4713967368259975 0.8819212643483553 0
    outer loop
      vertex 19.3 -33.428580586079335 3
      vertex 17.07234344245345 -34.61928782316177 46
      vertex 19.3 -33.428580586079335 46
    endloop
  endfacet
  facet normal -0.5280678506503692 0.8492021815265781 0
    outer loop
      vertex 21.445010994556643 -32.09472703487825 3
      vertex 19.3 -33.428580586079335 46
      vertex 21.445010994556643 -32.09472703487825 46
    endloop
  endfacet
  facet normal -0.5824776968678012 0.812846684591616 0
    outer loop
      vertex 23.498191159736617 -30.62343893524168 3
      vertex 21.445010994556643 -32.09472703487825 46
      vertex 23.498191159736617 -30.62343893524168 46
    endloop
  endfacet
  facet normal -0.6343932841636462 0.7730104533627364 0
    outer loop
      vertex 25.45074846286266 -29.021016568688527 3
      vertex 23.498191159736617 -30.62343893524168 46
      vertex 25.45074846286266 -29.021016568688527 46
    endloop
  endfacet
  facet normal -0.6835923020228701 0.7298640726978367 0
    outer loop
      vertex 27.294321753800737 -27.294321753800737 3
      vertex 25.45074846286266 -29.021016568688527 46
      vertex 27.294321753800737 -27.294321753800737 46
    endloop
  endfacet
  facet normal -0.7298640726978367 0.6835923020228701 0
    outer loop
      vertex 29.021016568688527 -25.45074846286266 3
      vertex 27.294321753800737 -27.294321753800737 46
      vertex 29.021016568688527 -25.45074846286266 46
    endloop
  endfacet
  facet normal -0.7730104533627364 0.6343932841636462 0
    outer loop
      vertex 30.62343893524168 -23.498191159736617 3
      vertex 29.021016568688527 -25.45074846286266 46
      vertex 30.62343893524168 -23.498191159736617 46
    endloop
  endfacet
  facet normal -0.812846684591616 0.5824776968678012 0
    outer loop
      vertex 32.09472703487825 -21.445010994556643 3
      vertex 30.62343893524168 -23.498191159736617 46
      vertex 32.09472703487825 -21.445010994556643 46
    endloop
  endfacet
  facet normal -0.8492021815265781 0.5280678506503692 0
    outer loop
      vertex 33.428580586079335 -19.3 3
      vertex 32.09472703487825 -21.445010994556643 46
      vertex 33.428580586079335 -19.3 46
    endloop
  endfacet
  facet normal -0.8819212643483553 0.4713967368259975 0
    outer loop
      vertex 34.61928782316177 -17.07234344245345 3
      vertex 33.428580586079335 -19.3 46
      vertex 34.61928782316177 -17.07234344245345 46
    endloop
  endfacet
  facet normal -0.9108638249211756 0.4127070298043953 0
    outer loop
      vertex 35.66174995493567 -14.771580489292466 3
      vertex 34.61928782316177 -17.07234344245345 46
      vertex 35.66174995493567 -14.771580489292466 46
    endloop
  endfacet
  facet normal -0.9359059267573256 0.3522500479212339 0
    outer loop
      vertex 36.55150299851108 -12.407563360702039 3
      vertex 35.66174995493567 -14.771580489292466 46
      vertex 36.55150299851108 -12.407563360702039 46
    endloop
  endfacet
  facet normal -0.9569403357322088 0.2902846772544624 0
    outer loop
      vertex 37.28473689475804 -9.990415140957301 3
      vertex 36.55150299851108 -12.407563360702039 46
      vertex 37.28473689475804 -9.990415140957301 46
    endloop
  endfacet
  facet normal -0.9738769792773339 0.2270762630343723 0
    outer loop
      vertex 37.8583118235647 -7.530486429822551 3
      vertex 37.28473689475804 -9.990415140957301 46
      vertex 37.8583118235647 -7.530486429822551 46
    endloop
  endfacet
  facet normal -0.9866433320848792 0.16289547339458765 0
    outer loop
      vertex 38.26977164902908 -5.038311019693991 3
      vertex 37.8583118235647 -7.530486429822551 46
      vertex 38.26977164902908 -5.038311019693991 46
    endloop
  endfacet
  facet normal -0.9951847266721968 0.09801714032956195 0
    outer loop
      vertex 38.5173544370101 -2.524560788283522 3
      vertex 38.26977164902908 -5.038311019693991 46
      vertex 38.5173544370101 -2.524560788283522 46
    endloop
  endfacet
  facet normal -0.9994645874763657 0.0327190828217755 0
    outer loop
      vertex 38.6 0 3
      vertex 38.5173544370101 -2.524560788283522 46
      vertex 38.6 0 46
    endloop
  endfacet
  facet normal 0 0 1
    outer loop
      vertex 0 -38.6 3
      vertex 2.524560788283522 38.5173544370101 3
      vertex 0 38.6 3
    endloop
  endfacet
  facet normal 0 0 1
    outer loop
      vertex 2.524560788283522 -38.5173544370101 3
      vertex 5.038311019693991 38.26977164902908 3
      vertex 2.524560788283522 38.5173544370101 3
    endloop
  endfacet
  facet normal 0 0 1
    outer loop
      vertex 5.038311019693991 -38.26977164902908 3
      vertex 7.530486429822551 37.8583118235647 3
      vertex 5.038311019693991 38.26977164902908 3
    endloop
  endfacet
  facet normal 0 0 1
    outer loop
      vertex 7.530486429822551 -37.8583118235647 3
      vertex 9.990415140957301 37.28473689475804 3
      vertex 7.530486429822551 37.8583118235647 3
    endloop
  endfacet
  facet normal 0 0 1
    outer loop
      vertex 9.990415140957301 -37.28473689475804 3
      vertex 12.407563360702039 36.55150299851108 3
      vertex 9.990415140957301 37.28473689475804 3
    endloop
  endfacet
  facet normal 0 0 1
    outer loop
      vertex 12.407563360702039 -36.55150299851108 3
      vertex 14.771580489292466 35.66174995493567 3
      vertex 12.407563360702039 36.55150299851108 3
    endloop
  endfacet
  facet normal 0 0 1
    outer loop
      vertex 14.771580489292466 -35.66174995493567 3
      vertex 17.07234344245345 34.61928782316177 3
      vertex 14.771580489292466 35.66174995493567 3
    endloop
  endfacet
  facet normal 0 0 1
    outer loop
      vertex 17.07234344245345 -34.61928782316177 3
      vertex 19.3 33.428580586079335 3
      vertex 17.07234344245345 34.61928782316177 3
    endloop
  endfacet
  facet normal 0 0 1
    outer loop
      vertex 19.3 -33.428580586079335 3
      vertex 21.445010994556643 32.09472703487825 3
      vertex 19.3 33.428580586079335 3
    endloop
  endfacet
  facet normal -0.0327190828217755 -0.9994645874763657 0
    outer loop
      vertex 0 38.6 3
      vertex 2.524560788283522 38.5173544370101 3
      vertex 2.524560788283522 38.5173544370101 46
    endloop
  endfacet
  facet normal -0.09801714032956195 -0.9951847266721968 0
    outer loop
      vertex 2.524560788283522 38.5173544370101 3
      vertex 5.038311019693991 38.26977164902908 3
      vertex 5.038311019693991 38.26977164902908 46
    endloop
  endfacet
  facet normal -0.16289547339458765 -0.9866433320848792 0
    outer loop
      vertex 5.038311019693991 38.26977164902908 3
      vertex 7.530486429822551 37.8583118235647 3
      vertex 7.530486429822551 37.8583118235647 46
    endloop
  endfacet
  facet normal -0.2270762630343723 -0.9738769792773339 0
    outer loop
      vertex 7.530486429822551 37.8583118235647 3
      vertex 9.990415140957301 37.28473689475804 3
      vertex 9.990415140957301 37.28473689475804 46
    endloop
  endfacet
  facet normal -0.2902846772544624 -0.9569403357322088 0
    outer loop
      vertex 9.990415140957301 37.28473689475804 3
      vertex 12.407563360702039 36.55150299851108 3
      vertex 12.407563360702039 36.55150299851108 46
    endloop
  endfacet
  facet normal -0.3522500479212339 -0.9359059267573256 0
    outer loop
      vertex 12.407563360702039 36.55150299851108 3
      vertex 14.771580489292466 35.66174995493567 3
      vertex 14.771580489292466 35.66174995493567 46
    endloop
  endfacet
  facet normal -0.4127070298043953 -0.9108638249211756 0
    outer loop
      vertex 14.771580489292466 35.66174995493567 3
      vertex 17.07234344245345 34.61928782316177 3
      vertex 17.07234344245345 34.61928782316177 46
    endloop
  endfacet
  facet normal -0.4713967368259975 -0.8819212643483553 0
    outer loop
      vertex 17.07234344245345 34.61928782316177 3
      vertex 19.3 33.428580586079335 3
      vertex 19.3 33.428580586079335 46
    endloop
  endfacet
  facet normal 0 0 1
    outer loop
      vertex 21.445010994556643 -32.09472703487825 3
      vertex 23.498191159736617 30.62343893524168 3
      vertex 21.445010994556643 32.09472703487825 3
    endloop
  endfacet
  facet normal 0 0 1
    outer loop
      vertex 23.498191159736617 -30.62343893524168 3
      vertex 25.45074846286266 29.021016568688527 3
      vertex 23.498191159736617 30.62343893524168 3
    endloop
  endfacet
  facet normal 0 0 1
    outer loop
      vertex 25.45074846286266 -29.021016568688527 3
      vertex 27.294321753800737 27.294321753800737 3
      vertex 25.45074846286266 29.021016568688527 3
    endloop
  endfacet
  facet normal 0 0 1
    outer loop
      vertex 27.294321753800737 -27.294321753800737 3
      vertex 29.021016568688527 25.45074846286266 3
      vertex 27.294321753800737 27.294321753800737 3
    endloop
  endfacet
  facet normal 0 0 1
    outer loop
      vertex 29.021016568688527 -25.45074846286266 3
      vertex 30.62343893524168 23.498191159736617 3
      vertex 29.021016568688527 25.45074846286266 3
    endloop
  endfacet
  facet normal 0 0 1
    outer loop
      vertex 34.61928782316177 -17.07234344245345 3
      vertex 35.66174995493567 14.771580489292466 3
      vertex 34.61928782316177 17.07234344245345 3
    endloop
  endfacet
  facet normal 0 0 1
    outer loop
      vertex 30.62343893524168 -23.498191159736617 3
      vertex 32.09472703487825 21.445010994556643 3
      vertex 30.62343893524168 23.498191159736617 3
    endloop
  endfacet
  facet normal 0 0 1
    outer loop
      vertex 32.09472703487825 -21.445010994556643 3
      vertex 33.428580586079335 19.3 3
      vertex 32.09472703487825 21.445010994556643 3
    endloop
  endfacet
  facet normal 0 0 1
    outer loop
      vertex 33.428580586079335 -19.3 3
      vertex 34.61928782316177 17.07234344245345 3
      vertex 33.428580586079335 19.3 3
    endloop
  endfacet
  facet normal 0 0 1
    outer loop
      vertex 38.26977164902908 -5.038311019693991 3
      vertex 38.5173544370101 2.524560788283522 3
      vertex 38.26977164902908 5.038311019693991 3
    endloop
  endfacet
  facet normal 0 0 1
    outer loop
      vertex 37.28473689475804 -9.990415140957301 3
      vertex 37.8583118235647 7.530486429822551 3
      vertex 37.28473689475804 9.990415140957301 3
    endloop
  endfacet
  facet normal 0 0 1
    outer loop
      vertex 37.8583118235647 -7.530486429822551 3
      vertex 38.26977164902908 5.038311019693991 3
      vertex 37.8583118235647 7.530486429822551 3
    endloop
  endfacet
  facet normal 0 0 1
    outer loop
      vertex 36.55150299851108 -12.407563360702039 3
      vertex 37.28473689475804 9.990415140957301 3
      vertex 36.55150299851108 12.407563360702039 3
    endloop
  endfacet
  facet normal 0 0 1
    outer loop
      vertex 35.66174995493567 -14.771580489292466 3
      vertex 36.55150299851108 12.407563360702039 3
      vertex 35.66174995493567 14.771580489292466 3
    endloop
  endfacet
  facet normal 0 0 1
    outer loop
      vertex 38.5173544370101 -2.524560788283522 3
      vertex 38.6 0 3
      vertex 38.5173544370101 2.524560788283522 3
    endloop
  endfacet
  facet normal -0.9951847266721968 -0.09801714032956195 0
    outer loop
      vertex 38.5173544370101 2.524560788283522 3
      vertex 38.5173544370101 2.524560788283522 46
      vertex 38.26977164902908 5.038311019693991 3
    endloop
  endfacet
  facet normal -0.9994645874763657 -0.0327190828217755 0
    outer loop
      vertex 38.6 0 3
      vertex 38.6 0 46
      vertex 38.5173544370101 2.524560788283522 3
    endloop
  endfacet
  facet normal -0.9866433320848792 -0.16289547339458765 0
    outer loop
      vertex 38.26977164902908 5.038311019693991 3
      vertex 38.26977164902908 5.038311019693991 46
      vertex 37.8583118235647 7.530486429822551 3
    endloop
  endfacet
  facet normal -0.9738769792773339 -0.2270762630343723 0
    outer loop
      vertex 37.8583118235647 7.530486429822551 3
      vertex 37.8583118235647 7.530486429822551 46
      vertex 37.28473689475804 9.990415140957301 3
    endloop
  endfacet
  facet normal -0.8492021815265781 -0.5280678506503692 0
    outer loop
      vertex 32.09472703487825 21.445010994556643 3
      vertex 33.428580586079335 19.3 3
      vertex 33.428580586079335 19.3 46
    endloop
  endfacet
  facet normal -0.8819212643483553 -0.4713967368259975 0
    outer loop
      vertex 34.61928782316177 17.07234344245345 3
      vertex 34.61928782316177 17.07234344245345 46
      vertex 33.428580586079335 19.3 3
    endloop
  endfacet
  facet normal -0.9108638249211756 -0.4127070298043953 0
    outer loop
      vertex 35.66174995493567 14.771580489292466 3
      vertex 35.66174995493567 14.771580489292466 46
      vertex 34.61928782316177 17.07234344245345 3
    endloop
  endfacet
  facet normal -0.9569403357322088 -0.2902846772544624 0
    outer loop
      vertex 37.28473689475804 9.990415140957301 3
      vertex 37.28473689475804 9.990415140957301 46
      vertex 36.55150299851108 12.407563360702039 3
    endloop
  endfacet
  facet normal -0.9359059267573256 -0.3522500479212339 0
    outer loop
      vertex 36.55150299851108 12.407563360702039 3
      vertex 36.55150299851108 12.407563360702039 46
      vertex 35.66174995493567 14.771580489292466 3
    endloop
  endfacet
  facet normal -0.6343932841636462 -0.7730104533627364 0
    outer loop
      vertex 23.498191159736617 30.62343893524168 3
      vertex 25.45074846286266 29.021016568688527 3
      vertex 25.45074846286266 29.021016568688527 46
    endloop
  endfacet
  facet normal -0.7730104533627364 -0.6343932841636462 0
    outer loop
      vertex 30.62343893524168 23.498191159736617 3
      vertex 30.62343893524168 23.498191159736617 46
      vertex 29.021016568688527 25.45074846286266 3
    endloop
  endfacet
  facet normal -0.6835923020228701 -0.7298640726978367 0
    outer loop
      vertex 27.294321753800737 27.294321753800737 3
      vertex 27.294321753800737 27.294321753800737 46
      vertex 25.45074846286266 29.021016568688527 3
    endloop
  endfacet
  facet normal -0.7298640726978367 -0.6835923020228701 0
    outer loop
      vertex 27.294321753800737 27.294321753800737 3
      vertex 29.021016568688527 25.45074846286266 3
      vertex 29.021016568688527 25.45074846286266 46
    endloop
  endfacet
  facet normal -0.5280678506503692 -0.8492021815265781 0
    outer loop
      vertex 19.3 33.428580586079335 3
      vertex 21.445010994556643 32.09472703487825 3
      vertex 21.445010994556643 32.09472703487825 46
    endloop
  endfacet
  facet normal -0.5824776968678012 -0.812846684591616 0
    outer loop
      vertex 21.445010994556643 32.09472703487825 3
      vertex 23.498191159736617 30.62343893524168 3
      vertex 23.498191159736617 30.62343893524168 46
    endloop
  endfacet
  facet normal -0.812846684591616 -0.5824776968678012 0
    outer loop
      vertex 30.62343893524168 23.498191159736617 3
      vertex 32.09472703487825 21.445010994556643 3
      vertex 32.09472703487825 21.445010994556643 46
    endloop
  endfacet
  facet normal -0.0327190828217755 -0.9994645874763657 0
    outer loop
      vertex 0 38.6 3
      vertex 2.524560788283522 38.5173544370101 46
      vertex 0 38.6 46
    endloop
  endfacet
  facet normal -0.09801714032956195 -0.9951847266721968 0
    outer loop
      vertex 2.524560788283522 38.5173544370101 3
      vertex 5.038311019693991 38.26977164902908 46
      vertex 2.524560788283522 38.5173544370101 46
    endloop
  endfacet
  facet normal -0.16289547339458765 -0.9866433320848792 0
    outer loop
      vertex 5.038311019693991 38.26977164902908 3
      vertex 7.530486429822551 37.8583118235647 46
      vertex 5.038311019693991 38.26977164902908 46
    endloop
  endfacet
  facet normal -0.2270762630343723 -0.9738769792773339 0
    outer loop
      vertex 7.530486429822551 37.8583118235647 3
      vertex 9.990415140957301 37.28473689475804 46
      vertex 7.530486429822551 37.8583118235647 46
    endloop
  endfacet
  facet normal -0.2902846772544624 -0.9569403357322088 0
    outer loop
      vertex 9.990415140957301 37.28473689475804 3
      vertex 12.407563360702039 36.55150299851108 46
      vertex 9.990415140957301 37.28473689475804 46
    endloop
  endfacet
  facet normal -0.3522500479212339 -0.9359059267573256 0
    outer loop
      vertex 12.407563360702039 36.55150299851108 3
      vertex 14.771580489292466 35.66174995493567 46
      vertex 12.407563360702039 36.55150299851108 46
    endloop
  endfacet
  facet normal -0.4127070298043953 -0.9108638249211756 0
    outer loop
      vertex 14.771580489292466 35.66174995493567 3
      vertex 17.07234344245345 34.61928782316177 46
      vertex 14.771580489292466 35.66174995493567 46
    endloop
  endfacet
  facet normal -0.4713967368259975 -0.8819212643483553 0
    outer loop
      vertex 17.07234344245345 34.61928782316177 3
      vertex 19.3 33.428580586079335 46
      vertex 17.07234344245345 34.61928782316177 46
    endloop
  endfacet
  facet normal -0.5280678506503692 -0.8492021815265781 0
    outer loop
      vertex 19.3 33.428580586079335 3
      vertex 21.445010994556643 32.09472703487825 46
      vertex 19.3 33.428580586079335 46
    endloop
  endfacet
  facet normal -0.9951847266721968 -0.09801714032956195 0
    outer loop
      vertex 38.26977164902908 5.038311019693991 3
      vertex 38.5173544370101 2.524560788283522 46
      vertex 38.26977164902908 5.038311019693991 46
    endloop
  endfacet
  facet normal -0.9994645874763657 -0.0327190828217755 0
    outer loop
      vertex 38.5173544370101 2.524560788283522 3
      vertex 38.6 0 46
      vertex 38.5173544370101 2.524560788283522 46
    endloop
  endfacet
  facet normal -0.9866433320848792 -0.16289547339458765 0
    outer loop
      vertex 37.8583118235647 7.530486429822551 3
      vertex 38.26977164902908 5.038311019693991 46
      vertex 37.8583118235647 7.530486429822551 46
    endloop
  endfacet
  facet normal -0.9738769792773339 -0.2270762630343723 0
    outer loop
      vertex 37.28473689475804 9.990415140957301 3
      vertex 37.8583118235647 7.530486429822551 46
      vertex 37.28473689475804 9.990415140957301 46
    endloop
  endfacet
  facet normal -0.9108638249211756 -0.4127070298043953 0
    outer loop
      vertex 34.61928782316177 17.07234344245345 3
      vertex 35.66174995493567 14.771580489292466 46
      vertex 34.61928782316177 17.07234344245345 46
    endloop
  endfacet
  facet normal -0.8819212643483553 -0.4713967368259975 0
    outer loop
      vertex 33.428580586079335 19.3 3
      vertex 34.61928782316177 17.07234344245345 46
      vertex 33.428580586079335 19.3 46
    endloop
  endfacet
  facet normal -0.9569403357322088 -0.2902846772544624 0
    outer loop
      vertex 36.55150299851108 12.407563360702039 3
      vertex 37.28473689475804 9.990415140957301 46
      vertex 36.55150299851108 12.407563360702039 46
    endloop
  endfacet
  facet normal -0.9359059267573256 -0.3522500479212339 0
    outer loop
      vertex 35.66174995493567 14.771580489292466 3
      vertex 36.55150299851108 12.407563360702039 46
      vertex 35.66174995493567 14.771580489292466 46
    endloop
  endfacet
  facet normal -0.6343932841636462 -0.7730104533627364 0
    outer loop
      vertex 23.498191159736617 30.62343893524168 3
      vertex 25.45074846286266 29.021016568688527 46
      vertex 23.498191159736617 30.62343893524168 46
    endloop
  endfacet
  facet normal -0.7730104533627364 -0.6343932841636462 0
    outer loop
      vertex 29.021016568688527 25.45074846286266 3
      vertex 30.62343893524168 23.498191159736617 46
      vertex 29.021016568688527 25.45074846286266 46
    endloop
  endfacet
  facet normal -0.7298640726978367 -0.6835923020228701 0
    outer loop
      vertex 27.294321753800737 27.294321753800737 3
      vertex 29.021016568688527 25.45074846286266 46
      vertex 27.294321753800737 27.294321753800737 46
    endloop
  endfacet
  facet normal -0.6835923020228701 -0.7298640726978367 0
    outer loop
      vertex 25.45074846286266 29.021016568688527 3
      vertex 27.294321753800737 27.294321753800737 46
      vertex 25.45074846286266 29.021016568688527 46
    endloop
  endfacet
  facet normal -0.5824776968678012 -0.812846684591616 0
    outer loop
      vertex 21.445010994556643 32.09472703487825 3
      vertex 23.498191159736617 30.62343893524168 46
      vertex 21.445010994556643 32.09472703487825 46
    endloop
  endfacet
  facet normal -0.812846684591616 -0.5824776968678012 0
    outer loop
      vertex 30.62343893524168 23.498191159736617 3
      vertex 32.09472703487825 21.445010994556643 46
      vertex 30.62343893524168 23.498191159736617 46
    endloop
  endfacet
  facet normal -0.8492021815265781 -0.5280678506503692 0
    outer loop
      vertex 32.09472703487825 21.445010994556643 3
      vertex 33.428580586079335 19.3 46
      vertex 32.09472703487825 21.445010994556643 46
    endloop
  endfacet
endsolid OpenSCAD_Model
