solid OpenSCAD_Model
  facet normal 0 0 -1
    outer loop
      vertex 71.70811230728214 -28.45077192156797 10
      vertex 69.91680336643321 -26.268055661726294 10
      vertex 73.21179192224008 -27.13208029136783 10
    endloop
  endfacet
  facet normal 0 0 -1
    outer loop
      vertex 68.27208622914517 -23.97285555479583 10
      vertex 66.78100382670148 -21.575 10
      vertex 68.51305463427036 -20.575 10
    endloop
  endfacet
  facet normal 0 0 -1
    outer loop
      vertex 68.27208622914517 -23.97285555479583 10
      vertex 68.51305463427036 -20.575 10
      vertex 69.93502545375027 -22.86171508875663 10
    endloop
  endfacet
  facet normal 0 0 -1
    outer loop
      vertex 68.27208622914517 -23.97285555479583 10
      vertex 69.93502545375027 -22.86171508875663 10
      vertex 69.91680336643321 -26.268055661726294 10
    endloop
  endfacet
  facet normal 0 0 -1
    outer loop
      vertex 69.91680336643321 -26.268055661726294 10
      vertex 71.50351004701568 -25.050532803708855 10
      vertex 73.21179192224008 -27.13208029136783 10
    endloop
  endfacet
  facet normal 0 0 -1
    outer loop
      vertex 69.91680336643321 -26.268055661726294 10
      vertex 69.93502545375027 -22.86171508875663 10
      vertex 71.50351004701568 -25.050532803708855 10
    endloop
  endfacet
  facet normal -0.7730104533627372 -0.6343932841636452 0
    outer loop
      vertex 71.70811230728214 -28.45077192156797 10
      vertex 69.91680336643321 -26.268055661726294 20
      vertex 69.91680336643321 -26.268055661726294 10
    endloop
  endfacet
  facet normal -0.8128466845916137 -0.5824776968678043 0
    outer loop
      vertex 68.27208622914517 -23.97285555479583 10
      vertex 69.91680336643321 -26.268055661726294 10
      vertex 68.27208622914517 -23.97285555479583 20
    endloop
  endfacet
  facet normal -0.8492021815265794 -0.5280678506503671 0
    outer loop
      vertex 68.27208622914517 -23.97285555479583 10
      vertex 66.78100382670148 -21.575 20
      vertex 66.78100382670148 -21.575 10
    endloop
  endfacet
  facet normal 0 0 -1
    outer loop
      vertex 75.69922807843204 -32.44188769271787 10
      vertex 79.09946719629116 -32.646489952984325 10
      vertex 77.88194433827371 -34.2331966335668 10
    endloop
  endfacet
  facet normal 0 0 -1
    outer loop
      vertex 77.88194433827371 -34.2331966335668 10
      vertex 81.28828491124338 -34.214974546249735 10
      vertex 80.17714444520418 -35.877913770854825 10
    endloop
  endfacet
  facet normal 0 0 -1
    outer loop
      vertex 77.88194433827371 -34.2331966335668 10
      vertex 79.09946719629116 -32.646489952984325 10
      vertex 81.28828491124338 -34.214974546249735 10
    endloop
  endfacet
  facet normal 0 0 -1
    outer loop
      vertex 80.17714444520418 -35.877913770854825 10
      vertex 81.28828491124338 -34.214974546249735 10
      vertex 83.575 -35.636945365729645 10
    endloop
  endfacet
  facet normal 0 0 -1
    outer loop
      vertex 80.17714444520418 -35.877913770854825 10
      vertex 83.575 -35.636945365729645 10
      vertex 82.575 -37.36899617329853 10
    endloop
  endfacet
  facet normal -0.6343932841636479 -0.773010453362735 0
    outer loop
      vertex 75.69922807843204 -32.44188769271787 10
      vertex 77.88194433827371 -34.2331966335668 10
      vertex 77.88194433827371 -34.2331966335668 20
    endloop
  endfacet
  facet normal -0.5824776968678004 -0.8128466845916166 0
    outer loop
      vertex 77.88194433827371 -34.2331966335668 10
      vertex 80.17714444520418 -35.877913770854825 10
      vertex 80.17714444520418 -35.877913770854825 20
    endloop
  endfacet
  facet normal -0.5280678506503701 -0.8492021815265777 0
    outer loop
      vertex 80.17714444520418 -35.877913770854825 10
      vertex 82.575 -37.36899617329853 10
      vertex 82.575 -37.36899617329853 20
    endloop
  endfacet
  facet normal 0 0 -1
    outer loop
      vertex 71.70811230728214 -28.45077192156797 10
      vertex 75.05255595417357 -29.097444045826432 10
      vertex 73.63834239180048 -30.511657608199528 10
    endloop
  endfacet
  facet normal 0 0 -1
    outer loop
      vertex 71.70811230728214 -28.45077192156797 10
      vertex 73.21179192224008 -27.13208029136783 10
      vertex 75.05255595417357 -29.097444045826432 10
    endloop
  endfacet
  facet normal 0 0 -1
    outer loop
      vertex 75.69922807843204 -32.44188769271787 10
      vertex 73.63834239180048 -30.511657608199528 10
      vertex 77.01791970863218 -30.938208077759917 10
    endloop
  endfacet
  facet normal 0 0 -1
    outer loop
      vertex 73.63834239180048 -30.511657608199528 10
      vertex 75.05255595417357 -29.097444045826432 10
      vertex 77.01791970863218 -30.938208077759917 10
    endloop
  endfacet
  facet normal 0 0 -1
    outer loop
      vertex 75.69922807843204 -32.44188769271787 10
      vertex 77.01791970863218 -30.938208077759917 10
      vertex 79.09946719629116 -32.646489952984325 10
    endloop
  endfacet
  facet normal -0.7298640726978374 -0.6835923020228694 0
    outer loop
      vertex 71.70811230728214 -28.45077192156797 10
      vertex 73.63834239180048 -30.511657608199528 10
      vertex 71.70811230728214 -28.45077192156797 20
    endloop
  endfacet
  facet normal -0.6835923020228681 -0.7298640726978386 0
    outer loop
      vertex 75.69922807843204 -32.44188769271787 10
      vertex 75.69922807843204 -32.44188769271787 20
      vertex 73.63834239180048 -30.511657608199528 10
    endloop
  endfacet
  facet normal 0 0 -1
    outer loop
      vertex 65.44994120286451 -19.084756982949905 10
      vertex 66.13235723716056 -15.747423241823444 10
      vertex 67.24368668592989 -18.200179602511902 10
    endloop
  endfacet
  facet normal 0 0 -1
    outer loop
      vertex 65.44994120286451 -19.084756982949905 10
      vertex 64.28459817213798 -16.512790106553624 10
      vertex 66.13235723716056 -15.747423241823444 10
    endloop
  endfacet
  facet normal 0 0 -1
    outer loop
      vertex 64.28459817213798 -16.512790106553624 10
      vertex 63.289964912286194 -13.870112927831421 10
      vertex 64.40215224820484 -10.650403705968728 10
    endloop
  endfacet
  facet normal 0 0 -1
    outer loop
      vertex 64.28459817213798 -16.512790106553624 10
      vertex 65.18382517127641 -13.227233997225099 10
      vertex 66.13235723716056 -15.747423241823444 10
    endloop
  endfacet
  facet normal 0 0 -1
    outer loop
      vertex 64.28459817213798 -16.512790106553624 10
      vertex 64.40215224820484 -10.650403705968728 10
      vertex 65.18382517127641 -13.227233997225099 10
    endloop
  endfacet
  facet normal 0 0 -1
    outer loop
      vertex 63.289964912286194 -13.870112927831421 10
      vertex 63.79068571140707 -8.027966750963676 10
      vertex 64.40215224820484 -10.650403705968728 10
    endloop
  endfacet
  facet normal 0 0 -1
    outer loop
      vertex 65.44994120286451 -19.084756982949905 10
      vertex 67.24368668592989 -18.200179602511902 10
      vertex 66.78100382670148 -21.575 10
    endloop
  endfacet
  facet normal 0 0 -1
    outer loop
      vertex 66.78100382670148 -21.575 10
      vertex 67.24368668592989 -18.200179602511902 10
      vertex 68.51305463427036 -20.575 10
    endloop
  endfacet
  facet normal -0.8819212643483553 -0.47139673682599714 0
    outer loop
      vertex 65.44994120286451 -19.084756982949905 10
      vertex 66.78100382670148 -21.575 10
      vertex 65.44994120286451 -19.084756982949905 20
    endloop
  endfacet
  facet normal -0.9108638249211746 -0.4127070298043975 0
    outer loop
      vertex 65.44994120286451 -19.084756982949905 10
      vertex 64.28459817213798 -16.512790106553624 20
      vertex 64.28459817213798 -16.512790106553624 10
    endloop
  endfacet
  facet normal -0.9359059267573262 -0.35225004792123193 0
    outer loop
      vertex 64.28459817213798 -16.512790106553624 10
      vertex 63.289964912286194 -13.870112927831421 20
      vertex 63.289964912286194 -13.870112927831421 10
    endloop
  endfacet
  facet normal -0.9569403357322092 -0.2902846772544612 0
    outer loop
      vertex 63.289964912286194 -13.870112927831421 10
      vertex 62.47030059562671 -11.16804179617377 20
      vertex 62.47030059562671 -11.16804179617377 10
    endloop
  endfacet
  facet normal 0 0 -1
    outer loop
      vertex 63.289964912286194 -13.870112927831421 10
      vertex 62.47030059562671 -11.16804179617377 10
      vertex 63.35204395446771 -5.371152809855122 10
    endloop
  endfacet
  facet normal 0 0 -1
    outer loop
      vertex 63.289964912286194 -13.870112927831421 10
      vertex 63.35204395446771 -5.371152809855122 10
      vertex 63.79068571140707 -8.027966750963676 10
    endloop
  endfacet
  facet normal 0 0 -1
    outer loop
      vertex 62.47030059562671 -11.16804179617377 10
      vertex 63.08810530873147 -2.691338767820387 10
      vertex 63.35204395446771 -5.371152809855122 10
    endloop
  endfacet
  facet normal 0 0 -1
    outer loop
      vertex 62.47030059562671 -11.16804179617377 10
      vertex 61.829115150600614 -8.418147394995934 10
      vertex 62.47030059562671 11.16804179617377 10
    endloop
  endfacet
  facet normal 0 0 -1
    outer loop
      vertex 62.47030059562671 -11.16804179617377 10
      vertex 63.00000000000001 0 10
      vertex 63.08810530873147 -2.691338767820387 10
    endloop
  endfacet
  facet normal 0 0 -1
    outer loop
      vertex 61.829115150600614 -8.418147394995934 10
      vertex 61.36915423172009 -5.632205194295225 10
      vertex 61.829115150600614 8.418147394995934 10
    endloop
  endfacet
  facet normal 0 0 -1
    outer loop
      vertex 61.36915423172009 -5.632205194295225 10
      vertex 61.092387462254266 -2.822145026280673 10
      vertex 61.36915423172009 5.632205194295225 10
    endloop
  endfacet
  facet normal -0.9738769792773337 -0.2270762630343729 0
    outer loop
      vertex 62.47030059562671 -11.16804179617377 10
      vertex 61.829115150600614 -8.418147394995934 20
      vertex 61.829115150600614 -8.418147394995934 10
    endloop
  endfacet
  facet normal -0.986643332084879 -0.16289547339458896 0
    outer loop
      vertex 61.829115150600614 -8.418147394995934 10
      vertex 61.36915423172009 -5.632205194295225 20
      vertex 61.36915423172009 -5.632205194295225 10
    endloop
  endfacet
  facet normal -0.9951847266721968 -0.09801714032956092 0
    outer loop
      vertex 61.36915423172009 -5.632205194295225 10
      vertex 61.092387462254266 -2.822145026280673 20
      vertex 61.092387462254266 -2.822145026280673 10
    endloop
  endfacet
  facet normal -0.9994645874763656 -0.032719082821776053 0
    outer loop
      vertex 61.092387462254266 -2.822145026280673 10
      vertex 61.00000000000001 0 20
      vertex 61.00000000000001 0 10
    endloop
  endfacet
  facet normal 0 0 -1
    outer loop
      vertex 85.06524301705011 -38.7000587971355 10
      vertex 85.94982039748811 -36.90631331407012 10
      vertex 88.40257675817656 -38.01764276283945 10
    endloop
  endfacet
  facet normal 0 0 -1
    outer loop
      vertex 85.06524301705011 -38.7000587971355 10
      vertex 88.40257675817656 -38.01764276283945 10
      vertex 87.63720989344638 -39.86540182786202 10
    endloop
  endfacet
  facet normal 0 0 -1
    outer loop
      vertex 85.06524301705011 -38.7000587971355 10
      vertex 82.575 -37.36899617329853 10
      vertex 85.94982039748811 -36.90631331407012 10
    endloop
  endfacet
  facet normal 0 0 -1
    outer loop
      vertex 82.575 -37.36899617329853 10
      vertex 83.575 -35.636945365729645 10
      vertex 85.94982039748811 -36.90631331407012 10
    endloop
  endfacet
  facet normal 0 0 -1
    outer loop
      vertex 87.63720989344638 -39.86540182786202 10
      vertex 88.40257675817656 -38.01764276283945 10
      vertex 90.9227660027749 -38.966174828723595 10
    endloop
  endfacet
  facet normal 0 0 -1
    outer loop
      vertex 87.63720989344638 -39.86540182786202 10
      vertex 90.9227660027749 -38.966174828723595 10
      vertex 90.27988707216858 -40.86003508771381 10
    endloop
  endfacet
  facet normal 0 0 -1
    outer loop
      vertex 90.27988707216858 -40.86003508771381 10
      vertex 93.49959629403128 -39.74784775179516 10
      vertex 92.98195820382624 -41.679699404373295 10
    endloop
  endfacet
  facet normal 0 0 -1
    outer loop
      vertex 90.27988707216858 -40.86003508771381 10
      vertex 90.9227660027749 -38.966174828723595 10
      vertex 93.49959629403128 -39.74784775179516 10
    endloop
  endfacet
  facet normal -0.47139673682599564 -0.8819212643483562 0
    outer loop
      vertex 85.06524301705011 -38.7000587971355 10
      vertex 85.06524301705011 -38.7000587971355 20
      vertex 82.575 -37.36899617329853 10
    endloop
  endfacet
  facet normal -0.41270702980439633 -0.910863824921175 0
    outer loop
      vertex 85.06524301705011 -38.7000587971355 10
      vertex 87.63720989344638 -39.86540182786202 10
      vertex 87.63720989344638 -39.86540182786202 20
    endloop
  endfacet
  facet normal -0.352250047921235 -0.9359059267573251 0
    outer loop
      vertex 87.63720989344638 -39.86540182786202 10
      vertex 90.27988707216858 -40.86003508771381 10
      vertex 90.27988707216858 -40.86003508771381 20
    endloop
  endfacet
  facet normal -0.2902846772544604 -0.9569403357322095 0
    outer loop
      vertex 90.27988707216858 -40.86003508771381 10
      vertex 92.98195820382624 -41.679699404373295 10
      vertex 92.98195820382624 -41.679699404373295 20
    endloop
  endfacet
  facet normal 0 0 -1
    outer loop
      vertex 92.98195820382624 -41.679699404373295 10
      vertex 93.49959629403128 -39.74784775179516 10
      vertex 96.12203324903633 -40.359314288592934 10
    endloop
  endfacet
  facet normal 0 0 -1
    outer loop
      vertex 92.98195820382624 -41.679699404373295 10
      vertex 96.12203324903633 -40.359314288592934 10
      vertex 95.73185260500406 -42.32088484939939 10
    endloop
  endfacet
  facet normal 0 0 -1
    outer loop
      vertex 95.73185260500406 -42.32088484939939 10
      vertex 96.12203324903633 -40.359314288592934 10
      vertex 98.77884719014489 -40.797956045532295 10
    endloop
  endfacet
  facet normal 0 0 -1
    outer loop
      vertex 95.73185260500406 -42.32088484939939 10
      vertex 98.77884719014489 -40.797956045532295 10
      vertex 98.51779480570478 -42.78084576827992 10
    endloop
  endfacet
  facet normal 0 0 -1
    outer loop
      vertex 98.51779480570478 -42.78084576827992 10
      vertex 98.77884719014489 -40.797956045532295 10
      vertex 101.45866123217962 -41.061894691268535 10
    endloop
  endfacet
  facet normal 0 0 -1
    outer loop
      vertex 98.51779480570478 -42.78084576827992 10
      vertex 101.45866123217962 -41.061894691268535 10
      vertex 101.32785497371933 -43.05761253774574 10
    endloop
  endfacet
  facet normal 0 0 -1
    outer loop
      vertex 101.32785497371933 -43.05761253774574 10
      vertex 101.45866123217962 -41.061894691268535 10
      vertex 104.15 -41.15 10
    endloop
  endfacet
  facet normal 0 0 -1
    outer loop
      vertex 101.32785497371933 -43.05761253774574 10
      vertex 104.15 -41.15 10
      vertex 104.15 -43.15 10
    endloop
  endfacet
  facet normal -0.22707626303437356 -0.9738769792773336 0
    outer loop
      vertex 92.98195820382624 -41.679699404373295 10
      vertex 95.73185260500406 -42.32088484939939 10
      vertex 95.73185260500406 -42.32088484939939 20
    endloop
  endfacet
  facet normal -0.1628954733945885 -0.9866433320848791 0
    outer loop
      vertex 95.73185260500406 -42.32088484939939 10
      vertex 98.51779480570478 -42.78084576827992 10
      vertex 98.51779480570478 -42.78084576827992 20
    endloop
  endfacet
  facet normal -0.09801714032956117 -0.9951847266721968 0
    outer loop
      vertex 98.51779480570478 -42.78084576827992 10
      vertex 101.32785497371933 -43.05761253774574 10
      vertex 101.32785497371933 -43.05761253774574 20
    endloop
  endfacet
  facet normal -0.03271908282177598 -0.9994645874763656 0
    outer loop
      vertex 101.32785497371933 -43.05761253774574 10
      vertex 104.15 -43.15 10
      vertex 104.15 -43.15 20
    endloop
  endfacet
  facet normal -0.7730104533627372 -0.6343932841636452 0
    outer loop
      vertex 71.70811230728214 -28.45077192156797 10
      vertex 71.70811230728214 -28.45077192156797 20
      vertex 69.91680336643321 -26.268055661726294 20
    endloop
  endfacet
  facet normal -0.8492021815265794 -0.5280678506503671 0
    outer loop
      vertex 68.27208622914517 -23.97285555479583 10
      vertex 68.27208622914517 -23.97285555479583 20
      vertex 66.78100382670148 -21.575 20
    endloop
  endfacet
  facet normal -0.8128466845916137 -0.5824776968678043 0
    outer loop
      vertex 69.91680336643321 -26.268055661726294 10
      vertex 69.91680336643321 -26.268055661726294 20
      vertex 68.27208622914517 -23.97285555479583 20
    endloop
  endfacet
  facet normal -0.6343932841636479 -0.773010453362735 0
    outer loop
      vertex 75.69922807843204 -32.44188769271787 10
      vertex 77.88194433827371 -34.2331966335668 20
      vertex 75.69922807843204 -32.44188769271787 20
    endloop
  endfacet
  facet normal -0.5824776968678004 -0.8128466845916166 0
    outer loop
      vertex 77.88194433827371 -34.2331966335668 10
      vertex 80.17714444520418 -35.877913770854825 20
      vertex 77.88194433827371 -34.2331966335668 20
    endloop
  endfacet
  facet normal -0.5280678506503701 -0.8492021815265777 0
    outer loop
      vertex 80.17714444520418 -35.877913770854825 10
      vertex 82.575 -37.36899617329853 20
      vertex 80.17714444520418 -35.877913770854825 20
    endloop
  endfacet
  facet normal -0.7298640726978374 -0.6835923020228694 0
    outer loop
      vertex 73.63834239180048 -30.511657608199528 10
      vertex 73.63834239180048 -30.511657608199528 20
      vertex 71.70811230728214 -28.45077192156797 20
    endloop
  endfacet
  facet normal -0.6835923020228681 -0.7298640726978386 0
    outer loop
      vertex 73.63834239180048 -30.511657608199528 10
      vertex 75.69922807843204 -32.44188769271787 20
      vertex 73.63834239180048 -30.511657608199528 20
    endloop
  endfacet
  facet normal -0.8819212643483553 -0.47139673682599714 0
    outer loop
      vertex 66.78100382670148 -21.575 10
      vertex 66.78100382670148 -21.575 20
      vertex 65.44994120286451 -19.084756982949905 20
    endloop
  endfacet
  facet normal -0.9108638249211746 -0.4127070298043975 0
    outer loop
      vertex 65.44994120286451 -19.084756982949905 10
      vertex 65.44994120286451 -19.084756982949905 20
      vertex 64.28459817213798 -16.512790106553624 20
    endloop
  endfacet
  facet normal -0.9569403357322092 -0.2902846772544612 0
    outer loop
      vertex 63.289964912286194 -13.870112927831421 10
      vertex 63.289964912286194 -13.870112927831421 20
      vertex 62.47030059562671 -11.16804179617377 20
    endloop
  endfacet
  facet normal -0.9359059267573262 -0.35225004792123193 0
    outer loop
      vertex 64.28459817213798 -16.512790106553624 10
      vertex 64.28459817213798 -16.512790106553624 20
      vertex 63.289964912286194 -13.870112927831421 20
    endloop
  endfacet
  facet normal -0.9738769792773337 -0.2270762630343729 0
    outer loop
      vertex 62.47030059562671 -11.16804179617377 10
      vertex 62.47030059562671 -11.16804179617377 20
      vertex 61.829115150600614 -8.418147394995934 20
    endloop
  endfacet
  facet normal -0.986643332084879 -0.16289547339458896 0
    outer loop
      vertex 61.829115150600614 -8.418147394995934 10
      vertex 61.829115150600614 -8.418147394995934 20
      vertex 61.36915423172009 -5.632205194295225 20
    endloop
  endfacet
  facet normal -0.9951847266721968 -0.09801714032956092 0
    outer loop
      vertex 61.36915423172009 -5.632205194295225 10
      vertex 61.36915423172009 -5.632205194295225 20
      vertex 61.092387462254266 -2.822145026280673 20
    endloop
  endfacet
  facet normal -0.9994645874763656 -0.032719082821776053 0
    outer loop
      vertex 61.092387462254266 -2.822145026280673 10
      vertex 61.092387462254266 -2.822145026280673 20
      vertex 61.00000000000001 0 20
    endloop
  endfacet
  facet normal -0.47139673682599564 -0.8819212643483562 0
    outer loop
      vertex 82.575 -37.36899617329853 10
      vertex 85.06524301705011 -38.7000587971355 20
      vertex 82.575 -37.36899617329853 20
    endloop
  endfacet
  facet normal -0.41270702980439633 -0.910863824921175 0
    outer loop
      vertex 85.06524301705011 -38.7000587971355 10
      vertex 87.63720989344638 -39.86540182786202 20
      vertex 85.06524301705011 -38.7000587971355 20
    endloop
  endfacet
  facet normal -0.352250047921235 -0.9359059267573251 0
    outer loop
      vertex 87.63720989344638 -39.86540182786202 10
      vertex 90.27988707216858 -40.86003508771381 20
      vertex 87.63720989344638 -39.86540182786202 20
    endloop
  endfacet
  facet normal -0.2902846772544604 -0.9569403357322095 0
    outer loop
      vertex 90.27988707216858 -40.86003508771381 10
      vertex 92.98195820382624 -41.679699404373295 20
      vertex 90.27988707216858 -40.86003508771381 20
    endloop
  endfacet
  facet normal -0.22707626303437356 -0.9738769792773336 0
    outer loop
      vertex 92.98195820382624 -41.679699404373295 10
      vertex 95.73185260500406 -42.32088484939939 20
      vertex 92.98195820382624 -41.679699404373295 20
    endloop
  endfacet
  facet normal -0.1628954733945885 -0.9866433320848791 0
    outer loop
      vertex 95.73185260500406 -42.32088484939939 10
      vertex 98.51779480570478 -42.78084576827992 20
      vertex 95.73185260500406 -42.32088484939939 20
    endloop
  endfacet
  facet normal -0.09801714032956117 -0.9951847266721968 0
    outer loop
      vertex 98.51779480570478 -42.78084576827992 10
      vertex 101.32785497371933 -43.05761253774574 20
      vertex 98.51779480570478 -42.78084576827992 20
    endloop
  endfacet
  facet normal -0.03271908282177598 -0.9994645874763656 0
    outer loop
      vertex 101.32785497371933 -43.05761253774574 10
      vertex 104.15 -43.15 20
      vertex 101.32785497371933 -43.05761253774574 20
    endloop
  endfacet
  facet normal 0 0 -1
    outer loop
      vertex 61.092387462254266 -2.822145026280673 10
      vertex 61.00000000000001 0 10
      vertex 61.092387462254266 2.822145026280673 10
    endloop
  endfacet
  facet normal 0 0 -1
    outer loop
      vertex 61.092387462254266 -2.822145026280673 10
      vertex 61.092387462254266 2.822145026280673 10
      vertex 61.36915423172009 5.632205194295225 10
    endloop
  endfacet
  facet normal 0 0 -1
    outer loop
      vertex 62.47030059562671 -11.16804179617377 10
      vertex 63.289964912286194 13.870112927831421 10
      vertex 63.00000000000001 0 10
    endloop
  endfacet
  facet normal 0 0 -1
    outer loop
      vertex 61.36915423172009 -5.632205194295225 10
      vertex 61.36915423172009 5.632205194295225 10
      vertex 61.829115150600614 8.418147394995934 10
    endloop
  endfacet
  facet normal 0 0 -1
    outer loop
      vertex 61.829115150600614 -8.418147394995934 10
      vertex 61.829115150600614 8.418147394995934 10
      vertex 62.47030059562671 11.16804179617377 10
    endloop
  endfacet
  facet normal 0 0 -1
    outer loop
      vertex 62.47030059562671 -11.16804179617377 10
      vertex 62.47030059562671 11.16804179617377 10
      vertex 63.289964912286194 13.870112927831421 10
    endloop
  endfacet
  facet normal 0 0 -1
    outer loop
      vertex 63.00000000000001 0 10
      vertex 63.289964912286194 13.870112927831421 10
      vertex 63.08810530873147 2.691338767820387 10
    endloop
  endfacet
  facet normal 0 0 -1
    outer loop
      vertex 63.08810530873147 2.691338767820387 10
      vertex 63.289964912286194 13.870112927831421 10
      vertex 63.35204395446771 5.371152809855122 10
    endloop
  endfacet
  facet normal 0 0 -1
    outer loop
      vertex 63.35204395446771 5.371152809855122 10
      vertex 63.289964912286194 13.870112927831421 10
      vertex 63.79068571140707 8.027966750963676 10
    endloop
  endfacet
  facet normal -0.9994645874763656 0.032719082821776053 0
    outer loop
      vertex 61.00000000000001 0 10
      vertex 61.092387462254266 2.822145026280673 20
      vertex 61.092387462254266 2.822145026280673 10
    endloop
  endfacet
  facet normal -0.9951847266721968 0.09801714032956092 0
    outer loop
      vertex 61.092387462254266 2.822145026280673 10
      vertex 61.36915423172009 5.632205194295225 20
      vertex 61.36915423172009 5.632205194295225 10
    endloop
  endfacet
  facet normal -0.986643332084879 0.16289547339458896 0
    outer loop
      vertex 61.36915423172009 5.632205194295225 10
      vertex 61.829115150600614 8.418147394995934 20
      vertex 61.829115150600614 8.418147394995934 10
    endloop
  endfacet
  facet normal -0.9738769792773337 0.2270762630343729 0
    outer loop
      vertex 61.829115150600614 8.418147394995934 10
      vertex 62.47030059562671 11.16804179617377 20
      vertex 62.47030059562671 11.16804179617377 10
    endloop
  endfacet
  facet normal 0 0 -1
    outer loop
      vertex 63.79068571140707 8.027966750963676 10
      vertex 64.28459817213798 16.512790106553624 10
      vertex 64.40215224820484 10.650403705968728 10
    endloop
  endfacet
  facet normal 0 0 -1
    outer loop
      vertex 63.79068571140707 8.027966750963676 10
      vertex 63.289964912286194 13.870112927831421 10
      vertex 64.28459817213798 16.512790106553624 10
    endloop
  endfacet
  facet normal 0 0 -1
    outer loop
      vertex 64.40215224820484 10.650403705968728 10
      vertex 64.28459817213798 16.512790106553624 10
      vertex 65.18382517127641 13.227233997225099 10
    endloop
  endfacet
  facet normal 0 0 -1
    outer loop
      vertex 65.18382517127641 13.227233997225099 10
      vertex 65.44994120286451 19.084756982949905 10
      vertex 66.13235723716056 15.747423241823444 10
    endloop
  endfacet
  facet normal 0 0 -1
    outer loop
      vertex 65.18382517127641 13.227233997225099 10
      vertex 64.28459817213798 16.512790106553624 10
      vertex 65.44994120286451 19.084756982949905 10
    endloop
  endfacet
  facet normal 0 0 -1
    outer loop
      vertex 66.13235723716056 15.747423241823444 10
      vertex 65.44994120286451 19.084756982949905 10
      vertex 66.78100382670148 21.575 10
    endloop
  endfacet
  facet normal 0 0 -1
    outer loop
      vertex 66.13235723716056 15.747423241823444 10
      vertex 66.78100382670148 21.575 10
      vertex 67.24368668592989 18.200179602511902 10
    endloop
  endfacet
  facet normal 0 0 -1
    outer loop
      vertex 67.24368668592989 18.200179602511902 10
      vertex 66.78100382670148 21.575 10
      vertex 68.27208622914517 23.97285555479583 10
    endloop
  endfacet
  facet normal 0 0 -1
    outer loop
      vertex 67.24368668592989 18.200179602511902 10
      vertex 68.27208622914517 23.97285555479583 10
      vertex 68.51305463427036 20.575 10
    endloop
  endfacet
  facet normal -0.9569403357322092 0.2902846772544612 0
    outer loop
      vertex 62.47030059562671 11.16804179617377 10
      vertex 63.289964912286194 13.870112927831421 20
      vertex 63.289964912286194 13.870112927831421 10
    endloop
  endfacet
  facet normal -0.9359059267573262 0.35225004792123193 0
    outer loop
      vertex 63.289964912286194 13.870112927831421 10
      vertex 64.28459817213798 16.512790106553624 20
      vertex 64.28459817213798 16.512790106553624 10
    endloop
  endfacet
  facet normal -0.9108638249211746 0.4127070298043975 0
    outer loop
      vertex 64.28459817213798 16.512790106553624 10
      vertex 65.44994120286451 19.084756982949905 20
      vertex 65.44994120286451 19.084756982949905 10
    endloop
  endfacet
  facet normal -0.8819212643483553 0.47139673682599714 0
    outer loop
      vertex 65.44994120286451 19.084756982949905 10
      vertex 66.78100382670148 21.575 20
      vertex 66.78100382670148 21.575 10
    endloop
  endfacet
  facet normal 0 0 -1
    outer loop
      vertex 68.51305463427036 20.575 10
      vertex 68.27208622914517 23.97285555479583 10
      vertex 69.91680336643321 26.268055661726294 10
    endloop
  endfacet
  facet normal 0 0 -1
    outer loop
      vertex 68.51305463427036 20.575 10
      vertex 69.91680336643321 26.268055661726294 10
      vertex 69.93502545375027 22.86171508875663 10
    endloop
  endfacet
  facet normal 0 0 -1
    outer loop
      vertex 69.93502545375027 22.86171508875663 10
      vertex 69.91680336643321 26.268055661726294 10
      vertex 71.50351004701568 25.050532803708855 10
    endloop
  endfacet
  facet normal 0 0 -1
    outer loop
      vertex 69.91680336643321 26.268055661726294 10
      vertex 71.70811230728214 28.45077192156797 10
      vertex 71.50351004701568 25.050532803708855 10
    endloop
  endfacet
  facet normal -0.8492021815265794 0.5280678506503671 0
    outer loop
      vertex 66.78100382670148 21.575 10
      vertex 68.27208622914517 23.97285555479583 20
      vertex 68.27208622914517 23.97285555479583 10
    endloop
  endfacet
  facet normal -0.8128466845916137 0.5824776968678043 0
    outer loop
      vertex 68.27208622914517 23.97285555479583 10
      vertex 69.91680336643321 26.268055661726294 20
      vertex 69.91680336643321 26.268055661726294 10
    endloop
  endfacet
  facet normal -0.7730104533627372 0.6343932841636452 0
    outer loop
      vertex 69.91680336643321 26.268055661726294 10
      vertex 71.70811230728214 28.45077192156797 20
      vertex 71.70811230728214 28.45077192156797 10
    endloop
  endfacet
  facet normal 0 0 -1
    outer loop
      vertex 71.50351004701568 25.050532803708855 10
      vertex 71.70811230728214 28.45077192156797 10
      vertex 73.21179192224008 27.13208029136783 10
    endloop
  endfacet
  facet normal 0 0 -1
    outer loop
      vertex 71.70811230728214 28.45077192156797 10
      vertex 73.63834239180048 30.511657608199528 10
      vertex 73.21179192224008 27.13208029136783 10
    endloop
  endfacet
  facet normal 0 0 -1
    outer loop
      vertex 73.21179192224008 27.13208029136783 10
      vertex 73.63834239180048 30.511657608199528 10
      vertex 75.05255595417357 29.097444045826432 10
    endloop
  endfacet
  facet normal 0 0 -1
    outer loop
      vertex 73.63834239180048 30.511657608199528 10
      vertex 75.69922807843204 32.44188769271787 10
      vertex 75.05255595417357 29.097444045826432 10
    endloop
  endfacet
  facet normal 0 0 -1
    outer loop
      vertex 75.05255595417357 29.097444045826432 10
      vertex 75.69922807843204 32.44188769271787 10
      vertex 77.01791970863218 30.938208077759917 10
    endloop
  endfacet
  facet normal -0.7298640726978374 0.6835923020228694 0
    outer loop
      vertex 71.70811230728214 28.45077192156797 10
      vertex 73.63834239180048 30.511657608199528 20
      vertex 73.63834239180048 30.511657608199528 10
    endloop
  endfacet
  facet normal -0.6835923020228681 0.7298640726978386 0
    outer loop
      vertex 73.63834239180048 30.511657608199528 10
      vertex 73.63834239180048 30.511657608199528 20
      vertex 75.69922807843204 32.44188769271787 10
    endloop
  endfacet
  facet normal 0 0 -1
    outer loop
      vertex 77.01791970863218 30.938208077759917 10
      vertex 75.69922807843204 32.44188769271787 10
      vertex 77.88194433827371 34.2331966335668 10
    endloop
  endfacet
  facet normal 0 0 -1
    outer loop
      vertex 77.01791970863218 30.938208077759917 10
      vertex 77.88194433827371 34.2331966335668 10
      vertex 79.09946719629116 32.646489952984325 10
    endloop
  endfacet
  facet normal 0 0 -1
    outer loop
      vertex 77.88194433827371 34.2331966335668 10
      vertex 80.17714444520418 35.877913770854825 10
      vertex 79.09946719629116 32.646489952984325 10
    endloop
  endfacet
  facet normal 0 0 -1
    outer loop
      vertex 79.09946719629116 32.646489952984325 10
      vertex 80.17714444520418 35.877913770854825 10
      vertex 81.28828491124338 34.214974546249735 10
    endloop
  endfacet
  facet normal 0 0 -1
    outer loop
      vertex 81.28828491124338 34.214974546249735 10
      vertex 80.17714444520418 35.877913770854825 10
      vertex 82.575 37.36899617329853 10
    endloop
  endfacet
  facet normal 0 0 -1
    outer loop
      vertex 81.28828491124338 34.214974546249735 10
      vertex 82.575 37.36899617329853 10
      vertex 83.575 35.636945365729645 10
    endloop
  endfacet
  facet normal -0.6343932841636479 0.773010453362735 0
    outer loop
      vertex 75.69922807843204 32.44188769271787 10
      vertex 75.69922807843204 32.44188769271787 20
      vertex 77.88194433827371 34.2331966335668 10
    endloop
  endfacet
  facet normal -0.5824776968678004 0.8128466845916166 0
    outer loop
      vertex 77.88194433827371 34.2331966335668 10
      vertex 77.88194433827371 34.2331966335668 20
      vertex 80.17714444520418 35.877913770854825 10
    endloop
  endfacet
  facet normal -0.5280678506503701 0.8492021815265777 0
    outer loop
      vertex 80.17714444520418 35.877913770854825 10
      vertex 80.17714444520418 35.877913770854825 20
      vertex 82.575 37.36899617329853 10
    endloop
  endfacet
  facet normal 0 0 -1
    outer loop
      vertex 83.575 35.636945365729645 10
      vertex 82.575 37.36899617329853 10
      vertex 85.06524301705011 38.7000587971355 10
    endloop
  endfacet
  facet normal 0 0 -1
    outer loop
      vertex 83.575 35.636945365729645 10
      vertex 85.06524301705011 38.7000587971355 10
      vertex 85.94982039748811 36.90631331407012 10
    endloop
  endfacet
  facet normal 0 0 -1
    outer loop
      vertex 85.94982039748811 36.90631331407012 10
      vertex 85.06524301705011 38.7000587971355 10
      vertex 87.63720989344638 39.86540182786202 10
    endloop
  endfacet
  facet normal 0 0 -1
    outer loop
      vertex 85.94982039748811 36.90631331407012 10
      vertex 87.63720989344638 39.86540182786202 10
      vertex 88.40257675817656 38.01764276283945 10
    endloop
  endfacet
  facet normal 0 0 -1
    outer loop
      vertex 87.63720989344638 39.86540182786202 10
      vertex 90.27988707216858 40.86003508771381 10
      vertex 88.40257675817656 38.01764276283945 10
    endloop
  endfacet
  facet normal 0 0 -1
    outer loop
      vertex 88.40257675817656 38.01764276283945 10
      vertex 90.27988707216858 40.86003508771381 10
      vertex 90.9227660027749 38.966174828723595 10
    endloop
  endfacet
  facet normal 0 0 -1
    outer loop
      vertex 90.9227660027749 38.966174828723595 10
      vertex 92.98195820382624 41.679699404373295 10
      vertex 93.49959629403128 39.74784775179516 10
    endloop
  endfacet
  facet normal 0 0 -1
    outer loop
      vertex 90.27988707216858 40.86003508771381 10
      vertex 92.98195820382624 41.679699404373295 10
      vertex 90.9227660027749 38.966174828723595 10
    endloop
  endfacet
  facet normal -0.47139673682599564 0.8819212643483562 0
    outer loop
      vertex 82.575 37.36899617329853 10
      vertex 82.575 37.36899617329853 20
      vertex 85.06524301705011 38.7000587971355 10
    endloop
  endfacet
  facet normal -0.41270702980439633 0.910863824921175 0
    outer loop
      vertex 85.06524301705011 38.7000587971355 10
      vertex 85.06524301705011 38.7000587971355 20
      vertex 87.63720989344638 39.86540182786202 10
    endloop
  endfacet
  facet normal -0.352250047921235 0.9359059267573251 0
    outer loop
      vertex 87.63720989344638 39.86540182786202 10
      vertex 87.63720989344638 39.86540182786202 20
      vertex 90.27988707216858 40.86003508771381 10
    endloop
  endfacet
  facet normal -0.2902846772544604 0.9569403357322095 0
    outer loop
      vertex 90.27988707216858 40.86003508771381 10
      vertex 90.27988707216858 40.86003508771381 20
      vertex 92.98195820382624 41.679699404373295 10
    endloop
  endfacet
  facet normal 0 0 -1
    outer loop
      vertex 92.98195820382624 41.679699404373295 10
      vertex 95.73185260500406 42.32088484939939 10
      vertex 93.49959629403128 39.74784775179516 10
    endloop
  endfacet
  facet normal 0 0 -1
    outer loop
      vertex 93.49959629403128 39.74784775179516 10
      vertex 95.73185260500406 42.32088484939939 10
      vertex 96.12203324903633 40.359314288592934 10
    endloop
  endfacet
  facet normal 0 0 -1
    outer loop
      vertex 95.73185260500406 42.32088484939939 10
      vertex 98.51779480570478 42.78084576827992 10
      vertex 96.12203324903633 40.359314288592934 10
    endloop
  endfacet
  facet normal 0 0 -1
    outer loop
      vertex 96.12203324903633 40.359314288592934 10
      vertex 98.51779480570478 42.78084576827992 10
      vertex 98.77884719014489 40.797956045532295 10
    endloop
  endfacet
  facet normal 0 0 -1
    outer loop
      vertex 98.51779480570478 42.78084576827992 10
      vertex 101.32785497371933 43.05761253774574 10
      vertex 98.77884719014489 40.797956045532295 10
    endloop
  endfacet
  facet normal 0 0 -1
    outer loop
      vertex 98.77884719014489 40.797956045532295 10
      vertex 101.32785497371933 43.05761253774574 10
      vertex 101.45866123217962 41.061894691268535 10
    endloop
  endfacet
  facet normal 0 0 -1
    outer loop
      vertex 101.32785497371933 43.05761253774574 10
      vertex 104.15 43.15 10
      vertex 101.45866123217962 41.061894691268535 10
    endloop
  endfacet
  facet normal 0 0 -1
    outer loop
      vertex 101.45866123217962 41.061894691268535 10
      vertex 104.15 43.15 10
      vertex 104.15 41.15 10
    endloop
  endfacet
  facet normal -0.22707626303437356 0.9738769792773336 0
    outer loop
      vertex 92.98195820382624 41.679699404373295 10
      vertex 92.98195820382624 41.679699404373295 20
      vertex 95.73185260500406 42.32088484939939 10
    endloop
  endfacet
  facet normal -0.1628954733945885 0.9866433320848791 0
    outer loop
      vertex 95.73185260500406 42.32088484939939 10
      vertex 95.73185260500406 42.32088484939939 20
      vertex 98.51779480570478 42.78084576827992 10
    endloop
  endfacet
  facet normal -0.09801714032956117 0.9951847266721968 0
    outer loop
      vertex 98.51779480570478 42.78084576827992 10
      vertex 98.51779480570478 42.78084576827992 20
      vertex 101.32785497371933 43.05761253774574 10
    endloop
  endfacet
  facet normal -0.03271908282177598 0.9994645874763656 0
    outer loop
      vertex 101.32785497371933 43.05761253774574 10
      vertex 101.32785497371933 43.05761253774574 20
      vertex 104.15 43.15 10
    endloop
  endfacet
  facet normal -0.9994645874763656 0.032719082821776053 0
    outer loop
      vertex 61.00000000000001 0 10
      vertex 61.00000000000001 0 20
      vertex 61.092387462254266 2.822145026280673 20
    endloop
  endfacet
  facet normal -0.9951847266721968 0.09801714032956092 0
    outer loop
      vertex 61.092387462254266 2.822145026280673 10
      vertex 61.092387462254266 2.822145026280673 20
      vertex 61.36915423172009 5.632205194295225 20
    endloop
  endfacet
  facet normal -0.986643332084879 0.16289547339458896 0
    outer loop
      vertex 61.36915423172009 5.632205194295225 10
      vertex 61.36915423172009 5.632205194295225 20
      vertex 61.829115150600614 8.418147394995934 20
    endloop
  endfacet
  facet normal -0.9738769792773337 0.2270762630343729 0
    outer loop
      vertex 61.829115150600614 8.418147394995934 10
      vertex 61.829115150600614 8.418147394995934 20
      vertex 62.47030059562671 11.16804179617377 20
    endloop
  endfacet
  facet normal -0.9569403357322092 0.2902846772544612 0
    outer loop
      vertex 62.47030059562671 11.16804179617377 10
      vertex 62.47030059562671 11.16804179617377 20
      vertex 63.289964912286194 13.870112927831421 20
    endloop
  endfacet
  facet normal -0.9359059267573262 0.35225004792123193 0
    outer loop
      vertex 63.289964912286194 13.870112927831421 10
      vertex 63.289964912286194 13.870112927831421 20
      vertex 64.28459817213798 16.512790106553624 20
    endloop
  endfacet
  facet normal -0.9108638249211746 0.4127070298043975 0
    outer loop
      vertex 64.28459817213798 16.512790106553624 10
      vertex 64.28459817213798 16.512790106553624 20
      vertex 65.44994120286451 19.084756982949905 20
    endloop
  endfacet
  facet normal -0.8819212643483553 0.47139673682599714 0
    outer loop
      vertex 65.44994120286451 19.084756982949905 10
      vertex 65.44994120286451 19.084756982949905 20
      vertex 66.78100382670148 21.575 20
    endloop
  endfacet
  facet normal -0.8492021815265794 0.5280678506503671 0
    outer loop
      vertex 66.78100382670148 21.575 10
      vertex 66.78100382670148 21.575 20
      vertex 68.27208622914517 23.97285555479583 20
    endloop
  endfacet
  facet normal -0.8128466845916137 0.5824776968678043 0
    outer loop
      vertex 68.27208622914517 23.97285555479583 10
      vertex 68.27208622914517 23.97285555479583 20
      vertex 69.91680336643321 26.268055661726294 20
    endloop
  endfacet
  facet normal -0.7730104533627372 0.6343932841636452 0
    outer loop
      vertex 69.91680336643321 26.268055661726294 10
      vertex 69.91680336643321 26.268055661726294 20
      vertex 71.70811230728214 28.45077192156797 20
    endloop
  endfacet
  facet normal -0.7298640726978374 0.6835923020228694 0
    outer loop
      vertex 71.70811230728214 28.45077192156797 10
      vertex 71.70811230728214 28.45077192156797 20
      vertex 73.63834239180048 30.511657608199528 20
    endloop
  endfacet
  facet normal -0.6835923020228681 0.7298640726978386 0
    outer loop
      vertex 75.69922807843204 32.44188769271787 10
      vertex 73.63834239180048 30.511657608199528 20
      vertex 75.69922807843204 32.44188769271787 20
    endloop
  endfacet
  facet normal -0.6343932841636479 0.773010453362735 0
    outer loop
      vertex 77.88194433827371 34.2331966335668 10
      vertex 75.69922807843204 32.44188769271787 20
      vertex 77.88194433827371 34.2331966335668 20
    endloop
  endfacet
  facet normal -0.5824776968678004 0.8128466845916166 0
    outer loop
      vertex 80.17714444520418 35.877913770854825 10
      vertex 77.88194433827371 34.2331966335668 20
      vertex 80.17714444520418 35.877913770854825 20
    endloop
  endfacet
  facet normal -0.5280678506503701 0.8492021815265777 0
    outer loop
      vertex 82.575 37.36899617329853 10
      vertex 80.17714444520418 35.877913770854825 20
      vertex 82.575 37.36899617329853 20
    endloop
  endfacet
  facet normal -0.47139673682599564 0.8819212643483562 0
    outer loop
      vertex 85.06524301705011 38.7000587971355 10
      vertex 82.575 37.36899617329853 20
      vertex 85.06524301705011 38.7000587971355 20
    endloop
  endfacet
  facet normal -0.41270702980439633 0.910863824921175 0
    outer loop
      vertex 87.63720989344638 39.86540182786202 10
      vertex 85.06524301705011 38.7000587971355 20
      vertex 87.63720989344638 39.86540182786202 20
    endloop
  endfacet
  facet normal -0.352250047921235 0.9359059267573251 0
    outer loop
      vertex 90.27988707216858 40.86003508771381 10
      vertex 87.63720989344638 39.86540182786202 20
      vertex 90.27988707216858 40.86003508771381 20
    endloop
  endfacet
  facet normal -0.2902846772544604 0.9569403357322095 0
    outer loop
      vertex 92.98195820382624 41.679699404373295 10
      vertex 90.27988707216858 40.86003508771381 20
      vertex 92.98195820382624 41.679699404373295 20
    endloop
  endfacet
  facet normal -0.22707626303437356 0.9738769792773336 0
    outer loop
      vertex 95.73185260500406 42.32088484939939 10
      vertex 92.98195820382624 41.679699404373295 20
      vertex 95.73185260500406 42.32088484939939 20
    endloop
  endfacet
  facet normal -0.1628954733945885 0.9866433320848791 0
    outer loop
      vertex 98.51779480570478 42.78084576827992 10
      vertex 95.73185260500406 42.32088484939939 20
      vertex 98.51779480570478 42.78084576827992 20
    endloop
  endfacet
  facet normal -0.09801714032956117 0.9951847266721968 0
    outer loop
      vertex 101.32785497371933 43.05761253774574 10
      vertex 98.51779480570478 42.78084576827992 20
      vertex 101.32785497371933 43.05761253774574 20
    endloop
  endfacet
  facet normal -0.03271908282177598 0.9994645874763656 0
    outer loop
      vertex 101.32785497371933 43.05761253774574 20
      vertex 104.15 43.15 20
      vertex 104.15 43.15 10
    endloop
  endfacet
  facet normal 0 0 -1
    outer loop
      vertex 104.15 -43.15 10
      vertex 104.15 -41.15 10
      vertex 106.84133876782039 -41.061894691268535 10
    endloop
  endfacet
  facet normal 0 0 -1
    outer loop
      vertex 104.15 -43.15 10
      vertex 106.84133876782039 -41.061894691268535 10
      vertex 106.97214502628069 -43.05761253774574 10
    endloop
  endfacet
  facet normal 0 0 -1
    outer loop
      vertex 106.84133876782039 -41.061894691268535 10
      vertex 109.52115280985512 -40.797956045532295 10
      vertex 106.97214502628069 -43.05761253774574 10
    endloop
  endfacet
  facet normal 0 0 -1
    outer loop
      vertex 106.97214502628069 -43.05761253774574 10
      vertex 109.52115280985512 -40.797956045532295 10
      vertex 109.78220519429523 -42.78084576827992 10
    endloop
  endfacet
  facet normal 0 0 -1
    outer loop
      vertex 109.52115280985512 -40.797956045532295 10
      vertex 112.17796675096368 -40.359314288592934 10
      vertex 109.78220519429523 -42.78084576827992 10
    endloop
  endfacet
  facet normal 0 0 -1
    outer loop
      vertex 109.78220519429523 -42.78084576827992 10
      vertex 112.17796675096368 -40.359314288592934 10
      vertex 112.56814739499595 -42.32088484939939 10
    endloop
  endfacet
  facet normal 0 0 -1
    outer loop
      vertex 112.17796675096368 -40.359314288592934 10
      vertex 114.80040370596873 -39.74784775179516 10
      vertex 112.56814739499595 -42.32088484939939 10
    endloop
  endfacet
  facet normal 0 0 -1
    outer loop
      vertex 112.56814739499595 -42.32088484939939 10
      vertex 114.80040370596873 -39.74784775179516 10
      vertex 115.31804179617377 -41.679699404373295 10
    endloop
  endfacet
  facet normal 0.03271908282177598 -0.9994645874763656 0
    outer loop
      vertex 104.15 -43.15 10
      vertex 106.97214502628069 -43.05761253774574 10
      vertex 106.97214502628069 -43.05761253774574 20
    endloop
  endfacet
  facet normal 0.09801714032956117 -0.9951847266721968 0
    outer loop
      vertex 106.97214502628069 -43.05761253774574 10
      vertex 109.78220519429523 -42.78084576827992 10
      vertex 109.78220519429523 -42.78084576827992 20
    endloop
  endfacet
  facet normal 0.1628954733945885 -0.9866433320848791 0
    outer loop
      vertex 109.78220519429523 -42.78084576827992 10
      vertex 112.56814739499595 -42.32088484939939 10
      vertex 112.56814739499595 -42.32088484939939 20
    endloop
  endfacet
  facet normal 0.22707626303437356 -0.9738769792773336 0
    outer loop
      vertex 112.56814739499595 -42.32088484939939 10
      vertex 115.31804179617377 -41.679699404373295 10
      vertex 115.31804179617377 -41.679699404373295 20
    endloop
  endfacet
  facet normal 0 0 -1
    outer loop
      vertex 115.31804179617377 -41.679699404373295 10
      vertex 117.3772339972251 -38.966174828723595 10
      vertex 118.02011292783143 -40.86003508771381 10
    endloop
  endfacet
  facet normal 0 0 -1
    outer loop
      vertex 114.80040370596873 -39.74784775179516 10
      vertex 117.3772339972251 -38.966174828723595 10
      vertex 115.31804179617377 -41.679699404373295 10
    endloop
  endfacet
  facet normal 0 0 -1
    outer loop
      vertex 117.3772339972251 -38.966174828723595 10
      vertex 119.89742324182345 -38.01764276283945 10
      vertex 118.02011292783143 -40.86003508771381 10
    endloop
  endfacet
  facet normal 0 0 -1
    outer loop
      vertex 118.02011292783143 -40.86003508771381 10
      vertex 119.89742324182345 -38.01764276283945 10
      vertex 120.66279010655363 -39.86540182786202 10
    endloop
  endfacet
  facet normal 0 0 -1
    outer loop
      vertex 119.89742324182345 -38.01764276283945 10
      vertex 122.3501796025119 -36.90631331407012 10
      vertex 120.66279010655363 -39.86540182786202 10
    endloop
  endfacet
  facet normal 0 0 -1
    outer loop
      vertex 120.66279010655363 -39.86540182786202 10
      vertex 122.3501796025119 -36.90631331407012 10
      vertex 123.2347569829499 -38.7000587971355 10
    endloop
  endfacet
  facet normal 0 0 -1
    outer loop
      vertex 123.2347569829499 -38.7000587971355 10
      vertex 122.3501796025119 -36.90631331407012 10
      vertex 124.72500000000001 -35.636945365729645 10
    endloop
  endfacet
  facet normal 0 0 -1
    outer loop
      vertex 123.2347569829499 -38.7000587971355 10
      vertex 124.72500000000001 -35.636945365729645 10
      vertex 125.72500000000001 -37.36899617329853 10
    endloop
  endfacet
  facet normal 0.2902846772544604 -0.9569403357322095 0
    outer loop
      vertex 115.31804179617377 -41.679699404373295 10
      vertex 118.02011292783143 -40.86003508771381 10
      vertex 118.02011292783143 -40.86003508771381 20
    endloop
  endfacet
  facet normal 0.352250047921235 -0.9359059267573251 0
    outer loop
      vertex 118.02011292783143 -40.86003508771381 10
      vertex 120.66279010655363 -39.86540182786202 10
      vertex 120.66279010655363 -39.86540182786202 20
    endloop
  endfacet
  facet normal 0.41270702980439633 -0.910863824921175 0
    outer loop
      vertex 120.66279010655363 -39.86540182786202 10
      vertex 123.2347569829499 -38.7000587971355 10
      vertex 123.2347569829499 -38.7000587971355 20
    endloop
  endfacet
  facet normal 0.47139673682599564 -0.8819212643483562 0
    outer loop
      vertex 123.2347569829499 -38.7000587971355 10
      vertex 125.72500000000001 -37.36899617329853 10
      vertex 125.72500000000001 -37.36899617329853 20
    endloop
  endfacet
  facet normal 0 0 -1
    outer loop
      vertex 124.72500000000001 -35.636945365729645 10
      vertex 127.01171508875663 -34.214974546249735 10
      vertex 125.72500000000001 -37.36899617329853 10
    endloop
  endfacet
  facet normal 0 0 -1
    outer loop
      vertex 125.72500000000001 -37.36899617329853 10
      vertex 127.01171508875663 -34.214974546249735 10
      vertex 128.12285555479585 -35.877913770854825 10
    endloop
  endfacet
  facet normal 0 0 -1
    outer loop
      vertex 128.12285555479585 -35.877913770854825 10
      vertex 127.01171508875663 -34.214974546249735 10
      vertex 129.20053280370885 -32.646489952984325 10
    endloop
  endfacet
  facet normal 0 0 -1
    outer loop
      vertex 128.12285555479585 -35.877913770854825 10
      vertex 129.20053280370885 -32.646489952984325 10
      vertex 130.4180556617263 -34.2331966335668 10
    endloop
  endfacet
  facet normal 0 0 -1
    outer loop
      vertex 129.20053280370885 -32.646489952984325 10
      vertex 131.28208029136783 -30.938208077759917 10
      vertex 130.4180556617263 -34.2331966335668 10
    endloop
  endfacet
  facet normal 0 0 -1
    outer loop
      vertex 130.4180556617263 -34.2331966335668 10
      vertex 131.28208029136783 -30.938208077759917 10
      vertex 132.60077192156797 -32.44188769271787 10
    endloop
  endfacet
  facet normal 0.5280678506503679 -0.8492021815265791 0
    outer loop
      vertex 125.72500000000001 -37.36899617329853 10
      vertex 128.12285555479585 -35.877913770854825 10
      vertex 128.12285555479585 -35.877913770854825 20
    endloop
  endfacet
  facet normal 0.5824776968678027 -0.8128466845916148 0
    outer loop
      vertex 128.12285555479585 -35.877913770854825 10
      vertex 130.4180556617263 -34.2331966335668 10
      vertex 130.4180556617263 -34.2331966335668 20
    endloop
  endfacet
  facet normal 0.6343932841636479 -0.773010453362735 0
    outer loop
      vertex 130.4180556617263 -34.2331966335668 10
      vertex 132.60077192156797 -32.44188769271787 10
      vertex 132.60077192156797 -32.44188769271787 20
    endloop
  endfacet
  facet normal 0 0 -1
    outer loop
      vertex 132.60077192156797 -32.44188769271787 10
      vertex 131.28208029136783 -30.938208077759917 10
      vertex 133.24744404582643 -29.097444045826432 10
    endloop
  endfacet
  facet normal 0 0 -1
    outer loop
      vertex 132.60077192156797 -32.44188769271787 10
      vertex 133.24744404582643 -29.097444045826432 10
      vertex 134.66165760819953 -30.511657608199528 10
    endloop
  endfacet
  facet normal 0 0 -1
    outer loop
      vertex 133.24744404582643 -29.097444045826432 10
      vertex 135.08820807775993 -27.13208029136783 10
      vertex 134.66165760819953 -30.511657608199528 10
    endloop
  endfacet
  facet normal 0 0 -1
    outer loop
      vertex 134.66165760819953 -30.511657608199528 10
      vertex 135.08820807775993 -27.13208029136783 10
      vertex 136.59188769271788 -28.45077192156797 10
    endloop
  endfacet
  facet normal 0 0 -1
    outer loop
      vertex 135.08820807775993 -27.13208029136783 10
      vertex 136.79648995298433 -25.050532803708855 10
      vertex 136.59188769271788 -28.45077192156797 10
    endloop
  endfacet
  facet normal 0.6835923020228681 -0.7298640726978386 0
    outer loop
      vertex 132.60077192156797 -32.44188769271787 10
      vertex 134.66165760819953 -30.511657608199528 10
      vertex 134.66165760819953 -30.511657608199528 20
    endloop
  endfacet
  facet normal 0.7298640726978374 -0.6835923020228694 0
    outer loop
      vertex 134.66165760819953 -30.511657608199528 10
      vertex 136.59188769271788 -28.45077192156797 10
      vertex 134.66165760819953 -30.511657608199528 20
    endloop
  endfacet
  facet normal 0 0 -1
    outer loop
      vertex 136.59188769271788 -28.45077192156797 10
      vertex 136.79648995298433 -25.050532803708855 10
      vertex 138.3831966335668 -26.268055661726294 10
    endloop
  endfacet
  facet normal 0 0 -1
    outer loop
      vertex 136.79648995298433 -25.050532803708855 10
      vertex 138.36497454624975 -22.86171508875663 10
      vertex 138.3831966335668 -26.268055661726294 10
    endloop
  endfacet
  facet normal 0 0 -1
    outer loop
      vertex 138.3831966335668 -26.268055661726294 10
      vertex 138.36497454624975 -22.86171508875663 10
      vertex 139.78694536572965 -20.575 10
    endloop
  endfacet
  facet normal 0 0 -1
    outer loop
      vertex 138.3831966335668 -26.268055661726294 10
      vertex 139.78694536572965 -20.575 10
      vertex 140.02791377085484 -23.97285555479583 10
    endloop
  endfacet
  facet normal 0.7730104533627372 -0.6343932841636452 0
    outer loop
      vertex 136.59188769271788 -28.45077192156797 10
      vertex 138.3831966335668 -26.268055661726294 10
      vertex 136.59188769271788 -28.45077192156797 20
    endloop
  endfacet
  facet normal 0.8128466845916137 -0.5824776968678043 0
    outer loop
      vertex 138.3831966335668 -26.268055661726294 10
      vertex 140.02791377085484 -23.97285555479583 10
      vertex 138.3831966335668 -26.268055661726294 20
    endloop
  endfacet
  facet normal 0.8492021815265772 -0.5280678506503708 0
    outer loop
      vertex 140.02791377085484 -23.97285555479583 10
      vertex 141.51899617329855 -21.575 10
      vertex 140.02791377085484 -23.97285555479583 20
    endloop
  endfacet
  facet normal 0 0 -1
    outer loop
      vertex 140.02791377085484 -23.97285555479583 10
      vertex 139.78694536572965 -20.575 10
      vertex 141.0563133140701 -18.200179602511902 10
    endloop
  endfacet
  facet normal 0 0 -1
    outer loop
      vertex 140.02791377085484 -23.97285555479583 10
      vertex 141.0563133140701 -18.200179602511902 10
      vertex 141.51899617329855 -21.575 10
    endloop
  endfacet
  facet normal 0 0 -1
    outer loop
      vertex 141.51899617329855 -21.575 10
      vertex 141.0563133140701 -18.200179602511902 10
      vertex 142.16764276283945 -15.747423241823444 10
    endloop
  endfacet
  facet normal 0 0 -1
    outer loop
      vertex 141.51899617329855 -21.575 10
      vertex 142.16764276283945 -15.747423241823444 10
      vertex 142.8500587971355 -19.084756982949905 10
    endloop
  endfacet
  facet normal 0 0 -1
    outer loop
      vertex 142.8500587971355 -19.084756982949905 10
      vertex 143.11617482872362 -13.227233997225099 10
      vertex 144.01540182786204 -16.512790106553624 10
    endloop
  endfacet
  facet normal 0 0 -1
    outer loop
      vertex 142.8500587971355 -19.084756982949905 10
      vertex 142.16764276283945 -15.747423241823444 10
      vertex 143.11617482872362 -13.227233997225099 10
    endloop
  endfacet
  facet normal 0 0 -1
    outer loop
      vertex 144.01540182786204 -16.512790106553624 10
      vertex 143.11617482872362 -13.227233997225099 10
      vertex 143.89784775179515 -10.650403705968728 10
    endloop
  endfacet
  facet normal 0 0 -1
    outer loop
      vertex 144.01540182786204 -16.512790106553624 10
      vertex 144.50931428859295 -8.027966750963676 10
      vertex 145.01003508771382 -13.870112927831421 10
    endloop
  endfacet
  facet normal 0 0 -1
    outer loop
      vertex 144.01540182786204 -16.512790106553624 10
      vertex 143.89784775179515 -10.650403705968728 10
      vertex 144.50931428859295 -8.027966750963676 10
    endloop
  endfacet
  facet normal 0.8819212643483595 -0.47139673682598937 0
    outer loop
      vertex 141.51899617329855 -21.575 10
      vertex 142.8500587971355 -19.084756982949905 10
      vertex 141.51899617329855 -21.575 20
    endloop
  endfacet
  facet normal 0.9108638249211727 -0.4127070298044016 0
    outer loop
      vertex 142.8500587971355 -19.084756982949905 10
      vertex 144.01540182786204 -16.512790106553624 10
      vertex 142.8500587971355 -19.084756982949905 20
    endloop
  endfacet
  facet normal 0.9359059267573262 -0.35225004792123193 0
    outer loop
      vertex 144.01540182786204 -16.512790106553624 10
      vertex 145.01003508771382 -13.870112927831421 10
      vertex 144.01540182786204 -16.512790106553624 20
    endloop
  endfacet
  facet normal 0.9569403357322106 -0.29028467725445667 0
    outer loop
      vertex 145.01003508771382 -13.870112927831421 10
      vertex 145.8296994043733 -11.16804179617377 10
      vertex 145.01003508771382 -13.870112927831421 20
    endloop
  endfacet
  facet normal 0 0 -1
    outer loop
      vertex 145.01003508771382 -13.870112927831421 10
      vertex 144.50931428859295 -8.027966750963676 10
      vertex 144.9479560455323 -5.371152809855122 10
    endloop
  endfacet
  facet normal 0 0 -1
    outer loop
      vertex 145.01003508771382 -13.870112927831421 10
      vertex 144.9479560455323 -5.371152809855122 10
      vertex 145.21189469126853 -2.691338767820387 10
    endloop
  endfacet
  facet normal 0 0 -1
    outer loop
      vertex 145.01003508771382 -13.870112927831421 10
      vertex 145.21189469126853 -2.691338767820387 10
      vertex 145.3 0 10
    endloop
  endfacet
  facet normal 0 0 -1
    outer loop
      vertex 145.01003508771382 -13.870112927831421 10
      vertex 145.8296994043733 11.16804179617377 10
      vertex 145.8296994043733 -11.16804179617377 10
    endloop
  endfacet
  facet normal 0 0 -1
    outer loop
      vertex 145.8296994043733 -11.16804179617377 10
      vertex 146.4708848493994 8.418147394995934 10
      vertex 146.4708848493994 -8.418147394995934 10
    endloop
  endfacet
  facet normal 0 0 -1
    outer loop
      vertex 146.4708848493994 -8.418147394995934 10
      vertex 146.93084576827994 5.632205194295225 10
      vertex 146.93084576827994 -5.632205194295225 10
    endloop
  endfacet
  facet normal 0 0 -1
    outer loop
      vertex 145.01003508771382 -13.870112927831421 10
      vertex 145.3 0 10
      vertex 145.8296994043733 11.16804179617377 10
    endloop
  endfacet
  facet normal 0 0 -1
    outer loop
      vertex 146.93084576827994 -5.632205194295225 10
      vertex 147.20761253774575 2.822145026280673 10
      vertex 147.20761253774575 -2.822145026280673 10
    endloop
  endfacet
  facet normal 0.9738769792773326 -0.22707626303437767 0
    outer loop
      vertex 145.8296994043733 -11.16804179617377 10
      vertex 146.4708848493994 -8.418147394995934 10
      vertex 145.8296994043733 -11.16804179617377 20
    endloop
  endfacet
  facet normal 0.9866433320848781 -0.16289547339459384 0
    outer loop
      vertex 146.4708848493994 -8.418147394995934 10
      vertex 146.93084576827994 -5.632205194295225 10
      vertex 146.4708848493994 -8.418147394995934 20
    endloop
  endfacet
  facet normal 0.9951847266721973 -0.09801714032955594 0
    outer loop
      vertex 146.93084576827994 -5.632205194295225 10
      vertex 147.20761253774575 -2.822145026280673 10
      vertex 146.93084576827994 -5.632205194295225 20
    endloop
  endfacet
  facet normal 0.9994645874763655 -0.032719082821778565 0
    outer loop
      vertex 147.20761253774575 -2.822145026280673 10
      vertex 147.3 0 10
      vertex 147.20761253774575 -2.822145026280673 20
    endloop
  endfacet
  facet normal 0.03271908282177598 -0.9994645874763656 0
    outer loop
      vertex 104.15 -43.15 10
      vertex 106.97214502628069 -43.05761253774574 20
      vertex 104.15 -43.15 20
    endloop
  endfacet
  facet normal 0.09801714032956117 -0.9951847266721968 0
    outer loop
      vertex 106.97214502628069 -43.05761253774574 10
      vertex 109.78220519429523 -42.78084576827992 20
      vertex 106.97214502628069 -43.05761253774574 20
    endloop
  endfacet
  facet normal 0.1628954733945885 -0.9866433320848791 0
    outer loop
      vertex 109.78220519429523 -42.78084576827992 10
      vertex 112.56814739499595 -42.32088484939939 20
      vertex 109.78220519429523 -42.78084576827992 20
    endloop
  endfacet
  facet normal 0.22707626303437356 -0.9738769792773336 0
    outer loop
      vertex 112.56814739499595 -42.32088484939939 10
      vertex 115.31804179617377 -41.679699404373295 20
      vertex 112.56814739499595 -42.32088484939939 20
    endloop
  endfacet
  facet normal 0.2902846772544604 -0.9569403357322095 0
    outer loop
      vertex 115.31804179617377 -41.679699404373295 10
      vertex 118.02011292783143 -40.86003508771381 20
      vertex 115.31804179617377 -41.679699404373295 20
    endloop
  endfacet
  facet normal 0.352250047921235 -0.9359059267573251 0
    outer loop
      vertex 118.02011292783143 -40.86003508771381 10
      vertex 120.66279010655363 -39.86540182786202 20
      vertex 118.02011292783143 -40.86003508771381 20
    endloop
  endfacet
  facet normal 0.41270702980439633 -0.910863824921175 0
    outer loop
      vertex 120.66279010655363 -39.86540182786202 10
      vertex 123.2347569829499 -38.7000587971355 20
      vertex 120.66279010655363 -39.86540182786202 20
    endloop
  endfacet
  facet normal 0.47139673682599564 -0.8819212643483562 0
    outer loop
      vertex 123.2347569829499 -38.7000587971355 10
      vertex 125.72500000000001 -37.36899617329853 20
      vertex 123.2347569829499 -38.7000587971355 20
    endloop
  endfacet
  facet normal 0.5280678506503679 -0.8492021815265791 0
    outer loop
      vertex 125.72500000000001 -37.36899617329853 10
      vertex 128.12285555479585 -35.877913770854825 20
      vertex 125.72500000000001 -37.36899617329853 20
    endloop
  endfacet
  facet normal 0.5824776968678027 -0.8128466845916148 0
    outer loop
      vertex 128.12285555479585 -35.877913770854825 10
      vertex 130.4180556617263 -34.2331966335668 20
      vertex 128.12285555479585 -35.877913770854825 20
    endloop
  endfacet
  facet normal 0.6343932841636479 -0.773010453362735 0
    outer loop
      vertex 130.4180556617263 -34.2331966335668 10
      vertex 132.60077192156797 -32.44188769271787 20
      vertex 130.4180556617263 -34.2331966335668 20
    endloop
  endfacet
  facet normal 0.6835923020228681 -0.7298640726978386 0
    outer loop
      vertex 132.60077192156797 -32.44188769271787 10
      vertex 134.66165760819953 -30.511657608199528 20
      vertex 132.60077192156797 -32.44188769271787 20
    endloop
  endfacet
  facet normal 0.7298640726978374 -0.6835923020228694 0
    outer loop
      vertex 136.59188769271788 -28.45077192156797 10
      vertex 136.59188769271788 -28.45077192156797 20
      vertex 134.66165760819953 -30.511657608199528 20
    endloop
  endfacet
  facet normal 0.7730104533627372 -0.6343932841636452 0
    outer loop
      vertex 138.3831966335668 -26.268055661726294 10
      vertex 138.3831966335668 -26.268055661726294 20
      vertex 136.59188769271788 -28.45077192156797 20
    endloop
  endfacet
  facet normal 0.8128466845916137 -0.5824776968678043 0
    outer loop
      vertex 140.02791377085484 -23.97285555479583 10
      vertex 140.02791377085484 -23.97285555479583 20
      vertex 138.3831966335668 -26.268055661726294 20
    endloop
  endfacet
  facet normal 0.8492021815265772 -0.5280678506503708 0
    outer loop
      vertex 141.51899617329855 -21.575 10
      vertex 141.51899617329855 -21.575 20
      vertex 140.02791377085484 -23.97285555479583 20
    endloop
  endfacet
  facet normal 0.8819212643483595 -0.47139673682598937 0
    outer loop
      vertex 142.8500587971355 -19.084756982949905 10
      vertex 142.8500587971355 -19.084756982949905 20
      vertex 141.51899617329855 -21.575 20
    endloop
  endfacet
  facet normal 0.9108638249211727 -0.4127070298044016 0
    outer loop
      vertex 144.01540182786204 -16.512790106553624 10
      vertex 144.01540182786204 -16.512790106553624 20
      vertex 142.8500587971355 -19.084756982949905 20
    endloop
  endfacet
  facet normal 0.9359059267573262 -0.35225004792123193 0
    outer loop
      vertex 145.01003508771382 -13.870112927831421 10
      vertex 145.01003508771382 -13.870112927831421 20
      vertex 144.01540182786204 -16.512790106553624 20
    endloop
  endfacet
  facet normal 0.9569403357322106 -0.29028467725445667 0
    outer loop
      vertex 145.8296994043733 -11.16804179617377 10
      vertex 145.8296994043733 -11.16804179617377 20
      vertex 145.01003508771382 -13.870112927831421 20
    endloop
  endfacet
  facet normal 0.9738769792773326 -0.22707626303437767 0
    outer loop
      vertex 146.4708848493994 -8.418147394995934 10
      vertex 146.4708848493994 -8.418147394995934 20
      vertex 145.8296994043733 -11.16804179617377 20
    endloop
  endfacet
  facet normal 0.9866433320848781 -0.16289547339459384 0
    outer loop
      vertex 146.93084576827994 -5.632205194295225 10
      vertex 146.93084576827994 -5.632205194295225 20
      vertex 146.4708848493994 -8.418147394995934 20
    endloop
  endfacet
  facet normal 0.9951847266721973 -0.09801714032955594 0
    outer loop
      vertex 147.20761253774575 -2.822145026280673 10
      vertex 147.20761253774575 -2.822145026280673 20
      vertex 146.93084576827994 -5.632205194295225 20
    endloop
  endfacet
  facet normal 0.9994645874763655 -0.032719082821778565 0
    outer loop
      vertex 147.20761253774575 -2.822145026280673 20
      vertex 147.3 0 10
      vertex 147.3 0 20
    endloop
  endfacet
  facet normal 0 0 -1
    outer loop
      vertex 104.15 41.15 10
      vertex 104.15 43.15 10
      vertex 106.97214502628069 43.05761253774574 10
    endloop
  endfacet
  facet normal 0 0 -1
    outer loop
      vertex 104.15 41.15 10
      vertex 106.97214502628069 43.05761253774574 10
      vertex 106.84133876782039 41.061894691268535 10
    endloop
  endfacet
  facet normal 0 0 -1
    outer loop
      vertex 106.84133876782039 41.061894691268535 10
      vertex 106.97214502628069 43.05761253774574 10
      vertex 109.78220519429523 42.78084576827992 10
    endloop
  endfacet
  facet normal 0 0 -1
    outer loop
      vertex 106.84133876782039 41.061894691268535 10
      vertex 109.78220519429523 42.78084576827992 10
      vertex 109.52115280985512 40.797956045532295 10
    endloop
  endfacet
  facet normal 0 0 -1
    outer loop
      vertex 109.52115280985512 40.797956045532295 10
      vertex 109.78220519429523 42.78084576827992 10
      vertex 112.56814739499595 42.32088484939939 10
    endloop
  endfacet
  facet normal 0 0 -1
    outer loop
      vertex 109.52115280985512 40.797956045532295 10
      vertex 112.56814739499595 42.32088484939939 10
      vertex 112.17796675096368 40.359314288592934 10
    endloop
  endfacet
  facet normal 0 0 -1
    outer loop
      vertex 112.17796675096368 40.359314288592934 10
      vertex 112.56814739499595 42.32088484939939 10
      vertex 115.31804179617377 41.679699404373295 10
    endloop
  endfacet
  facet normal 0 0 -1
    outer loop
      vertex 112.17796675096368 40.359314288592934 10
      vertex 115.31804179617377 41.679699404373295 10
      vertex 114.80040370596873 39.74784775179516 10
    endloop
  endfacet
  facet normal 0.03271908282177598 0.9994645874763656 0
    outer loop
      vertex 104.15 43.15 10
      vertex 104.15 43.15 20
      vertex 106.97214502628069 43.05761253774574 10
    endloop
  endfacet
  facet normal 0.09801714032956117 0.9951847266721968 0
    outer loop
      vertex 106.97214502628069 43.05761253774574 10
      vertex 106.97214502628069 43.05761253774574 20
      vertex 109.78220519429523 42.78084576827992 10
    endloop
  endfacet
  facet normal 0.1628954733945885 0.9866433320848791 0
    outer loop
      vertex 109.78220519429523 42.78084576827992 10
      vertex 109.78220519429523 42.78084576827992 20
      vertex 112.56814739499595 42.32088484939939 10
    endloop
  endfacet
  facet normal 0.22707626303437356 0.9738769792773336 0
    outer loop
      vertex 112.56814739499595 42.32088484939939 10
      vertex 112.56814739499595 42.32088484939939 20
      vertex 115.31804179617377 41.679699404373295 10
    endloop
  endfacet
  facet normal 0 0 -1
    outer loop
      vertex 114.80040370596873 39.74784775179516 10
      vertex 118.02011292783143 40.86003508771381 10
      vertex 117.3772339972251 38.966174828723595 10
    endloop
  endfacet
  facet normal 0 0 -1
    outer loop
      vertex 114.80040370596873 39.74784775179516 10
      vertex 115.31804179617377 41.679699404373295 10
      vertex 118.02011292783143 40.86003508771381 10
    endloop
  endfacet
  facet normal 0 0 -1
    outer loop
      vertex 117.3772339972251 38.966174828723595 10
      vertex 118.02011292783143 40.86003508771381 10
      vertex 120.66279010655363 39.86540182786202 10
    endloop
  endfacet
  facet normal 0 0 -1
    outer loop
      vertex 117.3772339972251 38.966174828723595 10
      vertex 120.66279010655363 39.86540182786202 10
      vertex 119.89742324182345 38.01764276283945 10
    endloop
  endfacet
  facet normal 0 0 -1
    outer loop
      vertex 122.3501796025119 36.90631331407012 10
      vertex 125.72500000000001 37.36899617329853 10
      vertex 124.72500000000001 35.636945365729645 10
    endloop
  endfacet
  facet normal 0 0 -1
    outer loop
      vertex 122.3501796025119 36.90631331407012 10
      vertex 123.2347569829499 38.7000587971355 10
      vertex 125.72500000000001 37.36899617329853 10
    endloop
  endfacet
  facet normal 0 0 -1
    outer loop
      vertex 119.89742324182345 38.01764276283945 10
      vertex 120.66279010655363 39.86540182786202 10
      vertex 123.2347569829499 38.7000587971355 10
    endloop
  endfacet
  facet normal 0 0 -1
    outer loop
      vertex 119.89742324182345 38.01764276283945 10
      vertex 123.2347569829499 38.7000587971355 10
      vertex 122.3501796025119 36.90631331407012 10
    endloop
  endfacet
  facet normal 0.2902846772544604 0.9569403357322095 0
    outer loop
      vertex 115.31804179617377 41.679699404373295 10
      vertex 115.31804179617377 41.679699404373295 20
      vertex 118.02011292783143 40.86003508771381 10
    endloop
  endfacet
  facet normal 0.352250047921235 0.9359059267573251 0
    outer loop
      vertex 118.02011292783143 40.86003508771381 10
      vertex 118.02011292783143 40.86003508771381 20
      vertex 120.66279010655363 39.86540182786202 10
    endloop
  endfacet
  facet normal 0.41270702980439633 0.910863824921175 0
    outer loop
      vertex 120.66279010655363 39.86540182786202 10
      vertex 120.66279010655363 39.86540182786202 20
      vertex 123.2347569829499 38.7000587971355 10
    endloop
  endfacet
  facet normal 0.47139673682599564 0.8819212643483562 0
    outer loop
      vertex 123.2347569829499 38.7000587971355 10
      vertex 123.2347569829499 38.7000587971355 20
      vertex 125.72500000000001 37.36899617329853 10
    endloop
  endfacet
  facet normal 0 0 -1
    outer loop
      vertex 147.20761253774575 -2.822145026280673 10
      vertex 147.20761253774575 2.822145026280673 10
      vertex 147.3 0 10
    endloop
  endfacet
  facet normal 0 0 -1
    outer loop
      vertex 146.93084576827994 -5.632205194295225 10
      vertex 146.93084576827994 5.632205194295225 10
      vertex 147.20761253774575 2.822145026280673 10
    endloop
  endfacet
  facet normal 0 0 -1
    outer loop
      vertex 146.4708848493994 -8.418147394995934 10
      vertex 146.4708848493994 8.418147394995934 10
      vertex 146.93084576827994 5.632205194295225 10
    endloop
  endfacet
  facet normal 0 0 -1
    outer loop
      vertex 145.3 0 10
      vertex 145.21189469126853 2.691338767820387 10
      vertex 145.8296994043733 11.16804179617377 10
    endloop
  endfacet
  facet normal 0 0 -1
    outer loop
      vertex 145.8296994043733 -11.16804179617377 10
      vertex 145.8296994043733 11.16804179617377 10
      vertex 146.4708848493994 8.418147394995934 10
    endloop
  endfacet
  facet normal 0 0 -1
    outer loop
      vertex 145.21189469126853 2.691338767820387 10
      vertex 144.9479560455323 5.371152809855122 10
      vertex 145.8296994043733 11.16804179617377 10
    endloop
  endfacet
  facet normal 0 0 -1
    outer loop
      vertex 144.9479560455323 5.371152809855122 10
      vertex 144.50931428859295 8.027966750963676 10
      vertex 145.01003508771382 13.870112927831421 10
    endloop
  endfacet
  facet normal 0 0 -1
    outer loop
      vertex 144.9479560455323 5.371152809855122 10
      vertex 145.01003508771382 13.870112927831421 10
      vertex 145.8296994043733 11.16804179617377 10
    endloop
  endfacet
  facet normal 0.9994645874763655 0.032719082821778565 0
    outer loop
      vertex 147.3 0 10
      vertex 147.20761253774575 2.822145026280673 10
      vertex 147.3 0 20
    endloop
  endfacet
  facet normal 0.9951847266721973 0.09801714032955594 0
    outer loop
      vertex 147.20761253774575 2.822145026280673 10
      vertex 146.93084576827994 5.632205194295225 10
      vertex 147.20761253774575 2.822145026280673 20
    endloop
  endfacet
  facet normal 0.9866433320848781 0.16289547339459384 0
    outer loop
      vertex 146.93084576827994 5.632205194295225 10
      vertex 146.4708848493994 8.418147394995934 10
      vertex 146.93084576827994 5.632205194295225 20
    endloop
  endfacet
  facet normal 0.9738769792773326 0.22707626303437767 0
    outer loop
      vertex 146.4708848493994 8.418147394995934 10
      vertex 145.8296994043733 11.16804179617377 10
      vertex 146.4708848493994 8.418147394995934 20
    endloop
  endfacet
  facet normal 0 0 -1
    outer loop
      vertex 141.0563133140701 18.200179602511902 10
      vertex 139.78694536572965 20.575 10
      vertex 141.51899617329855 21.575 10
    endloop
  endfacet
  facet normal 0 0 -1
    outer loop
      vertex 141.0563133140701 18.200179602511902 10
      vertex 141.51899617329855 21.575 10
      vertex 142.8500587971355 19.084756982949905 10
    endloop
  endfacet
  facet normal 0 0 -1
    outer loop
      vertex 144.50931428859295 8.027966750963676 10
      vertex 143.89784775179515 10.650403705968728 10
      vertex 145.01003508771382 13.870112927831421 10
    endloop
  endfacet
  facet normal 0 0 -1
    outer loop
      vertex 143.89784775179515 10.650403705968728 10
      vertex 143.11617482872362 13.227233997225099 10
      vertex 144.01540182786204 16.512790106553624 10
    endloop
  endfacet
  facet normal 0 0 -1
    outer loop
      vertex 143.11617482872362 13.227233997225099 10
      vertex 142.16764276283945 15.747423241823444 10
      vertex 144.01540182786204 16.512790106553624 10
    endloop
  endfacet
  facet normal 0 0 -1
    outer loop
      vertex 143.89784775179515 10.650403705968728 10
      vertex 144.01540182786204 16.512790106553624 10
      vertex 145.01003508771382 13.870112927831421 10
    endloop
  endfacet
  facet normal 0 0 -1
    outer loop
      vertex 142.16764276283945 15.747423241823444 10
      vertex 142.8500587971355 19.084756982949905 10
      vertex 144.01540182786204 16.512790106553624 10
    endloop
  endfacet
  facet normal 0 0 -1
    outer loop
      vertex 141.0563133140701 18.200179602511902 10
      vertex 142.8500587971355 19.084756982949905 10
      vertex 142.16764276283945 15.747423241823444 10
    endloop
  endfacet
  facet normal 0.9569403357322106 0.29028467725445667 0
    outer loop
      vertex 145.8296994043733 11.16804179617377 10
      vertex 145.01003508771382 13.870112927831421 10
      vertex 145.8296994043733 11.16804179617377 20
    endloop
  endfacet
  facet normal 0.9359059267573262 0.35225004792123193 0
    outer loop
      vertex 145.01003508771382 13.870112927831421 10
      vertex 144.01540182786204 16.512790106553624 10
      vertex 145.01003508771382 13.870112927831421 20
    endloop
  endfacet
  facet normal 0.9108638249211727 0.4127070298044016 0
    outer loop
      vertex 144.01540182786204 16.512790106553624 10
      vertex 142.8500587971355 19.084756982949905 10
      vertex 144.01540182786204 16.512790106553624 20
    endloop
  endfacet
  facet normal 0.8819212643483595 0.47139673682598937 0
    outer loop
      vertex 142.8500587971355 19.084756982949905 10
      vertex 141.51899617329855 21.575 10
      vertex 142.8500587971355 19.084756982949905 20
    endloop
  endfacet
  facet normal 0 0 -1
    outer loop
      vertex 131.28208029136783 30.938208077759917 10
      vertex 129.20053280370885 32.646489952984325 10
      vertex 132.60077192156797 32.44188769271787 10
    endloop
  endfacet
  facet normal 0 0 -1
    outer loop
      vertex 133.24744404582643 29.097444045826432 10
      vertex 131.28208029136783 30.938208077759917 10
      vertex 134.66165760819953 30.511657608199528 10
    endloop
  endfacet
  facet normal 0 0 -1
    outer loop
      vertex 131.28208029136783 30.938208077759917 10
      vertex 132.60077192156797 32.44188769271787 10
      vertex 134.66165760819953 30.511657608199528 10
    endloop
  endfacet
  facet normal 0 0 -1
    outer loop
      vertex 133.24744404582643 29.097444045826432 10
      vertex 136.59188769271788 28.45077192156797 10
      vertex 135.08820807775993 27.13208029136783 10
    endloop
  endfacet
  facet normal 0 0 -1
    outer loop
      vertex 133.24744404582643 29.097444045826432 10
      vertex 134.66165760819953 30.511657608199528 10
      vertex 136.59188769271788 28.45077192156797 10
    endloop
  endfacet
  facet normal 0.6835923020228681 0.7298640726978386 0
    outer loop
      vertex 134.66165760819953 30.511657608199528 10
      vertex 132.60077192156797 32.44188769271787 10
      vertex 132.60077192156797 32.44188769271787 20
    endloop
  endfacet
  facet normal 0.7298640726978374 0.6835923020228694 0
    outer loop
      vertex 134.66165760819953 30.511657608199528 10
      vertex 136.59188769271788 28.45077192156797 20
      vertex 136.59188769271788 28.45077192156797 10
    endloop
  endfacet
  facet normal 0 0 -1
    outer loop
      vertex 124.72500000000001 35.636945365729645 10
      vertex 125.72500000000001 37.36899617329853 10
      vertex 128.12285555479585 35.877913770854825 10
    endloop
  endfacet
  facet normal 0 0 -1
    outer loop
      vertex 124.72500000000001 35.636945365729645 10
      vertex 128.12285555479585 35.877913770854825 10
      vertex 127.01171508875663 34.214974546249735 10
    endloop
  endfacet
  facet normal 0 0 -1
    outer loop
      vertex 127.01171508875663 34.214974546249735 10
      vertex 130.4180556617263 34.2331966335668 10
      vertex 129.20053280370885 32.646489952984325 10
    endloop
  endfacet
  facet normal 0 0 -1
    outer loop
      vertex 127.01171508875663 34.214974546249735 10
      vertex 128.12285555479585 35.877913770854825 10
      vertex 130.4180556617263 34.2331966335668 10
    endloop
  endfacet
  facet normal 0 0 -1
    outer loop
      vertex 129.20053280370885 32.646489952984325 10
      vertex 130.4180556617263 34.2331966335668 10
      vertex 132.60077192156797 32.44188769271787 10
    endloop
  endfacet
  facet normal 0.5280678506503679 0.8492021815265791 0
    outer loop
      vertex 125.72500000000001 37.36899617329853 10
      vertex 125.72500000000001 37.36899617329853 20
      vertex 128.12285555479585 35.877913770854825 10
    endloop
  endfacet
  facet normal 0.5824776968678027 0.8128466845916148 0
    outer loop
      vertex 128.12285555479585 35.877913770854825 10
      vertex 128.12285555479585 35.877913770854825 20
      vertex 130.4180556617263 34.2331966335668 10
    endloop
  endfacet
  facet normal 0.6343932841636479 0.773010453362735 0
    outer loop
      vertex 130.4180556617263 34.2331966335668 10
      vertex 130.4180556617263 34.2331966335668 20
      vertex 132.60077192156797 32.44188769271787 10
    endloop
  endfacet
  facet normal 0 0 -1
    outer loop
      vertex 138.36497454624975 22.86171508875663 10
      vertex 136.79648995298433 25.050532803708855 10
      vertex 138.3831966335668 26.268055661726294 10
    endloop
  endfacet
  facet normal 0 0 -1
    outer loop
      vertex 135.08820807775993 27.13208029136783 10
      vertex 138.3831966335668 26.268055661726294 10
      vertex 136.79648995298433 25.050532803708855 10
    endloop
  endfacet
  facet normal 0 0 -1
    outer loop
      vertex 138.36497454624975 22.86171508875663 10
      vertex 138.3831966335668 26.268055661726294 10
      vertex 140.02791377085484 23.97285555479583 10
    endloop
  endfacet
  facet normal 0 0 -1
    outer loop
      vertex 139.78694536572965 20.575 10
      vertex 138.36497454624975 22.86171508875663 10
      vertex 140.02791377085484 23.97285555479583 10
    endloop
  endfacet
  facet normal 0 0 -1
    outer loop
      vertex 139.78694536572965 20.575 10
      vertex 140.02791377085484 23.97285555479583 10
      vertex 141.51899617329855 21.575 10
    endloop
  endfacet
  facet normal 0 0 -1
    outer loop
      vertex 135.08820807775993 27.13208029136783 10
      vertex 136.59188769271788 28.45077192156797 10
      vertex 138.3831966335668 26.268055661726294 10
    endloop
  endfacet
  facet normal 0.8492021815265772 0.5280678506503708 0
    outer loop
      vertex 140.02791377085484 23.97285555479583 10
      vertex 141.51899617329855 21.575 20
      vertex 141.51899617329855 21.575 10
    endloop
  endfacet
  facet normal 0.8128466845916137 0.5824776968678043 0
    outer loop
      vertex 138.3831966335668 26.268055661726294 10
      vertex 140.02791377085484 23.97285555479583 20
      vertex 140.02791377085484 23.97285555479583 10
    endloop
  endfacet
  facet normal 0.7730104533627372 0.6343932841636452 0
    outer loop
      vertex 138.3831966335668 26.268055661726294 10
      vertex 136.59188769271788 28.45077192156797 10
      vertex 138.3831966335668 26.268055661726294 20
    endloop
  endfacet
  facet normal 0.03271908282177598 0.9994645874763656 0
    outer loop
      vertex 106.97214502628069 43.05761253774574 10
      vertex 104.15 43.15 20
      vertex 106.97214502628069 43.05761253774574 20
    endloop
  endfacet
  facet normal 0.09801714032956117 0.9951847266721968 0
    outer loop
      vertex 109.78220519429523 42.78084576827992 10
      vertex 106.97214502628069 43.05761253774574 20
      vertex 109.78220519429523 42.78084576827992 20
    endloop
  endfacet
  facet normal 0.1628954733945885 0.9866433320848791 0
    outer loop
      vertex 112.56814739499595 42.32088484939939 10
      vertex 109.78220519429523 42.78084576827992 20
      vertex 112.56814739499595 42.32088484939939 20
    endloop
  endfacet
  facet normal 0.22707626303437356 0.9738769792773336 0
    outer loop
      vertex 115.31804179617377 41.679699404373295 10
      vertex 112.56814739499595 42.32088484939939 20
      vertex 115.31804179617377 41.679699404373295 20
    endloop
  endfacet
  facet normal 0.2902846772544604 0.9569403357322095 0
    outer loop
      vertex 118.02011292783143 40.86003508771381 10
      vertex 115.31804179617377 41.679699404373295 20
      vertex 118.02011292783143 40.86003508771381 20
    endloop
  endfacet
  facet normal 0.352250047921235 0.9359059267573251 0
    outer loop
      vertex 120.66279010655363 39.86540182786202 10
      vertex 118.02011292783143 40.86003508771381 20
      vertex 120.66279010655363 39.86540182786202 20
    endloop
  endfacet
  facet normal 0.41270702980439633 0.910863824921175 0
    outer loop
      vertex 123.2347569829499 38.7000587971355 10
      vertex 120.66279010655363 39.86540182786202 20
      vertex 123.2347569829499 38.7000587971355 20
    endloop
  endfacet
  facet normal 0.47139673682599564 0.8819212643483562 0
    outer loop
      vertex 125.72500000000001 37.36899617329853 10
      vertex 123.2347569829499 38.7000587971355 20
      vertex 125.72500000000001 37.36899617329853 20
    endloop
  endfacet
  facet normal 0.9994645874763655 0.032719082821778565 0
    outer loop
      vertex 147.20761253774575 2.822145026280673 10
      vertex 147.20761253774575 2.822145026280673 20
      vertex 147.3 0 20
    endloop
  endfacet
  facet normal 0.9951847266721973 0.09801714032955594 0
    outer loop
      vertex 146.93084576827994 5.632205194295225 10
      vertex 146.93084576827994 5.632205194295225 20
      vertex 147.20761253774575 2.822145026280673 20
    endloop
  endfacet
  facet normal 0.9866433320848781 0.16289547339459384 0
    outer loop
      vertex 146.4708848493994 8.418147394995934 10
      vertex 146.4708848493994 8.418147394995934 20
      vertex 146.93084576827994 5.632205194295225 20
    endloop
  endfacet
  facet normal 0.9738769792773326 0.22707626303437767 0
    outer loop
      vertex 145.8296994043733 11.16804179617377 10
      vertex 145.8296994043733 11.16804179617377 20
      vertex 146.4708848493994 8.418147394995934 20
    endloop
  endfacet
  facet normal 0.9359059267573262 0.35225004792123193 0
    outer loop
      vertex 144.01540182786204 16.512790106553624 10
      vertex 144.01540182786204 16.512790106553624 20
      vertex 145.01003508771382 13.870112927831421 20
    endloop
  endfacet
  facet normal 0.9569403357322106 0.29028467725445667 0
    outer loop
      vertex 145.01003508771382 13.870112927831421 10
      vertex 145.01003508771382 13.870112927831421 20
      vertex 145.8296994043733 11.16804179617377 20
    endloop
  endfacet
  facet normal 0.9108638249211727 0.4127070298044016 0
    outer loop
      vertex 142.8500587971355 19.084756982949905 10
      vertex 142.8500587971355 19.084756982949905 20
      vertex 144.01540182786204 16.512790106553624 20
    endloop
  endfacet
  facet normal 0.8819212643483595 0.47139673682598937 0
    outer loop
      vertex 141.51899617329855 21.575 10
      vertex 141.51899617329855 21.575 20
      vertex 142.8500587971355 19.084756982949905 20
    endloop
  endfacet
  facet normal 0.6835923020228681 0.7298640726978386 0
    outer loop
      vertex 134.66165760819953 30.511657608199528 10
      vertex 132.60077192156797 32.44188769271787 20
      vertex 134.66165760819953 30.511657608199528 20
    endloop
  endfacet
  facet normal 0.7298640726978374 0.6835923020228694 0
    outer loop
      vertex 134.66165760819953 30.511657608199528 10
      vertex 134.66165760819953 30.511657608199528 20
      vertex 136.59188769271788 28.45077192156797 20
    endloop
  endfacet
  facet normal 0.5280678506503679 0.8492021815265791 0
    outer loop
      vertex 128.12285555479585 35.877913770854825 10
      vertex 125.72500000000001 37.36899617329853 20
      vertex 128.12285555479585 35.877913770854825 20
    endloop
  endfacet
  facet normal 0.5824776968678027 0.8128466845916148 0
    outer loop
      vertex 130.4180556617263 34.2331966335668 10
      vertex 128.12285555479585 35.877913770854825 20
      vertex 130.4180556617263 34.2331966335668 20
    endloop
  endfacet
  facet normal 0.6343932841636479 0.773010453362735 0
    outer loop
      vertex 132.60077192156797 32.44188769271787 10
      vertex 130.4180556617263 34.2331966335668 20
      vertex 132.60077192156797 32.44188769271787 20
    endloop
  endfacet
  facet normal 0.8128466845916137 0.5824776968678043 0
    outer loop
      vertex 138.3831966335668 26.268055661726294 10
      vertex 138.3831966335668 26.268055661726294 20
      vertex 140.02791377085484 23.97285555479583 20
    endloop
  endfacet
  facet normal 0.8492021815265772 0.5280678506503708 0
    outer loop
      vertex 140.02791377085484 23.97285555479583 10
      vertex 140.02791377085484 23.97285555479583 20
      vertex 141.51899617329855 21.575 20
    endloop
  endfacet
  facet normal 0.7730104533627372 0.6343932841636452 0
    outer loop
      vertex 136.59188769271788 28.45077192156797 10
      vertex 136.59188769271788 28.45077192156797 20
      vertex 138.3831966335668 26.268055661726294 20
    endloop
  endfacet
  facet normal 0.8128466845916155 0.5824776968678017 0
    outer loop
      vertex 71.50351004701568 -25.050532803708855 10
      vertex 69.93502545375027 -22.86171508875663 10
      vertex 69.93502545375027 -22.86171508875663 20
    endloop
  endfacet
  facet normal 0.5824776968678024 0.8128466845916151 0
    outer loop
      vertex 79.09946719629116 -32.646489952984325 10
      vertex 79.09946719629116 -32.646489952984325 20
      vertex 81.28828491124338 -34.214974546249735 10
    endloop
  endfacet
  facet normal 0.5280678506503684 0.8492021815265787 0
    outer loop
      vertex 81.28828491124338 -34.214974546249735 10
      vertex 81.28828491124338 -34.214974546249735 20
      vertex 83.575 -35.636945365729645 10
    endloop
  endfacet
  facet normal 0.7298640726978364 0.6835923020228705 0
    outer loop
      vertex 73.21179192224008 -27.13208029136783 10
      vertex 73.21179192224008 -27.13208029136783 20
      vertex 75.05255595417357 -29.097444045826432 10
    endloop
  endfacet
  facet normal 0.6835923020228685 0.7298640726978383 0
    outer loop
      vertex 77.01791970863218 -30.938208077759917 10
      vertex 75.05255595417357 -29.097444045826432 10
      vertex 75.05255595417357 -29.097444045826432 20
    endloop
  endfacet
  facet normal 0.7730104533627377 0.6343932841636446 0
    outer loop
      vertex 71.50351004701568 -25.050532803708855 10
      vertex 71.50351004701568 -25.050532803708855 20
      vertex 73.21179192224008 -27.13208029136783 10
    endloop
  endfacet
  facet normal 0.6343932841636456 0.773010453362737 0
    outer loop
      vertex 79.09946719629116 -32.646489952984325 10
      vertex 77.01791970863218 -30.938208077759917 10
      vertex 77.01791970863218 -30.938208077759917 20
    endloop
  endfacet
  facet normal 0.9359059267573253 0.35225004792123465 0
    outer loop
      vertex 66.13235723716056 -15.747423241823444 10
      vertex 65.18382517127641 -13.227233997225099 10
      vertex 65.18382517127641 -13.227233997225099 20
    endloop
  endfacet
  facet normal 0.9569403357322083 0.2902846772544643 0
    outer loop
      vertex 65.18382517127641 -13.227233997225099 10
      vertex 64.40215224820484 -10.650403705968728 10
      vertex 64.40215224820484 -10.650403705968728 20
    endloop
  endfacet
  facet normal 0.8819212643483549 0.4713967368259977 0
    outer loop
      vertex 68.51305463427036 -20.575 10
      vertex 67.24368668592989 -18.200179602511902 10
      vertex 67.24368668592989 -18.200179602511902 20
    endloop
  endfacet
  facet normal 0.8492021815265794 0.5280678506503672 0
    outer loop
      vertex 69.93502545375027 -22.86171508875663 10
      vertex 68.51305463427036 -20.575 10
      vertex 68.51305463427036 -20.575 20
    endloop
  endfacet
  facet normal 0.9108638249211759 0.4127070298043945 0
    outer loop
      vertex 66.13235723716056 -15.747423241823444 10
      vertex 66.13235723716056 -15.747423241823444 20
      vertex 67.24368668592989 -18.200179602511902 10
    endloop
  endfacet
  facet normal 0.9866433320848792 0.16289547339458735 0
    outer loop
      vertex 63.79068571140707 -8.027966750963676 10
      vertex 63.35204395446771 -5.371152809855122 10
      vertex 63.35204395446771 -5.371152809855122 20
    endloop
  endfacet
  facet normal 0.973876979277334 0.22707626303437242 0
    outer loop
      vertex 64.40215224820484 -10.650403705968728 10
      vertex 63.79068571140707 -8.027966750963676 10
      vertex 63.79068571140707 -8.027966750963676 20
    endloop
  endfacet
  facet normal 0.9951847266721968 0.09801714032956182 0
    outer loop
      vertex 63.35204395446771 -5.371152809855122 10
      vertex 63.08810530873147 -2.691338767820387 10
      vertex 63.08810530873147 -2.691338767820387 20
    endloop
  endfacet
  facet normal 0.9994645874763657 0.03271908282177553 0
    outer loop
      vertex 63.08810530873147 -2.691338767820387 10
      vertex 63.00000000000001 0 10
      vertex 63.00000000000001 0 20
    endloop
  endfacet
  facet normal 0.4713967368259961 0.8819212643483558 0
    outer loop
      vertex 83.575 -35.636945365729645 10
      vertex 83.575 -35.636945365729645 20
      vertex 85.94982039748811 -36.90631331407012 10
    endloop
  endfacet
  facet normal 0.4127070298043972 0.9108638249211747 0
    outer loop
      vertex 85.94982039748811 -36.90631331407012 10
      vertex 85.94982039748811 -36.90631331407012 20
      vertex 88.40257675817656 -38.01764276283945 10
    endloop
  endfacet
  facet normal 0.35225004792123277 0.935905926757326 0
    outer loop
      vertex 88.40257675817656 -38.01764276283945 10
      vertex 88.40257675817656 -38.01764276283945 20
      vertex 90.9227660027749 -38.966174828723595 10
    endloop
  endfacet
  facet normal 0.2902846772544643 0.9569403357322083 0
    outer loop
      vertex 90.9227660027749 -38.966174828723595 10
      vertex 90.9227660027749 -38.966174828723595 20
      vertex 93.49959629403128 -39.74784775179516 10
    endloop
  endfacet
  facet normal 0.22707626303437195 0.973876979277334 0
    outer loop
      vertex 93.49959629403128 -39.74784775179516 10
      vertex 93.49959629403128 -39.74784775179516 20
      vertex 96.12203324903633 -40.359314288592934 10
    endloop
  endfacet
  facet normal 0.16289547339458746 0.9866433320848792 0
    outer loop
      vertex 96.12203324903633 -40.359314288592934 10
      vertex 96.12203324903633 -40.359314288592934 20
      vertex 98.77884719014489 -40.797956045532295 10
    endloop
  endfacet
  facet normal 0.09801714032956182 0.9951847266721968 0
    outer loop
      vertex 98.77884719014489 -40.797956045532295 10
      vertex 98.77884719014489 -40.797956045532295 20
      vertex 101.45866123217962 -41.061894691268535 10
    endloop
  endfacet
  facet normal 0.03271908282177558 0.9994645874763657 0
    outer loop
      vertex 101.45866123217962 -41.061894691268535 10
      vertex 101.45866123217962 -41.061894691268535 20
      vertex 104.15 -41.15 10
    endloop
  endfacet
  facet normal 0.8128466845916155 0.5824776968678017 0
    outer loop
      vertex 71.50351004701568 -25.050532803708855 10
      vertex 69.93502545375027 -22.86171508875663 20
      vertex 71.50351004701568 -25.050532803708855 20
    endloop
  endfacet
  facet normal 0.8492021815265794 0.5280678506503672 0
    outer loop
      vertex 69.93502545375027 -22.86171508875663 10
      vertex 68.51305463427036 -20.575 20
      vertex 69.93502545375027 -22.86171508875663 20
    endloop
  endfacet
  facet normal 0.5824776968678024 0.8128466845916151 0
    outer loop
      vertex 81.28828491124338 -34.214974546249735 10
      vertex 79.09946719629116 -32.646489952984325 20
      vertex 81.28828491124338 -34.214974546249735 20
    endloop
  endfacet
  facet normal 0.7298640726978364 0.6835923020228705 0
    outer loop
      vertex 75.05255595417357 -29.097444045826432 10
      vertex 73.21179192224008 -27.13208029136783 20
      vertex 75.05255595417357 -29.097444045826432 20
    endloop
  endfacet
  facet normal 0.6835923020228685 0.7298640726978383 0
    outer loop
      vertex 77.01791970863218 -30.938208077759917 10
      vertex 75.05255595417357 -29.097444045826432 20
      vertex 77.01791970863218 -30.938208077759917 20
    endloop
  endfacet
  facet normal 0.7730104533627377 0.6343932841636446 0
    outer loop
      vertex 73.21179192224008 -27.13208029136783 10
      vertex 71.50351004701568 -25.050532803708855 20
      vertex 73.21179192224008 -27.13208029136783 20
    endloop
  endfacet
  facet normal 0.6343932841636456 0.773010453362737 0
    outer loop
      vertex 79.09946719629116 -32.646489952984325 10
      vertex 77.01791970863218 -30.938208077759917 20
      vertex 79.09946719629116 -32.646489952984325 20
    endloop
  endfacet
  facet normal 0.9359059267573253 0.35225004792123465 0
    outer loop
      vertex 66.13235723716056 -15.747423241823444 10
      vertex 65.18382517127641 -13.227233997225099 20
      vertex 66.13235723716056 -15.747423241823444 20
    endloop
  endfacet
  facet normal 0.9569403357322083 0.2902846772544643 0
    outer loop
      vertex 65.18382517127641 -13.227233997225099 10
      vertex 64.40215224820484 -10.650403705968728 20
      vertex 65.18382517127641 -13.227233997225099 20
    endloop
  endfacet
  facet normal 0.8819212643483549 0.4713967368259977 0
    outer loop
      vertex 68.51305463427036 -20.575 10
      vertex 67.24368668592989 -18.200179602511902 20
      vertex 68.51305463427036 -20.575 20
    endloop
  endfacet
  facet normal 0.9108638249211759 0.4127070298043945 0
    outer loop
      vertex 67.24368668592989 -18.200179602511902 10
      vertex 66.13235723716056 -15.747423241823444 20
      vertex 67.24368668592989 -18.200179602511902 20
    endloop
  endfacet
  facet normal 0.9866433320848792 0.16289547339458735 0
    outer loop
      vertex 63.79068571140707 -8.027966750963676 10
      vertex 63.35204395446771 -5.371152809855122 20
      vertex 63.79068571140707 -8.027966750963676 20
    endloop
  endfacet
  facet normal 0.973876979277334 0.22707626303437242 0
    outer loop
      vertex 64.40215224820484 -10.650403705968728 10
      vertex 63.79068571140707 -8.027966750963676 20
      vertex 64.40215224820484 -10.650403705968728 20
    endloop
  endfacet
  facet normal 0.9951847266721968 0.09801714032956182 0
    outer loop
      vertex 63.35204395446771 -5.371152809855122 10
      vertex 63.08810530873147 -2.691338767820387 20
      vertex 63.35204395446771 -5.371152809855122 20
    endloop
  endfacet
  facet normal 0.9994645874763657 0.03271908282177553 0
    outer loop
      vertex 63.08810530873147 -2.691338767820387 10
      vertex 63.00000000000001 0 20
      vertex 63.08810530873147 -2.691338767820387 20
    endloop
  endfacet
  facet normal 0.5280678506503684 0.8492021815265787 0
    outer loop
      vertex 83.575 -35.636945365729645 10
      vertex 81.28828491124338 -34.214974546249735 20
      vertex 83.575 -35.636945365729645 20
    endloop
  endfacet
  facet normal 0.4713967368259961 0.8819212643483558 0
    outer loop
      vertex 85.94982039748811 -36.90631331407012 10
      vertex 83.575 -35.636945365729645 20
      vertex 85.94982039748811 -36.90631331407012 20
    endloop
  endfacet
  facet normal 0.4127070298043972 0.9108638249211747 0
    outer loop
      vertex 88.40257675817656 -38.01764276283945 10
      vertex 85.94982039748811 -36.90631331407012 20
      vertex 88.40257675817656 -38.01764276283945 20
    endloop
  endfacet
  facet normal 0.35225004792123277 0.935905926757326 0
    outer loop
      vertex 90.9227660027749 -38.966174828723595 10
      vertex 88.40257675817656 -38.01764276283945 20
      vertex 90.9227660027749 -38.966174828723595 20
    endloop
  endfacet
  facet normal 0.2902846772544643 0.9569403357322083 0
    outer loop
      vertex 93.49959629403128 -39.74784775179516 10
      vertex 90.9227660027749 -38.966174828723595 20
      vertex 93.49959629403128 -39.74784775179516 20
    endloop
  endfacet
  facet normal 0.22707626303437195 0.973876979277334 0
    outer loop
      vertex 96.12203324903633 -40.359314288592934 10
      vertex 93.49959629403128 -39.74784775179516 20
      vertex 96.12203324903633 -40.359314288592934 20
    endloop
  endfacet
  facet normal 0.16289547339458746 0.9866433320848792 0
    outer loop
      vertex 98.77884719014489 -40.797956045532295 10
      vertex 96.12203324903633 -40.359314288592934 20
      vertex 98.77884719014489 -40.797956045532295 20
    endloop
  endfacet
  facet normal 0.09801714032956182 0.9951847266721968 0
    outer loop
      vertex 101.45866123217962 -41.061894691268535 10
      vertex 98.77884719014489 -40.797956045532295 20
      vertex 101.45866123217962 -41.061894691268535 20
    endloop
  endfacet
  facet normal 0.03271908282177558 0.9994645874763657 0
    outer loop
      vertex 101.45866123217962 -41.061894691268535 20
      vertex 104.15 -41.15 20
      vertex 104.15 -41.15 10
    endloop
  endfacet
  facet normal 0.9994645874763657 -0.03271908282177553 0
    outer loop
      vertex 63.00000000000001 0 10
      vertex 63.08810530873147 2.691338767820387 10
      vertex 63.08810530873147 2.691338767820387 20
    endloop
  endfacet
  facet normal 0.9951847266721968 -0.09801714032956182 0
    outer loop
      vertex 63.08810530873147 2.691338767820387 10
      vertex 63.35204395446771 5.371152809855122 10
      vertex 63.35204395446771 5.371152809855122 20
    endloop
  endfacet
  facet normal 0.9866433320848792 -0.16289547339458735 0
    outer loop
      vertex 63.35204395446771 5.371152809855122 10
      vertex 63.79068571140707 8.027966750963676 10
      vertex 63.79068571140707 8.027966750963676 20
    endloop
  endfacet
  facet normal 0.973876979277334 -0.22707626303437242 0
    outer loop
      vertex 63.79068571140707 8.027966750963676 10
      vertex 64.40215224820484 10.650403705968728 10
      vertex 64.40215224820484 10.650403705968728 20
    endloop
  endfacet
  facet normal 0.9569403357322083 -0.2902846772544643 0
    outer loop
      vertex 64.40215224820484 10.650403705968728 10
      vertex 65.18382517127641 13.227233997225099 10
      vertex 65.18382517127641 13.227233997225099 20
    endloop
  endfacet
  facet normal 0.9359059267573253 -0.35225004792123465 0
    outer loop
      vertex 65.18382517127641 13.227233997225099 10
      vertex 66.13235723716056 15.747423241823444 10
      vertex 66.13235723716056 15.747423241823444 20
    endloop
  endfacet
  facet normal 0.9108638249211759 -0.4127070298043945 0
    outer loop
      vertex 66.13235723716056 15.747423241823444 10
      vertex 67.24368668592989 18.200179602511902 10
      vertex 67.24368668592989 18.200179602511902 20
    endloop
  endfacet
  facet normal 0.8819212643483549 -0.4713967368259977 0
    outer loop
      vertex 67.24368668592989 18.200179602511902 10
      vertex 68.51305463427036 20.575 10
      vertex 68.51305463427036 20.575 20
    endloop
  endfacet
  facet normal 0.8492021815265794 -0.5280678506503672 0
    outer loop
      vertex 68.51305463427036 20.575 10
      vertex 69.93502545375027 22.86171508875663 10
      vertex 69.93502545375027 22.86171508875663 20
    endloop
  endfacet
  facet normal 0.8128466845916155 -0.5824776968678017 0
    outer loop
      vertex 69.93502545375027 22.86171508875663 10
      vertex 71.50351004701568 25.050532803708855 10
      vertex 71.50351004701568 25.050532803708855 20
    endloop
  endfacet
  facet normal 0.7730104533627377 -0.6343932841636446 0
    outer loop
      vertex 71.50351004701568 25.050532803708855 10
      vertex 73.21179192224008 27.13208029136783 10
      vertex 73.21179192224008 27.13208029136783 20
    endloop
  endfacet
  facet normal 0.7298640726978364 -0.6835923020228705 0
    outer loop
      vertex 73.21179192224008 27.13208029136783 10
      vertex 75.05255595417357 29.097444045826432 10
      vertex 75.05255595417357 29.097444045826432 20
    endloop
  endfacet
  facet normal 0.6835923020228685 -0.7298640726978383 0
    outer loop
      vertex 75.05255595417357 29.097444045826432 10
      vertex 77.01791970863218 30.938208077759917 10
      vertex 77.01791970863218 30.938208077759917 20
    endloop
  endfacet
  facet normal 0.6343932841636456 -0.773010453362737 0
    outer loop
      vertex 77.01791970863218 30.938208077759917 10
      vertex 79.09946719629116 32.646489952984325 10
      vertex 79.09946719629116 32.646489952984325 20
    endloop
  endfacet
  facet normal 0.5824776968678024 -0.8128466845916151 0
    outer loop
      vertex 79.09946719629116 32.646489952984325 10
      vertex 81.28828491124338 34.214974546249735 10
      vertex 81.28828491124338 34.214974546249735 20
    endloop
  endfacet
  facet normal 0.5280678506503684 -0.8492021815265787 0
    outer loop
      vertex 81.28828491124338 34.214974546249735 10
      vertex 83.575 35.636945365729645 10
      vertex 83.575 35.636945365729645 20
    endloop
  endfacet
  facet normal 0.4713967368259961 -0.8819212643483558 0
    outer loop
      vertex 83.575 35.636945365729645 10
      vertex 85.94982039748811 36.90631331407012 10
      vertex 85.94982039748811 36.90631331407012 20
    endloop
  endfacet
  facet normal 0.4127070298043972 -0.9108638249211747 0
    outer loop
      vertex 85.94982039748811 36.90631331407012 10
      vertex 88.40257675817656 38.01764276283945 10
      vertex 88.40257675817656 38.01764276283945 20
    endloop
  endfacet
  facet normal 0.35225004792123277 -0.935905926757326 0
    outer loop
      vertex 88.40257675817656 38.01764276283945 10
      vertex 90.9227660027749 38.966174828723595 10
      vertex 90.9227660027749 38.966174828723595 20
    endloop
  endfacet
  facet normal 0.2902846772544643 -0.9569403357322083 0
    outer loop
      vertex 90.9227660027749 38.966174828723595 10
      vertex 93.49959629403128 39.74784775179516 10
      vertex 93.49959629403128 39.74784775179516 20
    endloop
  endfacet
  facet normal 0.22707626303437195 -0.973876979277334 0
    outer loop
      vertex 93.49959629403128 39.74784775179516 10
      vertex 96.12203324903633 40.359314288592934 10
      vertex 96.12203324903633 40.359314288592934 20
    endloop
  endfacet
  facet normal 0.16289547339458746 -0.9866433320848792 0
    outer loop
      vertex 96.12203324903633 40.359314288592934 10
      vertex 98.77884719014489 40.797956045532295 10
      vertex 98.77884719014489 40.797956045532295 20
    endloop
  endfacet
  facet normal 0.09801714032956182 -0.9951847266721968 0
    outer loop
      vertex 98.77884719014489 40.797956045532295 10
      vertex 101.45866123217962 41.061894691268535 10
      vertex 101.45866123217962 41.061894691268535 20
    endloop
  endfacet
  facet normal 0.03271908282177558 -0.9994645874763657 0
    outer loop
      vertex 101.45866123217962 41.061894691268535 10
      vertex 104.15 41.15 10
      vertex 104.15 41.15 20
    endloop
  endfacet
  facet normal 0.9994645874763657 -0.03271908282177553 0
    outer loop
      vertex 63.00000000000001 0 10
      vertex 63.08810530873147 2.691338767820387 20
      vertex 63.00000000000001 0 20
    endloop
  endfacet
  facet normal 0.9951847266721968 -0.09801714032956182 0
    outer loop
      vertex 63.08810530873147 2.691338767820387 10
      vertex 63.35204395446771 5.371152809855122 20
      vertex 63.08810530873147 2.691338767820387 20
    endloop
  endfacet
  facet normal 0.9866433320848792 -0.16289547339458735 0
    outer loop
      vertex 63.35204395446771 5.371152809855122 10
      vertex 63.79068571140707 8.027966750963676 20
      vertex 63.35204395446771 5.371152809855122 20
    endloop
  endfacet
  facet normal 0.973876979277334 -0.22707626303437242 0
    outer loop
      vertex 63.79068571140707 8.027966750963676 10
      vertex 64.40215224820484 10.650403705968728 20
      vertex 63.79068571140707 8.027966750963676 20
    endloop
  endfacet
  facet normal 0.9569403357322083 -0.2902846772544643 0
    outer loop
      vertex 64.40215224820484 10.650403705968728 10
      vertex 65.18382517127641 13.227233997225099 20
      vertex 64.40215224820484 10.650403705968728 20
    endloop
  endfacet
  facet normal 0.9359059267573253 -0.35225004792123465 0
    outer loop
      vertex 65.18382517127641 13.227233997225099 10
      vertex 66.13235723716056 15.747423241823444 20
      vertex 65.18382517127641 13.227233997225099 20
    endloop
  endfacet
  facet normal 0.9108638249211759 -0.4127070298043945 0
    outer loop
      vertex 66.13235723716056 15.747423241823444 10
      vertex 67.24368668592989 18.200179602511902 20
      vertex 66.13235723716056 15.747423241823444 20
    endloop
  endfacet
  facet normal 0.8819212643483549 -0.4713967368259977 0
    outer loop
      vertex 67.24368668592989 18.200179602511902 10
      vertex 68.51305463427036 20.575 20
      vertex 67.24368668592989 18.200179602511902 20
    endloop
  endfacet
  facet normal 0.8492021815265794 -0.5280678506503672 0
    outer loop
      vertex 68.51305463427036 20.575 10
      vertex 69.93502545375027 22.86171508875663 20
      vertex 68.51305463427036 20.575 20
    endloop
  endfacet
  facet normal 0.8128466845916155 -0.5824776968678017 0
    outer loop
      vertex 69.93502545375027 22.86171508875663 10
      vertex 71.50351004701568 25.050532803708855 20
      vertex 69.93502545375027 22.86171508875663 20
    endloop
  endfacet
  facet normal 0.7730104533627377 -0.6343932841636446 0
    outer loop
      vertex 71.50351004701568 25.050532803708855 10
      vertex 73.21179192224008 27.13208029136783 20
      vertex 71.50351004701568 25.050532803708855 20
    endloop
  endfacet
  facet normal 0.7298640726978364 -0.6835923020228705 0
    outer loop
      vertex 73.21179192224008 27.13208029136783 10
      vertex 75.05255595417357 29.097444045826432 20
      vertex 73.21179192224008 27.13208029136783 20
    endloop
  endfacet
  facet normal 0.6835923020228685 -0.7298640726978383 0
    outer loop
      vertex 75.05255595417357 29.097444045826432 10
      vertex 77.01791970863218 30.938208077759917 20
      vertex 75.05255595417357 29.097444045826432 20
    endloop
  endfacet
  facet normal 0.6343932841636456 -0.773010453362737 0
    outer loop
      vertex 77.01791970863218 30.938208077759917 10
      vertex 79.09946719629116 32.646489952984325 20
      vertex 77.01791970863218 30.938208077759917 20
    endloop
  endfacet
  facet normal 0.5824776968678024 -0.8128466845916151 0
    outer loop
      vertex 79.09946719629116 32.646489952984325 10
      vertex 81.28828491124338 34.214974546249735 20
      vertex 79.09946719629116 32.646489952984325 20
    endloop
  endfacet
  facet normal 0.5280678506503684 -0.8492021815265787 0
    outer loop
      vertex 81.28828491124338 34.214974546249735 10
      vertex 83.575 35.636945365729645 20
      vertex 81.28828491124338 34.214974546249735 20
    endloop
  endfacet
  facet normal 0.4713967368259961 -0.8819212643483558 0
    outer loop
      vertex 83.575 35.636945365729645 10
      vertex 85.94982039748811 36.90631331407012 20
      vertex 83.575 35.636945365729645 20
    endloop
  endfacet
  facet normal 0.4127070298043972 -0.9108638249211747 0
    outer loop
      vertex 85.94982039748811 36.90631331407012 10
      vertex 88.40257675817656 38.01764276283945 20
      vertex 85.94982039748811 36.90631331407012 20
    endloop
  endfacet
  facet normal 0.35225004792123277 -0.935905926757326 0
    outer loop
      vertex 88.40257675817656 38.01764276283945 10
      vertex 90.9227660027749 38.966174828723595 20
      vertex 88.40257675817656 38.01764276283945 20
    endloop
  endfacet
  facet normal 0.2902846772544643 -0.9569403357322083 0
    outer loop
      vertex 90.9227660027749 38.966174828723595 10
      vertex 93.49959629403128 39.74784775179516 20
      vertex 90.9227660027749 38.966174828723595 20
    endloop
  endfacet
  facet normal 0.22707626303437195 -0.973876979277334 0
    outer loop
      vertex 93.49959629403128 39.74784775179516 10
      vertex 96.12203324903633 40.359314288592934 20
      vertex 93.49959629403128 39.74784775179516 20
    endloop
  endfacet
  facet normal 0.16289547339458746 -0.9866433320848792 0
    outer loop
      vertex 96.12203324903633 40.359314288592934 10
      vertex 98.77884719014489 40.797956045532295 20
      vertex 96.12203324903633 40.359314288592934 20
    endloop
  endfacet
  facet normal 0.09801714032956182 -0.9951847266721968 0
    outer loop
      vertex 98.77884719014489 40.797956045532295 10
      vertex 101.45866123217962 41.061894691268535 20
      vertex 98.77884719014489 40.797956045532295 20
    endloop
  endfacet
  facet normal 0.03271908282177558 -0.9994645874763657 0
    outer loop
      vertex 101.45866123217962 41.061894691268535 10
      vertex 104.15 41.15 20
      vertex 101.45866123217962 41.061894691268535 20
    endloop
  endfacet
  facet normal -0.03271908282177558 0.9994645874763657 0
    outer loop
      vertex 104.15 -41.15 10
      vertex 104.15 -41.15 20
      vertex 106.84133876782039 -41.061894691268535 10
    endloop
  endfacet
  facet normal -0.09801714032956182 0.9951847266721968 0
    outer loop
      vertex 106.84133876782039 -41.061894691268535 10
      vertex 106.84133876782039 -41.061894691268535 20
      vertex 109.52115280985512 -40.797956045532295 10
    endloop
  endfacet
  facet normal -0.16289547339458746 0.9866433320848792 0
    outer loop
      vertex 109.52115280985512 -40.797956045532295 10
      vertex 109.52115280985512 -40.797956045532295 20
      vertex 112.17796675096368 -40.359314288592934 10
    endloop
  endfacet
  facet normal -0.22707626303437195 0.973876979277334 0
    outer loop
      vertex 112.17796675096368 -40.359314288592934 10
      vertex 112.17796675096368 -40.359314288592934 20
      vertex 114.80040370596873 -39.74784775179516 10
    endloop
  endfacet
  facet normal -0.2902846772544643 0.9569403357322083 0
    outer loop
      vertex 114.80040370596873 -39.74784775179516 10
      vertex 114.80040370596873 -39.74784775179516 20
      vertex 117.3772339972251 -38.966174828723595 10
    endloop
  endfacet
  facet normal -0.35225004792123277 0.935905926757326 0
    outer loop
      vertex 117.3772339972251 -38.966174828723595 10
      vertex 117.3772339972251 -38.966174828723595 20
      vertex 119.89742324182345 -38.01764276283945 10
    endloop
  endfacet
  facet normal -0.4127070298043972 0.9108638249211747 0
    outer loop
      vertex 119.89742324182345 -38.01764276283945 10
      vertex 119.89742324182345 -38.01764276283945 20
      vertex 122.3501796025119 -36.90631331407012 10
    endloop
  endfacet
  facet normal -0.4713967368259961 0.8819212643483558 0
    outer loop
      vertex 122.3501796025119 -36.90631331407012 10
      vertex 122.3501796025119 -36.90631331407012 20
      vertex 124.72500000000001 -35.636945365729645 10
    endloop
  endfacet
  facet normal -0.5280678506503684 0.8492021815265787 0
    outer loop
      vertex 124.72500000000001 -35.636945365729645 10
      vertex 124.72500000000001 -35.636945365729645 20
      vertex 127.01171508875663 -34.214974546249735 10
    endloop
  endfacet
  facet normal -0.5824776968678024 0.8128466845916151 0
    outer loop
      vertex 127.01171508875663 -34.214974546249735 10
      vertex 127.01171508875663 -34.214974546249735 20
      vertex 129.20053280370885 -32.646489952984325 10
    endloop
  endfacet
  facet normal -0.6343932841636456 0.773010453362737 0
    outer loop
      vertex 129.20053280370885 -32.646489952984325 10
      vertex 129.20053280370885 -32.646489952984325 20
      vertex 131.28208029136783 -30.938208077759917 10
    endloop
  endfacet
  facet normal -0.6835923020228711 0.7298640726978359 0
    outer loop
      vertex 131.28208029136783 -30.938208077759917 10
      vertex 131.28208029136783 -30.938208077759917 20
      vertex 133.24744404582643 -29.097444045826432 10
    endloop
  endfacet
  facet normal -0.7298640726978338 0.6835923020228734 0
    outer loop
      vertex 133.24744404582643 -29.097444045826432 10
      vertex 133.24744404582643 -29.097444045826432 20
      vertex 135.08820807775993 -27.13208029136783 10
    endloop
  endfacet
  facet normal -0.7730104533627377 0.6343932841636446 0
    outer loop
      vertex 135.08820807775993 -27.13208029136783 10
      vertex 135.08820807775993 -27.13208029136783 20
      vertex 136.79648995298433 -25.050532803708855 10
    endloop
  endfacet
  facet normal -0.812846684591613 0.5824776968678053 0
    outer loop
      vertex 136.79648995298433 -25.050532803708855 10
      vertex 136.79648995298433 -25.050532803708855 20
      vertex 138.36497454624975 -22.86171508875663 10
    endloop
  endfacet
  facet normal -0.8492021815265817 0.5280678506503633 0
    outer loop
      vertex 138.36497454624975 -22.86171508875663 10
      vertex 138.36497454624975 -22.86171508875663 20
      vertex 139.78694536572965 -20.575 10
    endloop
  endfacet
  facet normal -0.8819212643483572 0.4713967368259936 0
    outer loop
      vertex 139.78694536572965 -20.575 10
      vertex 139.78694536572965 -20.575 20
      vertex 141.0563133140701 -18.200179602511902 10
    endloop
  endfacet
  facet normal -0.9108638249211739 0.41270702980439894 0
    outer loop
      vertex 141.0563133140701 -18.200179602511902 10
      vertex 141.0563133140701 -18.200179602511902 20
      vertex 142.16764276283945 -15.747423241823444 10
    endloop
  endfacet
  facet normal -0.9359059267573236 0.35225004792123926 0
    outer loop
      vertex 142.16764276283945 -15.747423241823444 10
      vertex 142.16764276283945 -15.747423241823444 20
      vertex 143.11617482872362 -13.227233997225099 10
    endloop
  endfacet
  facet normal -0.9569403357322113 0.2902846772544546 0
    outer loop
      vertex 143.11617482872362 -13.227233997225099 10
      vertex 143.11617482872362 -13.227233997225099 20
      vertex 143.89784775179515 -10.650403705968728 10
    endloop
  endfacet
  facet normal -0.9738769792773321 0.22707626303437992 0
    outer loop
      vertex 143.89784775179515 -10.650403705968728 10
      vertex 143.89784775179515 -10.650403705968728 20
      vertex 144.50931428859295 -8.027966750963676 10
    endloop
  endfacet
  facet normal -0.9866433320848801 0.16289547339458224 0
    outer loop
      vertex 144.50931428859295 -8.027966750963676 10
      vertex 144.50931428859295 -8.027966750963676 20
      vertex 144.9479560455323 -5.371152809855122 10
    endloop
  endfacet
  facet normal -0.9951847266721969 0.0980171403295592 0
    outer loop
      vertex 144.9479560455323 -5.371152809855122 10
      vertex 144.9479560455323 -5.371152809855122 20
      vertex 145.21189469126853 -2.691338767820387 10
    endloop
  endfacet
  facet normal -0.9994645874763654 0.03271908282178344 0
    outer loop
      vertex 145.21189469126853 -2.691338767820387 10
      vertex 145.21189469126853 -2.691338767820387 20
      vertex 145.3 0 10
    endloop
  endfacet
  facet normal -0.03271908282177558 0.9994645874763657 0
    outer loop
      vertex 106.84133876782039 -41.061894691268535 10
      vertex 104.15 -41.15 20
      vertex 106.84133876782039 -41.061894691268535 20
    endloop
  endfacet
  facet normal -0.09801714032956182 0.9951847266721968 0
    outer loop
      vertex 109.52115280985512 -40.797956045532295 10
      vertex 106.84133876782039 -41.061894691268535 20
      vertex 109.52115280985512 -40.797956045532295 20
    endloop
  endfacet
  facet normal -0.16289547339458746 0.9866433320848792 0
    outer loop
      vertex 112.17796675096368 -40.359314288592934 10
      vertex 109.52115280985512 -40.797956045532295 20
      vertex 112.17796675096368 -40.359314288592934 20
    endloop
  endfacet
  facet normal -0.22707626303437195 0.973876979277334 0
    outer loop
      vertex 114.80040370596873 -39.74784775179516 10
      vertex 112.17796675096368 -40.359314288592934 20
      vertex 114.80040370596873 -39.74784775179516 20
    endloop
  endfacet
  facet normal -0.2902846772544643 0.9569403357322083 0
    outer loop
      vertex 117.3772339972251 -38.966174828723595 10
      vertex 114.80040370596873 -39.74784775179516 20
      vertex 117.3772339972251 -38.966174828723595 20
    endloop
  endfacet
  facet normal -0.35225004792123277 0.935905926757326 0
    outer loop
      vertex 119.89742324182345 -38.01764276283945 10
      vertex 117.3772339972251 -38.966174828723595 20
      vertex 119.89742324182345 -38.01764276283945 20
    endloop
  endfacet
  facet normal -0.4127070298043972 0.9108638249211747 0
    outer loop
      vertex 122.3501796025119 -36.90631331407012 10
      vertex 119.89742324182345 -38.01764276283945 20
      vertex 122.3501796025119 -36.90631331407012 20
    endloop
  endfacet
  facet normal -0.4713967368259961 0.8819212643483558 0
    outer loop
      vertex 124.72500000000001 -35.636945365729645 10
      vertex 122.3501796025119 -36.90631331407012 20
      vertex 124.72500000000001 -35.636945365729645 20
    endloop
  endfacet
  facet normal -0.5280678506503684 0.8492021815265787 0
    outer loop
      vertex 127.01171508875663 -34.214974546249735 10
      vertex 124.72500000000001 -35.636945365729645 20
      vertex 127.01171508875663 -34.214974546249735 20
    endloop
  endfacet
  facet normal -0.5824776968678024 0.8128466845916151 0
    outer loop
      vertex 129.20053280370885 -32.646489952984325 10
      vertex 127.01171508875663 -34.214974546249735 20
      vertex 129.20053280370885 -32.646489952984325 20
    endloop
  endfacet
  facet normal -0.6343932841636456 0.773010453362737 0
    outer loop
      vertex 131.28208029136783 -30.938208077759917 10
      vertex 129.20053280370885 -32.646489952984325 20
      vertex 131.28208029136783 -30.938208077759917 20
    endloop
  endfacet
  facet normal -0.6835923020228711 0.7298640726978359 0
    outer loop
      vertex 133.24744404582643 -29.097444045826432 10
      vertex 131.28208029136783 -30.938208077759917 20
      vertex 133.24744404582643 -29.097444045826432 20
    endloop
  endfacet
  facet normal -0.7298640726978338 0.6835923020228734 0
    outer loop
      vertex 135.08820807775993 -27.13208029136783 10
      vertex 133.24744404582643 -29.097444045826432 20
      vertex 135.08820807775993 -27.13208029136783 20
    endloop
  endfacet
  facet normal -0.7730104533627377 0.6343932841636446 0
    outer loop
      vertex 136.79648995298433 -25.050532803708855 10
      vertex 135.08820807775993 -27.13208029136783 20
      vertex 136.79648995298433 -25.050532803708855 20
    endloop
  endfacet
  facet normal -0.812846684591613 0.5824776968678053 0
    outer loop
      vertex 138.36497454624975 -22.86171508875663 10
      vertex 136.79648995298433 -25.050532803708855 20
      vertex 138.36497454624975 -22.86171508875663 20
    endloop
  endfacet
  facet normal -0.8492021815265817 0.5280678506503633 0
    outer loop
      vertex 139.78694536572965 -20.575 10
      vertex 138.36497454624975 -22.86171508875663 20
      vertex 139.78694536572965 -20.575 20
    endloop
  endfacet
  facet normal -0.8819212643483572 0.4713967368259936 0
    outer loop
      vertex 141.0563133140701 -18.200179602511902 10
      vertex 139.78694536572965 -20.575 20
      vertex 141.0563133140701 -18.200179602511902 20
    endloop
  endfacet
  facet normal -0.9108638249211739 0.41270702980439894 0
    outer loop
      vertex 142.16764276283945 -15.747423241823444 10
      vertex 141.0563133140701 -18.200179602511902 20
      vertex 142.16764276283945 -15.747423241823444 20
    endloop
  endfacet
  facet normal -0.9359059267573236 0.35225004792123926 0
    outer loop
      vertex 143.11617482872362 -13.227233997225099 10
      vertex 142.16764276283945 -15.747423241823444 20
      vertex 143.11617482872362 -13.227233997225099 20
    endloop
  endfacet
  facet normal -0.9569403357322113 0.2902846772544546 0
    outer loop
      vertex 143.89784775179515 -10.650403705968728 10
      vertex 143.11617482872362 -13.227233997225099 20
      vertex 143.89784775179515 -10.650403705968728 20
    endloop
  endfacet
  facet normal -0.9738769792773321 0.22707626303437992 0
    outer loop
      vertex 144.50931428859295 -8.027966750963676 10
      vertex 143.89784775179515 -10.650403705968728 20
      vertex 144.50931428859295 -8.027966750963676 20
    endloop
  endfacet
  facet normal -0.9866433320848801 0.16289547339458224 0
    outer loop
      vertex 144.9479560455323 -5.371152809855122 10
      vertex 144.50931428859295 -8.027966750963676 20
      vertex 144.9479560455323 -5.371152809855122 20
    endloop
  endfacet
  facet normal -0.9951847266721969 0.0980171403295592 0
    outer loop
      vertex 145.21189469126853 -2.691338767820387 10
      vertex 144.9479560455323 -5.371152809855122 20
      vertex 145.21189469126853 -2.691338767820387 20
    endloop
  endfacet
  facet normal -0.9994645874763654 0.03271908282178344 0
    outer loop
      vertex 145.21189469126853 -2.691338767820387 20
      vertex 145.3 0 20
      vertex 145.3 0 10
    endloop
  endfacet
  facet normal -0.03271908282177558 -0.9994645874763657 0
    outer loop
      vertex 104.15 41.15 10
      vertex 106.84133876782039 41.061894691268535 10
      vertex 106.84133876782039 41.061894691268535 20
    endloop
  endfacet
  facet normal -0.09801714032956182 -0.9951847266721968 0
    outer loop
      vertex 106.84133876782039 41.061894691268535 10
      vertex 109.52115280985512 40.797956045532295 10
      vertex 109.52115280985512 40.797956045532295 20
    endloop
  endfacet
  facet normal -0.16289547339458746 -0.9866433320848792 0
    outer loop
      vertex 109.52115280985512 40.797956045532295 10
      vertex 112.17796675096368 40.359314288592934 10
      vertex 112.17796675096368 40.359314288592934 20
    endloop
  endfacet
  facet normal -0.22707626303437195 -0.973876979277334 0
    outer loop
      vertex 112.17796675096368 40.359314288592934 10
      vertex 114.80040370596873 39.74784775179516 10
      vertex 114.80040370596873 39.74784775179516 20
    endloop
  endfacet
  facet normal -0.2902846772544643 -0.9569403357322083 0
    outer loop
      vertex 114.80040370596873 39.74784775179516 10
      vertex 117.3772339972251 38.966174828723595 10
      vertex 117.3772339972251 38.966174828723595 20
    endloop
  endfacet
  facet normal -0.35225004792123277 -0.935905926757326 0
    outer loop
      vertex 117.3772339972251 38.966174828723595 10
      vertex 119.89742324182345 38.01764276283945 10
      vertex 119.89742324182345 38.01764276283945 20
    endloop
  endfacet
  facet normal -0.4127070298043972 -0.9108638249211747 0
    outer loop
      vertex 119.89742324182345 38.01764276283945 10
      vertex 122.3501796025119 36.90631331407012 10
      vertex 122.3501796025119 36.90631331407012 20
    endloop
  endfacet
  facet normal -0.4713967368259961 -0.8819212643483558 0
    outer loop
      vertex 122.3501796025119 36.90631331407012 10
      vertex 124.72500000000001 35.636945365729645 10
      vertex 124.72500000000001 35.636945365729645 20
    endloop
  endfacet
  facet normal -0.9994645874763654 -0.03271908282178344 0
    outer loop
      vertex 145.3 0 10
      vertex 145.3 0 20
      vertex 145.21189469126853 2.691338767820387 10
    endloop
  endfacet
  facet normal -0.9951847266721969 -0.0980171403295592 0
    outer loop
      vertex 145.21189469126853 2.691338767820387 10
      vertex 145.21189469126853 2.691338767820387 20
      vertex 144.9479560455323 5.371152809855122 10
    endloop
  endfacet
  facet normal -0.9738769792773321 -0.22707626303437992 0
    outer loop
      vertex 144.50931428859295 8.027966750963676 10
      vertex 144.50931428859295 8.027966750963676 20
      vertex 143.89784775179515 10.650403705968728 10
    endloop
  endfacet
  facet normal -0.9866433320848801 -0.16289547339458224 0
    outer loop
      vertex 144.9479560455323 5.371152809855122 10
      vertex 144.9479560455323 5.371152809855122 20
      vertex 144.50931428859295 8.027966750963676 10
    endloop
  endfacet
  facet normal -0.9108638249211739 -0.41270702980439894 0
    outer loop
      vertex 141.0563133140701 18.200179602511902 10
      vertex 142.16764276283945 15.747423241823444 10
      vertex 142.16764276283945 15.747423241823444 20
    endloop
  endfacet
  facet normal -0.8492021815265817 -0.5280678506503633 0
    outer loop
      vertex 139.78694536572965 20.575 10
      vertex 139.78694536572965 20.575 20
      vertex 138.36497454624975 22.86171508875663 10
    endloop
  endfacet
  facet normal -0.8819212643483572 -0.4713967368259936 0
    outer loop
      vertex 141.0563133140701 18.200179602511902 10
      vertex 141.0563133140701 18.200179602511902 20
      vertex 139.78694536572965 20.575 10
    endloop
  endfacet
  facet normal -0.9569403357322113 -0.2902846772544546 0
    outer loop
      vertex 143.89784775179515 10.650403705968728 10
      vertex 143.89784775179515 10.650403705968728 20
      vertex 143.11617482872362 13.227233997225099 10
    endloop
  endfacet
  facet normal -0.9359059267573236 -0.35225004792123926 0
    outer loop
      vertex 143.11617482872362 13.227233997225099 10
      vertex 143.11617482872362 13.227233997225099 20
      vertex 142.16764276283945 15.747423241823444 10
    endloop
  endfacet
  facet normal -0.6343932841636456 -0.773010453362737 0
    outer loop
      vertex 131.28208029136783 30.938208077759917 10
      vertex 131.28208029136783 30.938208077759917 20
      vertex 129.20053280370885 32.646489952984325 10
    endloop
  endfacet
  facet normal -0.7730104533627377 -0.6343932841636446 0
    outer loop
      vertex 135.08820807775993 27.13208029136783 10
      vertex 136.79648995298433 25.050532803708855 10
      vertex 136.79648995298433 25.050532803708855 20
    endloop
  endfacet
  facet normal -0.6835923020228711 -0.7298640726978359 0
    outer loop
      vertex 133.24744404582643 29.097444045826432 10
      vertex 133.24744404582643 29.097444045826432 20
      vertex 131.28208029136783 30.938208077759917 10
    endloop
  endfacet
  facet normal -0.7298640726978338 -0.6835923020228734 0
    outer loop
      vertex 133.24744404582643 29.097444045826432 10
      vertex 135.08820807775993 27.13208029136783 10
      vertex 135.08820807775993 27.13208029136783 20
    endloop
  endfacet
  facet normal -0.5280678506503684 -0.8492021815265787 0
    outer loop
      vertex 124.72500000000001 35.636945365729645 10
      vertex 127.01171508875663 34.214974546249735 10
      vertex 127.01171508875663 34.214974546249735 20
    endloop
  endfacet
  facet normal -0.5824776968678024 -0.8128466845916151 0
    outer loop
      vertex 127.01171508875663 34.214974546249735 10
      vertex 129.20053280370885 32.646489952984325 10
      vertex 129.20053280370885 32.646489952984325 20
    endloop
  endfacet
  facet normal -0.812846684591613 -0.5824776968678053 0
    outer loop
      vertex 138.36497454624975 22.86171508875663 10
      vertex 138.36497454624975 22.86171508875663 20
      vertex 136.79648995298433 25.050532803708855 10
    endloop
  endfacet
  facet normal -0.03271908282177558 -0.9994645874763657 0
    outer loop
      vertex 104.15 41.15 10
      vertex 106.84133876782039 41.061894691268535 20
      vertex 104.15 41.15 20
    endloop
  endfacet
  facet normal -0.09801714032956182 -0.9951847266721968 0
    outer loop
      vertex 106.84133876782039 41.061894691268535 10
      vertex 109.52115280985512 40.797956045532295 20
      vertex 106.84133876782039 41.061894691268535 20
    endloop
  endfacet
  facet normal -0.16289547339458746 -0.9866433320848792 0
    outer loop
      vertex 109.52115280985512 40.797956045532295 10
      vertex 112.17796675096368 40.359314288592934 20
      vertex 109.52115280985512 40.797956045532295 20
    endloop
  endfacet
  facet normal -0.22707626303437195 -0.973876979277334 0
    outer loop
      vertex 112.17796675096368 40.359314288592934 10
      vertex 114.80040370596873 39.74784775179516 20
      vertex 112.17796675096368 40.359314288592934 20
    endloop
  endfacet
  facet normal -0.2902846772544643 -0.9569403357322083 0
    outer loop
      vertex 114.80040370596873 39.74784775179516 10
      vertex 117.3772339972251 38.966174828723595 20
      vertex 114.80040370596873 39.74784775179516 20
    endloop
  endfacet
  facet normal -0.35225004792123277 -0.935905926757326 0
    outer loop
      vertex 117.3772339972251 38.966174828723595 10
      vertex 119.89742324182345 38.01764276283945 20
      vertex 117.3772339972251 38.966174828723595 20
    endloop
  endfacet
  facet normal -0.4127070298043972 -0.9108638249211747 0
    outer loop
      vertex 119.89742324182345 38.01764276283945 10
      vertex 122.3501796025119 36.90631331407012 20
      vertex 119.89742324182345 38.01764276283945 20
    endloop
  endfacet
  facet normal -0.4713967368259961 -0.8819212643483558 0
    outer loop
      vertex 122.3501796025119 36.90631331407012 10
      vertex 124.72500000000001 35.636945365729645 20
      vertex 122.3501796025119 36.90631331407012 20
    endloop
  endfacet
  facet normal -0.5280678506503684 -0.8492021815265787 0
    outer loop
      vertex 124.72500000000001 35.636945365729645 10
      vertex 127.01171508875663 34.214974546249735 20
      vertex 124.72500000000001 35.636945365729645 20
    endloop
  endfacet
  facet normal -0.9994645874763654 -0.03271908282178344 0
    outer loop
      vertex 145.21189469126853 2.691338767820387 10
      vertex 145.3 0 20
      vertex 145.21189469126853 2.691338767820387 20
    endloop
  endfacet
  facet normal -0.9951847266721969 -0.0980171403295592 0
    outer loop
      vertex 144.9479560455323 5.371152809855122 10
      vertex 145.21189469126853 2.691338767820387 20
      vertex 144.9479560455323 5.371152809855122 20
    endloop
  endfacet
  facet normal -0.9738769792773321 -0.22707626303437992 0
    outer loop
      vertex 143.89784775179515 10.650403705968728 10
      vertex 144.50931428859295 8.027966750963676 20
      vertex 143.89784775179515 10.650403705968728 20
    endloop
  endfacet
  facet normal -0.9866433320848801 -0.16289547339458224 0
    outer loop
      vertex 144.50931428859295 8.027966750963676 10
      vertex 144.9479560455323 5.371152809855122 20
      vertex 144.50931428859295 8.027966750963676 20
    endloop
  endfacet
  facet normal -0.9108638249211739 -0.41270702980439894 0
    outer loop
      vertex 141.0563133140701 18.200179602511902 10
      vertex 142.16764276283945 15.747423241823444 20
      vertex 141.0563133140701 18.200179602511902 20
    endloop
  endfacet
  facet normal -0.8819212643483572 -0.4713967368259936 0
    outer loop
      vertex 139.78694536572965 20.575 10
      vertex 141.0563133140701 18.200179602511902 20
      vertex 139.78694536572965 20.575 20
    endloop
  endfacet
  facet normal -0.9569403357322113 -0.2902846772544546 0
    outer loop
      vertex 143.11617482872362 13.227233997225099 10
      vertex 143.89784775179515 10.650403705968728 20
      vertex 143.11617482872362 13.227233997225099 20
    endloop
  endfacet
  facet normal -0.9359059267573236 -0.35225004792123926 0
    outer loop
      vertex 142.16764276283945 15.747423241823444 10
      vertex 143.11617482872362 13.227233997225099 20
      vertex 142.16764276283945 15.747423241823444 20
    endloop
  endfacet
  facet normal -0.6343932841636456 -0.773010453362737 0
    outer loop
      vertex 129.20053280370885 32.646489952984325 10
      vertex 131.28208029136783 30.938208077759917 20
      vertex 129.20053280370885 32.646489952984325 20
    endloop
  endfacet
  facet normal -0.7730104533627377 -0.6343932841636446 0
    outer loop
      vertex 135.08820807775993 27.13208029136783 10
      vertex 136.79648995298433 25.050532803708855 20
      vertex 135.08820807775993 27.13208029136783 20
    endloop
  endfacet
  facet normal -0.6835923020228711 -0.7298640726978359 0
    outer loop
      vertex 131.28208029136783 30.938208077759917 10
      vertex 133.24744404582643 29.097444045826432 20
      vertex 131.28208029136783 30.938208077759917 20
    endloop
  endfacet
  facet normal -0.7298640726978338 -0.6835923020228734 0
    outer loop
      vertex 133.24744404582643 29.097444045826432 10
      vertex 135.08820807775993 27.13208029136783 20
      vertex 133.24744404582643 29.097444045826432 20
    endloop
  endfacet
  facet normal -0.5824776968678024 -0.8128466845916151 0
    outer loop
      vertex 127.01171508875663 34.214974546249735 10
      vertex 129.20053280370885 32.646489952984325 20
      vertex 127.01171508875663 34.214974546249735 20
    endloop
  endfacet
  facet normal -0.8492021815265817 -0.5280678506503633 0
    outer loop
      vertex 138.36497454624975 22.86171508875663 10
      vertex 139.78694536572965 20.575 20
      vertex 138.36497454624975 22.86171508875663 20
    endloop
  endfacet
  facet normal -0.812846684591613 -0.5824776968678053 0
    outer loop
      vertex 136.79648995298433 25.050532803708855 10
      vertex 138.36497454624975 22.86171508875663 20
      vertex 136.79648995298433 25.050532803708855 20
    endloop
  endfacet
  facet normal 0 0 -1
    outer loop
      vertex 93.26328338752415 -2.1655025743790235 0
      vertex 93.1449620387507 -1.4488407336425724 0
      vertex 93.26328338752415 2.1655025743790235 0
    endloop
  endfacet
  facet normal 0 0 -1
    outer loop
      vertex 93.1449620387507 -1.4488407336425724 0
      vertex 93.0737659520515 -0.7259747344545879 0
      vertex 93.1449620387507 1.4488407336425724 0
    endloop
  endfacet
  facet normal -0.9738769792773349 -0.22707626303436806 0
    outer loop
      vertex 93.26328338752415 -2.1655025743790235 0
      vertex 93.42822332819135 -2.87289140063798 0
      vertex 93.26328338752415 -2.1655025743790235 20
    endloop
  endfacet
  facet normal -0.9866433320848764 -0.16289547339460422 0
    outer loop
      vertex 93.26328338752415 -2.1655025743790235 0
      vertex 93.1449620387507 -1.4488407336425724 20
      vertex 93.1449620387507 -1.4488407336425724 0
    endloop
  endfacet
  facet normal -0.9951847266721969 -0.09801714032956009 0
    outer loop
      vertex 93.1449620387507 -1.4488407336425724 0
      vertex 93.0737659520515 -0.7259747344545879 20
      vertex 93.0737659520515 -0.7259747344545879 0
    endloop
  endfacet
  facet normal -0.9994645874763661 -0.03271908282176231 0
    outer loop
      vertex 93.0737659520515 -0.7259747344545879 0
      vertex 93.05000000000001 0 20
      vertex 93.05000000000001 0 0
    endloop
  endfacet
  facet normal -0.22707626303437067 -0.9738769792773342 0
    outer loop
      vertex 101.98449742562099 -10.886716612475858 0
      vertex 101.98449742562099 -10.886716612475858 20
      vertex 101.27710859936202 -10.721776671808659 0
    endloop
  endfacet
  facet normal -0.1628954733945879 -0.9866433320848791 0
    outer loop
      vertex 101.98449742562099 -10.886716612475858 0
      vertex 102.70115926635744 -11.005037961249295 0
      vertex 102.70115926635744 -11.005037961249295 20
    endloop
  endfacet
  facet normal -0.0980171403295596 -0.9951847266721969 0
    outer loop
      vertex 102.70115926635744 -11.005037961249295 0
      vertex 103.42402526554542 -11.076234047948498 0
      vertex 103.42402526554542 -11.076234047948498 20
    endloop
  endfacet
  facet normal -0.032719082821777254 -0.9994645874763656 0
    outer loop
      vertex 103.42402526554542 -11.076234047948498 0
      vertex 104.15 -11.1 0
      vertex 104.15 -11.1 20
    endloop
  endfacet
  facet normal 0 0 -1
    outer loop
      vertex 95.34377792276729 -6.757251861996799 0
      vertex 94.92068730344175 -6.166829586517584 0
      vertex 95.37314444114278 -3.635492607468353 0
    endloop
  endfacet
  facet normal 0 0 -1
    outer loop
      vertex 95.34377792276729 -6.757251861996799 0
      vertex 95.92275866404783 -4.75 0
      vertex 95.80457813698335 -7.318738547610764 0
    endloop
  endfacet
  facet normal 0 0 -1
    outer loop
      vertex 95.80457813698335 -7.318738547610764 0
      vertex 95.92275866404783 -4.75 0
      vertex 96.25103868312583 -5.277917213686221 0
    endloop
  endfacet
  facet normal 0 0 -1
    outer loop
      vertex 97.39274813800321 -8.80622207723271 0
      vertex 98.36676642441716 -7.536856732766734 0
      vertex 97.98317041348243 -9.229312696558251 0
    endloop
  endfacet
  facet normal 0 0 -1
    outer loop
      vertex 98.60000000000001 -9.612881982007268 0
      vertex 97.98317041348243 -9.229312696558251 0
      vertex 98.87208278631378 -7.89896131687418 0
    endloop
  endfacet
  facet normal 0 0 -1
    outer loop
      vertex 97.98317041348243 -9.229312696558251 0
      vertex 98.36676642441716 -7.536856732766734 0
      vertex 98.87208278631378 -7.89896131687418 0
    endloop
  endfacet
  facet normal 0 0 -1
    outer loop
      vertex 96.83126145238924 -8.345421863016648 0
      vertex 96.30111472882933 -7.848885271170678 0
      vertex 97.00752182894972 -6.263785243450654 0
    endloop
  endfacet
  facet normal 0 0 -1
    outer loop
      vertex 95.80457813698335 -7.318738547610764 0
      vertex 96.61314326723327 -5.783233575582846 0
      vertex 96.30111472882933 -7.848885271170678 0
    endloop
  endfacet
  facet normal 0 0 -1
    outer loop
      vertex 97.39274813800321 -8.80622207723271 0
      vertex 96.83126145238924 -8.345421863016648 0
      vertex 97.4324855787278 -6.7175144212722016 0
    endloop
  endfacet
  facet normal 0 0 -1
    outer loop
      vertex 96.83126145238924 -8.345421863016648 0
      vertex 97.00752182894972 -6.263785243450654 0
      vertex 97.4324855787278 -6.7175144212722016 0
    endloop
  endfacet
  facet normal 0 0 -1
    outer loop
      vertex 95.80457813698335 -7.318738547610764 0
      vertex 96.25103868312583 -5.277917213686221 0
      vertex 96.61314326723327 -5.783233575582846 0
    endloop
  endfacet
  facet normal 0 0 -1
    outer loop
      vertex 96.30111472882933 -7.848885271170678 0
      vertex 96.61314326723327 -5.783233575582846 0
      vertex 97.00752182894972 -6.263785243450654 0
    endloop
  endfacet
  facet normal 0 0 -1
    outer loop
      vertex 97.39274813800321 -8.80622207723271 0
      vertex 97.4324855787278 -6.7175144212722016 0
      vertex 97.88621475654935 -7.142478171050286 0
    endloop
  endfacet
  facet normal 0 0 -1
    outer loop
      vertex 97.39274813800321 -8.80622207723271 0
      vertex 97.88621475654935 -7.142478171050286 0
      vertex 98.36676642441716 -7.536856732766734 0
    endloop
  endfacet
  facet normal 0 0 -1
    outer loop
      vertex 94.53711801799274 -5.55 0
      vertex 94.7312738169488 -1.23999882609049 0
      vertex 94.83253983616932 -1.8533580591532184 0
    endloop
  endfacet
  facet normal 0 0 -1
    outer loop
      vertex 94.53711801799274 -5.55 0
      vertex 94.97370465025386 -2.458780928473947 0
      vertex 94.92068730344175 -6.166829586517584 0
    endloop
  endfacet
  facet normal 0 0 -1
    outer loop
      vertex 94.92068730344175 -6.166829586517584 0
      vertex 95.1541637697965 -3.0536749203800353 0
      vertex 95.37314444114278 -3.635492607468353 0
    endloop
  endfacet
  facet normal 0 0 -1
    outer loop
      vertex 95.34377792276729 -6.757251861996799 0
      vertex 95.62970895543947 -4.201742557080513 0
      vertex 95.92275866404783 -4.75 0
    endloop
  endfacet
  facet normal 0 0 -1
    outer loop
      vertex 95.34377792276729 -6.757251861996799 0
      vertex 95.37314444114278 -3.635492607468353 0
      vertex 95.62970895543947 -4.201742557080513 0
    endloop
  endfacet
  facet normal 0 0 -1
    outer loop
      vertex 94.92068730344175 -6.166829586517584 0
      vertex 94.97370465025386 -2.458780928473947 0
      vertex 95.1541637697965 -3.0536749203800353 0
    endloop
  endfacet
  facet normal 0 0 -1
    outer loop
      vertex 94.53711801799274 -5.55 0
      vertex 94.83253983616932 -1.8533580591532184 0
      vertex 94.97370465025386 -2.458780928473947 0
    endloop
  endfacet
  facet normal 0 0 -1
    outer loop
      vertex 94.53711801799274 -5.55 0
      vertex 94.67034022923328 -0.6213297276863591 0
      vertex 94.7312738169488 -1.23999882609049 0
    endloop
  endfacet
  facet normal 0 0 -1
    outer loop
      vertex 94.53711801799274 -5.55 0
      vertex 94.65 0 0
      vertex 94.67034022923328 -0.6213297276863591 0
    endloop
  endfacet
  facet normal 0 0 -1
    outer loop
      vertex 93.89493718912472 -4.2477860992524965 0
      vertex 94.19471256898717 4.909404461430914 0
      vertex 94.19471256898717 -4.909404461430914 0
    endloop
  endfacet
  facet normal 0 0 -1
    outer loop
      vertex 94.53711801799274 -5.55 0
      vertex 94.19471256898717 -4.909404461430914 0
      vertex 94.53711801799274 5.55 0
    endloop
  endfacet
  facet normal 0 0 -1
    outer loop
      vertex 93.26328338752415 -2.1655025743790235 0
      vertex 93.42822332819135 2.87289140063798 0
      vertex 93.42822332819135 -2.87289140063798 0
    endloop
  endfacet
  facet normal 0 0 -1
    outer loop
      vertex 93.63907556260433 -3.5679780648650934 0
      vertex 93.42822332819135 -2.87289140063798 0
      vertex 93.63907556260433 3.5679780648650934 0
    endloop
  endfacet
  facet normal 0 0 -1
    outer loop
      vertex 93.89493718912472 -4.2477860992524965 0
      vertex 93.63907556260433 -3.5679780648650934 0
      vertex 93.89493718912472 4.2477860992524965 0
    endloop
  endfacet
  facet normal 0 0 -1
    outer loop
      vertex 99.2405955385691 -9.95528743101284 0
      vertex 99.9482574429195 -8.520291044560539 0
      vertex 99.90221390074751 -10.255062810875282 0
    endloop
  endfacet
  facet normal 0 0 -1
    outer loop
      vertex 98.60000000000001 -9.612881982007268 0
      vertex 99.4 -8.227241335952167 0
      vertex 99.2405955385691 -9.95528743101284 0
    endloop
  endfacet
  facet normal 0 0 -1
    outer loop
      vertex 98.60000000000001 -9.612881982007268 0
      vertex 98.87208278631378 -7.89896131687418 0
      vertex 99.4 -8.227241335952167 0
    endloop
  endfacet
  facet normal 0 0 -1
    outer loop
      vertex 99.2405955385691 -9.95528743101284 0
      vertex 99.4 -8.227241335952167 0
      vertex 99.9482574429195 -8.520291044560539 0
    endloop
  endfacet
  facet normal 0 0 -1
    outer loop
      vertex 99.90221390074751 -10.255062810875282 0
      vertex 101.09632507961997 -8.995836230203505 0
      vertex 100.58202193513492 -10.510924437395673 0
    endloop
  endfacet
  facet normal 0 0 -1
    outer loop
      vertex 100.58202193513492 -10.510924437395673 0
      vertex 101.69121907152606 -9.176295349746148 0
      vertex 101.27710859936202 -10.721776671808659 0
    endloop
  endfacet
  facet normal 0 0 -1
    outer loop
      vertex 100.58202193513492 -10.510924437395673 0
      vertex 101.09632507961997 -8.995836230203505 0
      vertex 101.69121907152606 -9.176295349746148 0
    endloop
  endfacet
  facet normal 0 0 -1
    outer loop
      vertex 99.90221390074751 -10.255062810875282 0
      vertex 99.9482574429195 -8.520291044560539 0
      vertex 100.51450739253166 -8.776855558857225 0
    endloop
  endfacet
  facet normal 0 0 -1
    outer loop
      vertex 99.90221390074751 -10.255062810875282 0
      vertex 100.51450739253166 -8.776855558857225 0
      vertex 101.09632507961997 -8.995836230203505 0
    endloop
  endfacet
  facet normal 0 0 -1
    outer loop
      vertex 101.98449742562099 -10.886716612475858 0
      vertex 101.27710859936202 -10.721776671808659 0
      vertex 102.29664194084678 -9.317460163830688 0
    endloop
  endfacet
  facet normal 0 0 -1
    outer loop
      vertex 101.27710859936202 -10.721776671808659 0
      vertex 101.69121907152606 -9.176295349746148 0
      vertex 102.29664194084678 -9.317460163830688 0
    endloop
  endfacet
  facet normal 0 0 -1
    outer loop
      vertex 101.98449742562099 -10.886716612475858 0
      vertex 102.91000117390952 -9.418726183051199 0
      vertex 102.70115926635744 -11.005037961249295 0
    endloop
  endfacet
  facet normal 0 0 -1
    outer loop
      vertex 101.98449742562099 -10.886716612475858 0
      vertex 102.29664194084678 -9.317460163830688 0
      vertex 102.91000117390952 -9.418726183051199 0
    endloop
  endfacet
  facet normal 0 0 -1
    outer loop
      vertex 102.70115926635744 -11.005037961249295 0
      vertex 103.52867027231365 -9.479659770766734 0
      vertex 103.42402526554542 -11.076234047948498 0
    endloop
  endfacet
  facet normal 0 0 -1
    outer loop
      vertex 102.70115926635744 -11.005037961249295 0
      vertex 102.91000117390952 -9.418726183051199 0
      vertex 103.52867027231365 -9.479659770766734 0
    endloop
  endfacet
  facet normal 0 0 -1
    outer loop
      vertex 103.42402526554542 -11.076234047948498 0
      vertex 104.15 -9.5 0
      vertex 104.15 -11.1 0
    endloop
  endfacet
  facet normal 0 0 -1
    outer loop
      vertex 103.42402526554542 -11.076234047948498 0
      vertex 103.52867027231365 -9.479659770766734 0
      vertex 104.15 -9.5 0
    endloop
  endfacet
  facet normal -0.8492021815265808 -0.528067850650365 0
    outer loop
      vertex 94.53711801799274 -5.55 0
      vertex 94.92068730344175 -6.166829586517584 0
      vertex 94.53711801799274 -5.55 20
    endloop
  endfacet
  facet normal -0.72986407269783 -0.6835923020228772 0
    outer loop
      vertex 95.80457813698335 -7.318738547610764 0
      vertex 96.30111472882933 -7.848885271170678 0
      vertex 95.80457813698335 -7.318738547610764 20
    endloop
  endfacet
  facet normal -0.7730104533627342 -0.6343932841636488 0
    outer loop
      vertex 95.34377792276729 -6.757251861996799 0
      vertex 95.80457813698335 -7.318738547610764 0
      vertex 95.34377792276729 -6.757251861996799 20
    endloop
  endfacet
  facet normal -0.8128466845916202 -0.5824776968677953 0
    outer loop
      vertex 95.34377792276729 -6.757251861996799 0
      vertex 94.92068730344175 -6.166829586517584 20
      vertex 94.92068730344175 -6.166829586517584 0
    endloop
  endfacet
  facet normal -0.6835923020228731 -0.7298640726978339 0
    outer loop
      vertex 96.83126145238924 -8.345421863016648 0
      vertex 96.83126145238924 -8.345421863016648 20
      vertex 96.30111472882933 -7.848885271170678 0
    endloop
  endfacet
  facet normal -0.6343932841636425 -0.7730104533627393 0
    outer loop
      vertex 97.39274813800321 -8.80622207723271 0
      vertex 97.39274813800321 -8.80622207723271 20
      vertex 96.83126145238924 -8.345421863016648 0
    endloop
  endfacet
  facet normal -0.5280678506503697 -0.8492021815265779 0
    outer loop
      vertex 98.60000000000001 -9.612881982007268 0
      vertex 98.60000000000001 -9.612881982007268 20
      vertex 97.98317041348243 -9.229312696558251 0
    endloop
  endfacet
  facet normal -0.5824776968678018 -0.8128466845916155 0
    outer loop
      vertex 97.39274813800321 -8.80622207723271 0
      vertex 97.98317041348243 -9.229312696558251 0
      vertex 97.98317041348243 -9.229312696558251 20
    endloop
  endfacet
  facet normal -0.9108638249211706 -0.4127070298044063 0
    outer loop
      vertex 93.89493718912472 -4.2477860992524965 0
      vertex 94.19471256898717 -4.909404461430914 0
      vertex 93.89493718912472 -4.2477860992524965 20
    endloop
  endfacet
  facet normal -0.8819212643483567 -0.4713967368259945 0
    outer loop
      vertex 94.53711801799274 -5.55 0
      vertex 94.19471256898717 -4.909404461430914 20
      vertex 94.19471256898717 -4.909404461430914 0
    endloop
  endfacet
  facet normal -0.9359059267573279 -0.3522500479212278 0
    outer loop
      vertex 93.89493718912472 -4.2477860992524965 0
      vertex 93.63907556260433 -3.5679780648650934 20
      vertex 93.63907556260433 -3.5679780648650934 0
    endloop
  endfacet
  facet normal -0.9569403357322098 -0.2902846772544589 0
    outer loop
      vertex 93.63907556260433 -3.5679780648650934 0
      vertex 93.42822332819135 -2.87289140063798 20
      vertex 93.42822332819135 -2.87289140063798 0
    endloop
  endfacet
  facet normal -0.47139673682599725 -0.8819212643483552 0
    outer loop
      vertex 98.60000000000001 -9.612881982007268 0
      vertex 99.2405955385691 -9.95528743101284 0
      vertex 99.2405955385691 -9.95528743101284 20
    endloop
  endfacet
  facet normal -0.41270702980439505 -0.9108638249211756 0
    outer loop
      vertex 99.2405955385691 -9.95528743101284 0
      vertex 99.90221390074751 -10.255062810875282 0
      vertex 99.90221390074751 -10.255062810875282 20
    endloop
  endfacet
  facet normal -0.3522500479212328 -0.935905926757326 0
    outer loop
      vertex 99.90221390074751 -10.255062810875282 0
      vertex 100.58202193513492 -10.510924437395673 0
      vertex 100.58202193513492 -10.510924437395673 20
    endloop
  endfacet
  facet normal -0.29028467725446644 -0.9569403357322076 0
    outer loop
      vertex 100.58202193513492 -10.510924437395673 0
      vertex 101.27710859936202 -10.721776671808659 0
      vertex 101.27710859936202 -10.721776671808659 20
    endloop
  endfacet
  facet normal -0.9866433320848764 -0.16289547339460422 0
    outer loop
      vertex 93.26328338752415 -2.1655025743790235 0
      vertex 93.26328338752415 -2.1655025743790235 20
      vertex 93.1449620387507 -1.4488407336425724 20
    endloop
  endfacet
  facet normal -0.9951847266721969 -0.09801714032956009 0
    outer loop
      vertex 93.1449620387507 -1.4488407336425724 0
      vertex 93.1449620387507 -1.4488407336425724 20
      vertex 93.0737659520515 -0.7259747344545879 20
    endloop
  endfacet
  facet normal -0.9994645874763661 -0.03271908282176231 0
    outer loop
      vertex 93.0737659520515 -0.7259747344545879 0
      vertex 93.0737659520515 -0.7259747344545879 20
      vertex 93.05000000000001 0 20
    endloop
  endfacet
  facet normal -0.1628954733945879 -0.9866433320848791 0
    outer loop
      vertex 101.98449742562099 -10.886716612475858 0
      vertex 102.70115926635744 -11.005037961249295 20
      vertex 101.98449742562099 -10.886716612475858 20
    endloop
  endfacet
  facet normal -0.0980171403295596 -0.9951847266721969 0
    outer loop
      vertex 102.70115926635744 -11.005037961249295 0
      vertex 103.42402526554542 -11.076234047948498 20
      vertex 102.70115926635744 -11.005037961249295 20
    endloop
  endfacet
  facet normal -0.032719082821777254 -0.9994645874763656 0
    outer loop
      vertex 103.42402526554542 -11.076234047948498 0
      vertex 104.15 -11.1 20
      vertex 103.42402526554542 -11.076234047948498 20
    endloop
  endfacet
  facet normal -0.7730104533627342 -0.6343932841636488 0
    outer loop
      vertex 95.80457813698335 -7.318738547610764 0
      vertex 95.80457813698335 -7.318738547610764 20
      vertex 95.34377792276729 -6.757251861996799 20
    endloop
  endfacet
  facet normal -0.8128466845916202 -0.5824776968677953 0
    outer loop
      vertex 95.34377792276729 -6.757251861996799 0
      vertex 95.34377792276729 -6.757251861996799 20
      vertex 94.92068730344175 -6.166829586517584 20
    endloop
  endfacet
  facet normal -0.8492021815265808 -0.528067850650365 0
    outer loop
      vertex 94.92068730344175 -6.166829586517584 0
      vertex 94.92068730344175 -6.166829586517584 20
      vertex 94.53711801799274 -5.55 20
    endloop
  endfacet
  facet normal -0.6343932841636425 -0.7730104533627393 0
    outer loop
      vertex 96.83126145238924 -8.345421863016648 0
      vertex 97.39274813800321 -8.80622207723271 20
      vertex 96.83126145238924 -8.345421863016648 20
    endloop
  endfacet
  facet normal -0.5824776968678018 -0.8128466845916155 0
    outer loop
      vertex 97.39274813800321 -8.80622207723271 0
      vertex 97.98317041348243 -9.229312696558251 20
      vertex 97.39274813800321 -8.80622207723271 20
    endloop
  endfacet
  facet normal -0.5280678506503697 -0.8492021815265779 0
    outer loop
      vertex 97.98317041348243 -9.229312696558251 0
      vertex 98.60000000000001 -9.612881982007268 20
      vertex 97.98317041348243 -9.229312696558251 20
    endloop
  endfacet
  facet normal -0.72986407269783 -0.6835923020228772 0
    outer loop
      vertex 96.30111472882933 -7.848885271170678 0
      vertex 96.30111472882933 -7.848885271170678 20
      vertex 95.80457813698335 -7.318738547610764 20
    endloop
  endfacet
  facet normal -0.6835923020228731 -0.7298640726978339 0
    outer loop
      vertex 96.30111472882933 -7.848885271170678 0
      vertex 96.83126145238924 -8.345421863016648 20
      vertex 96.30111472882933 -7.848885271170678 20
    endloop
  endfacet
  facet normal -0.8819212643483567 -0.4713967368259945 0
    outer loop
      vertex 94.53711801799274 -5.55 0
      vertex 94.53711801799274 -5.55 20
      vertex 94.19471256898717 -4.909404461430914 20
    endloop
  endfacet
  facet normal -0.9108638249211706 -0.4127070298044063 0
    outer loop
      vertex 94.19471256898717 -4.909404461430914 0
      vertex 94.19471256898717 -4.909404461430914 20
      vertex 93.89493718912472 -4.2477860992524965 20
    endloop
  endfacet
  facet normal -0.9359059267573279 -0.3522500479212278 0
    outer loop
      vertex 93.89493718912472 -4.2477860992524965 0
      vertex 93.89493718912472 -4.2477860992524965 20
      vertex 93.63907556260433 -3.5679780648650934 20
    endloop
  endfacet
  facet normal -0.9569403357322098 -0.2902846772544589 0
    outer loop
      vertex 93.63907556260433 -3.5679780648650934 0
      vertex 93.63907556260433 -3.5679780648650934 20
      vertex 93.42822332819135 -2.87289140063798 20
    endloop
  endfacet
  facet normal -0.9738769792773349 -0.22707626303436806 0
    outer loop
      vertex 93.42822332819135 -2.87289140063798 0
      vertex 93.42822332819135 -2.87289140063798 20
      vertex 93.26328338752415 -2.1655025743790235 20
    endloop
  endfacet
  facet normal -0.47139673682599725 -0.8819212643483552 0
    outer loop
      vertex 98.60000000000001 -9.612881982007268 0
      vertex 99.2405955385691 -9.95528743101284 20
      vertex 98.60000000000001 -9.612881982007268 20
    endloop
  endfacet
  facet normal -0.41270702980439505 -0.9108638249211756 0
    outer loop
      vertex 99.2405955385691 -9.95528743101284 0
      vertex 99.90221390074751 -10.255062810875282 20
      vertex 99.2405955385691 -9.95528743101284 20
    endloop
  endfacet
  facet normal -0.3522500479212328 -0.935905926757326 0
    outer loop
      vertex 99.90221390074751 -10.255062810875282 0
      vertex 100.58202193513492 -10.510924437395673 20
      vertex 99.90221390074751 -10.255062810875282 20
    endloop
  endfacet
  facet normal -0.29028467725446644 -0.9569403357322076 0
    outer loop
      vertex 100.58202193513492 -10.510924437395673 0
      vertex 101.27710859936202 -10.721776671808659 20
      vertex 100.58202193513492 -10.510924437395673 20
    endloop
  endfacet
  facet normal -0.22707626303437067 -0.9738769792773342 0
    outer loop
      vertex 101.27710859936202 -10.721776671808659 0
      vertex 101.98449742562099 -10.886716612475858 20
      vertex 101.27710859936202 -10.721776671808659 20
    endloop
  endfacet
  facet normal 0 0 -1
    outer loop
      vertex 93.0737659520515 -0.7259747344545879 0
      vertex 93.05000000000001 0 0
      vertex 93.0737659520515 0.7259747344545879 0
    endloop
  endfacet
  facet normal 0 0 -1
    outer loop
      vertex 93.0737659520515 -0.7259747344545879 0
      vertex 93.0737659520515 0.7259747344545879 0
      vertex 93.1449620387507 1.4488407336425724 0
    endloop
  endfacet
  facet normal 0 0 -1
    outer loop
      vertex 93.1449620387507 -1.4488407336425724 0
      vertex 93.1449620387507 1.4488407336425724 0
      vertex 93.26328338752415 2.1655025743790235 0
    endloop
  endfacet
  facet normal 0 0 -1
    outer loop
      vertex 93.26328338752415 -2.1655025743790235 0
      vertex 93.26328338752415 2.1655025743790235 0
      vertex 93.42822332819135 2.87289140063798 0
    endloop
  endfacet
  facet normal -0.9994645874763661 0.03271908282176231 0
    outer loop
      vertex 93.05000000000001 0 0
      vertex 93.0737659520515 0.7259747344545879 20
      vertex 93.0737659520515 0.7259747344545879 0
    endloop
  endfacet
  facet normal -0.9951847266721969 0.09801714032956009 0
    outer loop
      vertex 93.0737659520515 0.7259747344545879 0
      vertex 93.1449620387507 1.4488407336425724 20
      vertex 93.1449620387507 1.4488407336425724 0
    endloop
  endfacet
  facet normal -0.9866433320848764 0.16289547339460422 0
    outer loop
      vertex 93.1449620387507 1.4488407336425724 0
      vertex 93.26328338752415 2.1655025743790235 20
      vertex 93.26328338752415 2.1655025743790235 0
    endloop
  endfacet
  facet normal 0 0 -1
    outer loop
      vertex 93.42822332819135 -2.87289140063798 0
      vertex 93.42822332819135 2.87289140063798 0
      vertex 93.63907556260433 3.5679780648650934 0
    endloop
  endfacet
  facet normal 0 0 -1
    outer loop
      vertex 94.53711801799274 -5.55 0
      vertex 94.53711801799274 5.55 0
      vertex 94.65 0 0
    endloop
  endfacet
  facet normal 0 0 -1
    outer loop
      vertex 93.63907556260433 -3.5679780648650934 0
      vertex 93.63907556260433 3.5679780648650934 0
      vertex 93.89493718912472 4.2477860992524965 0
    endloop
  endfacet
  facet normal 0 0 -1
    outer loop
      vertex 93.89493718912472 -4.2477860992524965 0
      vertex 93.89493718912472 4.2477860992524965 0
      vertex 94.19471256898717 4.909404461430914 0
    endloop
  endfacet
  facet normal 0 0 -1
    outer loop
      vertex 94.19471256898717 -4.909404461430914 0
      vertex 94.19471256898717 4.909404461430914 0
      vertex 94.53711801799274 5.55 0
    endloop
  endfacet
  facet normal 0 0 -1
    outer loop
      vertex 94.53711801799274 5.55 0
      vertex 94.67034022923328 0.6213297276863591 0
      vertex 94.65 0 0
    endloop
  endfacet
  facet normal 0 0 -1
    outer loop
      vertex 94.53711801799274 5.55 0
      vertex 94.7312738169488 1.23999882609049 0
      vertex 94.67034022923328 0.6213297276863591 0
    endloop
  endfacet
  facet normal 0 0 -1
    outer loop
      vertex 94.92068730344175 6.166829586517584 0
      vertex 94.83253983616932 1.8533580591532184 0
      vertex 94.7312738169488 1.23999882609049 0
    endloop
  endfacet
  facet normal 0 0 -1
    outer loop
      vertex 94.92068730344175 6.166829586517584 0
      vertex 94.97370465025386 2.458780928473947 0
      vertex 94.83253983616932 1.8533580591532184 0
    endloop
  endfacet
  facet normal 0 0 -1
    outer loop
      vertex 94.92068730344175 6.166829586517584 0
      vertex 95.1541637697965 3.0536749203800353 0
      vertex 94.97370465025386 2.458780928473947 0
    endloop
  endfacet
  facet normal 0 0 -1
    outer loop
      vertex 94.53711801799274 5.55 0
      vertex 94.92068730344175 6.166829586517584 0
      vertex 94.7312738169488 1.23999882609049 0
    endloop
  endfacet
  facet normal 0 0 -1
    outer loop
      vertex 95.34377792276729 6.757251861996799 0
      vertex 95.37314444114278 3.635492607468353 0
      vertex 95.1541637697965 3.0536749203800353 0
    endloop
  endfacet
  facet normal 0 0 -1
    outer loop
      vertex 94.92068730344175 6.166829586517584 0
      vertex 95.34377792276729 6.757251861996799 0
      vertex 95.1541637697965 3.0536749203800353 0
    endloop
  endfacet
  facet normal 0 0 -1
    outer loop
      vertex 95.34377792276729 6.757251861996799 0
      vertex 95.62970895543947 4.201742557080513 0
      vertex 95.37314444114278 3.635492607468353 0
    endloop
  endfacet
  facet normal 0 0 -1
    outer loop
      vertex 95.80457813698335 7.318738547610764 0
      vertex 95.92275866404783 4.75 0
      vertex 95.62970895543947 4.201742557080513 0
    endloop
  endfacet
  facet normal 0 0 -1
    outer loop
      vertex 95.34377792276729 6.757251861996799 0
      vertex 95.80457813698335 7.318738547610764 0
      vertex 95.62970895543947 4.201742557080513 0
    endloop
  endfacet
  facet normal 0 0 -1
    outer loop
      vertex 95.80457813698335 7.318738547610764 0
      vertex 96.30111472882933 7.848885271170678 0
      vertex 95.92275866404783 4.75 0
    endloop
  endfacet
  facet normal 0 0 -1
    outer loop
      vertex 96.30111472882933 7.848885271170678 0
      vertex 96.25103868312583 5.277917213686221 0
      vertex 95.92275866404783 4.75 0
    endloop
  endfacet
  facet normal 0 0 -1
    outer loop
      vertex 96.30111472882933 7.848885271170678 0
      vertex 96.61314326723327 5.783233575582846 0
      vertex 96.25103868312583 5.277917213686221 0
    endloop
  endfacet
  facet normal 0 0 -1
    outer loop
      vertex 96.30111472882933 7.848885271170678 0
      vertex 96.83126145238924 8.345421863016648 0
      vertex 96.61314326723327 5.783233575582846 0
    endloop
  endfacet
  facet normal 0 0 -1
    outer loop
      vertex 96.83126145238924 8.345421863016648 0
      vertex 97.00752182894972 6.263785243450654 0
      vertex 96.61314326723327 5.783233575582846 0
    endloop
  endfacet
  facet normal 0 0 -1
    outer loop
      vertex 97.39274813800321 8.80622207723271 0
      vertex 97.4324855787278 6.7175144212722016 0
      vertex 97.00752182894972 6.263785243450654 0
    endloop
  endfacet
  facet normal 0 0 -1
    outer loop
      vertex 96.83126145238924 8.345421863016648 0
      vertex 97.39274813800321 8.80622207723271 0
      vertex 97.00752182894972 6.263785243450654 0
    endloop
  endfacet
  facet normal 0 0 -1
    outer loop
      vertex 97.39274813800321 8.80622207723271 0
      vertex 97.88621475654935 7.142478171050286 0
      vertex 97.4324855787278 6.7175144212722016 0
    endloop
  endfacet
  facet normal 0 0 -1
    outer loop
      vertex 97.98317041348243 9.229312696558251 0
      vertex 98.36676642441716 7.536856732766734 0
      vertex 97.88621475654935 7.142478171050286 0
    endloop
  endfacet
  facet normal 0 0 -1
    outer loop
      vertex 97.39274813800321 8.80622207723271 0
      vertex 97.98317041348243 9.229312696558251 0
      vertex 97.88621475654935 7.142478171050286 0
    endloop
  endfacet
  facet normal 0 0 -1
    outer loop
      vertex 98.60000000000001 9.612881982007268 0
      vertex 98.87208278631378 7.89896131687418 0
      vertex 98.36676642441716 7.536856732766734 0
    endloop
  endfacet
  facet normal 0 0 -1
    outer loop
      vertex 97.98317041348243 9.229312696558251 0
      vertex 98.60000000000001 9.612881982007268 0
      vertex 98.36676642441716 7.536856732766734 0
    endloop
  endfacet
  facet normal 0 0 -1
    outer loop
      vertex 99.2405955385691 9.95528743101284 0
      vertex 99.4 8.227241335952167 0
      vertex 98.87208278631378 7.89896131687418 0
    endloop
  endfacet
  facet normal 0 0 -1
    outer loop
      vertex 98.60000000000001 9.612881982007268 0
      vertex 99.2405955385691 9.95528743101284 0
      vertex 98.87208278631378 7.89896131687418 0
    endloop
  endfacet
  facet normal 0 0 -1
    outer loop
      vertex 99.90221390074751 10.255062810875282 0
      vertex 99.9482574429195 8.520291044560539 0
      vertex 99.4 8.227241335952167 0
    endloop
  endfacet
  facet normal 0 0 -1
    outer loop
      vertex 99.2405955385691 9.95528743101284 0
      vertex 99.90221390074751 10.255062810875282 0
      vertex 99.4 8.227241335952167 0
    endloop
  endfacet
  facet normal 0 0 -1
    outer loop
      vertex 99.90221390074751 10.255062810875282 0
      vertex 100.51450739253166 8.776855558857225 0
      vertex 99.9482574429195 8.520291044560539 0
    endloop
  endfacet
  facet normal 0 0 -1
    outer loop
      vertex 100.58202193513492 10.510924437395673 0
      vertex 101.09632507961997 8.995836230203505 0
      vertex 100.51450739253166 8.776855558857225 0
    endloop
  endfacet
  facet normal 0 0 -1
    outer loop
      vertex 99.90221390074751 10.255062810875282 0
      vertex 100.58202193513492 10.510924437395673 0
      vertex 100.51450739253166 8.776855558857225 0
    endloop
  endfacet
  facet normal 0 0 -1
    outer loop
      vertex 100.58202193513492 10.510924437395673 0
      vertex 101.27710859936202 10.721776671808659 0
      vertex 101.09632507961997 8.995836230203505 0
    endloop
  endfacet
  facet normal 0 0 -1
    outer loop
      vertex 101.27710859936202 10.721776671808659 0
      vertex 101.69121907152606 9.176295349746148 0
      vertex 101.09632507961997 8.995836230203505 0
    endloop
  endfacet
  facet normal 0 0 -1
    outer loop
      vertex 101.98449742562099 10.886716612475858 0
      vertex 102.29664194084678 9.317460163830688 0
      vertex 101.69121907152606 9.176295349746148 0
    endloop
  endfacet
  facet normal 0 0 -1
    outer loop
      vertex 101.27710859936202 10.721776671808659 0
      vertex 101.98449742562099 10.886716612475858 0
      vertex 101.69121907152606 9.176295349746148 0
    endloop
  endfacet
  facet normal 0 0 -1
    outer loop
      vertex 102.70115926635744 11.005037961249295 0
      vertex 102.91000117390952 9.418726183051199 0
      vertex 102.29664194084678 9.317460163830688 0
    endloop
  endfacet
  facet normal 0 0 -1
    outer loop
      vertex 101.98449742562099 10.886716612475858 0
      vertex 102.70115926635744 11.005037961249295 0
      vertex 102.29664194084678 9.317460163830688 0
    endloop
  endfacet
  facet normal 0 0 -1
    outer loop
      vertex 103.42402526554542 11.076234047948498 0
      vertex 103.52867027231365 9.479659770766734 0
      vertex 102.91000117390952 9.418726183051199 0
    endloop
  endfacet
  facet normal 0 0 -1
    outer loop
      vertex 102.70115926635744 11.005037961249295 0
      vertex 103.42402526554542 11.076234047948498 0
      vertex 102.91000117390952 9.418726183051199 0
    endloop
  endfacet
  facet normal 0 0 -1
    outer loop
      vertex 104.15 11.1 0
      vertex 104.15 9.5 0
      vertex 103.52867027231365 9.479659770766734 0
    endloop
  endfacet
  facet normal 0 0 -1
    outer loop
      vertex 103.42402526554542 11.076234047948498 0
      vertex 104.15 11.1 0
      vertex 103.52867027231365 9.479659770766734 0
    endloop
  endfacet
  facet normal -0.9738769792773349 0.22707626303436806 0
    outer loop
      vertex 93.26328338752415 2.1655025743790235 0
      vertex 93.42822332819135 2.87289140063798 20
      vertex 93.42822332819135 2.87289140063798 0
    endloop
  endfacet
  facet normal -0.9569403357322098 0.2902846772544589 0
    outer loop
      vertex 93.42822332819135 2.87289140063798 0
      vertex 93.63907556260433 3.5679780648650934 20
      vertex 93.63907556260433 3.5679780648650934 0
    endloop
  endfacet
  facet normal -0.9359059267573279 0.3522500479212278 0
    outer loop
      vertex 93.63907556260433 3.5679780648650934 0
      vertex 93.89493718912472 4.2477860992524965 20
      vertex 93.89493718912472 4.2477860992524965 0
    endloop
  endfacet
  facet normal -0.9108638249211706 0.4127070298044063 0
    outer loop
      vertex 93.89493718912472 4.2477860992524965 0
      vertex 94.19471256898717 4.909404461430914 20
      vertex 94.19471256898717 4.909404461430914 0
    endloop
  endfacet
  facet normal -0.8819212643483567 0.4713967368259945 0
    outer loop
      vertex 94.19471256898717 4.909404461430914 0
      vertex 94.53711801799274 5.55 20
      vertex 94.53711801799274 5.55 0
    endloop
  endfacet
  facet normal -0.8492021815265808 0.528067850650365 0
    outer loop
      vertex 94.53711801799274 5.55 0
      vertex 94.92068730344175 6.166829586517584 20
      vertex 94.92068730344175 6.166829586517584 0
    endloop
  endfacet
  facet normal -0.8128466845916202 0.5824776968677953 0
    outer loop
      vertex 94.92068730344175 6.166829586517584 0
      vertex 95.34377792276729 6.757251861996799 20
      vertex 95.34377792276729 6.757251861996799 0
    endloop
  endfacet
  facet normal -0.7730104533627342 0.6343932841636488 0
    outer loop
      vertex 95.34377792276729 6.757251861996799 0
      vertex 95.80457813698335 7.318738547610764 20
      vertex 95.80457813698335 7.318738547610764 0
    endloop
  endfacet
  facet normal -0.72986407269783 0.6835923020228772 0
    outer loop
      vertex 95.80457813698335 7.318738547610764 0
      vertex 96.30111472882933 7.848885271170678 20
      vertex 96.30111472882933 7.848885271170678 0
    endloop
  endfacet
  facet normal -0.6835923020228731 0.7298640726978339 0
    outer loop
      vertex 96.30111472882933 7.848885271170678 0
      vertex 96.30111472882933 7.848885271170678 20
      vertex 96.83126145238924 8.345421863016648 0
    endloop
  endfacet
  facet normal -0.6343932841636425 0.7730104533627393 0
    outer loop
      vertex 96.83126145238924 8.345421863016648 0
      vertex 96.83126145238924 8.345421863016648 20
      vertex 97.39274813800321 8.80622207723271 0
    endloop
  endfacet
  facet normal -0.5824776968678018 0.8128466845916155 0
    outer loop
      vertex 97.39274813800321 8.80622207723271 0
      vertex 97.39274813800321 8.80622207723271 20
      vertex 97.98317041348243 9.229312696558251 0
    endloop
  endfacet
  facet normal -0.5280678506503697 0.8492021815265779 0
    outer loop
      vertex 97.98317041348243 9.229312696558251 0
      vertex 97.98317041348243 9.229312696558251 20
      vertex 98.60000000000001 9.612881982007268 0
    endloop
  endfacet
  facet normal -0.47139673682599725 0.8819212643483552 0
    outer loop
      vertex 98.60000000000001 9.612881982007268 0
      vertex 98.60000000000001 9.612881982007268 20
      vertex 99.2405955385691 9.95528743101284 0
    endloop
  endfacet
  facet normal -0.41270702980439505 0.9108638249211756 0
    outer loop
      vertex 99.2405955385691 9.95528743101284 0
      vertex 99.2405955385691 9.95528743101284 20
      vertex 99.90221390074751 10.255062810875282 0
    endloop
  endfacet
  facet normal -0.3522500479212328 0.935905926757326 0
    outer loop
      vertex 99.90221390074751 10.255062810875282 0
      vertex 99.90221390074751 10.255062810875282 20
      vertex 100.58202193513492 10.510924437395673 0
    endloop
  endfacet
  facet normal -0.29028467725446644 0.9569403357322076 0
    outer loop
      vertex 100.58202193513492 10.510924437395673 0
      vertex 100.58202193513492 10.510924437395673 20
      vertex 101.27710859936202 10.721776671808659 0
    endloop
  endfacet
  facet normal -0.22707626303437067 0.9738769792773342 0
    outer loop
      vertex 101.27710859936202 10.721776671808659 0
      vertex 101.27710859936202 10.721776671808659 20
      vertex 101.98449742562099 10.886716612475858 0
    endloop
  endfacet
  facet normal -0.1628954733945879 0.9866433320848791 0
    outer loop
      vertex 101.98449742562099 10.886716612475858 0
      vertex 101.98449742562099 10.886716612475858 20
      vertex 102.70115926635744 11.005037961249295 0
    endloop
  endfacet
  facet normal -0.0980171403295596 0.9951847266721969 0
    outer loop
      vertex 102.70115926635744 11.005037961249295 0
      vertex 102.70115926635744 11.005037961249295 20
      vertex 103.42402526554542 11.076234047948498 0
    endloop
  endfacet
  facet normal -0.032719082821777254 0.9994645874763656 0
    outer loop
      vertex 103.42402526554542 11.076234047948498 0
      vertex 103.42402526554542 11.076234047948498 20
      vertex 104.15 11.1 0
    endloop
  endfacet
  facet normal -0.9994645874763661 0.03271908282176231 0
    outer loop
      vertex 93.05000000000001 0 0
      vertex 93.05000000000001 0 20
      vertex 93.0737659520515 0.7259747344545879 20
    endloop
  endfacet
  facet normal -0.9951847266721969 0.09801714032956009 0
    outer loop
      vertex 93.0737659520515 0.7259747344545879 0
      vertex 93.0737659520515 0.7259747344545879 20
      vertex 93.1449620387507 1.4488407336425724 20
    endloop
  endfacet
  facet normal -0.9866433320848764 0.16289547339460422 0
    outer loop
      vertex 93.1449620387507 1.4488407336425724 0
      vertex 93.1449620387507 1.4488407336425724 20
      vertex 93.26328338752415 2.1655025743790235 20
    endloop
  endfacet
  facet normal -0.9738769792773349 0.22707626303436806 0
    outer loop
      vertex 93.26328338752415 2.1655025743790235 0
      vertex 93.26328338752415 2.1655025743790235 20
      vertex 93.42822332819135 2.87289140063798 20
    endloop
  endfacet
  facet normal -0.9569403357322098 0.2902846772544589 0
    outer loop
      vertex 93.42822332819135 2.87289140063798 0
      vertex 93.42822332819135 2.87289140063798 20
      vertex 93.63907556260433 3.5679780648650934 20
    endloop
  endfacet
  facet normal -0.9359059267573279 0.3522500479212278 0
    outer loop
      vertex 93.63907556260433 3.5679780648650934 0
      vertex 93.63907556260433 3.5679780648650934 20
      vertex 93.89493718912472 4.2477860992524965 20
    endloop
  endfacet
  facet normal -0.9108638249211706 0.4127070298044063 0
    outer loop
      vertex 93.89493718912472 4.2477860992524965 0
      vertex 93.89493718912472 4.2477860992524965 20
      vertex 94.19471256898717 4.909404461430914 20
    endloop
  endfacet
  facet normal -0.8819212643483567 0.4713967368259945 0
    outer loop
      vertex 94.19471256898717 4.909404461430914 0
      vertex 94.19471256898717 4.909404461430914 20
      vertex 94.53711801799274 5.55 20
    endloop
  endfacet
  facet normal -0.8492021815265808 0.528067850650365 0
    outer loop
      vertex 94.53711801799274 5.55 0
      vertex 94.53711801799274 5.55 20
      vertex 94.92068730344175 6.166829586517584 20
    endloop
  endfacet
  facet normal -0.8128466845916202 0.5824776968677953 0
    outer loop
      vertex 94.92068730344175 6.166829586517584 0
      vertex 94.92068730344175 6.166829586517584 20
      vertex 95.34377792276729 6.757251861996799 20
    endloop
  endfacet
  facet normal -0.7730104533627342 0.6343932841636488 0
    outer loop
      vertex 95.34377792276729 6.757251861996799 0
      vertex 95.34377792276729 6.757251861996799 20
      vertex 95.80457813698335 7.318738547610764 20
    endloop
  endfacet
  facet normal -0.72986407269783 0.6835923020228772 0
    outer loop
      vertex 95.80457813698335 7.318738547610764 0
      vertex 95.80457813698335 7.318738547610764 20
      vertex 96.30111472882933 7.848885271170678 20
    endloop
  endfacet
  facet normal -0.6835923020228731 0.7298640726978339 0
    outer loop
      vertex 96.83126145238924 8.345421863016648 0
      vertex 96.30111472882933 7.848885271170678 20
      vertex 96.83126145238924 8.345421863016648 20
    endloop
  endfacet
  facet normal -0.6343932841636425 0.7730104533627393 0
    outer loop
      vertex 97.39274813800321 8.80622207723271 0
      vertex 96.83126145238924 8.345421863016648 20
      vertex 97.39274813800321 8.80622207723271 20
    endloop
  endfacet
  facet normal -0.5824776968678018 0.8128466845916155 0
    outer loop
      vertex 97.98317041348243 9.229312696558251 0
      vertex 97.39274813800321 8.80622207723271 20
      vertex 97.98317041348243 9.229312696558251 20
    endloop
  endfacet
  facet normal -0.5280678506503697 0.8492021815265779 0
    outer loop
      vertex 98.60000000000001 9.612881982007268 0
      vertex 97.98317041348243 9.229312696558251 20
      vertex 98.60000000000001 9.612881982007268 20
    endloop
  endfacet
  facet normal -0.47139673682599725 0.8819212643483552 0
    outer loop
      vertex 99.2405955385691 9.95528743101284 0
      vertex 98.60000000000001 9.612881982007268 20
      vertex 99.2405955385691 9.95528743101284 20
    endloop
  endfacet
  facet normal -0.41270702980439505 0.9108638249211756 0
    outer loop
      vertex 99.90221390074751 10.255062810875282 0
      vertex 99.2405955385691 9.95528743101284 20
      vertex 99.90221390074751 10.255062810875282 20
    endloop
  endfacet
  facet normal -0.3522500479212328 0.935905926757326 0
    outer loop
      vertex 100.58202193513492 10.510924437395673 0
      vertex 99.90221390074751 10.255062810875282 20
      vertex 100.58202193513492 10.510924437395673 20
    endloop
  endfacet
  facet normal -0.29028467725446644 0.9569403357322076 0
    outer loop
      vertex 101.27710859936202 10.721776671808659 0
      vertex 100.58202193513492 10.510924437395673 20
      vertex 101.27710859936202 10.721776671808659 20
    endloop
  endfacet
  facet normal -0.22707626303437067 0.9738769792773342 0
    outer loop
      vertex 101.98449742562099 10.886716612475858 0
      vertex 101.27710859936202 10.721776671808659 20
      vertex 101.98449742562099 10.886716612475858 20
    endloop
  endfacet
  facet normal -0.1628954733945879 0.9866433320848791 0
    outer loop
      vertex 102.70115926635744 11.005037961249295 0
      vertex 101.98449742562099 10.886716612475858 20
      vertex 102.70115926635744 11.005037961249295 20
    endloop
  endfacet
  facet normal -0.0980171403295596 0.9951847266721969 0
    outer loop
      vertex 103.42402526554542 11.076234047948498 0
      vertex 102.70115926635744 11.005037961249295 20
      vertex 103.42402526554542 11.076234047948498 20
    endloop
  endfacet
  facet normal -0.032719082821777254 0.9994645874763656 0
    outer loop
      vertex 103.42402526554542 11.076234047948498 20
      vertex 104.15 11.1 20
      vertex 104.15 11.1 0
    endloop
  endfacet
  facet normal 0.032719082821777254 -0.9994645874763656 0
    outer loop
      vertex 104.15 -11.1 0
      vertex 104.87597473445459 -11.076234047948498 0
      vertex 104.87597473445459 -11.076234047948498 20
    endloop
  endfacet
  facet normal 0.0980171403295596 -0.9951847266721969 0
    outer loop
      vertex 104.87597473445459 -11.076234047948498 0
      vertex 105.59884073364258 -11.005037961249295 0
      vertex 105.59884073364258 -11.005037961249295 20
    endloop
  endfacet
  facet normal 0.1628954733945879 -0.9866433320848791 0
    outer loop
      vertex 105.59884073364258 -11.005037961249295 0
      vertex 106.31550257437902 -10.886716612475858 0
      vertex 106.31550257437902 -10.886716612475858 20
    endloop
  endfacet
  facet normal 0 0 -1
    outer loop
      vertex 104.15 -11.1 0
      vertex 104.77132972768636 -9.479659770766734 0
      vertex 104.87597473445459 -11.076234047948498 0
    endloop
  endfacet
  facet normal 0 0 -1
    outer loop
      vertex 104.15 -11.1 0
      vertex 104.15 -9.5 0
      vertex 104.77132972768636 -9.479659770766734 0
    endloop
  endfacet
  facet normal 0 0 -1
    outer loop
      vertex 104.87597473445459 -11.076234047948498 0
      vertex 105.38999882609049 -9.418726183051199 0
      vertex 105.59884073364258 -11.005037961249295 0
    endloop
  endfacet
  facet normal 0 0 -1
    outer loop
      vertex 104.87597473445459 -11.076234047948498 0
      vertex 104.77132972768636 -9.479659770766734 0
      vertex 105.38999882609049 -9.418726183051199 0
    endloop
  endfacet
  facet normal 0 0 -1
    outer loop
      vertex 105.59884073364258 -11.005037961249295 0
      vertex 106.00335805915323 -9.317460163830688 0
      vertex 106.31550257437902 -10.886716612475858 0
    endloop
  endfacet
  facet normal 0 0 -1
    outer loop
      vertex 105.59884073364258 -11.005037961249295 0
      vertex 105.38999882609049 -9.418726183051199 0
      vertex 106.00335805915323 -9.317460163830688 0
    endloop
  endfacet
  facet normal 0 0 -1
    outer loop
      vertex 106.31550257437902 -10.886716612475858 0
      vertex 106.60878092847395 -9.176295349746148 0
      vertex 107.02289140063799 -10.721776671808659 0
    endloop
  endfacet
  facet normal 0 0 -1
    outer loop
      vertex 106.31550257437902 -10.886716612475858 0
      vertex 106.00335805915323 -9.317460163830688 0
      vertex 106.60878092847395 -9.176295349746148 0
    endloop
  endfacet
  facet normal 0 0 -1
    outer loop
      vertex 107.02289140063799 -10.721776671808659 0
      vertex 106.60878092847395 -9.176295349746148 0
      vertex 107.20367492038004 -8.995836230203505 0
    endloop
  endfacet
  facet normal 0 0 -1
    outer loop
      vertex 107.02289140063799 -10.721776671808659 0
      vertex 107.20367492038004 -8.995836230203505 0
      vertex 107.7179780648651 -10.510924437395673 0
    endloop
  endfacet
  facet normal 0 0 -1
    outer loop
      vertex 107.7179780648651 -10.510924437395673 0
      vertex 107.78549260746836 -8.776855558857225 0
      vertex 108.3977860992525 -10.255062810875282 0
    endloop
  endfacet
  facet normal 0 0 -1
    outer loop
      vertex 107.7179780648651 -10.510924437395673 0
      vertex 107.20367492038004 -8.995836230203505 0
      vertex 107.78549260746836 -8.776855558857225 0
    endloop
  endfacet
  facet normal 0 0 -1
    outer loop
      vertex 108.3977860992525 -10.255062810875282 0
      vertex 107.78549260746836 -8.776855558857225 0
      vertex 108.35174255708051 -8.520291044560539 0
    endloop
  endfacet
  facet normal 0 0 -1
    outer loop
      vertex 108.3977860992525 -10.255062810875282 0
      vertex 108.9 -8.227241335952167 0
      vertex 109.05940446143092 -9.95528743101284 0
    endloop
  endfacet
  facet normal 0 0 -1
    outer loop
      vertex 108.3977860992525 -10.255062810875282 0
      vertex 108.35174255708051 -8.520291044560539 0
      vertex 108.9 -8.227241335952167 0
    endloop
  endfacet
  facet normal 0 0 -1
    outer loop
      vertex 109.05940446143092 -9.95528743101284 0
      vertex 109.42791721368623 -7.89896131687418 0
      vertex 109.7 -9.612881982007268 0
    endloop
  endfacet
  facet normal 0 0 -1
    outer loop
      vertex 109.05940446143092 -9.95528743101284 0
      vertex 108.9 -8.227241335952167 0
      vertex 109.42791721368623 -7.89896131687418 0
    endloop
  endfacet
  facet normal 0 0 -1
    outer loop
      vertex 109.7 -9.612881982007268 0
      vertex 109.93323357558285 -7.536856732766734 0
      vertex 110.31682958651758 -9.229312696558251 0
    endloop
  endfacet
  facet normal 0 0 -1
    outer loop
      vertex 109.7 -9.612881982007268 0
      vertex 109.42791721368623 -7.89896131687418 0
      vertex 109.93323357558285 -7.536856732766734 0
    endloop
  endfacet
  facet normal 0 0 -1
    outer loop
      vertex 110.31682958651758 -9.229312696558251 0
      vertex 110.41378524345066 -7.142478171050286 0
      vertex 110.9072518619968 -8.80622207723271 0
    endloop
  endfacet
  facet normal 0 0 -1
    outer loop
      vertex 110.31682958651758 -9.229312696558251 0
      vertex 109.93323357558285 -7.536856732766734 0
      vertex 110.41378524345066 -7.142478171050286 0
    endloop
  endfacet
  facet normal 0 0 -1
    outer loop
      vertex 110.9072518619968 -8.80622207723271 0
      vertex 110.41378524345066 -7.142478171050286 0
      vertex 110.8675144212722 -6.7175144212722016 0
    endloop
  endfacet
  facet normal 0 0 -1
    outer loop
      vertex 110.9072518619968 -8.80622207723271 0
      vertex 111.29247817105029 -6.263785243450654 0
      vertex 111.46873854761077 -8.345421863016648 0
    endloop
  endfacet
  facet normal 0 0 -1
    outer loop
      vertex 110.9072518619968 -8.80622207723271 0
      vertex 110.8675144212722 -6.7175144212722016 0
      vertex 111.29247817105029 -6.263785243450654 0
    endloop
  endfacet
  facet normal 0 0 -1
    outer loop
      vertex 111.46873854761077 -8.345421863016648 0
      vertex 111.29247817105029 -6.263785243450654 0
      vertex 111.68685673276674 -5.783233575582846 0
    endloop
  endfacet
  facet normal 0 0 -1
    outer loop
      vertex 111.46873854761077 -8.345421863016648 0
      vertex 111.68685673276674 -5.783233575582846 0
      vertex 111.99888527117068 -7.848885271170678 0
    endloop
  endfacet
  facet normal 0 0 -1
    outer loop
      vertex 111.99888527117068 -7.848885271170678 0
      vertex 111.68685673276674 -5.783233575582846 0
      vertex 112.04896131687418 -5.277917213686221 0
    endloop
  endfacet
  facet normal 0 0 -1
    outer loop
      vertex 111.99888527117068 -7.848885271170678 0
      vertex 112.04896131687418 -5.277917213686221 0
      vertex 112.37724133595218 -4.75 0
    endloop
  endfacet
  facet normal 0 0 -1
    outer loop
      vertex 111.99888527117068 -7.848885271170678 0
      vertex 112.37724133595218 -4.75 0
      vertex 112.49542186301666 -7.318738547610764 0
    endloop
  endfacet
  facet normal 0 0 -1
    outer loop
      vertex 112.49542186301666 -7.318738547610764 0
      vertex 112.67029104456054 -4.201742557080513 0
      vertex 112.95622207723272 -6.757251861996799 0
    endloop
  endfacet
  facet normal 0 0 -1
    outer loop
      vertex 112.49542186301666 -7.318738547610764 0
      vertex 112.37724133595218 -4.75 0
      vertex 112.67029104456054 -4.201742557080513 0
    endloop
  endfacet
  facet normal 0 0 -1
    outer loop
      vertex 112.95622207723272 -6.757251861996799 0
      vertex 112.67029104456054 -4.201742557080513 0
      vertex 112.92685555885723 -3.635492607468353 0
    endloop
  endfacet
  facet normal 0 0 -1
    outer loop
      vertex 112.95622207723272 -6.757251861996799 0
      vertex 113.14583623020351 -3.0536749203800353 0
      vertex 113.37931269655826 -6.166829586517584 0
    endloop
  endfacet
  facet normal 0 0 -1
    outer loop
      vertex 112.95622207723272 -6.757251861996799 0
      vertex 112.92685555885723 -3.635492607468353 0
      vertex 113.14583623020351 -3.0536749203800353 0
    endloop
  endfacet
  facet normal 0 0 -1
    outer loop
      vertex 113.37931269655826 -6.166829586517584 0
      vertex 113.56872618305121 -1.23999882609049 0
      vertex 113.76288198200727 -5.55 0
    endloop
  endfacet
  facet normal 0 0 -1
    outer loop
      vertex 113.37931269655826 -6.166829586517584 0
      vertex 113.14583623020351 -3.0536749203800353 0
      vertex 113.32629534974615 -2.458780928473947 0
    endloop
  endfacet
  facet normal 0 0 -1
    outer loop
      vertex 113.37931269655826 -6.166829586517584 0
      vertex 113.32629534974615 -2.458780928473947 0
      vertex 113.4674601638307 -1.8533580591532184 0
    endloop
  endfacet
  facet normal 0 0 -1
    outer loop
      vertex 113.37931269655826 -6.166829586517584 0
      vertex 113.4674601638307 -1.8533580591532184 0
      vertex 113.56872618305121 -1.23999882609049 0
    endloop
  endfacet
  facet normal 0 0 -1
    outer loop
      vertex 113.76288198200727 -5.55 0
      vertex 113.56872618305121 -1.23999882609049 0
      vertex 113.62965977076674 -0.6213297276863591 0
    endloop
  endfacet
  facet normal 0 0 -1
    outer loop
      vertex 113.76288198200727 -5.55 0
      vertex 113.62965977076674 -0.6213297276863591 0
      vertex 113.65 0 0
    endloop
  endfacet
  facet normal 0 0 -1
    outer loop
      vertex 113.76288198200727 -5.55 0
      vertex 114.10528743101284 4.909404461430914 0
      vertex 114.10528743101284 -4.909404461430914 0
    endloop
  endfacet
  facet normal 0 0 -1
    outer loop
      vertex 114.10528743101284 -4.909404461430914 0
      vertex 114.4050628108753 4.2477860992524965 0
      vertex 114.4050628108753 -4.2477860992524965 0
    endloop
  endfacet
  facet normal 0 0 -1
    outer loop
      vertex 114.4050628108753 -4.2477860992524965 0
      vertex 114.66092443739568 3.5679780648650934 0
      vertex 114.66092443739568 -3.5679780648650934 0
    endloop
  endfacet
  facet normal 0 0 -1
    outer loop
      vertex 114.66092443739568 -3.5679780648650934 0
      vertex 114.87177667180866 2.87289140063798 0
      vertex 114.87177667180866 -2.87289140063798 0
    endloop
  endfacet
  facet normal 0.22707626303437067 -0.9738769792773342 0
    outer loop
      vertex 106.31550257437902 -10.886716612475858 0
      vertex 107.02289140063799 -10.721776671808659 0
      vertex 107.02289140063799 -10.721776671808659 20
    endloop
  endfacet
  facet normal 0.29028467725446644 -0.9569403357322076 0
    outer loop
      vertex 107.02289140063799 -10.721776671808659 0
      vertex 107.7179780648651 -10.510924437395673 0
      vertex 107.7179780648651 -10.510924437395673 20
    endloop
  endfacet
  facet normal 0.3522500479212328 -0.935905926757326 0
    outer loop
      vertex 107.7179780648651 -10.510924437395673 0
      vertex 108.3977860992525 -10.255062810875282 0
      vertex 108.3977860992525 -10.255062810875282 20
    endloop
  endfacet
  facet normal 0.41270702980439505 -0.9108638249211756 0
    outer loop
      vertex 108.3977860992525 -10.255062810875282 0
      vertex 109.05940446143092 -9.95528743101284 0
      vertex 109.05940446143092 -9.95528743101284 20
    endloop
  endfacet
  facet normal 0.47139673682599725 -0.8819212643483552 0
    outer loop
      vertex 109.05940446143092 -9.95528743101284 0
      vertex 109.7 -9.612881982007268 0
      vertex 109.7 -9.612881982007268 20
    endloop
  endfacet
  facet normal 0.5280678506503697 -0.8492021815265779 0
    outer loop
      vertex 109.7 -9.612881982007268 0
      vertex 110.31682958651758 -9.229312696558251 0
      vertex 110.31682958651758 -9.229312696558251 20
    endloop
  endfacet
  facet normal 0.5824776968678018 -0.8128466845916155 0
    outer loop
      vertex 110.31682958651758 -9.229312696558251 0
      vertex 110.9072518619968 -8.80622207723271 0
      vertex 110.9072518619968 -8.80622207723271 20
    endloop
  endfacet
  facet normal 0.6343932841636425 -0.7730104533627393 0
    outer loop
      vertex 110.9072518619968 -8.80622207723271 0
      vertex 111.46873854761077 -8.345421863016648 0
      vertex 111.46873854761077 -8.345421863016648 20
    endloop
  endfacet
  facet normal 0.6835923020228731 -0.7298640726978339 0
    outer loop
      vertex 111.46873854761077 -8.345421863016648 0
      vertex 111.99888527117068 -7.848885271170678 0
      vertex 111.99888527117068 -7.848885271170678 20
    endloop
  endfacet
  facet normal 0.72986407269783 -0.6835923020228772 0
    outer loop
      vertex 111.99888527117068 -7.848885271170678 0
      vertex 112.49542186301666 -7.318738547610764 0
      vertex 111.99888527117068 -7.848885271170678 20
    endloop
  endfacet
  facet normal 0.7730104533627342 -0.6343932841636488 0
    outer loop
      vertex 112.49542186301666 -7.318738547610764 0
      vertex 112.95622207723272 -6.757251861996799 0
      vertex 112.49542186301666 -7.318738547610764 20
    endloop
  endfacet
  facet normal 0.8128466845916202 -0.5824776968677953 0
    outer loop
      vertex 112.95622207723272 -6.757251861996799 0
      vertex 113.37931269655826 -6.166829586517584 0
      vertex 112.95622207723272 -6.757251861996799 20
    endloop
  endfacet
  facet normal 0.8492021815265808 -0.528067850650365 0
    outer loop
      vertex 113.37931269655826 -6.166829586517584 0
      vertex 113.76288198200727 -5.55 0
      vertex 113.37931269655826 -6.166829586517584 20
    endloop
  endfacet
  facet normal 0.8819212643483567 -0.4713967368259945 0
    outer loop
      vertex 113.76288198200727 -5.55 0
      vertex 114.10528743101284 -4.909404461430914 0
      vertex 113.76288198200727 -5.55 20
    endloop
  endfacet
  facet normal 0.9108638249211706 -0.4127070298044063 0
    outer loop
      vertex 114.10528743101284 -4.909404461430914 0
      vertex 114.4050628108753 -4.2477860992524965 0
      vertex 114.10528743101284 -4.909404461430914 20
    endloop
  endfacet
  facet normal 0.9359059267573279 -0.3522500479212278 0
    outer loop
      vertex 114.4050628108753 -4.2477860992524965 0
      vertex 114.66092443739568 -3.5679780648650934 0
      vertex 114.4050628108753 -4.2477860992524965 20
    endloop
  endfacet
  facet normal 0.9569403357322098 -0.2902846772544589 0
    outer loop
      vertex 114.66092443739568 -3.5679780648650934 0
      vertex 114.87177667180866 -2.87289140063798 0
      vertex 114.66092443739568 -3.5679780648650934 20
    endloop
  endfacet
  facet normal 0.9738769792773349 -0.22707626303436806 0
    outer loop
      vertex 114.87177667180866 -2.87289140063798 0
      vertex 115.03671661247586 -2.1655025743790235 0
      vertex 114.87177667180866 -2.87289140063798 20
    endloop
  endfacet
  facet normal 0 0 -1
    outer loop
      vertex 114.87177667180866 -2.87289140063798 0
      vertex 115.03671661247586 2.1655025743790235 0
      vertex 115.03671661247586 -2.1655025743790235 0
    endloop
  endfacet
  facet normal 0 0 -1
    outer loop
      vertex 115.03671661247586 -2.1655025743790235 0
      vertex 115.1550379612493 1.4488407336425724 0
      vertex 115.1550379612493 -1.4488407336425724 0
    endloop
  endfacet
  facet normal 0 0 -1
    outer loop
      vertex 115.1550379612493 -1.4488407336425724 0
      vertex 115.22623404794851 0.7259747344545879 0
      vertex 115.22623404794851 -0.7259747344545879 0
    endloop
  endfacet
  facet normal 0.9866433320848764 -0.16289547339460422 0
    outer loop
      vertex 115.03671661247586 -2.1655025743790235 0
      vertex 115.1550379612493 -1.4488407336425724 0
      vertex 115.03671661247586 -2.1655025743790235 20
    endloop
  endfacet
  facet normal 0.9951847266721969 -0.09801714032956009 0
    outer loop
      vertex 115.1550379612493 -1.4488407336425724 0
      vertex 115.22623404794851 -0.7259747344545879 0
      vertex 115.1550379612493 -1.4488407336425724 20
    endloop
  endfacet
  facet normal 0.9994645874763661 -0.03271908282176231 0
    outer loop
      vertex 115.22623404794851 -0.7259747344545879 0
      vertex 115.25 0 0
      vertex 115.22623404794851 -0.7259747344545879 20
    endloop
  endfacet
  facet normal 0.032719082821777254 -0.9994645874763656 0
    outer loop
      vertex 104.15 -11.1 0
      vertex 104.87597473445459 -11.076234047948498 20
      vertex 104.15 -11.1 20
    endloop
  endfacet
  facet normal 0.0980171403295596 -0.9951847266721969 0
    outer loop
      vertex 104.87597473445459 -11.076234047948498 0
      vertex 105.59884073364258 -11.005037961249295 20
      vertex 104.87597473445459 -11.076234047948498 20
    endloop
  endfacet
  facet normal 0.1628954733945879 -0.9866433320848791 0
    outer loop
      vertex 105.59884073364258 -11.005037961249295 0
      vertex 106.31550257437902 -10.886716612475858 20
      vertex 105.59884073364258 -11.005037961249295 20
    endloop
  endfacet
  facet normal 0.22707626303437067 -0.9738769792773342 0
    outer loop
      vertex 106.31550257437902 -10.886716612475858 0
      vertex 107.02289140063799 -10.721776671808659 20
      vertex 106.31550257437902 -10.886716612475858 20
    endloop
  endfacet
  facet normal 0.29028467725446644 -0.9569403357322076 0
    outer loop
      vertex 107.02289140063799 -10.721776671808659 0
      vertex 107.7179780648651 -10.510924437395673 20
      vertex 107.02289140063799 -10.721776671808659 20
    endloop
  endfacet
  facet normal 0.3522500479212328 -0.935905926757326 0
    outer loop
      vertex 107.7179780648651 -10.510924437395673 0
      vertex 108.3977860992525 -10.255062810875282 20
      vertex 107.7179780648651 -10.510924437395673 20
    endloop
  endfacet
  facet normal 0.41270702980439505 -0.9108638249211756 0
    outer loop
      vertex 108.3977860992525 -10.255062810875282 0
      vertex 109.05940446143092 -9.95528743101284 20
      vertex 108.3977860992525 -10.255062810875282 20
    endloop
  endfacet
  facet normal 0.47139673682599725 -0.8819212643483552 0
    outer loop
      vertex 109.05940446143092 -9.95528743101284 0
      vertex 109.7 -9.612881982007268 20
      vertex 109.05940446143092 -9.95528743101284 20
    endloop
  endfacet
  facet normal 0.5280678506503697 -0.8492021815265779 0
    outer loop
      vertex 109.7 -9.612881982007268 0
      vertex 110.31682958651758 -9.229312696558251 20
      vertex 109.7 -9.612881982007268 20
    endloop
  endfacet
  facet normal 0.5824776968678018 -0.8128466845916155 0
    outer loop
      vertex 110.31682958651758 -9.229312696558251 0
      vertex 110.9072518619968 -8.80622207723271 20
      vertex 110.31682958651758 -9.229312696558251 20
    endloop
  endfacet
  facet normal 0.6343932841636425 -0.7730104533627393 0
    outer loop
      vertex 110.9072518619968 -8.80622207723271 0
      vertex 111.46873854761077 -8.345421863016648 20
      vertex 110.9072518619968 -8.80622207723271 20
    endloop
  endfacet
  facet normal 0.6835923020228731 -0.7298640726978339 0
    outer loop
      vertex 111.46873854761077 -8.345421863016648 0
      vertex 111.99888527117068 -7.848885271170678 20
      vertex 111.46873854761077 -8.345421863016648 20
    endloop
  endfacet
  facet normal 0.72986407269783 -0.6835923020228772 0
    outer loop
      vertex 112.49542186301666 -7.318738547610764 0
      vertex 112.49542186301666 -7.318738547610764 20
      vertex 111.99888527117068 -7.848885271170678 20
    endloop
  endfacet
  facet normal 0.7730104533627342 -0.6343932841636488 0
    outer loop
      vertex 112.95622207723272 -6.757251861996799 0
      vertex 112.95622207723272 -6.757251861996799 20
      vertex 112.49542186301666 -7.318738547610764 20
    endloop
  endfacet
  facet normal 0.8128466845916202 -0.5824776968677953 0
    outer loop
      vertex 113.37931269655826 -6.166829586517584 0
      vertex 113.37931269655826 -6.166829586517584 20
      vertex 112.95622207723272 -6.757251861996799 20
    endloop
  endfacet
  facet normal 0.8492021815265808 -0.528067850650365 0
    outer loop
      vertex 113.76288198200727 -5.55 0
      vertex 113.76288198200727 -5.55 20
      vertex 113.37931269655826 -6.166829586517584 20
    endloop
  endfacet
  facet normal 0.8819212643483567 -0.4713967368259945 0
    outer loop
      vertex 114.10528743101284 -4.909404461430914 0
      vertex 114.10528743101284 -4.909404461430914 20
      vertex 113.76288198200727 -5.55 20
    endloop
  endfacet
  facet normal 0.9108638249211706 -0.4127070298044063 0
    outer loop
      vertex 114.4050628108753 -4.2477860992524965 0
      vertex 114.4050628108753 -4.2477860992524965 20
      vertex 114.10528743101284 -4.909404461430914 20
    endloop
  endfacet
  facet normal 0.9359059267573279 -0.3522500479212278 0
    outer loop
      vertex 114.66092443739568 -3.5679780648650934 0
      vertex 114.66092443739568 -3.5679780648650934 20
      vertex 114.4050628108753 -4.2477860992524965 20
    endloop
  endfacet
  facet normal 0.9569403357322098 -0.2902846772544589 0
    outer loop
      vertex 114.87177667180866 -2.87289140063798 0
      vertex 114.87177667180866 -2.87289140063798 20
      vertex 114.66092443739568 -3.5679780648650934 20
    endloop
  endfacet
  facet normal 0.9738769792773349 -0.22707626303436806 0
    outer loop
      vertex 115.03671661247586 -2.1655025743790235 0
      vertex 115.03671661247586 -2.1655025743790235 20
      vertex 114.87177667180866 -2.87289140063798 20
    endloop
  endfacet
  facet normal 0.9866433320848764 -0.16289547339460422 0
    outer loop
      vertex 115.1550379612493 -1.4488407336425724 0
      vertex 115.1550379612493 -1.4488407336425724 20
      vertex 115.03671661247586 -2.1655025743790235 20
    endloop
  endfacet
  facet normal 0.9951847266721969 -0.09801714032956009 0
    outer loop
      vertex 115.22623404794851 -0.7259747344545879 0
      vertex 115.22623404794851 -0.7259747344545879 20
      vertex 115.1550379612493 -1.4488407336425724 20
    endloop
  endfacet
  facet normal 0.9994645874763661 -0.03271908282176231 0
    outer loop
      vertex 115.22623404794851 -0.7259747344545879 20
      vertex 115.25 0 0
      vertex 115.25 0 20
    endloop
  endfacet
  facet normal 0 0 -1
    outer loop
      vertex 104.87597473445459 11.076234047948498 0
      vertex 104.77132972768636 9.479659770766734 0
      vertex 104.15 9.5 0
    endloop
  endfacet
  facet normal 0 0 -1
    outer loop
      vertex 104.15 11.1 0
      vertex 104.87597473445459 11.076234047948498 0
      vertex 104.15 9.5 0
    endloop
  endfacet
  facet normal 0 0 -1
    outer loop
      vertex 105.59884073364258 11.005037961249295 0
      vertex 105.38999882609049 9.418726183051199 0
      vertex 104.77132972768636 9.479659770766734 0
    endloop
  endfacet
  facet normal 0 0 -1
    outer loop
      vertex 104.87597473445459 11.076234047948498 0
      vertex 105.59884073364258 11.005037961249295 0
      vertex 104.77132972768636 9.479659770766734 0
    endloop
  endfacet
  facet normal 0 0 -1
    outer loop
      vertex 106.31550257437902 10.886716612475858 0
      vertex 106.00335805915323 9.317460163830688 0
      vertex 105.38999882609049 9.418726183051199 0
    endloop
  endfacet
  facet normal 0 0 -1
    outer loop
      vertex 105.59884073364258 11.005037961249295 0
      vertex 106.31550257437902 10.886716612475858 0
      vertex 105.38999882609049 9.418726183051199 0
    endloop
  endfacet
  facet normal 0 0 -1
    outer loop
      vertex 107.02289140063799 10.721776671808659 0
      vertex 106.60878092847395 9.176295349746148 0
      vertex 106.00335805915323 9.317460163830688 0
    endloop
  endfacet
  facet normal 0 0 -1
    outer loop
      vertex 107.02289140063799 10.721776671808659 0
      vertex 106.00335805915323 9.317460163830688 0
      vertex 106.31550257437902 10.886716612475858 0
    endloop
  endfacet
  facet normal 0 0 -1
    outer loop
      vertex 108.3977860992525 10.255062810875282 0
      vertex 107.78549260746836 8.776855558857225 0
      vertex 107.20367492038004 8.995836230203505 0
    endloop
  endfacet
  facet normal 0 0 -1
    outer loop
      vertex 108.3977860992525 10.255062810875282 0
      vertex 108.35174255708051 8.520291044560539 0
      vertex 107.78549260746836 8.776855558857225 0
    endloop
  endfacet
  facet normal 0 0 -1
    outer loop
      vertex 107.7179780648651 10.510924437395673 0
      vertex 107.20367492038004 8.995836230203505 0
      vertex 106.60878092847395 9.176295349746148 0
    endloop
  endfacet
  facet normal 0 0 -1
    outer loop
      vertex 107.02289140063799 10.721776671808659 0
      vertex 107.7179780648651 10.510924437395673 0
      vertex 106.60878092847395 9.176295349746148 0
    endloop
  endfacet
  facet normal 0 0 -1
    outer loop
      vertex 107.7179780648651 10.510924437395673 0
      vertex 108.3977860992525 10.255062810875282 0
      vertex 107.20367492038004 8.995836230203505 0
    endloop
  endfacet
  facet normal 0 0 -1
    outer loop
      vertex 109.05940446143092 9.95528743101284 0
      vertex 108.9 8.227241335952167 0
      vertex 108.35174255708051 8.520291044560539 0
    endloop
  endfacet
  facet normal 0 0 -1
    outer loop
      vertex 109.7 9.612881982007268 0
      vertex 109.42791721368623 7.89896131687418 0
      vertex 108.9 8.227241335952167 0
    endloop
  endfacet
  facet normal 0 0 -1
    outer loop
      vertex 109.05940446143092 9.95528743101284 0
      vertex 109.7 9.612881982007268 0
      vertex 108.9 8.227241335952167 0
    endloop
  endfacet
  facet normal 0 0 -1
    outer loop
      vertex 108.3977860992525 10.255062810875282 0
      vertex 109.05940446143092 9.95528743101284 0
      vertex 108.35174255708051 8.520291044560539 0
    endloop
  endfacet
  facet normal 0 0 -1
    outer loop
      vertex 113.76288198200727 -5.55 0
      vertex 113.65 0 0
      vertex 113.76288198200727 5.55 0
    endloop
  endfacet
  facet normal 0 0 -1
    outer loop
      vertex 114.4050628108753 -4.2477860992524965 0
      vertex 114.4050628108753 4.2477860992524965 0
      vertex 114.66092443739568 3.5679780648650934 0
    endloop
  endfacet
  facet normal 0 0 -1
    outer loop
      vertex 114.66092443739568 -3.5679780648650934 0
      vertex 114.66092443739568 3.5679780648650934 0
      vertex 114.87177667180866 2.87289140063798 0
    endloop
  endfacet
  facet normal 0 0 -1
    outer loop
      vertex 114.87177667180866 -2.87289140063798 0
      vertex 114.87177667180866 2.87289140063798 0
      vertex 115.03671661247586 2.1655025743790235 0
    endloop
  endfacet
  facet normal 0 0 -1
    outer loop
      vertex 113.76288198200727 -5.55 0
      vertex 113.76288198200727 5.55 0
      vertex 114.10528743101284 4.909404461430914 0
    endloop
  endfacet
  facet normal 0 0 -1
    outer loop
      vertex 114.10528743101284 -4.909404461430914 0
      vertex 114.10528743101284 4.909404461430914 0
      vertex 114.4050628108753 4.2477860992524965 0
    endloop
  endfacet
  facet normal 0 0 -1
    outer loop
      vertex 113.76288198200727 5.55 0
      vertex 113.65 0 0
      vertex 113.62965977076674 0.6213297276863591 0
    endloop
  endfacet
  facet normal 0 0 -1
    outer loop
      vertex 113.76288198200727 5.55 0
      vertex 113.62965977076674 0.6213297276863591 0
      vertex 113.56872618305121 1.23999882609049 0
    endloop
  endfacet
  facet normal 0 0 -1
    outer loop
      vertex 113.76288198200727 5.55 0
      vertex 113.4674601638307 1.8533580591532184 0
      vertex 113.32629534974615 2.458780928473947 0
    endloop
  endfacet
  facet normal 0 0 -1
    outer loop
      vertex 113.37931269655826 6.166829586517584 0
      vertex 113.32629534974615 2.458780928473947 0
      vertex 113.14583623020351 3.0536749203800353 0
    endloop
  endfacet
  facet normal 0 0 -1
    outer loop
      vertex 112.95622207723272 6.757251861996799 0
      vertex 112.92685555885723 3.635492607468353 0
      vertex 112.67029104456054 4.201742557080513 0
    endloop
  endfacet
  facet normal 0 0 -1
    outer loop
      vertex 112.95622207723272 6.757251861996799 0
      vertex 112.67029104456054 4.201742557080513 0
      vertex 112.37724133595218 4.75 0
    endloop
  endfacet
  facet normal 0 0 -1
    outer loop
      vertex 113.37931269655826 6.166829586517584 0
      vertex 113.14583623020351 3.0536749203800353 0
      vertex 112.92685555885723 3.635492607468353 0
    endloop
  endfacet
  facet normal 0 0 -1
    outer loop
      vertex 113.37931269655826 6.166829586517584 0
      vertex 113.76288198200727 5.55 0
      vertex 113.32629534974615 2.458780928473947 0
    endloop
  endfacet
  facet normal 0 0 -1
    outer loop
      vertex 113.76288198200727 5.55 0
      vertex 113.56872618305121 1.23999882609049 0
      vertex 113.4674601638307 1.8533580591532184 0
    endloop
  endfacet
  facet normal 0 0 -1
    outer loop
      vertex 110.9072518619968 8.80622207723271 0
      vertex 110.41378524345066 7.142478171050286 0
      vertex 109.93323357558285 7.536856732766734 0
    endloop
  endfacet
  facet normal 0 0 -1
    outer loop
      vertex 110.9072518619968 8.80622207723271 0
      vertex 110.8675144212722 6.7175144212722016 0
      vertex 110.41378524345066 7.142478171050286 0
    endloop
  endfacet
  facet normal 0 0 -1
    outer loop
      vertex 111.99888527117068 7.848885271170678 0
      vertex 111.68685673276674 5.783233575582846 0
      vertex 111.29247817105029 6.263785243450654 0
    endloop
  endfacet
  facet normal 0 0 -1
    outer loop
      vertex 112.49542186301666 7.318738547610764 0
      vertex 112.04896131687418 5.277917213686221 0
      vertex 111.68685673276674 5.783233575582846 0
    endloop
  endfacet
  facet normal 0 0 -1
    outer loop
      vertex 111.46873854761077 8.345421863016648 0
      vertex 111.29247817105029 6.263785243450654 0
      vertex 110.8675144212722 6.7175144212722016 0
    endloop
  endfacet
  facet normal 0 0 -1
    outer loop
      vertex 111.46873854761077 8.345421863016648 0
      vertex 110.8675144212722 6.7175144212722016 0
      vertex 110.9072518619968 8.80622207723271 0
    endloop
  endfacet
  facet normal 0 0 -1
    outer loop
      vertex 111.99888527117068 7.848885271170678 0
      vertex 112.49542186301666 7.318738547610764 0
      vertex 111.68685673276674 5.783233575582846 0
    endloop
  endfacet
  facet normal 0 0 -1
    outer loop
      vertex 111.99888527117068 7.848885271170678 0
      vertex 111.29247817105029 6.263785243450654 0
      vertex 111.46873854761077 8.345421863016648 0
    endloop
  endfacet
  facet normal 0 0 -1
    outer loop
      vertex 110.31682958651758 9.229312696558251 0
      vertex 109.93323357558285 7.536856732766734 0
      vertex 109.42791721368623 7.89896131687418 0
    endloop
  endfacet
  facet normal 0 0 -1
    outer loop
      vertex 110.31682958651758 9.229312696558251 0
      vertex 109.42791721368623 7.89896131687418 0
      vertex 109.7 9.612881982007268 0
    endloop
  endfacet
  facet normal 0 0 -1
    outer loop
      vertex 110.31682958651758 9.229312696558251 0
      vertex 110.9072518619968 8.80622207723271 0
      vertex 109.93323357558285 7.536856732766734 0
    endloop
  endfacet
  facet normal 0 0 -1
    outer loop
      vertex 112.49542186301666 7.318738547610764 0
      vertex 112.37724133595218 4.75 0
      vertex 112.04896131687418 5.277917213686221 0
    endloop
  endfacet
  facet normal 0 0 -1
    outer loop
      vertex 112.49542186301666 7.318738547610764 0
      vertex 112.95622207723272 6.757251861996799 0
      vertex 112.37724133595218 4.75 0
    endloop
  endfacet
  facet normal 0 0 -1
    outer loop
      vertex 113.37931269655826 6.166829586517584 0
      vertex 112.92685555885723 3.635492607468353 0
      vertex 112.95622207723272 6.757251861996799 0
    endloop
  endfacet
  facet normal 0.29028467725446644 0.9569403357322076 0
    outer loop
      vertex 107.02289140063799 10.721776671808659 0
      vertex 107.02289140063799 10.721776671808659 20
      vertex 107.7179780648651 10.510924437395673 0
    endloop
  endfacet
  facet normal 0.3522500479212328 0.935905926757326 0
    outer loop
      vertex 107.7179780648651 10.510924437395673 0
      vertex 107.7179780648651 10.510924437395673 20
      vertex 108.3977860992525 10.255062810875282 0
    endloop
  endfacet
  facet normal 0.41270702980439505 0.9108638249211756 0
    outer loop
      vertex 108.3977860992525 10.255062810875282 0
      vertex 108.3977860992525 10.255062810875282 20
      vertex 109.05940446143092 9.95528743101284 0
    endloop
  endfacet
  facet normal 0.47139673682599725 0.8819212643483552 0
    outer loop
      vertex 109.05940446143092 9.95528743101284 0
      vertex 109.05940446143092 9.95528743101284 20
      vertex 109.7 9.612881982007268 0
    endloop
  endfacet
  facet normal 0.9569403357322098 0.2902846772544589 0
    outer loop
      vertex 114.87177667180866 2.87289140063798 0
      vertex 114.66092443739568 3.5679780648650934 0
      vertex 114.87177667180866 2.87289140063798 20
    endloop
  endfacet
  facet normal 0.9359059267573279 0.3522500479212278 0
    outer loop
      vertex 114.66092443739568 3.5679780648650934 0
      vertex 114.4050628108753 4.2477860992524965 0
      vertex 114.66092443739568 3.5679780648650934 20
    endloop
  endfacet
  facet normal 0.8819212643483567 0.4713967368259945 0
    outer loop
      vertex 114.10528743101284 4.909404461430914 0
      vertex 113.76288198200727 5.55 0
      vertex 114.10528743101284 4.909404461430914 20
    endloop
  endfacet
  facet normal 0.9108638249211706 0.4127070298044063 0
    outer loop
      vertex 114.10528743101284 4.909404461430914 0
      vertex 114.4050628108753 4.2477860992524965 20
      vertex 114.4050628108753 4.2477860992524965 0
    endloop
  endfacet
  facet normal 0.5824776968678018 0.8128466845916155 0
    outer loop
      vertex 110.31682958651758 9.229312696558251 0
      vertex 110.31682958651758 9.229312696558251 20
      vertex 110.9072518619968 8.80622207723271 0
    endloop
  endfacet
  facet normal 0.5280678506503697 0.8492021815265779 0
    outer loop
      vertex 110.31682958651758 9.229312696558251 0
      vertex 109.7 9.612881982007268 0
      vertex 109.7 9.612881982007268 20
    endloop
  endfacet
  facet normal 0.6343932841636425 0.7730104533627393 0
    outer loop
      vertex 111.46873854761077 8.345421863016648 0
      vertex 110.9072518619968 8.80622207723271 0
      vertex 110.9072518619968 8.80622207723271 20
    endloop
  endfacet
  facet normal 0.6835923020228731 0.7298640726978339 0
    outer loop
      vertex 111.99888527117068 7.848885271170678 0
      vertex 111.46873854761077 8.345421863016648 0
      vertex 111.46873854761077 8.345421863016648 20
    endloop
  endfacet
  facet normal 0.8128466845916202 0.5824776968677953 0
    outer loop
      vertex 113.37931269655826 6.166829586517584 0
      vertex 112.95622207723272 6.757251861996799 0
      vertex 113.37931269655826 6.166829586517584 20
    endloop
  endfacet
  facet normal 0.7730104533627342 0.6343932841636488 0
    outer loop
      vertex 112.49542186301666 7.318738547610764 0
      vertex 112.95622207723272 6.757251861996799 20
      vertex 112.95622207723272 6.757251861996799 0
    endloop
  endfacet
  facet normal 0.72986407269783 0.6835923020228772 0
    outer loop
      vertex 111.99888527117068 7.848885271170678 0
      vertex 112.49542186301666 7.318738547610764 20
      vertex 112.49542186301666 7.318738547610764 0
    endloop
  endfacet
  facet normal 0.8492021815265808 0.528067850650365 0
    outer loop
      vertex 113.37931269655826 6.166829586517584 0
      vertex 113.76288198200727 5.55 20
      vertex 113.76288198200727 5.55 0
    endloop
  endfacet
  facet normal 0.032719082821777254 0.9994645874763656 0
    outer loop
      vertex 104.15 11.1 0
      vertex 104.15 11.1 20
      vertex 104.87597473445459 11.076234047948498 0
    endloop
  endfacet
  facet normal 0.0980171403295596 0.9951847266721969 0
    outer loop
      vertex 104.87597473445459 11.076234047948498 0
      vertex 104.87597473445459 11.076234047948498 20
      vertex 105.59884073364258 11.005037961249295 0
    endloop
  endfacet
  facet normal 0.1628954733945879 0.9866433320848791 0
    outer loop
      vertex 105.59884073364258 11.005037961249295 0
      vertex 105.59884073364258 11.005037961249295 20
      vertex 106.31550257437902 10.886716612475858 0
    endloop
  endfacet
  facet normal 0.22707626303437067 0.9738769792773342 0
    outer loop
      vertex 107.02289140063799 10.721776671808659 0
      vertex 106.31550257437902 10.886716612475858 0
      vertex 106.31550257437902 10.886716612475858 20
    endloop
  endfacet
  facet normal 0 0 -1
    outer loop
      vertex 115.22623404794851 -0.7259747344545879 0
      vertex 115.22623404794851 0.7259747344545879 0
      vertex 115.25 0 0
    endloop
  endfacet
  facet normal 0 0 -1
    outer loop
      vertex 115.1550379612493 -1.4488407336425724 0
      vertex 115.1550379612493 1.4488407336425724 0
      vertex 115.22623404794851 0.7259747344545879 0
    endloop
  endfacet
  facet normal 0 0 -1
    outer loop
      vertex 115.03671661247586 -2.1655025743790235 0
      vertex 115.03671661247586 2.1655025743790235 0
      vertex 115.1550379612493 1.4488407336425724 0
    endloop
  endfacet
  facet normal 0.9994645874763661 0.03271908282176231 0
    outer loop
      vertex 115.25 0 0
      vertex 115.22623404794851 0.7259747344545879 0
      vertex 115.25 0 20
    endloop
  endfacet
  facet normal 0.9951847266721969 0.09801714032956009 0
    outer loop
      vertex 115.22623404794851 0.7259747344545879 0
      vertex 115.1550379612493 1.4488407336425724 0
      vertex 115.22623404794851 0.7259747344545879 20
    endloop
  endfacet
  facet normal 0.9866433320848764 0.16289547339460422 0
    outer loop
      vertex 115.1550379612493 1.4488407336425724 0
      vertex 115.03671661247586 2.1655025743790235 0
      vertex 115.1550379612493 1.4488407336425724 20
    endloop
  endfacet
  facet normal 0.9738769792773349 0.22707626303436806 0
    outer loop
      vertex 114.87177667180866 2.87289140063798 0
      vertex 115.03671661247586 2.1655025743790235 20
      vertex 115.03671661247586 2.1655025743790235 0
    endloop
  endfacet
  facet normal 0.22707626303437067 0.9738769792773342 0
    outer loop
      vertex 107.02289140063799 10.721776671808659 0
      vertex 106.31550257437902 10.886716612475858 20
      vertex 107.02289140063799 10.721776671808659 20
    endloop
  endfacet
  facet normal 0.29028467725446644 0.9569403357322076 0
    outer loop
      vertex 107.7179780648651 10.510924437395673 0
      vertex 107.02289140063799 10.721776671808659 20
      vertex 107.7179780648651 10.510924437395673 20
    endloop
  endfacet
  facet normal 0.3522500479212328 0.935905926757326 0
    outer loop
      vertex 108.3977860992525 10.255062810875282 0
      vertex 107.7179780648651 10.510924437395673 20
      vertex 108.3977860992525 10.255062810875282 20
    endloop
  endfacet
  facet normal 0.41270702980439505 0.9108638249211756 0
    outer loop
      vertex 109.05940446143092 9.95528743101284 0
      vertex 108.3977860992525 10.255062810875282 20
      vertex 109.05940446143092 9.95528743101284 20
    endloop
  endfacet
  facet normal 0.47139673682599725 0.8819212643483552 0
    outer loop
      vertex 109.7 9.612881982007268 0
      vertex 109.05940446143092 9.95528743101284 20
      vertex 109.7 9.612881982007268 20
    endloop
  endfacet
  facet normal 0.9738769792773349 0.22707626303436806 0
    outer loop
      vertex 114.87177667180866 2.87289140063798 0
      vertex 114.87177667180866 2.87289140063798 20
      vertex 115.03671661247586 2.1655025743790235 20
    endloop
  endfacet
  facet normal 0.9569403357322098 0.2902846772544589 0
    outer loop
      vertex 114.66092443739568 3.5679780648650934 0
      vertex 114.66092443739568 3.5679780648650934 20
      vertex 114.87177667180866 2.87289140063798 20
    endloop
  endfacet
  facet normal 0.9359059267573279 0.3522500479212278 0
    outer loop
      vertex 114.4050628108753 4.2477860992524965 0
      vertex 114.4050628108753 4.2477860992524965 20
      vertex 114.66092443739568 3.5679780648650934 20
    endloop
  endfacet
  facet normal 0.9108638249211706 0.4127070298044063 0
    outer loop
      vertex 114.10528743101284 4.909404461430914 0
      vertex 114.10528743101284 4.909404461430914 20
      vertex 114.4050628108753 4.2477860992524965 20
    endloop
  endfacet
  facet normal 0.8819212643483567 0.4713967368259945 0
    outer loop
      vertex 113.76288198200727 5.55 0
      vertex 113.76288198200727 5.55 20
      vertex 114.10528743101284 4.909404461430914 20
    endloop
  endfacet
  facet normal 0.6835923020228731 0.7298640726978339 0
    outer loop
      vertex 111.99888527117068 7.848885271170678 0
      vertex 111.46873854761077 8.345421863016648 20
      vertex 111.99888527117068 7.848885271170678 20
    endloop
  endfacet
  facet normal 0.72986407269783 0.6835923020228772 0
    outer loop
      vertex 111.99888527117068 7.848885271170678 0
      vertex 111.99888527117068 7.848885271170678 20
      vertex 112.49542186301666 7.318738547610764 20
    endloop
  endfacet
  facet normal 0.5280678506503697 0.8492021815265779 0
    outer loop
      vertex 110.31682958651758 9.229312696558251 0
      vertex 109.7 9.612881982007268 20
      vertex 110.31682958651758 9.229312696558251 20
    endloop
  endfacet
  facet normal 0.5824776968678018 0.8128466845916155 0
    outer loop
      vertex 110.9072518619968 8.80622207723271 0
      vertex 110.31682958651758 9.229312696558251 20
      vertex 110.9072518619968 8.80622207723271 20
    endloop
  endfacet
  facet normal 0.6343932841636425 0.7730104533627393 0
    outer loop
      vertex 111.46873854761077 8.345421863016648 0
      vertex 110.9072518619968 8.80622207723271 20
      vertex 111.46873854761077 8.345421863016648 20
    endloop
  endfacet
  facet normal 0.8492021815265808 0.528067850650365 0
    outer loop
      vertex 113.37931269655826 6.166829586517584 0
      vertex 113.37931269655826 6.166829586517584 20
      vertex 113.76288198200727 5.55 20
    endloop
  endfacet
  facet normal 0.8128466845916202 0.5824776968677953 0
    outer loop
      vertex 112.95622207723272 6.757251861996799 0
      vertex 112.95622207723272 6.757251861996799 20
      vertex 113.37931269655826 6.166829586517584 20
    endloop
  endfacet
  facet normal 0.7730104533627342 0.6343932841636488 0
    outer loop
      vertex 112.49542186301666 7.318738547610764 0
      vertex 112.49542186301666 7.318738547610764 20
      vertex 112.95622207723272 6.757251861996799 20
    endloop
  endfacet
  facet normal 0.032719082821777254 0.9994645874763656 0
    outer loop
      vertex 104.87597473445459 11.076234047948498 0
      vertex 104.15 11.1 20
      vertex 104.87597473445459 11.076234047948498 20
    endloop
  endfacet
  facet normal 0.0980171403295596 0.9951847266721969 0
    outer loop
      vertex 105.59884073364258 11.005037961249295 0
      vertex 104.87597473445459 11.076234047948498 20
      vertex 105.59884073364258 11.005037961249295 20
    endloop
  endfacet
  facet normal 0.1628954733945879 0.9866433320848791 0
    outer loop
      vertex 106.31550257437902 10.886716612475858 0
      vertex 105.59884073364258 11.005037961249295 20
      vertex 106.31550257437902 10.886716612475858 20
    endloop
  endfacet
  facet normal 0.9994645874763661 0.03271908282176231 0
    outer loop
      vertex 115.22623404794851 0.7259747344545879 0
      vertex 115.22623404794851 0.7259747344545879 20
      vertex 115.25 0 20
    endloop
  endfacet
  facet normal 0.9951847266721969 0.09801714032956009 0
    outer loop
      vertex 115.1550379612493 1.4488407336425724 0
      vertex 115.1550379612493 1.4488407336425724 20
      vertex 115.22623404794851 0.7259747344545879 20
    endloop
  endfacet
  facet normal 0.9866433320848764 0.16289547339460422 0
    outer loop
      vertex 115.03671661247586 2.1655025743790235 0
      vertex 115.03671661247586 2.1655025743790235 20
      vertex 115.1550379612493 1.4488407336425724 20
    endloop
  endfacet
  facet normal -0.5824776968678004 -0.8128466845916166 0
    outer loop
      vertex 77.88194433827371 -34.2331966335668 20
      vertex 80.17714444520418 -35.877913770854825 20
      vertex 80.17714444520418 -35.877913770854825 29.66568904796018
    endloop
  endfacet
  facet normal -0.5280678506503701 -0.8492021815265777 9.902020014570853e-16
    outer loop
      vertex 80.17714444520418 -35.877913770854825 20
      vertex 82.575 -37.36899617329853 20
      vertex 81.91196049214057 -36.95669171220752 28.57685887838708
    endloop
  endfacet
  facet normal -0.7730104533627372 -0.6343932841636452 0
    outer loop
      vertex 71.70811230728214 -28.45077192156797 20
      vertex 69.91680336643321 -26.268055661726294 32
      vertex 69.91680336643321 -26.268055661726294 20
    endloop
  endfacet
  facet normal -0.8128466845916137 -0.5824776968678043 0
    outer loop
      vertex 68.27208622914517 -23.97285555479583 20
      vertex 69.91680336643321 -26.268055661726294 20
      vertex 68.27208622914517 -23.97285555479583 32
    endloop
  endfacet
  facet normal -0.8492021815265794 -0.5280678506503671 0
    outer loop
      vertex 68.27208622914517 -23.97285555479583 20
      vertex 66.78100382670148 -21.575 32
      vertex 66.78100382670148 -21.575 20
    endloop
  endfacet
  facet normal -0.7730104533627372 -0.6343932841636452 0
    outer loop
      vertex 71.70811230728214 -28.45077192156797 20
      vertex 71.70811230728214 -28.45077192156797 32
      vertex 69.91680336643321 -26.268055661726294 32
    endloop
  endfacet
  facet normal -0.8492021815265794 -0.5280678506503671 0
    outer loop
      vertex 68.27208622914517 -23.97285555479583 20
      vertex 68.27208622914517 -23.97285555479583 32
      vertex 66.78100382670148 -21.575 32
    endloop
  endfacet
  facet normal -0.8128466845916137 -0.5824776968678043 0
    outer loop
      vertex 69.91680336643321 -26.268055661726294 20
      vertex 69.91680336643321 -26.268055661726294 32
      vertex 68.27208622914517 -23.97285555479583 32
    endloop
  endfacet
  facet normal -0.6343932841636479 -0.773010453362735 0
    outer loop
      vertex 75.69922807843204 -32.44188769271787 20
      vertex 77.88194433827371 -34.2331966335668 20
      vertex 77.88194433827371 -34.2331966335668 32
    endloop
  endfacet
  facet normal -0.5280678506503633 -0.8492021815265818 -1.254905433889783e-15
    outer loop
      vertex 80.17714444520418 -35.877913770854825 20
      vertex 81.69537024432591 -36.82200724115529 28.63629669484373
      vertex 81.48254670616828 -36.68966506068576 28.712279482019575
    endloop
  endfacet
  facet normal -0.5280678506503625 -0.8492021815265821 -9.131334143168763e-16
    outer loop
      vertex 80.17714444520418 -35.877913770854825 20
      vertex 81.07182509893873 -36.43426195284697 28.91250903386925
      vertex 80.8756858028441 -36.31229470079567 29.035898384862247
    endloop
  endfacet
  facet normal -0.5280678506503771 -0.8492021815265731 1.1400220061236276e-15
    outer loop
      vertex 80.17714444520418 -35.877913770854825 20
      vertex 81.2744012207313 -36.56023188033325 28.804481869954852
      vertex 81.07182509893873 -36.43426195284697 28.91250903386925
    endloop
  endfacet
  facet normal -0.5280678506503634 -0.8492021815265818 -1.316368227242111e-15
    outer loop
      vertex 80.17714444520418 -35.877913770854825 20
      vertex 81.48254670616828 -36.68966506068576 28.712279482019575
      vertex 81.2744012207313 -36.56023188033325 28.804481869954852
    endloop
  endfacet
  facet normal -0.5280678506503539 -0.8492021815265877 -3.461987341085776e-15
    outer loop
      vertex 80.17714444520418 -35.877913770854825 20
      vertex 81.91196049214057 -36.95669171220752 28.57685887838708
      vertex 81.69537024432591 -36.82200724115529 28.63629669484373
    endloop
  endfacet
  facet normal -0.528067850650393 -0.8492021815265633 -1.487637948138448e-15
    outer loop
      vertex 82.575 -37.36899617329853 20
      vertex 82.13138997691954 -37.093141734260286 28.534220554504756
      vertex 81.91196049214057 -36.95669171220752 28.57685887838708
    endloop
  endfacet
  facet normal -0.52806785065036 -0.8492021815265839 9.07029849572991e-16
    outer loop
      vertex 82.575 -37.36899617329853 20
      vertex 82.3527190679216 -37.23077300737095 28.508564307045585
      vertex 82.13138997691954 -37.093141734260286 28.534220554504756
    endloop
  endfacet
  facet normal -0.5280678506503849 -0.8492021815265685 0
    outer loop
      vertex 82.575 -37.36899617329853 20
      vertex 82.575 -37.36899617329853 28.5
      vertex 82.3527190679216 -37.23077300737095 28.508564307045585
    endloop
  endfacet
  facet normal -0.5824776968673188 -0.8128466845919617 -1.7734159071608265e-13
    outer loop
      vertex 77.88194433827371 -34.2331966335668 20
      vertex 80.17714444520418 -35.877913770854825 29.66568904796018
      vertex 80.1720133546909 -35.874236883391 29.67157287525381
    endloop
  endfacet
  facet normal -0.5824776968678045 -0.8128466845916134 4.2955837188950076e-16
    outer loop
      vertex 77.88194433827371 -34.2331966335668 20
      vertex 79.89023559927817 -35.67231779937106 30.06495428396512
      vertex 79.76570521008304 -35.58308058445288 30.27771906792159
    endloop
  endfacet
  facet normal -0.5824776968678274 -0.8128466845915971 7.08667975244508e-15
    outer loop
      vertex 77.88194433827371 -34.2331966335668 20
      vertex 79.76570521008304 -35.58308058445288 30.27771906792159
      vertex 79.6528073337926 -35.50217911039942 30.5
    endloop
  endfacet
  facet normal -0.5824776968678118 -0.8128466845916082 3.51033278779219e-15
    outer loop
      vertex 77.88194433827371 -34.2331966335668 20
      vertex 80.1720133546909 -35.874236883391 29.67157287525381
      vertex 80.02586524313321 -35.769508627699736 29.862616739599723
    endloop
  endfacet
  facet normal -0.5824776968677828 -0.8128466845916291 -6.113206090024494e-15
    outer loop
      vertex 77.88194433827371 -34.2331966335668 20
      vertex 80.02586524313321 -35.769508627699736 29.862616739599723
      vertex 79.89023559927817 -35.67231779937106 30.06495428396512
    endloop
  endfacet
  facet normal -0.5824776968678025 -0.8128466845916149 0
    outer loop
      vertex 77.88194433827371 -34.2331966335668 20
      vertex 79.27787318243898 -35.23350509708625 31.719638711935488
      vertex 77.88194433827371 -34.2331966335668 32
    endloop
  endfacet
  facet normal -0.5824776968677776 -0.8128466845916328 -5.659459759833616e-15
    outer loop
      vertex 77.88194433827371 -34.2331966335668 20
      vertex 79.6528073337926 -35.50217911039942 30.5
      vertex 79.55202541644549 -35.4299598097428 30.730845239123994
    endloop
  endfacet
  facet normal -0.5824776968678131 -0.8128466845916074 2.549624816122891e-15
    outer loop
      vertex 77.88194433827371 -34.2331966335668 20
      vertex 79.55202541644549 -35.4299598097428 30.730845239123994
      vertex 79.46379102168416 -35.36673193661574 30.96926627053964
    endloop
  endfacet
  facet normal -0.5824776968678275 -0.812846684591597 5.6514148910631565e-15
    outer loop
      vertex 77.88194433827371 -34.2331966335668 20
      vertex 79.46379102168416 -35.36673193661574 30.96926627053964
      vertex 79.38848198273294 -35.31276624247789 31.214242138787355
    endloop
  endfacet
  facet normal -0.5824776968677494 -0.812846684591653 -1.0257598104228573e-14
    outer loop
      vertex 77.88194433827371 -34.2331966335668 20
      vertex 79.38848198273294 -35.31276624247789 31.214242138787355
      vertex 79.32642078445826 -35.268293816716515 31.464723819589917
    endloop
  endfacet
  facet normal -0.5824776968678039 -0.8128466845916139 1.9516387977477305e-16
    outer loop
      vertex 77.88194433827371 -34.2331966335668 20
      vertex 79.32642078445826 -35.268293816716515 31.464723819589917
      vertex 79.27787318243898 -35.23350509708625 31.719638711935488
    endloop
  endfacet
  facet normal -0.5280678506503591 -0.8492021815265844 -7.738229363426052e-16
    outer loop
      vertex 80.17714444520418 -35.877913770854825 20
      vertex 80.68682323102516 -36.194852406677384 29.17412155078982
      vertex 80.50604612200914 -36.08243797642561 29.32658663883506
    endloop
  endfacet
  facet normal -0.5280678506503811 -0.8492021815265708 2.9853212438393913e-16
    outer loop
      vertex 80.17714444520418 -35.877913770854825 20
      vertex 80.50604612200914 -36.08243797642561 29.32658663883506
      vertex 80.33412859113025 -35.975532785888845 29.49264077008409
    endloop
  endfacet
  facet normal -0.528067850650368 -0.8492021815265789 0
    outer loop
      vertex 80.17714444520418 -35.877913770854825 20
      vertex 80.33412859113025 -35.975532785888845 29.49264077008409
      vertex 80.17714444520418 -35.877913770854825 29.66568904796018
    endloop
  endfacet
  facet normal -0.5280678506503756 -0.8492021815265739 5.098080748668322e-16
    outer loop
      vertex 80.17714444520418 -35.877913770854825 20
      vertex 80.8756858028441 -36.31229470079567 29.035898384862247
      vertex 80.68682323102516 -36.194852406677384 29.17412155078982
    endloop
  endfacet
  facet normal -0.6343932841636479 -0.773010453362735 0
    outer loop
      vertex 75.69922807843204 -32.44188769271787 20
      vertex 77.88194433827371 -34.2331966335668 32
      vertex 75.69922807843204 -32.44188769271787 32
    endloop
  endfacet
  facet normal -0.5824776968677984 -0.812846684591618 3.138980806514445e-14
    outer loop
      vertex 77.88194433827371 -34.2331966335668 32
      vertex 79.27787318243898 -35.23350509708625 31.719638711935488
      vertex 79.2430470649601 -35.208549054225415 31.977895231119795
    endloop
  endfacet
  facet normal -0.5824776968677999 -0.8128466845916168 -1.2013505169978863e-13
    outer loop
      vertex 77.88194433827371 -34.2331966335668 32
      vertex 79.2430470649601 -35.208549054225415 31.977895231119795
      vertex 79.24126882960583 -35.20727478879102 32
    endloop
  endfacet
  facet normal -0.7298640726978374 -0.6835923020228694 0
    outer loop
      vertex 71.70811230728214 -28.45077192156797 20
      vertex 73.63834239180048 -30.511657608199528 20
      vertex 71.70811230728214 -28.45077192156797 32
    endloop
  endfacet
  facet normal -0.6835923020228681 -0.7298640726978385 0
    outer loop
      vertex 75.69922807843204 -32.44188769271787 20
      vertex 75.69922807843204 -32.44188769271787 32
      vertex 73.63834239180048 -30.511657608199528 20
    endloop
  endfacet
  facet normal -0.7298640726978374 -0.6835923020228694 0
    outer loop
      vertex 73.63834239180048 -30.511657608199528 20
      vertex 73.63834239180048 -30.511657608199528 32
      vertex 71.70811230728214 -28.45077192156797 32
    endloop
  endfacet
  facet normal -0.6835923020228681 -0.7298640726978385 0
    outer loop
      vertex 73.63834239180048 -30.511657608199528 20
      vertex 75.69922807843204 -32.44188769271787 32
      vertex 73.63834239180048 -30.511657608199528 32
    endloop
  endfacet
  facet normal 0 0 1
    outer loop
      vertex 75.69922807843204 -32.44188769271787 32
      vertex 77.88194433827371 -34.2331966335668 32
      vertex 76.68902624464194 -9.321744493791686 32
    endloop
  endfacet
  facet normal 0 0 1
    outer loop
      vertex 77.88194433827371 -34.2331966335668 32
      vertex 79.24126882960583 -35.20727478879102 32
      vertex 79.0352632902513 -14.5 32
    endloop
  endfacet
  facet normal 0 0 1
    outer loop
      vertex 79.24126882960583 -35.20727478879102 32
      vertex 80.03738124322619 -16.111536757568462 32
      vertex 79.0352632902513 -14.5 32
    endloop
  endfacet
  facet normal 0 0 1
    outer loop
      vertex 79.24126882960583 -35.20727478879102 32
      vertex 83.64390334559013 -20.50609665440988 32
      vertex 82.34664558310966 -19.121028637901997 32
    endloop
  endfacet
  facet normal 0 0 1
    outer loop
      vertex 79.24126882960583 -35.20727478879102 32
      vertex 81.14275313155419 -17.6540814412529 32
      vertex 80.03738124322619 -16.111536757568462 32
    endloop
  endfacet
  facet normal 0 0 1
    outer loop
      vertex 79.24126882960583 -35.20727478879102 32
      vertex 82.34664558310966 -19.121028637901997 32
      vertex 81.14275313155419 -17.6540814412529 32
    endloop
  endfacet
  facet normal 0 0 -1
    outer loop
      vertex 63.35204395446771 -5.371152809855122 20
      vertex 63.08810530873147 -2.691338767820387 20
      vertex 63.00000000000001 0 20
    endloop
  endfacet
  facet normal 0 0 -1
    outer loop
      vertex 63.79068571140707 -8.027966750963676 20
      vertex 63.35204395446771 -5.371152809855122 20
      vertex 63.35204395446771 5.371152809855122 20
    endloop
  endfacet
  facet normal 0 0 -1
    outer loop
      vertex 63.35204395446771 -5.371152809855122 20
      vertex 63.00000000000001 0 20
      vertex 63.08810530873147 2.691338767820387 20
    endloop
  endfacet
  facet normal 0 0 -1
    outer loop
      vertex 65.18382517127641 -13.227233997225099 20
      vertex 64.40215224820484 -10.650403705968728 20
      vertex 64.40215224820484 10.650403705968728 20
    endloop
  endfacet
  facet normal 0 0 -1
    outer loop
      vertex 64.40215224820484 -10.650403705968728 20
      vertex 63.79068571140707 -8.027966750963676 20
      vertex 63.79068571140707 8.027966750963676 20
    endloop
  endfacet
  facet normal 0 0 -1
    outer loop
      vertex 66.13235723716056 -15.747423241823444 20
      vertex 65.18382517127641 -13.227233997225099 20
      vertex 65.18382517127641 13.227233997225099 20
    endloop
  endfacet
  facet normal 0 0 -1
    outer loop
      vertex 68.51305463427036 -20.575 20
      vertex 67.24368668592989 -18.200179602511902 20
      vertex 67.24368668592989 18.200179602511902 20
    endloop
  endfacet
  facet normal 0 0 -1
    outer loop
      vertex 66.13235723716056 -15.747423241823444 20
      vertex 66.13235723716056 15.747423241823444 20
      vertex 67.24368668592989 -18.200179602511902 20
    endloop
  endfacet
  facet normal 0 0 -1
    outer loop
      vertex 69.93502545375027 -22.86171508875663 20
      vertex 68.51305463427036 -20.575 20
      vertex 68.51305463427036 20.575 20
    endloop
  endfacet
  facet normal 0 0 -1
    outer loop
      vertex 71.50351004701568 -25.050532803708855 20
      vertex 69.93502545375027 -22.86171508875663 20
      vertex 69.93502545375027 22.86171508875663 20
    endloop
  endfacet
  facet normal 0 0 -1
    outer loop
      vertex 79.09946719629116 -32.646489952984325 20
      vertex 77.01791970863218 -30.938208077759917 20
      vertex 77.01791970863218 30.938208077759917 20
    endloop
  endfacet
  facet normal 0 0 -1
    outer loop
      vertex 79.09946719629116 -32.646489952984325 20
      vertex 79.09946719629116 32.646489952984325 20
      vertex 81.28828491124338 -34.214974546249735 20
    endloop
  endfacet
  facet normal 0 0 -1
    outer loop
      vertex 81.28828491124338 -34.214974546249735 20
      vertex 81.28828491124338 34.214974546249735 20
      vertex 83.575 -35.636945365729645 20
    endloop
  endfacet
  facet normal 0 0 -1
    outer loop
      vertex 71.50351004701568 -25.050532803708855 20
      vertex 71.50351004701568 25.050532803708855 20
      vertex 73.21179192224008 -27.13208029136783 20
    endloop
  endfacet
  facet normal 0 0 -1
    outer loop
      vertex 73.21179192224008 -27.13208029136783 20
      vertex 73.21179192224008 27.13208029136783 20
      vertex 75.05255595417357 -29.097444045826432 20
    endloop
  endfacet
  facet normal 0 0 -1
    outer loop
      vertex 77.01791970863218 -30.938208077759917 20
      vertex 75.05255595417357 -29.097444045826432 20
      vertex 75.05255595417357 29.097444045826432 20
    endloop
  endfacet
  facet normal -0.8819212643483552 -0.47139673682599714 0
    outer loop
      vertex 65.44994120286451 -19.084756982949905 20
      vertex 66.78100382670148 -21.575 20
      vertex 65.44994120286451 -19.084756982949905 32
    endloop
  endfacet
  facet normal -0.9108638249211746 -0.4127070298043975 0
    outer loop
      vertex 65.44994120286451 -19.084756982949905 20
      vertex 64.28459817213798 -16.512790106553624 32
      vertex 64.28459817213798 -16.512790106553624 20
    endloop
  endfacet
  facet normal -0.9359059267573262 -0.35225004792123193 0
    outer loop
      vertex 64.28459817213798 -16.512790106553624 20
      vertex 63.289964912286194 -13.870112927831421 32
      vertex 63.289964912286194 -13.870112927831421 20
    endloop
  endfacet
  facet normal -0.9569403357322093 -0.2902846772544613 0
    outer loop
      vertex 63.289964912286194 -13.870112927831421 20
      vertex 62.47030059562671 -11.16804179617377 32
      vertex 62.47030059562671 -11.16804179617377 20
    endloop
  endfacet
  facet normal -0.8819212643483552 -0.47139673682599714 0
    outer loop
      vertex 66.78100382670148 -21.575 20
      vertex 66.78100382670148 -21.575 32
      vertex 65.44994120286451 -19.084756982949905 32
    endloop
  endfacet
  facet normal -0.9108638249211746 -0.4127070298043975 0
    outer loop
      vertex 65.44994120286451 -19.084756982949905 20
      vertex 65.44994120286451 -19.084756982949905 32
      vertex 64.28459817213798 -16.512790106553624 32
    endloop
  endfacet
  facet normal -0.9569403357322093 -0.2902846772544613 0
    outer loop
      vertex 63.289964912286194 -13.870112927831421 20
      vertex 63.289964912286194 -13.870112927831421 32
      vertex 62.47030059562671 -11.16804179617377 32
    endloop
  endfacet
  facet normal -0.9359059267573262 -0.35225004792123193 0
    outer loop
      vertex 64.28459817213798 -16.512790106553624 20
      vertex 64.28459817213798 -16.512790106553624 32
      vertex 63.289964912286194 -13.870112927831421 32
    endloop
  endfacet
  facet normal -0.9738769792773337 -0.22707626303437287 0
    outer loop
      vertex 62.47030059562671 -11.16804179617377 20
      vertex 61.829115150600614 -8.418147394995934 32
      vertex 61.829115150600614 -8.418147394995934 20
    endloop
  endfacet
  facet normal -0.986643332084879 -0.16289547339458899 0
    outer loop
      vertex 61.829115150600614 -8.418147394995934 20
      vertex 61.36915423172009 -5.632205194295225 32
      vertex 61.36915423172009 -5.632205194295225 20
    endloop
  endfacet
  facet normal -0.9951847266721968 -0.09801714032956091 0
    outer loop
      vertex 61.36915423172009 -5.632205194295225 20
      vertex 61.092387462254266 -2.822145026280673 32
      vertex 61.092387462254266 -2.822145026280673 20
    endloop
  endfacet
  facet normal -0.9994645874763656 -0.03271908282177605 0
    outer loop
      vertex 61.092387462254266 -2.822145026280673 20
      vertex 61.00000000000001 0 32
      vertex 61.00000000000001 0 20
    endloop
  endfacet
  facet normal -0.9738769792773337 -0.22707626303437287 0
    outer loop
      vertex 62.47030059562671 -11.16804179617377 20
      vertex 62.47030059562671 -11.16804179617377 32
      vertex 61.829115150600614 -8.418147394995934 32
    endloop
  endfacet
  facet normal -0.986643332084879 -0.16289547339458899 0
    outer loop
      vertex 61.829115150600614 -8.418147394995934 20
      vertex 61.829115150600614 -8.418147394995934 32
      vertex 61.36915423172009 -5.632205194295225 32
    endloop
  endfacet
  facet normal 0 0 1
    outer loop
      vertex 64.28459817213798 -16.512790106553624 32
      vertex 63.289964912286194 13.870112927831421 32
      vertex 63.289964912286194 -13.870112927831421 32
    endloop
  endfacet
  facet normal 0 0 1
    outer loop
      vertex 65.44994120286451 -19.084756982949905 32
      vertex 64.28459817213798 16.512790106553624 32
      vertex 64.28459817213798 -16.512790106553624 32
    endloop
  endfacet
  facet normal 0 0 1
    outer loop
      vertex 65.44994120286451 -19.084756982949905 32
      vertex 66.78100382670148 -21.575 32
      vertex 65.44994120286451 19.084756982949905 32
    endloop
  endfacet
  facet normal -0.9951847266721968 -0.09801714032956091 0
    outer loop
      vertex 61.36915423172009 -5.632205194295225 20
      vertex 61.36915423172009 -5.632205194295225 32
      vertex 61.092387462254266 -2.822145026280673 32
    endloop
  endfacet
  facet normal -0.9994645874763656 -0.03271908282177605 0
    outer loop
      vertex 61.092387462254266 -2.822145026280673 20
      vertex 61.092387462254266 -2.822145026280673 32
      vertex 61.00000000000001 0 32
    endloop
  endfacet
  facet normal 0 0 1
    outer loop
      vertex 61.829115150600614 -8.418147394995934 32
      vertex 61.36915423172009 5.632205194295225 32
      vertex 61.36915423172009 -5.632205194295225 32
    endloop
  endfacet
  facet normal 0 0 1
    outer loop
      vertex 62.47030059562671 -11.16804179617377 32
      vertex 61.829115150600614 8.418147394995934 32
      vertex 61.829115150600614 -8.418147394995934 32
    endloop
  endfacet
  facet normal 0 0 1
    outer loop
      vertex 63.289964912286194 -13.870112927831421 32
      vertex 62.47030059562671 11.16804179617377 32
      vertex 62.47030059562671 -11.16804179617377 32
    endloop
  endfacet
  facet normal 0 0 1
    outer loop
      vertex 61.36915423172009 -5.632205194295225 32
      vertex 61.092387462254266 2.822145026280673 32
      vertex 61.092387462254266 -2.822145026280673 32
    endloop
  endfacet
  facet normal 0 0 1
    outer loop
      vertex 68.27208622914517 -23.97285555479583 32
      vertex 69.91680336643321 -26.268055661726294 32
      vertex 68.27208622914517 23.97285555479583 32
    endloop
  endfacet
  facet normal 0 0 1
    outer loop
      vertex 68.27208622914517 -23.97285555479583 32
      vertex 66.78100382670148 21.575 32
      vertex 66.78100382670148 -21.575 32
    endloop
  endfacet
  facet normal 0 0 1
    outer loop
      vertex 71.70811230728214 -28.45077192156797 32
      vertex 69.91680336643321 26.268055661726294 32
      vertex 69.91680336643321 -26.268055661726294 32
    endloop
  endfacet
  facet normal 0 0 1
    outer loop
      vertex 75.69922807843204 -32.44188769271787 32
      vertex 76.68902624464194 -9.321744493791686 32
      vertex 76.13815103761702 -7.5057523079731014 32
    endloop
  endfacet
  facet normal 0 0 1
    outer loop
      vertex 75.69922807843204 -32.44188769271787 32
      vertex 73.63834239180048 30.511657608199528 32
      vertex 73.63834239180048 -30.511657608199528 32
    endloop
  endfacet
  facet normal 0 0 1
    outer loop
      vertex 75.69922807843204 -32.44188769271787 32
      vertex 75.70722686830632 -5.657619338467719 32
      vertex 75.3980990201595 -3.7852595743814956 32
    endloop
  endfacet
  facet normal 0 0 1
    outer loop
      vertex 75.69922807843204 -32.44188769271787 32
      vertex 76.13815103761702 -7.5057523079731014 32
      vertex 75.70722686830632 -5.657619338467719 32
    endloop
  endfacet
  facet normal 0 0 1
    outer loop
      vertex 75.69922807843204 -32.44188769271787 32
      vertex 75.3980990201595 -3.7852595743814956 32
      vertex 75.2120912260805 -1.8966907476741488 32
    endloop
  endfacet
  facet normal 0 0 1
    outer loop
      vertex 75.69922807843204 -32.44188769271787 32
      vertex 75.2120912260805 -1.8966907476741488 32
      vertex 75.15 0 32
    endloop
  endfacet
  facet normal 0 0 1
    outer loop
      vertex 77.88194433827371 -34.2331966335668 32
      vertex 79.0352632902513 -14.5 32
      vertex 78.14069049555205 -12.826372016351037 32
    endloop
  endfacet
  facet normal 0 0 1
    outer loop
      vertex 77.88194433827371 -34.2331966335668 32
      vertex 78.14069049555205 -12.826372016351037 32
      vertex 77.35749355717269 -11.097819538587604 32
    endloop
  endfacet
  facet normal 0 0 1
    outer loop
      vertex 77.88194433827371 -34.2331966335668 32
      vertex 77.35749355717269 -11.097819538587604 32
      vertex 76.68902624464194 -9.321744493791686 32
    endloop
  endfacet
  facet normal 0 0 1
    outer loop
      vertex 71.70811230728214 -28.45077192156797 32
      vertex 73.63834239180048 -30.511657608199528 32
      vertex 71.70811230728214 28.45077192156797 32
    endloop
  endfacet
  facet normal 0 0 1
    outer loop
      vertex 75.69922807843204 -32.44188769271787 32
      vertex 75.15 0 32
      vertex 73.63834239180048 30.511657608199528 32
    endloop
  endfacet
  facet normal -0.4713967368259956 -0.881921264348356 -3.4375899104263605e-16
    outer loop
      vertex 85.06524301705011 -38.7000587971355 20
      vertex 84.33978741798185 -38.31229470079567 29.035898384862247
      vertex 82.575 -37.36899617329853 20
    endloop
  endfacet
  facet normal 0 0 -1
    outer loop
      vertex 90.9227660027749 -38.966174828723595 20
      vertex 93.89493718912472 -4.2477860992524965 20
      vertex 93.49959629403128 -39.74784775179516 20
    endloop
  endfacet
  facet normal 0 0 -1
    outer loop
      vertex 93.49959629403128 -39.74784775179516 20
      vertex 95.34377792276729 -6.757251861996799 20
      vertex 96.12203324903633 -40.359314288592934 20
    endloop
  endfacet
  facet normal 0 0 -1
    outer loop
      vertex 96.12203324903633 -40.359314288592934 20
      vertex 97.98317041348243 -9.229312696558251 20
      vertex 98.77884719014489 -40.797956045532295 20
    endloop
  endfacet
  facet normal 0 0 -1
    outer loop
      vertex 98.77884719014489 -40.797956045532295 20
      vertex 101.27710859936202 -10.721776671808659 20
      vertex 101.45866123217962 -41.061894691268535 20
    endloop
  endfacet
  facet normal 0 0 -1
    outer loop
      vertex 101.45866123217962 -41.061894691268535 20
      vertex 104.15 -11.1 20
      vertex 104.15 -41.15 20
    endloop
  endfacet
  facet normal -0.4713967368259997 -0.881921264348354 8.807675881700043e-16
    outer loop
      vertex 82.575 -37.36899617329853 20
      vertex 83.92570981301604 -38.09096560979361 28.804481869954852
      vertex 83.70954464801967 -37.97542292189841 28.712279482019575
    endloop
  endfacet
  facet normal -0.4713967368260108 -0.8819212643483479 2.9837782806057707e-15
    outer loop
      vertex 82.575 -37.36899617329853 20
      vertex 84.13609103122833 -38.20341671372297 28.91250903386925
      vertex 83.92570981301604 -38.09096560979361 28.804481869954852
    endloop
  endfacet
  facet normal -0.4713967368259946 -0.8819212643483566 -6.03349079900905e-16
    outer loop
      vertex 82.575 -37.36899617329853 20
      vertex 84.33978741798185 -38.31229470079567 29.035898384862247
      vertex 84.13609103122833 -38.20341671372297 28.91250903386925
    endloop
  endfacet
  facet normal -0.41270702980439633 -0.9108638249211751 0
    outer loop
      vertex 85.06524301705011 -38.7000587971355 20
      vertex 87.63720989344638 -39.86540182786202 20
      vertex 87.63720989344638 -39.86540182786202 32
    endloop
  endfacet
  facet normal -0.47139673682599653 -0.8819212643483556 -4.3137606334885894e-16
    outer loop
      vertex 85.06524301705011 -38.7000587971355 20
      vertex 84.53592671407648 -38.4171333387558 29.17412155078982
      vertex 84.33978741798185 -38.31229470079567 29.035898384862247
    endloop
  endfacet
  facet normal -0.47139673682597094 -0.8819212643483694 1.4458270652716521e-15
    outer loop
      vertex 85.06524301705011 -38.7000587971355 20
      vertex 84.7236690209345 -38.51748369246049 29.32658663883506
      vertex 84.53592671407648 -38.4171333387558 29.17412155078982
    endloop
  endfacet
  facet normal -0.4713967368260238 -0.8819212643483412 -1.0324235968278164e-15
    outer loop
      vertex 85.06524301705011 -38.7000587971355 20
      vertex 84.90221039717518 -38.61291604628912 29.49264077008409
      vertex 84.7236690209345 -38.51748369246049 29.32658663883506
    endloop
  endfacet
  facet normal -0.471396736825977 -0.881921264348366 0
    outer loop
      vertex 85.06524301705011 -38.7000587971355 20
      vertex 85.06524301705011 -38.7000587971355 29.665689047960182
      vertex 84.90221039717518 -38.61291604628912 29.49264077008409
    endloop
  endfacet
  facet normal -0.4127070298050267 -0.9108638249208895 0
    outer loop
      vertex 85.06524301705011 -38.7000587971355 20
      vertex 85.07099284025726 -38.70266400813719 29.67157287525381
      vertex 85.06524301705011 -38.7000587971355 29.665689047960182
    endloop
  endfacet
  facet normal -0.41270702980438806 -0.9108638249211788 -3.2364336443225676e-16
    outer loop
      vertex 85.06524301705011 -38.7000587971355 20
      vertex 85.38674877423378 -38.845731160536 30.06495428396512
      vertex 85.23476422595877 -38.77686785761564 29.862616739599723
    endloop
  endfacet
  facet normal -0.41270702980438145 -0.9108638249211819 -4.623569590998365e-16
    outer loop
      vertex 85.06524301705011 -38.7000587971355 20
      vertex 85.23476422595877 -38.77686785761564 29.862616739599723
      vertex 85.07099284025726 -38.70266400813719 29.67157287525381
    endloop
  endfacet
  facet normal -0.41270702980442325 -0.9108638249211629 1.0217611831921675e-15
    outer loop
      vertex 85.06524301705011 -38.7000587971355 20
      vertex 85.52629566391346 -38.90895903366306 30.27771906792159
      vertex 85.38674877423378 -38.845731160536 30.06495428396512
    endloop
  endfacet
  facet normal -0.41270702980437557 -0.9108638249211846 -1.551380245243565e-15
    outer loop
      vertex 85.06524301705011 -38.7000587971355 20
      vertex 85.6528073337926 -38.966280725537175 30.5
      vertex 85.52629566391346 -38.90895903366306 30.27771906792159
    endloop
  endfacet
  facet normal -0.4127070298043953 -0.9108638249211757 -2.8017156805255416e-16
    outer loop
      vertex 85.06524301705011 -38.7000587971355 20
      vertex 87.63720989344638 -39.86540182786202 32
      vertex 86.01855121436073 -39.131997121872786 31.464723819589917
    endloop
  endfacet
  facet normal -0.41270702980441454 -0.9108638249211669 1.0833113373228788e-15
    outer loop
      vertex 85.06524301705011 -38.7000587971355 20
      vertex 85.76574204147832 -39.017450775873556 30.730845239123994
      vertex 85.6528073337926 -38.966280725537175 30.5
    endloop
  endfacet
  facet normal -0.4127070298043638 -0.9108638249211899 -2.8845062796562115e-15
    outer loop
      vertex 85.06524301705011 -38.7000587971355 20
      vertex 85.86461618321428 -39.06225006666089 30.96926627053964
      vertex 85.76574204147832 -39.017450775873556 30.730845239123994
    endloop
  endfacet
  facet normal -0.41270702980446 -0.9108638249211463 5.542139162539617e-15
    outer loop
      vertex 85.06524301705011 -38.7000587971355 20
      vertex 85.94900636474613 -39.10048676045832 31.214242138787355
      vertex 85.86461618321428 -39.06225006666089 30.96926627053964
    endloop
  endfacet
  facet normal -0.41270702980433027 -0.910863824921205 -6.699182601958505e-15
    outer loop
      vertex 85.06524301705011 -38.7000587971355 20
      vertex 86.01855121436073 -39.131997121872786 31.464723819589917
      vertex 85.94900636474613 -39.10048676045832 31.214242138787355
    endloop
  endfacet
  facet normal -0.4713967368259679 -0.8819212643483708 -1.3652525417448077e-15
    outer loop
      vertex 82.575 -37.36899617329853 20
      vertex 83.03570196349406 -37.61524650314049 28.534220554504756
      vertex 82.805845239124 -37.49238552429153 28.508564307045585
    endloop
  endfacet
  facet normal -0.4713967368260072 -0.88192126434835 0
    outer loop
      vertex 82.575 -37.36899617329853 20
      vertex 82.805845239124 -37.49238552429153 28.508564307045585
      vertex 82.575 -37.36899617329853 28.5
    endloop
  endfacet
  facet normal -0.47139673682600786 -0.8819212643483495 1.3986339683352438e-15
    outer loop
      vertex 82.575 -37.36899617329853 20
      vertex 83.26358589132819 -37.73705300027204 28.57685887838708
      vertex 83.03570196349406 -37.61524650314049 28.534220554504756
    endloop
  endfacet
  facet normal -0.4713967368259806 -0.881921264348364 -1.425933870162577e-15
    outer loop
      vertex 82.575 -37.36899617329853 20
      vertex 83.48852118866202 -37.85728342156537 28.63629669484373
      vertex 83.26358589132819 -37.73705300027204 28.57685887838708
    endloop
  endfacet
  facet normal -0.47139673682601047 -0.8819212643483482 2.6082969959796587e-15
    outer loop
      vertex 82.575 -37.36899617329853 20
      vertex 83.70954464801967 -37.97542292189841 28.712279482019575
      vertex 83.48852118866202 -37.85728342156537 28.63629669484373
    endloop
  endfacet
  facet normal -0.35225004792123504 -0.9359059267573252 0
    outer loop
      vertex 87.63720989344638 -39.86540182786202 20
      vertex 90.27988707216858 -40.86003508771381 20
      vertex 90.27988707216858 -40.86003508771381 32
    endloop
  endfacet
  facet normal -0.29028467725446033 -0.9569403357322094 0
    outer loop
      vertex 90.27988707216858 -40.86003508771381 20
      vertex 92.98195820382624 -41.679699404373295 20
      vertex 92.98195820382624 -41.679699404373295 32
    endloop
  endfacet
  facet normal -0.4127070298043963 -0.910863824921175 3.6916970703467455e-15
    outer loop
      vertex 87.63720989344638 -39.86540182786202 32
      vertex 86.07295293033532 -39.15664621869917 31.719638711935488
      vertex 86.01855121436073 -39.131997121872786 31.464723819589917
    endloop
  endfacet
  facet normal -0.4127070298043946 -0.9108638249211759 -7.20421824445934e-15
    outer loop
      vertex 87.63720989344638 -39.86540182786202 32
      vertex 86.11197855617017 -39.17432849972066 31.977895231119795
      vertex 86.07295293033532 -39.15664621869917 31.719638711935488
    endloop
  endfacet
  facet normal -0.4127070298043974 -0.9108638249211747 2.1624309305961914e-13
    outer loop
      vertex 87.63720989344638 -39.86540182786202 32
      vertex 86.11397122008466 -39.17523136399416 32
      vertex 86.11197855617017 -39.17432849972066 31.977895231119795
    endloop
  endfacet
  facet normal -0.35225004792123504 -0.9359059267573252 0
    outer loop
      vertex 87.63720989344638 -39.86540182786202 20
      vertex 90.27988707216858 -40.86003508771381 32
      vertex 87.63720989344638 -39.86540182786202 32
    endloop
  endfacet
  facet normal -0.29028467725446033 -0.9569403357322094 0
    outer loop
      vertex 90.27988707216858 -40.86003508771381 20
      vertex 92.98195820382624 -41.679699404373295 32
      vertex 90.27988707216858 -40.86003508771381 32
    endloop
  endfacet
  facet normal 0 0 1
    outer loop
      vertex 90.27988707216858 -40.86003508771381 32
      vertex 92.98195820382624 -41.679699404373295 32
      vertex 86.11397122008466 -39.17523136399416 32
    endloop
  endfacet
  facet normal 0 0 1
    outer loop
      vertex 87.63720989344638 -39.86540182786202 32
      vertex 90.27988707216858 -40.86003508771381 32
      vertex 86.11397122008466 -39.17523136399416 32
    endloop
  endfacet
  facet normal 0 0 1
    outer loop
      vertex 92.98195820382624 -41.679699404373295 32
      vertex 94.82825550620832 -27.460973755358065 32
      vertex 86.11397122008466 -39.17523136399416 32
    endloop
  endfacet
  facet normal 0 0 1
    outer loop
      vertex 79.24126882960583 -35.20727478879102 32
      vertex 85.028971362098 -21.803354416890343 32
      vertex 83.64390334559013 -20.50609665440988 32
    endloop
  endfacet
  facet normal 0 0 1
    outer loop
      vertex 79.24126882960583 -35.20727478879102 32
      vertex 86.35278001329652 -22.889776100044458 32
      vertex 85.028971362098 -21.803354416890343 32
    endloop
  endfacet
  facet normal 0 0 1
    outer loop
      vertex 86.11397122008466 -39.17523136399416 32
      vertex 94.82825550620832 -27.460973755358065 32
      vertex 93.22548240377535 -26.857732675247593 32
    endloop
  endfacet
  facet normal -0.2270762630343736 -0.9738769792773336 0
    outer loop
      vertex 92.98195820382624 -41.679699404373295 20
      vertex 95.73185260500406 -42.32088484939939 20
      vertex 95.73185260500406 -42.32088484939939 32
    endloop
  endfacet
  facet normal -0.16289547339458849 -0.986643332084879 0
    outer loop
      vertex 95.73185260500406 -42.32088484939939 20
      vertex 98.51779480570478 -42.78084576827992 20
      vertex 98.51779480570478 -42.78084576827992 32
    endloop
  endfacet
  facet normal -0.09801714032956119 -0.9951847266721968 0
    outer loop
      vertex 98.51779480570478 -42.78084576827992 20
      vertex 101.32785497371933 -43.05761253774574 20
      vertex 101.32785497371933 -43.05761253774574 32
    endloop
  endfacet
  facet normal -0.03271908282177598 -0.9994645874763658 0
    outer loop
      vertex 101.32785497371933 -43.05761253774574 20
      vertex 104.15 -43.15 20
      vertex 104.15 -43.15 32
    endloop
  endfacet
  facet normal -0.2270762630343736 -0.9738769792773336 0
    outer loop
      vertex 92.98195820382624 -41.679699404373295 20
      vertex 95.73185260500406 -42.32088484939939 32
      vertex 92.98195820382624 -41.679699404373295 32
    endloop
  endfacet
  facet normal -0.16289547339458849 -0.986643332084879 0
    outer loop
      vertex 95.73185260500406 -42.32088484939939 20
      vertex 98.51779480570478 -42.78084576827992 32
      vertex 95.73185260500406 -42.32088484939939 32
    endloop
  endfacet
  facet normal 0 0 1
    outer loop
      vertex 92.98195820382624 -41.679699404373295 32
      vertex 95.73185260500406 -42.32088484939939 32
      vertex 94.82825550620832 -27.460973755358065 32
    endloop
  endfacet
  facet normal 0 0 1
    outer loop
      vertex 95.73185260500406 -42.32088484939939 32
      vertex 96.64424769202691 -28.01184896238298 32
      vertex 94.82825550620832 -27.460973755358065 32
    endloop
  endfacet
  facet normal 0 0 1
    outer loop
      vertex 95.73185260500406 -42.32088484939939 32
      vertex 98.51779480570478 -42.78084576827992 32
      vertex 96.64424769202691 -28.01184896238298 32
    endloop
  endfacet
  facet normal 0 0 1
    outer loop
      vertex 98.51779480570478 -42.78084576827992 32
      vertex 98.49238066153228 -28.442773131693684 32
      vertex 96.64424769202691 -28.01184896238298 32
    endloop
  endfacet
  facet normal -0.09801714032956119 -0.9951847266721968 0
    outer loop
      vertex 98.51779480570478 -42.78084576827992 20
      vertex 101.32785497371933 -43.05761253774574 32
      vertex 98.51779480570478 -42.78084576827992 32
    endloop
  endfacet
  facet normal -0.03271908282177598 -0.9994645874763658 0
    outer loop
      vertex 101.32785497371933 -43.05761253774574 20
      vertex 104.15 -43.15 32
      vertex 101.32785497371933 -43.05761253774574 32
    endloop
  endfacet
  facet normal 0 0 1
    outer loop
      vertex 98.51779480570478 -42.78084576827992 32
      vertex 101.32785497371933 -43.05761253774574 32
      vertex 100.3647404256185 -28.7519009798405 32
    endloop
  endfacet
  facet normal 0 0 1
    outer loop
      vertex 101.32785497371933 -43.05761253774574 32
      vertex 104.15 -43.15 32
      vertex 102.25330925232586 -28.9379087739195 32
    endloop
  endfacet
  facet normal 0 0 1
    outer loop
      vertex 98.51779480570478 -42.78084576827992 32
      vertex 100.3647404256185 -28.7519009798405 32
      vertex 98.49238066153228 -28.442773131693684 32
    endloop
  endfacet
  facet normal 0 0 1
    outer loop
      vertex 101.32785497371933 -43.05761253774574 32
      vertex 102.25330925232586 -28.9379087739195 32
      vertex 100.3647404256185 -28.7519009798405 32
    endloop
  endfacet
  facet normal 0 0 1
    outer loop
      vertex 104.15 -43.15 32
      vertex 104.15 -29 32
      vertex 102.25330925232586 -28.9379087739195 32
    endloop
  endfacet
  facet normal 0 0 -1
    outer loop
      vertex 83.575 -35.636945365729645 20
      vertex 83.575 35.636945365729645 20
      vertex 85.94982039748811 -36.90631331407012 20
    endloop
  endfacet
  facet normal 0 0 -1
    outer loop
      vertex 85.94982039748811 -36.90631331407012 20
      vertex 85.94982039748811 36.90631331407012 20
      vertex 88.40257675817656 -38.01764276283945 20
    endloop
  endfacet
  facet normal 0 0 -1
    outer loop
      vertex 88.40257675817656 -38.01764276283945 20
      vertex 88.40257675817656 38.01764276283945 20
      vertex 90.9227660027749 -38.966174828723595 20
    endloop
  endfacet
  facet normal 0 0 -1
    outer loop
      vertex 90.9227660027749 -38.966174828723595 20
      vertex 93.42822332819135 -2.87289140063798 20
      vertex 93.63907556260433 -3.5679780648650934 20
    endloop
  endfacet
  facet normal 0 0 -1
    outer loop
      vertex 90.9227660027749 -38.966174828723595 20
      vertex 93.63907556260433 -3.5679780648650934 20
      vertex 93.89493718912472 -4.2477860992524965 20
    endloop
  endfacet
  facet normal 0 0 -1
    outer loop
      vertex 90.9227660027749 -38.966174828723595 20
      vertex 93.26328338752415 -2.1655025743790235 20
      vertex 93.42822332819135 -2.87289140063798 20
    endloop
  endfacet
  facet normal 0 0 -1
    outer loop
      vertex 90.9227660027749 -38.966174828723595 20
      vertex 93.1449620387507 -1.4488407336425724 20
      vertex 93.26328338752415 -2.1655025743790235 20
    endloop
  endfacet
  facet normal 0 0 -1
    outer loop
      vertex 90.9227660027749 -38.966174828723595 20
      vertex 93.0737659520515 -0.7259747344545879 20
      vertex 93.1449620387507 -1.4488407336425724 20
    endloop
  endfacet
  facet normal 0 0 -1
    outer loop
      vertex 90.9227660027749 -38.966174828723595 20
      vertex 93.05000000000001 0 20
      vertex 93.0737659520515 -0.7259747344545879 20
    endloop
  endfacet
  facet normal 0 0 -1
    outer loop
      vertex 93.49959629403128 -39.74784775179516 20
      vertex 94.92068730344175 -6.166829586517584 20
      vertex 95.34377792276729 -6.757251861996799 20
    endloop
  endfacet
  facet normal 0 0 -1
    outer loop
      vertex 93.49959629403128 -39.74784775179516 20
      vertex 93.89493718912472 -4.2477860992524965 20
      vertex 94.19471256898717 -4.909404461430914 20
    endloop
  endfacet
  facet normal 0 0 -1
    outer loop
      vertex 93.49959629403128 -39.74784775179516 20
      vertex 94.53711801799274 -5.55 20
      vertex 94.92068730344175 -6.166829586517584 20
    endloop
  endfacet
  facet normal 0 0 -1
    outer loop
      vertex 93.49959629403128 -39.74784775179516 20
      vertex 94.19471256898717 -4.909404461430914 20
      vertex 94.53711801799274 -5.55 20
    endloop
  endfacet
  facet normal 0 0 -1
    outer loop
      vertex 96.12203324903633 -40.359314288592934 20
      vertex 95.34377792276729 -6.757251861996799 20
      vertex 95.80457813698335 -7.318738547610764 20
    endloop
  endfacet
  facet normal 0 0 -1
    outer loop
      vertex 96.12203324903633 -40.359314288592934 20
      vertex 96.83126145238924 -8.345421863016648 20
      vertex 97.39274813800321 -8.80622207723271 20
    endloop
  endfacet
  facet normal 0 0 -1
    outer loop
      vertex 96.12203324903633 -40.359314288592934 20
      vertex 97.39274813800321 -8.80622207723271 20
      vertex 97.98317041348243 -9.229312696558251 20
    endloop
  endfacet
  facet normal 0 0 -1
    outer loop
      vertex 98.77884719014489 -40.797956045532295 20
      vertex 97.98317041348243 -9.229312696558251 20
      vertex 98.60000000000001 -9.612881982007268 20
    endloop
  endfacet
  facet normal 0 0 -1
    outer loop
      vertex 96.12203324903633 -40.359314288592934 20
      vertex 95.80457813698335 -7.318738547610764 20
      vertex 96.30111472882933 -7.848885271170678 20
    endloop
  endfacet
  facet normal 0 0 -1
    outer loop
      vertex 96.12203324903633 -40.359314288592934 20
      vertex 96.30111472882933 -7.848885271170678 20
      vertex 96.83126145238924 -8.345421863016648 20
    endloop
  endfacet
  facet normal 0 0 -1
    outer loop
      vertex 98.77884719014489 -40.797956045532295 20
      vertex 99.2405955385691 -9.95528743101284 20
      vertex 99.90221390074751 -10.255062810875282 20
    endloop
  endfacet
  facet normal 0 0 -1
    outer loop
      vertex 98.77884719014489 -40.797956045532295 20
      vertex 99.90221390074751 -10.255062810875282 20
      vertex 100.58202193513492 -10.510924437395673 20
    endloop
  endfacet
  facet normal 0 0 -1
    outer loop
      vertex 98.77884719014489 -40.797956045532295 20
      vertex 98.60000000000001 -9.612881982007268 20
      vertex 99.2405955385691 -9.95528743101284 20
    endloop
  endfacet
  facet normal 0 0 -1
    outer loop
      vertex 98.77884719014489 -40.797956045532295 20
      vertex 100.58202193513492 -10.510924437395673 20
      vertex 101.27710859936202 -10.721776671808659 20
    endloop
  endfacet
  facet normal 0 0 -1
    outer loop
      vertex 101.45866123217962 -41.061894691268535 20
      vertex 101.98449742562099 -10.886716612475858 20
      vertex 102.70115926635744 -11.005037961249295 20
    endloop
  endfacet
  facet normal 0 0 -1
    outer loop
      vertex 101.45866123217962 -41.061894691268535 20
      vertex 101.27710859936202 -10.721776671808659 20
      vertex 101.98449742562099 -10.886716612475858 20
    endloop
  endfacet
  facet normal 0 0 -1
    outer loop
      vertex 101.45866123217962 -41.061894691268535 20
      vertex 102.70115926635744 -11.005037961249295 20
      vertex 103.42402526554542 -11.076234047948498 20
    endloop
  endfacet
  facet normal 0 0 -1
    outer loop
      vertex 101.45866123217962 -41.061894691268535 20
      vertex 103.42402526554542 -11.076234047948498 20
      vertex 104.15 -11.1 20
    endloop
  endfacet
  facet normal 0 0 -1
    outer loop
      vertex 63.35204395446771 -5.371152809855122 20
      vertex 63.08810530873147 2.691338767820387 20
      vertex 63.35204395446771 5.371152809855122 20
    endloop
  endfacet
  facet normal 0 0 -1
    outer loop
      vertex 63.79068571140707 -8.027966750963676 20
      vertex 63.35204395446771 5.371152809855122 20
      vertex 63.79068571140707 8.027966750963676 20
    endloop
  endfacet
  facet normal 0 0 -1
    outer loop
      vertex 64.40215224820484 -10.650403705968728 20
      vertex 63.79068571140707 8.027966750963676 20
      vertex 64.40215224820484 10.650403705968728 20
    endloop
  endfacet
  facet normal 0 0 -1
    outer loop
      vertex 65.18382517127641 -13.227233997225099 20
      vertex 64.40215224820484 10.650403705968728 20
      vertex 65.18382517127641 13.227233997225099 20
    endloop
  endfacet
  facet normal 0 0 -1
    outer loop
      vertex 66.13235723716056 -15.747423241823444 20
      vertex 65.18382517127641 13.227233997225099 20
      vertex 66.13235723716056 15.747423241823444 20
    endloop
  endfacet
  facet normal 0 0 -1
    outer loop
      vertex 67.24368668592989 -18.200179602511902 20
      vertex 66.13235723716056 15.747423241823444 20
      vertex 67.24368668592989 18.200179602511902 20
    endloop
  endfacet
  facet normal 0 0 -1
    outer loop
      vertex 68.51305463427036 -20.575 20
      vertex 67.24368668592989 18.200179602511902 20
      vertex 68.51305463427036 20.575 20
    endloop
  endfacet
  facet normal 0 0 -1
    outer loop
      vertex 69.93502545375027 -22.86171508875663 20
      vertex 68.51305463427036 20.575 20
      vertex 69.93502545375027 22.86171508875663 20
    endloop
  endfacet
  facet normal 0 0 -1
    outer loop
      vertex 71.50351004701568 -25.050532803708855 20
      vertex 69.93502545375027 22.86171508875663 20
      vertex 71.50351004701568 25.050532803708855 20
    endloop
  endfacet
  facet normal 0 0 -1
    outer loop
      vertex 73.21179192224008 -27.13208029136783 20
      vertex 71.50351004701568 25.050532803708855 20
      vertex 73.21179192224008 27.13208029136783 20
    endloop
  endfacet
  facet normal 0 0 -1
    outer loop
      vertex 75.05255595417357 -29.097444045826432 20
      vertex 73.21179192224008 27.13208029136783 20
      vertex 75.05255595417357 29.097444045826432 20
    endloop
  endfacet
  facet normal 0 0 -1
    outer loop
      vertex 77.01791970863218 -30.938208077759917 20
      vertex 75.05255595417357 29.097444045826432 20
      vertex 77.01791970863218 30.938208077759917 20
    endloop
  endfacet
  facet normal 0 0 -1
    outer loop
      vertex 79.09946719629116 -32.646489952984325 20
      vertex 77.01791970863218 30.938208077759917 20
      vertex 79.09946719629116 32.646489952984325 20
    endloop
  endfacet
  facet normal 0 0 -1
    outer loop
      vertex 81.28828491124338 -34.214974546249735 20
      vertex 79.09946719629116 32.646489952984325 20
      vertex 81.28828491124338 34.214974546249735 20
    endloop
  endfacet
  facet normal -0.9994645874763656 0.03271908282177605 0
    outer loop
      vertex 61.00000000000001 0 20
      vertex 61.092387462254266 2.822145026280673 32
      vertex 61.092387462254266 2.822145026280673 20
    endloop
  endfacet
  facet normal -0.9951847266721968 0.09801714032956091 0
    outer loop
      vertex 61.092387462254266 2.822145026280673 20
      vertex 61.36915423172009 5.632205194295225 32
      vertex 61.36915423172009 5.632205194295225 20
    endloop
  endfacet
  facet normal -0.986643332084879 0.16289547339458899 0
    outer loop
      vertex 61.36915423172009 5.632205194295225 20
      vertex 61.829115150600614 8.418147394995934 32
      vertex 61.829115150600614 8.418147394995934 20
    endloop
  endfacet
  facet normal -0.9738769792773337 0.22707626303437287 0
    outer loop
      vertex 61.829115150600614 8.418147394995934 20
      vertex 62.47030059562671 11.16804179617377 32
      vertex 62.47030059562671 11.16804179617377 20
    endloop
  endfacet
  facet normal -0.9994645874763656 0.03271908282177605 0
    outer loop
      vertex 61.00000000000001 0 20
      vertex 61.00000000000001 0 32
      vertex 61.092387462254266 2.822145026280673 32
    endloop
  endfacet
  facet normal -0.9951847266721968 0.09801714032956091 0
    outer loop
      vertex 61.092387462254266 2.822145026280673 20
      vertex 61.092387462254266 2.822145026280673 32
      vertex 61.36915423172009 5.632205194295225 32
    endloop
  endfacet
  facet normal 0 0 1
    outer loop
      vertex 61.092387462254266 -2.822145026280673 32
      vertex 61.092387462254266 2.822145026280673 32
      vertex 61.00000000000001 0 32
    endloop
  endfacet
  facet normal 0 0 1
    outer loop
      vertex 61.36915423172009 -5.632205194295225 32
      vertex 61.36915423172009 5.632205194295225 32
      vertex 61.092387462254266 2.822145026280673 32
    endloop
  endfacet
  facet normal 0 0 1
    outer loop
      vertex 61.829115150600614 -8.418147394995934 32
      vertex 61.829115150600614 8.418147394995934 32
      vertex 61.36915423172009 5.632205194295225 32
    endloop
  endfacet
  facet normal 0 0 1
    outer loop
      vertex 62.47030059562671 -11.16804179617377 32
      vertex 62.47030059562671 11.16804179617377 32
      vertex 61.829115150600614 8.418147394995934 32
    endloop
  endfacet
  facet normal 0 0 1
    outer loop
      vertex 63.289964912286194 -13.870112927831421 32
      vertex 63.289964912286194 13.870112927831421 32
      vertex 62.47030059562671 11.16804179617377 32
    endloop
  endfacet
  facet normal 0 0 1
    outer loop
      vertex 64.28459817213798 -16.512790106553624 32
      vertex 64.28459817213798 16.512790106553624 32
      vertex 63.289964912286194 13.870112927831421 32
    endloop
  endfacet
  facet normal -0.986643332084879 0.16289547339458899 0
    outer loop
      vertex 61.36915423172009 5.632205194295225 20
      vertex 61.36915423172009 5.632205194295225 32
      vertex 61.829115150600614 8.418147394995934 32
    endloop
  endfacet
  facet normal -0.9738769792773337 0.22707626303437287 0
    outer loop
      vertex 61.829115150600614 8.418147394995934 20
      vertex 61.829115150600614 8.418147394995934 32
      vertex 62.47030059562671 11.16804179617377 32
    endloop
  endfacet
  facet normal 0 0 1
    outer loop
      vertex 65.44994120286451 -19.084756982949905 32
      vertex 65.44994120286451 19.084756982949905 32
      vertex 64.28459817213798 16.512790106553624 32
    endloop
  endfacet
  facet normal 0 0 1
    outer loop
      vertex 66.78100382670148 -21.575 32
      vertex 66.78100382670148 21.575 32
      vertex 65.44994120286451 19.084756982949905 32
    endloop
  endfacet
  facet normal 0 0 1
    outer loop
      vertex 68.27208622914517 -23.97285555479583 32
      vertex 68.27208622914517 23.97285555479583 32
      vertex 66.78100382670148 21.575 32
    endloop
  endfacet
  facet normal 0 0 1
    outer loop
      vertex 69.91680336643321 -26.268055661726294 32
      vertex 69.91680336643321 26.268055661726294 32
      vertex 68.27208622914517 23.97285555479583 32
    endloop
  endfacet
  facet normal 0 0 1
    outer loop
      vertex 71.70811230728214 -28.45077192156797 32
      vertex 71.70811230728214 28.45077192156797 32
      vertex 69.91680336643321 26.268055661726294 32
    endloop
  endfacet
  facet normal -0.9569403357322093 0.2902846772544613 0
    outer loop
      vertex 62.47030059562671 11.16804179617377 20
      vertex 63.289964912286194 13.870112927831421 32
      vertex 63.289964912286194 13.870112927831421 20
    endloop
  endfacet
  facet normal -0.9359059267573262 0.35225004792123193 0
    outer loop
      vertex 63.289964912286194 13.870112927831421 20
      vertex 64.28459817213798 16.512790106553624 32
      vertex 64.28459817213798 16.512790106553624 20
    endloop
  endfacet
  facet normal -0.9108638249211746 0.4127070298043975 0
    outer loop
      vertex 64.28459817213798 16.512790106553624 20
      vertex 65.44994120286451 19.084756982949905 32
      vertex 65.44994120286451 19.084756982949905 20
    endloop
  endfacet
  facet normal -0.8819212643483552 0.47139673682599714 0
    outer loop
      vertex 65.44994120286451 19.084756982949905 20
      vertex 66.78100382670148 21.575 32
      vertex 66.78100382670148 21.575 20
    endloop
  endfacet
  facet normal -0.9569403357322093 0.2902846772544613 0
    outer loop
      vertex 62.47030059562671 11.16804179617377 20
      vertex 62.47030059562671 11.16804179617377 32
      vertex 63.289964912286194 13.870112927831421 32
    endloop
  endfacet
  facet normal -0.9359059267573262 0.35225004792123193 0
    outer loop
      vertex 63.289964912286194 13.870112927831421 20
      vertex 63.289964912286194 13.870112927831421 32
      vertex 64.28459817213798 16.512790106553624 32
    endloop
  endfacet
  facet normal -0.9108638249211746 0.4127070298043975 0
    outer loop
      vertex 64.28459817213798 16.512790106553624 20
      vertex 64.28459817213798 16.512790106553624 32
      vertex 65.44994120286451 19.084756982949905 32
    endloop
  endfacet
  facet normal -0.8819212643483552 0.47139673682599714 0
    outer loop
      vertex 65.44994120286451 19.084756982949905 20
      vertex 65.44994120286451 19.084756982949905 32
      vertex 66.78100382670148 21.575 32
    endloop
  endfacet
  facet normal 0 0 1
    outer loop
      vertex 73.63834239180048 -30.511657608199528 32
      vertex 73.63834239180048 30.511657608199528 32
      vertex 71.70811230728214 28.45077192156797 32
    endloop
  endfacet
  facet normal 0 0 1
    outer loop
      vertex 73.63834239180048 30.511657608199528 32
      vertex 75.15 0 32
      vertex 75.2120912260805 1.8966907476741488 32
    endloop
  endfacet
  facet normal 0 0 1
    outer loop
      vertex 73.63834239180048 30.511657608199528 32
      vertex 75.2120912260805 1.8966907476741488 32
      vertex 75.3980990201595 3.7852595743814956 32
    endloop
  endfacet
  facet normal 0 0 1
    outer loop
      vertex 73.63834239180048 30.511657608199528 32
      vertex 75.3980990201595 3.7852595743814956 32
      vertex 75.70722686830632 5.657619338467719 32
    endloop
  endfacet
  facet normal 0 0 1
    outer loop
      vertex 75.69922807843204 32.44188769271787 32
      vertex 75.70722686830632 5.657619338467719 32
      vertex 76.13815103761702 7.5057523079731014 32
    endloop
  endfacet
  facet normal 0 0 1
    outer loop
      vertex 75.69922807843204 32.44188769271787 32
      vertex 76.13815103761702 7.5057523079731014 32
      vertex 76.68902624464194 9.321744493791686 32
    endloop
  endfacet
  facet normal 0 0 1
    outer loop
      vertex 75.69922807843204 32.44188769271787 32
      vertex 76.68902624464194 9.321744493791686 32
      vertex 77.35749355717269 11.097819538587604 32
    endloop
  endfacet
  facet normal 0 0 1
    outer loop
      vertex 75.69922807843204 32.44188769271787 32
      vertex 77.35749355717269 11.097819538587604 32
      vertex 78.14069049555205 12.826372016351037 32
    endloop
  endfacet
  facet normal 0 0 1
    outer loop
      vertex 77.88194433827371 34.2331966335668 32
      vertex 78.14069049555205 12.826372016351037 32
      vertex 79.0352632902513 14.5 32
    endloop
  endfacet
  facet normal -0.5280678506503701 0.8492021815265776 -9.573035193592453e-17
    outer loop
      vertex 80.17714444520418 35.877913770854825 20
      vertex 80.8756858028441 36.31229470079567 29.035898384862247
      vertex 82.575 37.36899617329853 20
    endloop
  endfacet
  facet normal -0.8492021815265794 0.5280678506503671 0
    outer loop
      vertex 66.78100382670148 21.575 20
      vertex 68.27208622914517 23.97285555479583 32
      vertex 68.27208622914517 23.97285555479583 20
    endloop
  endfacet
  facet normal -0.8128466845916137 0.5824776968678043 0
    outer loop
      vertex 68.27208622914517 23.97285555479583 20
      vertex 69.91680336643321 26.268055661726294 32
      vertex 69.91680336643321 26.268055661726294 20
    endloop
  endfacet
  facet normal -0.7730104533627372 0.6343932841636452 0
    outer loop
      vertex 69.91680336643321 26.268055661726294 20
      vertex 71.70811230728214 28.45077192156797 32
      vertex 71.70811230728214 28.45077192156797 20
    endloop
  endfacet
  facet normal -0.8492021815265794 0.5280678506503671 0
    outer loop
      vertex 66.78100382670148 21.575 20
      vertex 66.78100382670148 21.575 32
      vertex 68.27208622914517 23.97285555479583 32
    endloop
  endfacet
  facet normal -0.8128466845916137 0.5824776968678043 0
    outer loop
      vertex 68.27208622914517 23.97285555479583 20
      vertex 68.27208622914517 23.97285555479583 32
      vertex 69.91680336643321 26.268055661726294 32
    endloop
  endfacet
  facet normal -0.7730104533627372 0.6343932841636452 0
    outer loop
      vertex 69.91680336643321 26.268055661726294 20
      vertex 69.91680336643321 26.268055661726294 32
      vertex 71.70811230728214 28.45077192156797 32
    endloop
  endfacet
  facet normal -0.7298640726978374 0.6835923020228694 0
    outer loop
      vertex 71.70811230728214 28.45077192156797 20
      vertex 73.63834239180048 30.511657608199528 32
      vertex 73.63834239180048 30.511657608199528 20
    endloop
  endfacet
  facet normal -0.6835923020228681 0.7298640726978385 0
    outer loop
      vertex 73.63834239180048 30.511657608199528 20
      vertex 73.63834239180048 30.511657608199528 32
      vertex 75.69922807843204 32.44188769271787 20
    endloop
  endfacet
  facet normal 0 0 1
    outer loop
      vertex 73.63834239180048 30.511657608199528 32
      vertex 75.70722686830632 5.657619338467719 32
      vertex 75.69922807843204 32.44188769271787 32
    endloop
  endfacet
  facet normal -0.7298640726978374 0.6835923020228694 0
    outer loop
      vertex 71.70811230728214 28.45077192156797 20
      vertex 71.70811230728214 28.45077192156797 32
      vertex 73.63834239180048 30.511657608199528 32
    endloop
  endfacet
  facet normal -0.6835923020228681 0.7298640726978385 0
    outer loop
      vertex 75.69922807843204 32.44188769271787 20
      vertex 73.63834239180048 30.511657608199528 32
      vertex 75.69922807843204 32.44188769271787 32
    endloop
  endfacet
  facet normal 0 0 1
    outer loop
      vertex 77.88194433827371 34.2331966335668 32
      vertex 79.0352632902513 14.5 32
      vertex 80.03738124322619 16.111536757568462 32
    endloop
  endfacet
  facet normal 0 0 1
    outer loop
      vertex 77.88194433827371 34.2331966335668 32
      vertex 80.03738124322619 16.111536757568462 32
      vertex 81.14275313155419 17.6540814412529 32
    endloop
  endfacet
  facet normal 0 0 1
    outer loop
      vertex 75.69922807843204 32.44188769271787 32
      vertex 78.14069049555205 12.826372016351037 32
      vertex 77.88194433827371 34.2331966335668 32
    endloop
  endfacet
  facet normal 0 0 1
    outer loop
      vertex 79.24126882960583 35.20727478879102 32
      vertex 81.14275313155419 17.6540814412529 32
      vertex 82.34664558310966 19.121028637901997 32
    endloop
  endfacet
  facet normal 0 0 1
    outer loop
      vertex 83.64390334559013 20.50609665440988 32
      vertex 79.24126882960583 35.20727478879102 32
      vertex 82.34664558310966 19.121028637901997 32
    endloop
  endfacet
  facet normal 0 0 1
    outer loop
      vertex 77.88194433827371 34.2331966335668 32
      vertex 81.14275313155419 17.6540814412529 32
      vertex 79.24126882960583 35.20727478879102 32
    endloop
  endfacet
  facet normal -0.6343932841636479 0.773010453362735 0
    outer loop
      vertex 75.69922807843204 32.44188769271787 20
      vertex 75.69922807843204 32.44188769271787 32
      vertex 77.88194433827371 34.2331966335668 20
    endloop
  endfacet
  facet normal -0.5824776968678004 0.8128466845916165 0
    outer loop
      vertex 77.88194433827371 34.2331966335668 20
      vertex 77.88194433827371 34.2331966335668 32
      vertex 80.17714444520418 35.877913770854825 20
    endloop
  endfacet
  facet normal -0.528067850650361 0.8492021815265832 2.292726503623451e-15
    outer loop
      vertex 82.575 37.36899617329853 20
      vertex 80.8756858028441 36.31229470079567 29.035898384862247
      vertex 81.07182509893873 36.43426195284697 28.91250903386925
    endloop
  endfacet
  facet normal -0.5280678506503625 0.8492021815265823 1.5413432792974477e-15
    outer loop
      vertex 82.575 37.36899617329853 20
      vertex 81.2744012207313 36.56023188033325 28.804481869954852
      vertex 81.48254670616828 36.68966506068576 28.712279482019575
    endloop
  endfacet
  facet normal -0.5280678506503788 0.8492021815265722 -1.7214105465033577e-15
    outer loop
      vertex 82.575 37.36899617329853 20
      vertex 81.07182509893873 36.43426195284697 28.91250903386925
      vertex 81.2744012207313 36.56023188033325 28.804481869954852
    endloop
  endfacet
  facet normal -0.5280678506503526 0.8492021815265883 2.825941669958518e-15
    outer loop
      vertex 82.575 37.36899617329853 20
      vertex 81.69537024432591 36.82200724115529 28.63629669484373
      vertex 81.91196049214057 36.95669171220752 28.57685887838708
    endloop
  endfacet
  facet normal -0.5280678506503627 0.8492021815265823 1.4372248753357254e-15
    outer loop
      vertex 82.575 37.36899617329853 20
      vertex 81.48254670616828 36.68966506068576 28.712279482019575
      vertex 81.69537024432591 36.82200724115529 28.63629669484373
    endloop
  endfacet
  facet normal -0.528067850650393 0.8492021815265633 -1.487637948138448e-15
    outer loop
      vertex 82.575 37.36899617329853 20
      vertex 81.91196049214057 36.95669171220752 28.57685887838708
      vertex 82.13138997691954 37.093141734260286 28.534220554504756
    endloop
  endfacet
  facet normal -0.52806785065036 0.8492021815265839 9.07029849572991e-16
    outer loop
      vertex 82.575 37.36899617329853 20
      vertex 82.13138997691954 37.093141734260286 28.534220554504756
      vertex 82.3527190679216 37.23077300737095 28.508564307045585
    endloop
  endfacet
  facet normal -0.5280678506503849 0.8492021815265685 0
    outer loop
      vertex 82.575 37.36899617329853 20
      vertex 82.3527190679216 37.23077300737095 28.508564307045585
      vertex 82.575 37.36899617329853 28.5
    endloop
  endfacet
  facet normal -0.5824776968678403 0.8128466845915878 -2.997224419382344e-15
    outer loop
      vertex 80.17714444520418 35.877913770854825 20
      vertex 79.6528073337926 35.50217911039942 30.5
      vertex 79.76570521008304 35.58308058445288 30.27771906792159
    endloop
  endfacet
  facet normal -0.5824776968677654 0.8128466845916416 2.6721679653961973e-15
    outer loop
      vertex 80.17714444520418 35.877913770854825 20
      vertex 79.55202541644549 35.4299598097428 30.730845239123994
      vertex 79.6528073337926 35.50217911039942 30.5
    endloop
  endfacet
  facet normal -0.5824776968678215 0.8128466845916015 -2.2623578663972635e-15
    outer loop
      vertex 80.17714444520418 35.877913770854825 20
      vertex 79.46379102168416 35.36673193661574 30.96926627053964
      vertex 79.55202541644549 35.4299598097428 30.730845239123994
    endloop
  endfacet
  facet normal -0.5824776968678503 0.8128466845915805 -5.057201985817377e-15
    outer loop
      vertex 80.17714444520418 35.877913770854825 20
      vertex 79.38848198273294 35.31276624247789 31.214242138787355
      vertex 79.46379102168416 35.36673193661574 30.96926627053964
    endloop
  endfacet
  facet normal -0.5824776968678028 0.8128466845916149 -7.060323514924422e-16
    outer loop
      vertex 80.17714444520418 35.877913770854825 20
      vertex 77.88194433827371 34.2331966335668 32
      vertex 79.32642078445826 35.268293816716515 31.464723819589917
    endloop
  endfacet
  facet normal -0.5824776968676888 0.8128466845916964 1.1949893289977305e-14
    outer loop
      vertex 80.17714444520418 35.877913770854825 20
      vertex 79.32642078445826 35.268293816716515 31.464723819589917
      vertex 79.38848198273294 35.31276624247789 31.214242138787355
    endloop
  endfacet
  facet normal -0.5280678506503591 0.8492021815265844 -7.738229363426052e-16
    outer loop
      vertex 80.17714444520418 35.877913770854825 20
      vertex 80.50604612200914 36.08243797642561 29.32658663883506
      vertex 80.68682323102516 36.194852406677384 29.17412155078982
    endloop
  endfacet
  facet normal -0.5824776968671765 0.8128466845920634 0
    outer loop
      vertex 80.17714444520418 35.877913770854825 20
      vertex 80.1720133546909 35.874236883391 29.67157287525381
      vertex 80.17714444520418 35.877913770854825 29.66568904796018
    endloop
  endfacet
  facet normal -0.5280678506503811 0.8492021815265708 2.9853212438393913e-16
    outer loop
      vertex 80.17714444520418 35.877913770854825 20
      vertex 80.33412859113025 35.975532785888845 29.49264077008409
      vertex 80.50604612200914 36.08243797642561 29.32658663883506
    endloop
  endfacet
  facet normal -0.528067850650368 0.8492021815265789 0
    outer loop
      vertex 80.17714444520418 35.877913770854825 20
      vertex 80.17714444520418 35.877913770854825 29.66568904796018
      vertex 80.33412859113025 35.975532785888845 29.49264077008409
    endloop
  endfacet
  facet normal -0.5280678506503756 0.8492021815265739 5.098080748668322e-16
    outer loop
      vertex 80.17714444520418 35.877913770854825 20
      vertex 80.68682323102516 36.194852406677384 29.17412155078982
      vertex 80.8756858028441 36.31229470079567 29.035898384862247
    endloop
  endfacet
  facet normal -0.5824776968678057 0.8128466845916126 -8.893106594450499e-16
    outer loop
      vertex 80.17714444520418 35.877913770854825 20
      vertex 79.76570521008304 35.58308058445288 30.27771906792159
      vertex 79.89023559927817 35.67231779937106 30.06495428396512
    endloop
  endfacet
  facet normal -0.5824776968678151 0.8128466845916058 -5.127386127632907e-16
    outer loop
      vertex 80.17714444520418 35.877913770854825 20
      vertex 80.02586524313321 35.769508627699736 29.862616739599723
      vertex 80.1720133546909 35.874236883391 29.67157287525381
    endloop
  endfacet
  facet normal -0.5824776968677758 0.812846684591634 4.0131777189599887e-16
    outer loop
      vertex 80.17714444520418 35.877913770854825 20
      vertex 79.89023559927817 35.67231779937106 30.06495428396512
      vertex 80.02586524313321 35.769508627699736 29.862616739599723
    endloop
  endfacet
  facet normal -0.6343932841636479 0.773010453362735 0
    outer loop
      vertex 77.88194433827371 34.2331966335668 20
      vertex 75.69922807843204 32.44188769271787 32
      vertex 77.88194433827371 34.2331966335668 32
    endloop
  endfacet
  facet normal -0.5824776968678025 0.812846684591615 5.273852957638196e-16
    outer loop
      vertex 77.88194433827371 34.2331966335668 32
      vertex 79.27787318243898 35.23350509708625 31.719638711935488
      vertex 79.32642078445826 35.268293816716515 31.464723819589917
    endloop
  endfacet
  facet normal -0.5824776968677999 0.8128466845916168 -1.2013505169978863e-13
    outer loop
      vertex 77.88194433827371 34.2331966335668 32
      vertex 79.24126882960583 35.20727478879102 32
      vertex 79.2430470649601 35.208549054225415 31.977895231119795
    endloop
  endfacet
  facet normal -0.5824776968677984 0.812846684591618 3.138980806514445e-14
    outer loop
      vertex 77.88194433827371 34.2331966335668 32
      vertex 79.2430470649601 35.208549054225415 31.977895231119795
      vertex 79.27787318243898 35.23350509708625 31.719638711935488
    endloop
  endfacet
  facet normal 0 0 -1
    outer loop
      vertex 90.9227660027749 -38.966174828723595 20
      vertex 90.9227660027749 38.966174828723595 20
      vertex 93.05000000000001 0 20
    endloop
  endfacet
  facet normal 0 0 -1
    outer loop
      vertex 83.575 -35.636945365729645 20
      vertex 81.28828491124338 34.214974546249735 20
      vertex 83.575 35.636945365729645 20
    endloop
  endfacet
  facet normal 0 0 -1
    outer loop
      vertex 85.94982039748811 -36.90631331407012 20
      vertex 83.575 35.636945365729645 20
      vertex 85.94982039748811 36.90631331407012 20
    endloop
  endfacet
  facet normal 0 0 -1
    outer loop
      vertex 88.40257675817656 -38.01764276283945 20
      vertex 85.94982039748811 36.90631331407012 20
      vertex 88.40257675817656 38.01764276283945 20
    endloop
  endfacet
  facet normal 0 0 -1
    outer loop
      vertex 90.9227660027749 -38.966174828723595 20
      vertex 88.40257675817656 38.01764276283945 20
      vertex 90.9227660027749 38.966174828723595 20
    endloop
  endfacet
  facet normal 0 0 -1
    outer loop
      vertex 93.05000000000001 0 20
      vertex 90.9227660027749 38.966174828723595 20
      vertex 93.0737659520515 0.7259747344545879 20
    endloop
  endfacet
  facet normal 0 0 -1
    outer loop
      vertex 93.0737659520515 0.7259747344545879 20
      vertex 90.9227660027749 38.966174828723595 20
      vertex 93.1449620387507 1.4488407336425724 20
    endloop
  endfacet
  facet normal 0 0 -1
    outer loop
      vertex 93.1449620387507 1.4488407336425724 20
      vertex 90.9227660027749 38.966174828723595 20
      vertex 93.26328338752415 2.1655025743790235 20
    endloop
  endfacet
  facet normal 0 0 -1
    outer loop
      vertex 93.26328338752415 2.1655025743790235 20
      vertex 90.9227660027749 38.966174828723595 20
      vertex 93.42822332819135 2.87289140063798 20
    endloop
  endfacet
  facet normal 0 0 -1
    outer loop
      vertex 93.42822332819135 2.87289140063798 20
      vertex 90.9227660027749 38.966174828723595 20
      vertex 93.63907556260433 3.5679780648650934 20
    endloop
  endfacet
  facet normal 0 0 -1
    outer loop
      vertex 93.63907556260433 3.5679780648650934 20
      vertex 90.9227660027749 38.966174828723595 20
      vertex 93.89493718912472 4.2477860992524965 20
    endloop
  endfacet
  facet normal 0 0 -1
    outer loop
      vertex 93.89493718912472 4.2477860992524965 20
      vertex 90.9227660027749 38.966174828723595 20
      vertex 94.19471256898717 4.909404461430914 20
    endloop
  endfacet
  facet normal 0 0 -1
    outer loop
      vertex 94.19471256898717 4.909404461430914 20
      vertex 90.9227660027749 38.966174828723595 20
      vertex 94.53711801799274 5.55 20
    endloop
  endfacet
  facet normal 0 0 -1
    outer loop
      vertex 94.53711801799274 5.55 20
      vertex 93.49959629403128 39.74784775179516 20
      vertex 94.92068730344175 6.166829586517584 20
    endloop
  endfacet
  facet normal 0 0 -1
    outer loop
      vertex 94.92068730344175 6.166829586517584 20
      vertex 93.49959629403128 39.74784775179516 20
      vertex 95.34377792276729 6.757251861996799 20
    endloop
  endfacet
  facet normal 0 0 -1
    outer loop
      vertex 95.34377792276729 6.757251861996799 20
      vertex 93.49959629403128 39.74784775179516 20
      vertex 95.80457813698335 7.318738547610764 20
    endloop
  endfacet
  facet normal 0 0 -1
    outer loop
      vertex 95.80457813698335 7.318738547610764 20
      vertex 93.49959629403128 39.74784775179516 20
      vertex 96.30111472882933 7.848885271170678 20
    endloop
  endfacet
  facet normal 0 0 -1
    outer loop
      vertex 96.30111472882933 7.848885271170678 20
      vertex 93.49959629403128 39.74784775179516 20
      vertex 96.83126145238924 8.345421863016648 20
    endloop
  endfacet
  facet normal 0 0 -1
    outer loop
      vertex 96.83126145238924 8.345421863016648 20
      vertex 93.49959629403128 39.74784775179516 20
      vertex 97.39274813800321 8.80622207723271 20
    endloop
  endfacet
  facet normal 0 0 -1
    outer loop
      vertex 97.39274813800321 8.80622207723271 20
      vertex 93.49959629403128 39.74784775179516 20
      vertex 97.98317041348243 9.229312696558251 20
    endloop
  endfacet
  facet normal 0 0 -1
    outer loop
      vertex 97.98317041348243 9.229312696558251 20
      vertex 96.12203324903633 40.359314288592934 20
      vertex 98.60000000000001 9.612881982007268 20
    endloop
  endfacet
  facet normal 0 0 -1
    outer loop
      vertex 98.60000000000001 9.612881982007268 20
      vertex 96.12203324903633 40.359314288592934 20
      vertex 99.2405955385691 9.95528743101284 20
    endloop
  endfacet
  facet normal 0 0 -1
    outer loop
      vertex 99.2405955385691 9.95528743101284 20
      vertex 96.12203324903633 40.359314288592934 20
      vertex 99.90221390074751 10.255062810875282 20
    endloop
  endfacet
  facet normal 0 0 -1
    outer loop
      vertex 99.90221390074751 10.255062810875282 20
      vertex 96.12203324903633 40.359314288592934 20
      vertex 100.58202193513492 10.510924437395673 20
    endloop
  endfacet
  facet normal 0 0 -1
    outer loop
      vertex 100.58202193513492 10.510924437395673 20
      vertex 98.77884719014489 40.797956045532295 20
      vertex 101.27710859936202 10.721776671808659 20
    endloop
  endfacet
  facet normal 0 0 -1
    outer loop
      vertex 101.27710859936202 10.721776671808659 20
      vertex 98.77884719014489 40.797956045532295 20
      vertex 101.98449742562099 10.886716612475858 20
    endloop
  endfacet
  facet normal 0 0 -1
    outer loop
      vertex 101.98449742562099 10.886716612475858 20
      vertex 98.77884719014489 40.797956045532295 20
      vertex 102.70115926635744 11.005037961249295 20
    endloop
  endfacet
  facet normal 0 0 -1
    outer loop
      vertex 102.70115926635744 11.005037961249295 20
      vertex 98.77884719014489 40.797956045532295 20
      vertex 103.42402526554542 11.076234047948498 20
    endloop
  endfacet
  facet normal 0 0 -1
    outer loop
      vertex 103.42402526554542 11.076234047948498 20
      vertex 101.45866123217962 41.061894691268535 20
      vertex 104.15 11.1 20
    endloop
  endfacet
  facet normal 0 0 -1
    outer loop
      vertex 94.53711801799274 5.55 20
      vertex 90.9227660027749 38.966174828723595 20
      vertex 93.49959629403128 39.74784775179516 20
    endloop
  endfacet
  facet normal -0.47139673682599564 0.8819212643483562 5.528606712335643e-16
    outer loop
      vertex 82.575 37.36899617329853 20
      vertex 83.03570196349406 37.61524650314049 28.534220554504756
      vertex 85.06524301705011 38.7000587971355 20
    endloop
  endfacet
  facet normal -0.4127070298043964 0.9108638249211751 0
    outer loop
      vertex 85.06524301705011 38.7000587971355 20
      vertex 85.06524301705011 38.7000587971355 29.665689047960182
      vertex 87.63720989344638 39.86540182786202 20
    endloop
  endfacet
  facet normal 0 0 -1
    outer loop
      vertex 97.98317041348243 9.229312696558251 20
      vertex 93.49959629403128 39.74784775179516 20
      vertex 96.12203324903633 40.359314288592934 20
    endloop
  endfacet
  facet normal 0 0 -1
    outer loop
      vertex 100.58202193513492 10.510924437395673 20
      vertex 96.12203324903633 40.359314288592934 20
      vertex 98.77884719014489 40.797956045532295 20
    endloop
  endfacet
  facet normal 0 0 -1
    outer loop
      vertex 103.42402526554542 11.076234047948498 20
      vertex 98.77884719014489 40.797956045532295 20
      vertex 101.45866123217962 41.061894691268535 20
    endloop
  endfacet
  facet normal 0 0 -1
    outer loop
      vertex 101.45866123217962 41.061894691268535 20
      vertex 104.15 41.15 20
      vertex 104.15 11.1 20
    endloop
  endfacet
  facet normal 0 0 1
    outer loop
      vertex 79.24126882960583 35.20727478879102 32
      vertex 83.64390334559013 20.50609665440988 32
      vertex 85.028971362098 21.803354416890343 32
    endloop
  endfacet
  facet normal 0 0 1
    outer loop
      vertex 79.24126882960583 35.20727478879102 32
      vertex 85.028971362098 21.803354416890343 32
      vertex 86.35278001329652 22.889776100044458 32
    endloop
  endfacet
  facet normal -0.4713967368260072 0.88192126434835 0
    outer loop
      vertex 82.575 37.36899617329853 20
      vertex 82.575 37.36899617329853 28.5
      vertex 82.805845239124 37.49238552429153 28.508564307045585
    endloop
  endfacet
  facet normal -0.4713967368259679 0.8819212643483708 -1.3652525417448077e-15
    outer loop
      vertex 82.575 37.36899617329853 20
      vertex 82.805845239124 37.49238552429153 28.508564307045585
      vertex 83.03570196349406 37.61524650314049 28.534220554504756
    endloop
  endfacet
  facet normal -0.47139673682600736 0.8819212643483498 -2.9884597962588935e-15
    outer loop
      vertex 85.06524301705011 38.7000587971355 20
      vertex 83.03570196349406 37.61524650314049 28.534220554504756
      vertex 83.26358589132819 37.73705300027204 28.57685887838708
    endloop
  endfacet
  facet normal -0.4713967368259816 0.8819212643483637 3.846652601206476e-15
    outer loop
      vertex 85.06524301705011 38.7000587971355 20
      vertex 83.26358589132819 37.73705300027204 28.57685887838708
      vertex 83.48852118866202 37.85728342156537 28.63629669484373
    endloop
  endfacet
  facet normal -0.4713967368260088 0.881921264348349 -2.5098108677795726e-15
    outer loop
      vertex 85.06524301705011 38.7000587971355 20
      vertex 83.48852118866202 37.85728342156537 28.63629669484373
      vertex 83.70954464801967 37.97542292189841 28.712279482019575
    endloop
  endfacet
  facet normal -0.4713967368259992 0.881921264348354 -5.850525454409579e-16
    outer loop
      vertex 85.06524301705011 38.7000587971355 20
      vertex 83.70954464801967 37.97542292189841 28.712279482019575
      vertex 83.92570981301604 38.09096560979361 28.804481869954852
    endloop
  endfacet
  facet normal -0.47139673682600813 0.8819212643483495 -2.0817793155300706e-15
    outer loop
      vertex 85.06524301705011 38.7000587971355 20
      vertex 83.92570981301604 38.09096560979361 28.804481869954852
      vertex 84.13609103122833 38.20341671372297 28.91250903386925
    endloop
  endfacet
  facet normal -0.4713967368259946 0.8819212643483567 -2.5364817064357543e-16
    outer loop
      vertex 85.06524301705011 38.7000587971355 20
      vertex 84.13609103122833 38.20341671372297 28.91250903386925
      vertex 84.33978741798185 38.31229470079567 29.035898384862247
    endloop
  endfacet
  facet normal -0.47139673682599653 0.8819212643483556 -4.3137606334885894e-16
    outer loop
      vertex 85.06524301705011 38.7000587971355 20
      vertex 84.33978741798185 38.31229470079567 29.035898384862247
      vertex 84.53592671407648 38.4171333387558 29.17412155078982
    endloop
  endfacet
  facet normal -0.47139673682597094 0.8819212643483694 1.4458270652716521e-15
    outer loop
      vertex 85.06524301705011 38.7000587971355 20
      vertex 84.53592671407648 38.4171333387558 29.17412155078982
      vertex 84.7236690209345 38.51748369246049 29.32658663883506
    endloop
  endfacet
  facet normal -0.4713967368260238 0.8819212643483412 -1.0324235968278164e-15
    outer loop
      vertex 85.06524301705011 38.7000587971355 20
      vertex 84.7236690209345 38.51748369246049 29.32658663883506
      vertex 84.90221039717518 38.61291604628912 29.49264077008409
    endloop
  endfacet
  facet normal -0.471396736825977 0.881921264348366 0
    outer loop
      vertex 85.06524301705011 38.7000587971355 20
      vertex 84.90221039717518 38.61291604628912 29.49264077008409
      vertex 85.06524301705011 38.7000587971355 29.665689047960182
    endloop
  endfacet
  facet normal -0.412707029804887 0.9108638249209529 -1.5445880481751374e-13
    outer loop
      vertex 87.63720989344638 39.86540182786202 20
      vertex 85.06524301705011 38.7000587971355 29.665689047960182
      vertex 85.07099284025726 38.70266400813719 29.67157287525381
    endloop
  endfacet
  facet normal -0.41270702980438523 0.9108638249211801 3.1202958113708953e-15
    outer loop
      vertex 87.63720989344638 39.86540182786202 20
      vertex 85.07099284025726 38.70266400813719 29.67157287525381
      vertex 85.23476422595877 38.77686785761564 29.862616739599723
    endloop
  endfacet
  facet normal -0.41270702980439006 0.910863824921178 1.6301882906731984e-15
    outer loop
      vertex 87.63720989344638 39.86540182786202 20
      vertex 85.23476422595877 38.77686785761564 29.862616739599723
      vertex 85.38674877423378 38.845731160536 30.06495428396512
    endloop
  endfacet
  facet normal -0.4127070298044158 0.9108638249211661 -5.154700462673953e-15
    outer loop
      vertex 87.63720989344638 39.86540182786202 20
      vertex 85.38674877423378 38.845731160536 30.06495428396512
      vertex 85.52629566391346 38.90895903366306 30.27771906792159
    endloop
  endfacet
  facet normal -0.4127070298043823 0.9108638249211815 2.9718334445736023e-15
    outer loop
      vertex 87.63720989344638 39.86540182786202 20
      vertex 85.52629566391346 38.90895903366306 30.27771906792159
      vertex 85.6528073337926 38.966280725537175 30.5
    endloop
  endfacet
  facet normal -0.4127070298044078 0.9108638249211699 -2.8297298799169704e-15
    outer loop
      vertex 87.63720989344638 39.86540182786202 20
      vertex 85.6528073337926 38.966280725537175 30.5
      vertex 85.76574204147832 39.017450775873556 30.730845239123994
    endloop
  endfacet
  facet normal -0.41270702980437723 0.9108638249211837 3.623151054490206e-15
    outer loop
      vertex 87.63720989344638 39.86540182786202 20
      vertex 85.76574204147832 39.017450775873556 30.730845239123994
      vertex 85.86461618321428 39.06225006666089 30.96926627053964
    endloop
  endfacet
  facet normal -0.4127070298044301 0.9108638249211597 -6.692465002574816e-15
    outer loop
      vertex 87.63720989344638 39.86540182786202 20
      vertex 85.86461618321428 39.06225006666089 30.96926627053964
      vertex 85.94900636474613 39.10048676045832 31.214242138787355
    endloop
  endfacet
  facet normal -0.4127070298043657 0.9108638249211891 4.876563033158369e-15
    outer loop
      vertex 87.63720989344638 39.86540182786202 20
      vertex 85.94900636474613 39.10048676045832 31.214242138787355
      vertex 86.01855121436073 39.131997121872786 31.464723819589917
    endloop
  endfacet
  facet normal -0.41270702980438756 0.9108638249211792 1.3661471584232957e-15
    outer loop
      vertex 87.63720989344638 39.86540182786202 20
      vertex 86.01855121436073 39.131997121872786 31.464723819589917
      vertex 86.07295293033532 39.15664621869917 31.719638711935488
    endloop
  endfacet
  facet normal -0.4127070298043958 0.9108638249211753 0
    outer loop
      vertex 87.63720989344638 39.86540182786202 20
      vertex 86.07295293033532 39.15664621869917 31.719638711935488
      vertex 87.63720989344638 39.86540182786202 32
    endloop
  endfacet
  facet normal -0.35225004792123504 0.9359059267573252 0
    outer loop
      vertex 87.63720989344638 39.86540182786202 20
      vertex 87.63720989344638 39.86540182786202 32
      vertex 90.27988707216858 40.86003508771381 20
    endloop
  endfacet
  facet normal -0.29028467725446033 0.9569403357322094 0
    outer loop
      vertex 90.27988707216858 40.86003508771381 20
      vertex 90.27988707216858 40.86003508771381 32
      vertex 92.98195820382624 41.679699404373295 20
    endloop
  endfacet
  facet normal -0.4127070298043946 0.9108638249211759 -7.20421824445934e-15
    outer loop
      vertex 87.63720989344638 39.86540182786202 32
      vertex 86.07295293033532 39.15664621869917 31.719638711935488
      vertex 86.11197855617017 39.17432849972066 31.977895231119795
    endloop
  endfacet
  facet normal -0.4127070298043974 0.9108638249211747 2.1624309305961914e-13
    outer loop
      vertex 87.63720989344638 39.86540182786202 32
      vertex 86.11197855617017 39.17432849972066 31.977895231119795
      vertex 86.11397122008466 39.17523136399416 32
    endloop
  endfacet
  facet normal 0 0 1
    outer loop
      vertex 87.63720989344638 39.86540182786202 32
      vertex 86.11397122008466 39.17523136399416 32
      vertex 93.22548240377535 26.857732675247593 32
    endloop
  endfacet
  facet normal 0 0 1
    outer loop
      vertex 87.63720989344638 39.86540182786202 32
      vertex 93.22548240377535 26.857732675247593 32
      vertex 90.27988707216858 40.86003508771381 32
    endloop
  endfacet
  facet normal 0 0 1
    outer loop
      vertex 90.27988707216858 40.86003508771381 32
      vertex 93.22548240377535 26.857732675247593 32
      vertex 92.98195820382624 41.679699404373295 32
    endloop
  endfacet
  facet normal -0.35225004792123504 0.9359059267573252 0
    outer loop
      vertex 90.27988707216858 40.86003508771381 20
      vertex 87.63720989344638 39.86540182786202 32
      vertex 90.27988707216858 40.86003508771381 32
    endloop
  endfacet
  facet normal -0.29028467725446033 0.9569403357322094 0
    outer loop
      vertex 92.98195820382624 41.679699404373295 20
      vertex 90.27988707216858 40.86003508771381 32
      vertex 92.98195820382624 41.679699404373295 32
    endloop
  endfacet
  facet normal 0 0 1
    outer loop
      vertex 92.98195820382624 41.679699404373295 32
      vertex 93.22548240377535 26.857732675247593 32
      vertex 94.82825550620832 27.460973755358065 32
    endloop
  endfacet
  facet normal -0.2270762630343736 0.9738769792773336 0
    outer loop
      vertex 92.98195820382624 41.679699404373295 20
      vertex 92.98195820382624 41.679699404373295 32
      vertex 95.73185260500406 42.32088484939939 20
    endloop
  endfacet
  facet normal -0.16289547339458849 0.986643332084879 0
    outer loop
      vertex 95.73185260500406 42.32088484939939 20
      vertex 95.73185260500406 42.32088484939939 32
      vertex 98.51779480570478 42.78084576827992 20
    endloop
  endfacet
  facet normal -0.09801714032956119 0.9951847266721968 0
    outer loop
      vertex 98.51779480570478 42.78084576827992 20
      vertex 98.51779480570478 42.78084576827992 32
      vertex 101.32785497371933 43.05761253774574 20
    endloop
  endfacet
  facet normal -0.03271908282177598 0.9994645874763658 0
    outer loop
      vertex 101.32785497371933 43.05761253774574 20
      vertex 101.32785497371933 43.05761253774574 32
      vertex 104.15 43.15 20
    endloop
  endfacet
  facet normal 0 0 1
    outer loop
      vertex 92.98195820382624 41.679699404373295 32
      vertex 94.82825550620832 27.460973755358065 32
      vertex 96.64424769202691 28.01184896238298 32
    endloop
  endfacet
  facet normal 0 0 1
    outer loop
      vertex 92.98195820382624 41.679699404373295 32
      vertex 96.64424769202691 28.01184896238298 32
      vertex 95.73185260500406 42.32088484939939 32
    endloop
  endfacet
  facet normal 0 0 1
    outer loop
      vertex 95.73185260500406 42.32088484939939 32
      vertex 96.64424769202691 28.01184896238298 32
      vertex 98.49238066153228 28.442773131693684 32
    endloop
  endfacet
  facet normal 0 0 1
    outer loop
      vertex 95.73185260500406 42.32088484939939 32
      vertex 98.49238066153228 28.442773131693684 32
      vertex 100.3647404256185 28.7519009798405 32
    endloop
  endfacet
  facet normal -0.2270762630343736 0.9738769792773336 0
    outer loop
      vertex 95.73185260500406 42.32088484939939 20
      vertex 92.98195820382624 41.679699404373295 32
      vertex 95.73185260500406 42.32088484939939 32
    endloop
  endfacet
  facet normal -0.16289547339458849 0.986643332084879 0
    outer loop
      vertex 98.51779480570478 42.78084576827992 20
      vertex 95.73185260500406 42.32088484939939 32
      vertex 98.51779480570478 42.78084576827992 32
    endloop
  endfacet
  facet normal 0 0 1
    outer loop
      vertex 95.73185260500406 42.32088484939939 32
      vertex 100.3647404256185 28.7519009798405 32
      vertex 98.51779480570478 42.78084576827992 32
    endloop
  endfacet
  facet normal 0 0 1
    outer loop
      vertex 98.51779480570478 42.78084576827992 32
      vertex 100.3647404256185 28.7519009798405 32
      vertex 102.25330925232586 28.9379087739195 32
    endloop
  endfacet
  facet normal 0 0 1
    outer loop
      vertex 104.15 43.15 32
      vertex 102.25330925232586 28.9379087739195 32
      vertex 104.15 29 32
    endloop
  endfacet
  facet normal -0.09801714032956119 0.9951847266721968 0
    outer loop
      vertex 101.32785497371933 43.05761253774574 20
      vertex 98.51779480570478 42.78084576827992 32
      vertex 101.32785497371933 43.05761253774574 32
    endloop
  endfacet
  facet normal -0.03271908282177598 0.9994645874763658 0
    outer loop
      vertex 101.32785497371933 43.05761253774574 32
      vertex 104.15 43.15 32
      vertex 104.15 43.15 20
    endloop
  endfacet
  facet normal 0 0 1
    outer loop
      vertex 98.51779480570478 42.78084576827992 32
      vertex 102.25330925232586 28.9379087739195 32
      vertex 101.32785497371933 43.05761253774574 32
    endloop
  endfacet
  facet normal 0 0 1
    outer loop
      vertex 101.32785497371933 43.05761253774574 32
      vertex 102.25330925232586 28.9379087739195 32
      vertex 104.15 43.15 32
    endloop
  endfacet
  facet normal 0 0 -1
    outer loop
      vertex 104.15 -41.15 20
      vertex 104.15 -11.1 20
      vertex 106.84133876782039 -41.061894691268535 20
    endloop
  endfacet
  facet normal 0 0 -1
    outer loop
      vertex 106.84133876782039 -41.061894691268535 20
      vertex 104.87597473445459 -11.076234047948498 20
      vertex 109.52115280985512 -40.797956045532295 20
    endloop
  endfacet
  facet normal 0 0 -1
    outer loop
      vertex 109.52115280985512 -40.797956045532295 20
      vertex 107.7179780648651 -10.510924437395673 20
      vertex 112.17796675096368 -40.359314288592934 20
    endloop
  endfacet
  facet normal 0 0 -1
    outer loop
      vertex 112.17796675096368 -40.359314288592934 20
      vertex 110.31682958651758 -9.229312696558251 20
      vertex 114.80040370596873 -39.74784775179516 20
    endloop
  endfacet
  facet normal 0 0 -1
    outer loop
      vertex 114.80040370596873 -39.74784775179516 20
      vertex 113.76288198200727 -5.55 20
      vertex 117.3772339972251 -38.966174828723595 20
    endloop
  endfacet
  facet normal 0.03271908282177598 -0.9994645874763658 0
    outer loop
      vertex 104.15 -43.15 20
      vertex 106.97214502628069 -43.05761253774574 20
      vertex 106.97214502628069 -43.05761253774574 32
    endloop
  endfacet
  facet normal 0.09801714032956119 -0.9951847266721968 0
    outer loop
      vertex 106.97214502628069 -43.05761253774574 20
      vertex 109.78220519429523 -42.78084576827992 20
      vertex 109.78220519429523 -42.78084576827992 32
    endloop
  endfacet
  facet normal 0.16289547339458849 -0.986643332084879 0
    outer loop
      vertex 109.78220519429523 -42.78084576827992 20
      vertex 112.56814739499595 -42.32088484939939 20
      vertex 112.56814739499595 -42.32088484939939 32
    endloop
  endfacet
  facet normal 0.2270762630343736 -0.9738769792773336 0
    outer loop
      vertex 112.56814739499595 -42.32088484939939 20
      vertex 115.31804179617377 -41.679699404373295 20
      vertex 115.31804179617377 -41.679699404373295 32
    endloop
  endfacet
  facet normal 0.03271908282177598 -0.9994645874763658 0
    outer loop
      vertex 104.15 -43.15 20
      vertex 106.97214502628069 -43.05761253774574 32
      vertex 104.15 -43.15 32
    endloop
  endfacet
  facet normal 0.09801714032956119 -0.9951847266721968 0
    outer loop
      vertex 106.97214502628069 -43.05761253774574 20
      vertex 109.78220519429523 -42.78084576827992 32
      vertex 106.97214502628069 -43.05761253774574 32
    endloop
  endfacet
  facet normal 0 0 1
    outer loop
      vertex 104.15 -43.15 32
      vertex 106.97214502628069 -43.05761253774574 32
      vertex 106.04669074767415 -28.9379087739195 32
    endloop
  endfacet
  facet normal 0 0 1
    outer loop
      vertex 106.97214502628069 -43.05761253774574 32
      vertex 109.78220519429523 -42.78084576827992 32
      vertex 106.04669074767415 -28.9379087739195 32
    endloop
  endfacet
  facet normal 0 0 1
    outer loop
      vertex 104.15 -43.15 32
      vertex 106.04669074767415 -28.9379087739195 32
      vertex 104.15 -29 32
    endloop
  endfacet
  facet normal 0 0 1
    outer loop
      vertex 109.78220519429523 -42.78084576827992 32
      vertex 107.9352595743815 -28.7519009798405 32
      vertex 106.04669074767415 -28.9379087739195 32
    endloop
  endfacet
  facet normal 0.16289547339458849 -0.986643332084879 0
    outer loop
      vertex 109.78220519429523 -42.78084576827992 20
      vertex 112.56814739499595 -42.32088484939939 32
      vertex 109.78220519429523 -42.78084576827992 32
    endloop
  endfacet
  facet normal 0.2270762630343736 -0.9738769792773336 0
    outer loop
      vertex 112.56814739499595 -42.32088484939939 20
      vertex 115.31804179617377 -41.679699404373295 32
      vertex 112.56814739499595 -42.32088484939939 32
    endloop
  endfacet
  facet normal 0 0 1
    outer loop
      vertex 109.78220519429523 -42.78084576827992 32
      vertex 112.56814739499595 -42.32088484939939 32
      vertex 107.9352595743815 -28.7519009798405 32
    endloop
  endfacet
  facet normal 0 0 1
    outer loop
      vertex 112.56814739499595 -42.32088484939939 32
      vertex 109.80761933846773 -28.442773131693684 32
      vertex 107.9352595743815 -28.7519009798405 32
    endloop
  endfacet
  facet normal 0 0 1
    outer loop
      vertex 112.56814739499595 -42.32088484939939 32
      vertex 111.6557523079731 -28.01184896238298 32
      vertex 109.80761933846773 -28.442773131693684 32
    endloop
  endfacet
  facet normal 0 0 1
    outer loop
      vertex 112.56814739499595 -42.32088484939939 32
      vertex 115.31804179617377 -41.679699404373295 32
      vertex 111.6557523079731 -28.01184896238298 32
    endloop
  endfacet
  facet normal 0 0 1
    outer loop
      vertex 115.31804179617377 -41.679699404373295 32
      vertex 113.47174449379169 -27.460973755358065 32
      vertex 111.6557523079731 -28.01184896238298 32
    endloop
  endfacet
  facet normal 0 0 1
    outer loop
      vertex 115.31804179617377 -41.679699404373295 32
      vertex 115.2478195385876 -26.792506442827314 32
      vertex 113.47174449379169 -27.460973755358065 32
    endloop
  endfacet
  facet normal 0.29028467725446033 -0.9569403357322094 0
    outer loop
      vertex 115.31804179617377 -41.679699404373295 20
      vertex 118.02011292783143 -40.86003508771381 20
      vertex 118.02011292783143 -40.86003508771381 32
    endloop
  endfacet
  facet normal 0.35225004792123504 -0.9359059267573252 0
    outer loop
      vertex 118.02011292783143 -40.86003508771381 20
      vertex 120.66279010655363 -39.86540182786202 20
      vertex 120.66279010655363 -39.86540182786202 32
    endloop
  endfacet
  facet normal 0.41270702980439633 -0.9108638249211751 0
    outer loop
      vertex 120.66279010655363 -39.86540182786202 20
      vertex 123.2347569829499 -38.7000587971355 20
      vertex 123.2347569829499 -38.7000587971355 32
    endloop
  endfacet
  facet normal 0.47139673682599564 -0.8819212643483562 0
    outer loop
      vertex 123.2347569829499 -38.7000587971355 20
      vertex 125.72500000000001 -37.36899617329853 20
      vertex 125.72500000000001 -37.36899617329853 32
    endloop
  endfacet
  facet normal 0.29028467725446033 -0.9569403357322094 0
    outer loop
      vertex 115.31804179617377 -41.679699404373295 20
      vertex 118.02011292783143 -40.86003508771381 32
      vertex 115.31804179617377 -41.679699404373295 32
    endloop
  endfacet
  facet normal 0.35225004792123504 -0.9359059267573252 0
    outer loop
      vertex 118.02011292783143 -40.86003508771381 20
      vertex 120.66279010655363 -39.86540182786202 32
      vertex 118.02011292783143 -40.86003508771381 32
    endloop
  endfacet
  facet normal 0 0 1
    outer loop
      vertex 115.31804179617377 -41.679699404373295 32
      vertex 118.02011292783143 -40.86003508771381 32
      vertex 115.2478195385876 -26.792506442827314 32
    endloop
  endfacet
  facet normal 0 0 1
    outer loop
      vertex 118.02011292783143 -40.86003508771381 32
      vertex 120.66279010655363 -39.86540182786202 32
      vertex 116.97637201635104 -26.00930950444796 32
    endloop
  endfacet
  facet normal 0.41270702980439633 -0.9108638249211751 0
    outer loop
      vertex 120.66279010655363 -39.86540182786202 20
      vertex 123.2347569829499 -38.7000587971355 32
      vertex 120.66279010655363 -39.86540182786202 32
    endloop
  endfacet
  facet normal 0.47139673682599564 -0.8819212643483562 0
    outer loop
      vertex 123.2347569829499 -38.7000587971355 20
      vertex 125.72500000000001 -37.36899617329853 32
      vertex 123.2347569829499 -38.7000587971355 32
    endloop
  endfacet
  facet normal 0 0 1
    outer loop
      vertex 120.66279010655363 -39.86540182786202 32
      vertex 123.2347569829499 -38.7000587971355 32
      vertex 120.26153675756846 -24.112618756773813 32
    endloop
  endfacet
  facet normal 0 0 1
    outer loop
      vertex 123.2347569829499 -38.7000587971355 32
      vertex 125.72500000000001 -37.36899617329853 32
      vertex 121.8040814412529 -23.00724686844582 32
    endloop
  endfacet
  facet normal 0 0 1
    outer loop
      vertex 118.02011292783143 -40.86003508771381 32
      vertex 116.97637201635104 -26.00930950444796 32
      vertex 115.2478195385876 -26.792506442827314 32
    endloop
  endfacet
  facet normal 0 0 1
    outer loop
      vertex 120.66279010655363 -39.86540182786202 32
      vertex 118.65 -25.11473670974872 32
      vertex 116.97637201635104 -26.00930950444796 32
    endloop
  endfacet
  facet normal 0 0 1
    outer loop
      vertex 120.66279010655363 -39.86540182786202 32
      vertex 120.26153675756846 -24.112618756773813 32
      vertex 118.65 -25.11473670974872 32
    endloop
  endfacet
  facet normal 0 0 1
    outer loop
      vertex 123.2347569829499 -38.7000587971355 32
      vertex 121.8040814412529 -23.00724686844582 32
      vertex 120.26153675756846 -24.112618756773813 32
    endloop
  endfacet
  facet normal 0 0 1
    outer loop
      vertex 125.72500000000001 -37.36899617329853 32
      vertex 123.271028637902 -21.803354416890343 32
      vertex 121.8040814412529 -23.00724686844582 32
    endloop
  endfacet
  facet normal 0 0 1
    outer loop
      vertex 125.72500000000001 -37.36899617329853 32
      vertex 124.65609665440988 -20.50609665440988 32
      vertex 123.271028637902 -21.803354416890343 32
    endloop
  endfacet
  facet normal 0 0 -1
    outer loop
      vertex 106.84133876782039 -41.061894691268535 20
      vertex 104.15 -11.1 20
      vertex 104.87597473445459 -11.076234047948498 20
    endloop
  endfacet
  facet normal 0 0 -1
    outer loop
      vertex 109.52115280985512 -40.797956045532295 20
      vertex 104.87597473445459 -11.076234047948498 20
      vertex 105.59884073364258 -11.005037961249295 20
    endloop
  endfacet
  facet normal 0 0 -1
    outer loop
      vertex 109.52115280985512 -40.797956045532295 20
      vertex 105.59884073364258 -11.005037961249295 20
      vertex 106.31550257437902 -10.886716612475858 20
    endloop
  endfacet
  facet normal 0 0 -1
    outer loop
      vertex 109.52115280985512 -40.797956045532295 20
      vertex 106.31550257437902 -10.886716612475858 20
      vertex 107.02289140063799 -10.721776671808659 20
    endloop
  endfacet
  facet normal 0 0 -1
    outer loop
      vertex 109.52115280985512 -40.797956045532295 20
      vertex 107.02289140063799 -10.721776671808659 20
      vertex 107.7179780648651 -10.510924437395673 20
    endloop
  endfacet
  facet normal 0 0 -1
    outer loop
      vertex 112.17796675096368 -40.359314288592934 20
      vertex 107.7179780648651 -10.510924437395673 20
      vertex 108.3977860992525 -10.255062810875282 20
    endloop
  endfacet
  facet normal 0 0 -1
    outer loop
      vertex 112.17796675096368 -40.359314288592934 20
      vertex 108.3977860992525 -10.255062810875282 20
      vertex 109.05940446143092 -9.95528743101284 20
    endloop
  endfacet
  facet normal 0 0 -1
    outer loop
      vertex 112.17796675096368 -40.359314288592934 20
      vertex 109.05940446143092 -9.95528743101284 20
      vertex 109.7 -9.612881982007268 20
    endloop
  endfacet
  facet normal 0 0 -1
    outer loop
      vertex 112.17796675096368 -40.359314288592934 20
      vertex 109.7 -9.612881982007268 20
      vertex 110.31682958651758 -9.229312696558251 20
    endloop
  endfacet
  facet normal 0 0 -1
    outer loop
      vertex 114.80040370596873 -39.74784775179516 20
      vertex 110.31682958651758 -9.229312696558251 20
      vertex 110.9072518619968 -8.80622207723271 20
    endloop
  endfacet
  facet normal 0 0 -1
    outer loop
      vertex 114.80040370596873 -39.74784775179516 20
      vertex 110.9072518619968 -8.80622207723271 20
      vertex 111.46873854761077 -8.345421863016648 20
    endloop
  endfacet
  facet normal 0 0 -1
    outer loop
      vertex 114.80040370596873 -39.74784775179516 20
      vertex 111.46873854761077 -8.345421863016648 20
      vertex 111.99888527117068 -7.848885271170678 20
    endloop
  endfacet
  facet normal 0 0 -1
    outer loop
      vertex 114.80040370596873 -39.74784775179516 20
      vertex 111.99888527117068 -7.848885271170678 20
      vertex 112.49542186301666 -7.318738547610764 20
    endloop
  endfacet
  facet normal 0 0 -1
    outer loop
      vertex 114.80040370596873 -39.74784775179516 20
      vertex 112.49542186301666 -7.318738547610764 20
      vertex 112.95622207723272 -6.757251861996799 20
    endloop
  endfacet
  facet normal 0 0 -1
    outer loop
      vertex 114.80040370596873 -39.74784775179516 20
      vertex 112.95622207723272 -6.757251861996799 20
      vertex 113.37931269655826 -6.166829586517584 20
    endloop
  endfacet
  facet normal 0 0 -1
    outer loop
      vertex 114.80040370596873 -39.74784775179516 20
      vertex 113.37931269655826 -6.166829586517584 20
      vertex 113.76288198200727 -5.55 20
    endloop
  endfacet
  facet normal 0 0 -1
    outer loop
      vertex 117.3772339972251 -38.966174828723595 20
      vertex 113.76288198200727 -5.55 20
      vertex 114.10528743101284 -4.909404461430914 20
    endloop
  endfacet
  facet normal 0 0 -1
    outer loop
      vertex 117.3772339972251 -38.966174828723595 20
      vertex 114.10528743101284 -4.909404461430914 20
      vertex 114.4050628108753 -4.2477860992524965 20
    endloop
  endfacet
  facet normal 0 0 -1
    outer loop
      vertex 117.3772339972251 -38.966174828723595 20
      vertex 114.4050628108753 -4.2477860992524965 20
      vertex 114.66092443739568 -3.5679780648650934 20
    endloop
  endfacet
  facet normal 0 0 -1
    outer loop
      vertex 117.3772339972251 -38.966174828723595 20
      vertex 114.66092443739568 -3.5679780648650934 20
      vertex 114.87177667180866 -2.87289140063798 20
    endloop
  endfacet
  facet normal 0 0 -1
    outer loop
      vertex 117.3772339972251 -38.966174828723595 20
      vertex 114.87177667180866 -2.87289140063798 20
      vertex 115.03671661247586 -2.1655025743790235 20
    endloop
  endfacet
  facet normal 0 0 -1
    outer loop
      vertex 117.3772339972251 -38.966174828723595 20
      vertex 115.03671661247586 -2.1655025743790235 20
      vertex 115.1550379612493 -1.4488407336425724 20
    endloop
  endfacet
  facet normal 0 0 -1
    outer loop
      vertex 117.3772339972251 -38.966174828723595 20
      vertex 115.1550379612493 -1.4488407336425724 20
      vertex 115.22623404794851 -0.7259747344545879 20
    endloop
  endfacet
  facet normal 0 0 -1
    outer loop
      vertex 117.3772339972251 -38.966174828723595 20
      vertex 115.22623404794851 -0.7259747344545879 20
      vertex 115.25 0 20
    endloop
  endfacet
  facet normal 0 0 -1
    outer loop
      vertex 117.3772339972251 -38.966174828723595 20
      vertex 117.3772339972251 38.966174828723595 20
      vertex 119.89742324182345 -38.01764276283945 20
    endloop
  endfacet
  facet normal 0 0 -1
    outer loop
      vertex 119.89742324182345 -38.01764276283945 20
      vertex 119.89742324182345 38.01764276283945 20
      vertex 122.3501796025119 -36.90631331407012 20
    endloop
  endfacet
  facet normal 0 0 -1
    outer loop
      vertex 122.3501796025119 -36.90631331407012 20
      vertex 122.3501796025119 36.90631331407012 20
      vertex 124.72500000000001 -35.636945365729645 20
    endloop
  endfacet
  facet normal 0 0 -1
    outer loop
      vertex 124.72500000000001 -35.636945365729645 20
      vertex 124.72500000000001 35.636945365729645 20
      vertex 127.01171508875663 -34.214974546249735 20
    endloop
  endfacet
  facet normal 0.5280678506503678 -0.849202181526579 0
    outer loop
      vertex 125.72500000000001 -37.36899617329853 20
      vertex 128.12285555479585 -35.877913770854825 20
      vertex 128.12285555479585 -35.877913770854825 32
    endloop
  endfacet
  facet normal 0.5824776968678028 -0.8128466845916149 0
    outer loop
      vertex 128.12285555479585 -35.877913770854825 20
      vertex 130.4180556617263 -34.2331966335668 20
      vertex 130.4180556617263 -34.2331966335668 32
    endloop
  endfacet
  facet normal 0.6343932841636479 -0.773010453362735 0
    outer loop
      vertex 130.4180556617263 -34.2331966335668 20
      vertex 132.60077192156797 -32.44188769271787 20
      vertex 132.60077192156797 -32.44188769271787 32
    endloop
  endfacet
  facet normal 0.5280678506503678 -0.849202181526579 0
    outer loop
      vertex 125.72500000000001 -37.36899617329853 20
      vertex 128.12285555479585 -35.877913770854825 32
      vertex 125.72500000000001 -37.36899617329853 32
    endloop
  endfacet
  facet normal 0.5824776968678028 -0.8128466845916149 0
    outer loop
      vertex 128.12285555479585 -35.877913770854825 20
      vertex 130.4180556617263 -34.2331966335668 32
      vertex 128.12285555479585 -35.877913770854825 32
    endloop
  endfacet
  facet normal 0.6343932841636479 -0.773010453362735 0
    outer loop
      vertex 130.4180556617263 -34.2331966335668 20
      vertex 132.60077192156797 -32.44188769271787 32
      vertex 130.4180556617263 -34.2331966335668 32
    endloop
  endfacet
  facet normal 0.6835923020228681 -0.7298640726978385 0
    outer loop
      vertex 132.60077192156797 -32.44188769271787 20
      vertex 134.66165760819953 -30.511657608199528 20
      vertex 134.66165760819953 -30.511657608199528 32
    endloop
  endfacet
  facet normal 0.7298640726978374 -0.6835923020228694 0
    outer loop
      vertex 134.66165760819953 -30.511657608199528 20
      vertex 136.59188769271788 -28.45077192156797 20
      vertex 134.66165760819953 -30.511657608199528 32
    endloop
  endfacet
  facet normal 0 0 1
    outer loop
      vertex 125.72500000000001 -37.36899617329853 32
      vertex 128.12285555479585 -35.877913770854825 32
      vertex 124.65609665440988 -20.50609665440988 32
    endloop
  endfacet
  facet normal 0 0 1
    outer loop
      vertex 128.12285555479585 -35.877913770854825 32
      vertex 130.4180556617263 -34.2331966335668 32
      vertex 127.15724686844582 -17.6540814412529 32
    endloop
  endfacet
  facet normal 0 0 1
    outer loop
      vertex 128.12285555479585 -35.877913770854825 32
      vertex 125.95335441689035 -19.121028637901997 32
      vertex 124.65609665440988 -20.50609665440988 32
    endloop
  endfacet
  facet normal 0 0 1
    outer loop
      vertex 128.12285555479585 -35.877913770854825 32
      vertex 127.15724686844582 -17.6540814412529 32
      vertex 125.95335441689035 -19.121028637901997 32
    endloop
  endfacet
  facet normal 0 0 1
    outer loop
      vertex 130.4180556617263 -34.2331966335668 32
      vertex 132.60077192156797 -32.44188769271787 32
      vertex 130.15930950444798 -12.826372016351037 32
    endloop
  endfacet
  facet normal 0 0 1
    outer loop
      vertex 130.4180556617263 -34.2331966335668 32
      vertex 128.2626187567738 -16.111536757568462 32
      vertex 127.15724686844582 -17.6540814412529 32
    endloop
  endfacet
  facet normal 0 0 1
    outer loop
      vertex 130.4180556617263 -34.2331966335668 32
      vertex 129.26473670974872 -14.5 32
      vertex 128.2626187567738 -16.111536757568462 32
    endloop
  endfacet
  facet normal 0.6835923020228681 -0.7298640726978385 0
    outer loop
      vertex 132.60077192156797 -32.44188769271787 20
      vertex 134.66165760819953 -30.511657608199528 32
      vertex 132.60077192156797 -32.44188769271787 32
    endloop
  endfacet
  facet normal 0.7298640726978374 -0.6835923020228694 0
    outer loop
      vertex 136.59188769271788 -28.45077192156797 20
      vertex 136.59188769271788 -28.45077192156797 32
      vertex 134.66165760819953 -30.511657608199528 32
    endloop
  endfacet
  facet normal 0 0 1
    outer loop
      vertex 132.60077192156797 -32.44188769271787 32
      vertex 134.66165760819953 -30.511657608199528 32
      vertex 132.5927731316937 -5.657619338467719 32
    endloop
  endfacet
  facet normal 0.7730104533627372 -0.6343932841636452 0
    outer loop
      vertex 136.59188769271788 -28.45077192156797 20
      vertex 138.3831966335668 -26.268055661726294 20
      vertex 136.59188769271788 -28.45077192156797 32
    endloop
  endfacet
  facet normal 0.8128466845916137 -0.5824776968678043 0
    outer loop
      vertex 138.3831966335668 -26.268055661726294 20
      vertex 140.02791377085484 -23.97285555479583 20
      vertex 138.3831966335668 -26.268055661726294 32
    endloop
  endfacet
  facet normal 0.8492021815265772 -0.5280678506503708 0
    outer loop
      vertex 140.02791377085484 -23.97285555479583 20
      vertex 141.51899617329855 -21.575 20
      vertex 140.02791377085484 -23.97285555479583 32
    endloop
  endfacet
  facet normal 0.7730104533627372 -0.6343932841636452 0
    outer loop
      vertex 138.3831966335668 -26.268055661726294 20
      vertex 138.3831966335668 -26.268055661726294 32
      vertex 136.59188769271788 -28.45077192156797 32
    endloop
  endfacet
  facet normal 0.8128466845916137 -0.5824776968678043 0
    outer loop
      vertex 140.02791377085484 -23.97285555479583 20
      vertex 140.02791377085484 -23.97285555479583 32
      vertex 138.3831966335668 -26.268055661726294 32
    endloop
  endfacet
  facet normal 0.8492021815265772 -0.5280678506503708 0
    outer loop
      vertex 140.02791377085484 -23.97285555479583 32
      vertex 141.51899617329855 -21.575 20
      vertex 141.51899617329855 -21.575 32
    endloop
  endfacet
  facet normal 0 0 -1
    outer loop
      vertex 127.01171508875663 -34.214974546249735 20
      vertex 127.01171508875663 34.214974546249735 20
      vertex 129.20053280370885 -32.646489952984325 20
    endloop
  endfacet
  facet normal 0 0 -1
    outer loop
      vertex 129.20053280370885 -32.646489952984325 20
      vertex 129.20053280370885 32.646489952984325 20
      vertex 131.28208029136783 -30.938208077759917 20
    endloop
  endfacet
  facet normal 0 0 -1
    outer loop
      vertex 131.28208029136783 -30.938208077759917 20
      vertex 131.28208029136783 30.938208077759917 20
      vertex 133.24744404582643 -29.097444045826432 20
    endloop
  endfacet
  facet normal 0 0 -1
    outer loop
      vertex 133.24744404582643 -29.097444045826432 20
      vertex 133.24744404582643 29.097444045826432 20
      vertex 135.08820807775993 -27.13208029136783 20
    endloop
  endfacet
  facet normal 0 0 -1
    outer loop
      vertex 135.08820807775993 -27.13208029136783 20
      vertex 135.08820807775993 27.13208029136783 20
      vertex 136.79648995298433 -25.050532803708855 20
    endloop
  endfacet
  facet normal 0 0 -1
    outer loop
      vertex 136.79648995298433 -25.050532803708855 20
      vertex 136.79648995298433 25.050532803708855 20
      vertex 138.36497454624975 -22.86171508875663 20
    endloop
  endfacet
  facet normal 0 0 -1
    outer loop
      vertex 138.36497454624975 -22.86171508875663 20
      vertex 138.36497454624975 22.86171508875663 20
      vertex 139.78694536572965 -20.575 20
    endloop
  endfacet
  facet normal 0 0 -1
    outer loop
      vertex 139.78694536572965 -20.575 20
      vertex 139.78694536572965 20.575 20
      vertex 141.0563133140701 -18.200179602511902 20
    endloop
  endfacet
  facet normal 0 0 -1
    outer loop
      vertex 141.0563133140701 -18.200179602511902 20
      vertex 141.0563133140701 18.200179602511902 20
      vertex 142.16764276283945 -15.747423241823444 20
    endloop
  endfacet
  facet normal 0 0 -1
    outer loop
      vertex 142.16764276283945 -15.747423241823444 20
      vertex 142.16764276283945 15.747423241823444 20
      vertex 143.11617482872362 -13.227233997225099 20
    endloop
  endfacet
  facet normal 0 0 -1
    outer loop
      vertex 143.11617482872362 -13.227233997225099 20
      vertex 143.11617482872362 13.227233997225099 20
      vertex 143.89784775179515 -10.650403705968728 20
    endloop
  endfacet
  facet normal 0 0 -1
    outer loop
      vertex 143.89784775179515 -10.650403705968728 20
      vertex 143.89784775179515 10.650403705968728 20
      vertex 144.50931428859295 -8.027966750963676 20
    endloop
  endfacet
  facet normal 0 0 -1
    outer loop
      vertex 144.50931428859295 -8.027966750963676 20
      vertex 144.50931428859295 8.027966750963676 20
      vertex 144.9479560455323 -5.371152809855122 20
    endloop
  endfacet
  facet normal 0 0 -1
    outer loop
      vertex 144.9479560455323 -5.371152809855122 20
      vertex 144.9479560455323 5.371152809855122 20
      vertex 145.21189469126853 -2.691338767820387 20
    endloop
  endfacet
  facet normal 0.9994645874763656 -0.032719082821778565 4.1786734985517284e-17
    outer loop
      vertex 147.20761253774575 -2.822145026280673 20
      vertex 147.3 0 20
      vertex 147.22725005489838 -2.2222809320784087 29.17412155078982
    endloop
  endfacet
  facet normal 0 0 1
    outer loop
      vertex 130.4180556617263 -34.2331966335668 32
      vertex 130.15930950444798 -12.826372016351037 32
      vertex 129.26473670974872 -14.5 32
    endloop
  endfacet
  facet normal 0 0 1
    outer loop
      vertex 132.60077192156797 -32.44188769271787 32
      vertex 130.94250644282732 -11.097819538587604 32
      vertex 130.15930950444798 -12.826372016351037 32
    endloop
  endfacet
  facet normal 0 0 1
    outer loop
      vertex 132.60077192156797 -32.44188769271787 32
      vertex 131.61097375535806 -9.321744493791686 32
      vertex 130.94250644282732 -11.097819538587604 32
    endloop
  endfacet
  facet normal 0 0 1
    outer loop
      vertex 132.60077192156797 -32.44188769271787 32
      vertex 132.16184896238298 -7.5057523079731014 32
      vertex 131.61097375535806 -9.321744493791686 32
    endloop
  endfacet
  facet normal 0 0 1
    outer loop
      vertex 134.66165760819953 -30.511657608199528 32
      vertex 136.59188769271788 -28.45077192156797 32
      vertex 132.87173758292815 -3.9679565752031385 32
    endloop
  endfacet
  facet normal 0 0 1
    outer loop
      vertex 136.59188769271788 -28.45077192156797 32
      vertex 138.3831966335668 -26.268055661726294 32
      vertex 132.87173758292815 -3.9679565752031385 32
    endloop
  endfacet
  facet normal 0 0 1
    outer loop
      vertex 132.60077192156797 -32.44188769271787 32
      vertex 132.5927731316937 -5.657619338467719 32
      vertex 132.16184896238298 -7.5057523079731014 32
    endloop
  endfacet
  facet normal 0 0 1
    outer loop
      vertex 134.66165760819953 -30.511657608199528 32
      vertex 132.87173758292815 -3.9679565752031385 32
      vertex 132.5927731316937 -5.657619338467719 32
    endloop
  endfacet
  facet normal 0.8819212643483595 -0.4713967368259893 0
    outer loop
      vertex 141.51899617329855 -21.575 20
      vertex 142.8500587971355 -19.084756982949905 20
      vertex 141.51899617329855 -21.575 32
    endloop
  endfacet
  facet normal 0.9108638249211727 -0.41270702980440166 0
    outer loop
      vertex 142.8500587971355 -19.084756982949905 20
      vertex 144.01540182786204 -16.512790106553624 20
      vertex 142.8500587971355 -19.084756982949905 32
    endloop
  endfacet
  facet normal 0.9359059267573262 -0.35225004792123193 0
    outer loop
      vertex 144.01540182786204 -16.512790106553624 20
      vertex 145.01003508771382 -13.870112927831421 20
      vertex 144.01540182786204 -16.512790106553624 32
    endloop
  endfacet
  facet normal 0.9569403357322107 -0.29028467725445667 0
    outer loop
      vertex 145.01003508771382 -13.870112927831421 20
      vertex 145.8296994043733 -11.16804179617377 20
      vertex 145.01003508771382 -13.870112927831421 32
    endloop
  endfacet
  facet normal 0 0 1
    outer loop
      vertex 138.3831966335668 -26.268055661726294 32
      vertex 140.02791377085484 -23.97285555479583 32
      vertex 132.87173758292815 -3.9679565752031385 32
    endloop
  endfacet
  facet normal 0 0 1
    outer loop
      vertex 140.02791377085484 -23.97285555479583 32
      vertex 141.51899617329855 -21.575 32
      vertex 132.87173758292815 -3.9679565752031385 32
    endloop
  endfacet
  facet normal 0 0 1
    outer loop
      vertex 141.51899617329855 -21.575 32
      vertex 142.8500587971355 -19.084756982949905 32
      vertex 132.87173758292815 -3.9679565752031385 32
    endloop
  endfacet
  facet normal 0 0 1
    outer loop
      vertex 142.8500587971355 -19.084756982949905 32
      vertex 144.01540182786204 -16.512790106553624 32
      vertex 132.87173758292815 -3.9679565752031385 32
    endloop
  endfacet
  facet normal 0 0 1
    outer loop
      vertex 144.01540182786204 -16.512790106553624 32
      vertex 145.01003508771382 -13.870112927831421 32
      vertex 132.87173758292815 -3.9679565752031385 32
    endloop
  endfacet
  facet normal 0.8819212643483595 -0.4713967368259893 0
    outer loop
      vertex 142.8500587971355 -19.084756982949905 20
      vertex 142.8500587971355 -19.084756982949905 32
      vertex 141.51899617329855 -21.575 32
    endloop
  endfacet
  facet normal 0.9108638249211727 -0.41270702980440166 0
    outer loop
      vertex 144.01540182786204 -16.512790106553624 20
      vertex 144.01540182786204 -16.512790106553624 32
      vertex 142.8500587971355 -19.084756982949905 32
    endloop
  endfacet
  facet normal 0.9359059267573262 -0.35225004792123193 0
    outer loop
      vertex 145.01003508771382 -13.870112927831421 20
      vertex 145.01003508771382 -13.870112927831421 32
      vertex 144.01540182786204 -16.512790106553624 32
    endloop
  endfacet
  facet normal 0.9569403357322107 -0.29028467725445667 0
    outer loop
      vertex 145.8296994043733 -11.16804179617377 20
      vertex 145.8296994043733 -11.16804179617377 32
      vertex 145.01003508771382 -13.870112927831421 32
    endloop
  endfacet
  facet normal 0.9738769792773326 -0.22707626303437767 0
    outer loop
      vertex 145.8296994043733 -11.16804179617377 20
      vertex 146.4708848493994 -8.418147394995934 20
      vertex 145.8296994043733 -11.16804179617377 32
    endloop
  endfacet
  facet normal 0.9866433320848781 -0.16289547339459387 0
    outer loop
      vertex 146.4708848493994 -8.418147394995934 20
      vertex 146.93084576827994 -5.632205194295225 20
      vertex 146.4708848493994 -8.418147394995934 32
    endloop
  endfacet
  facet normal 0.9951847266721975 -0.09801714032955594 0
    outer loop
      vertex 146.93084576827994 -5.632205194295225 20
      vertex 147.20761253774575 -2.822145026280673 20
      vertex 146.93084576827994 -5.632205194295225 32
    endloop
  endfacet
  facet normal 0.9994645874763678 -0.032719082821709475 1.3771442748738304e-14
    outer loop
      vertex 147.3 0 20
      vertex 147.24208386983295 -1.7691547608760052 28.91250903386925
      vertex 147.23452677917408 -2 29.035898384862247
    endloop
  endfacet
  facet normal 0.9994645874763673 -0.03271908282172408 1.0873576618745964e-14
    outer loop
      vertex 147.3 0 20
      vertex 147.24988896625266 -1.5307337294603591 28.804481869954852
      vertex 147.24208386983295 -1.7691547608760052 28.91250903386925
    endloop
  endfacet
  facet normal 0.999464587476367 -0.03271908282173718 8.580602987874862e-15
    outer loop
      vertex 147.3 0 20
      vertex 147.25790864581205 -1.2857578612126463 28.712279482019575
      vertex 147.24988896625266 -1.5307337294603591 28.804481869954852
    endloop
  endfacet
  facet normal 0.999464587476364 -0.0327190828218217 -3.905791675102179e-15
    outer loop
      vertex 147.3 0 20
      vertex 147.26610856701208 -1.035276180410083 28.63629669484373
      vertex 147.25790864581205 -1.2857578612126463 28.712279482019575
    endloop
  endfacet
  facet normal 0.9994645874763642 -0.032719082821819255 -3.610205298547922e-15
    outer loop
      vertex 147.3 0 20
      vertex 147.27445361653128 -0.780361288064513 28.57685887838708
      vertex 147.26610856701208 -1.035276180410083 28.63629669484373
    endloop
  endfacet
  facet normal 0.999464587476366 -0.03271908282176106 1.6918702946510089e-15
    outer loop
      vertex 147.3 0 20
      vertex 147.28290805958642 -0.5221047688802063 28.534220554504756
      vertex 147.27445361653128 -0.780361288064513 28.57685887838708
    endloop
  endfacet
  facet normal 0.9994645874763651 -0.032719082821790646 -1.204403822746147e-16
    outer loop
      vertex 147.3 0 20
      vertex 147.29143569295442 -0.26161251692057225 28.508564307045585
      vertex 147.28290805958642 -0.5221047688802063 28.534220554504756
    endloop
  endfacet
  facet normal 0.9994645874763654 -0.03271908282178673 0
    outer loop
      vertex 147.3 0 20
      vertex 147.3 0 28.5
      vertex 147.29143569295442 -0.26161251692057225 28.508564307045585
    endloop
  endfacet
  facet normal 0.9994645874763685 -0.032719082821688054 0
    outer loop
      vertex 147.20761253774575 -2.822145026280673 20
      vertex 147.21366101169457 -2.6373832604002754 29.49264077008409
      vertex 147.20761253774575 -2.822145026280673 29.665689047960182
    endloop
  endfacet
  facet normal 0.9951847266724542 -0.09801714032694724 0
    outer loop
      vertex 147.20761253774575 -2.822145026280673 20
      vertex 147.20761253774575 -2.822145026280673 29.665689047960182
      vertex 147.20699380505187 -2.8284271247461903 29.67157287525381
    endloop
  endfacet
  facet normal 0.9951847266721899 -0.09801714032963105 -1.7601524819897103e-15
    outer loop
      vertex 147.20761253774575 -2.822145026280673 20
      vertex 147.20699380505187 -2.8284271247461903 29.67157287525381
      vertex 147.18937053090804 -3.0073592299159095 29.862616739599723
    endloop
  endfacet
  facet normal 0.9951847266721895 -0.09801714032963513 -1.8372154987605235e-15
    outer loop
      vertex 147.20761253774575 -2.822145026280673 20
      vertex 147.18937053090804 -3.0073592299159095 29.862616739599723
      vertex 147.17301562648805 -3.1734133611649407 30.06495428396512
    endloop
  endfacet
  facet normal 0.9951847266722067 -0.09801714032946104 4.295181270085528e-15
    outer loop
      vertex 147.20761253774575 -2.822145026280673 20
      vertex 147.17301562648805 -3.1734133611649407 30.06495428396512
      vertex 147.15799912600352 -3.325878449210181 30.27771906792159
    endloop
  endfacet
  facet normal 0.9951847266721874 -0.09801714032965786 -5.4456612690184756e-15
    outer loop
      vertex 147.20761253774575 -2.822145026280673 20
      vertex 147.15799912600352 -3.325878449210181 30.27771906792159
      vertex 147.14438533241483 -3.4641016151377544 30.5
    endloop
  endfacet
  facet normal 0.9951847266721979 -0.09801714032955078 1.2243497523896684e-15
    outer loop
      vertex 147.20761253774575 -2.822145026280673 20
      vertex 147.105028001181 -3.8637033051562732 31.464723819589917
      vertex 146.93084576827994 -5.632205194295225 32
    endloop
  endfacet
  facet normal 0.9951847266721787 -0.09801714032974612 -1.4600072856314324e-14
    outer loop
      vertex 147.20761253774575 -2.822145026280673 20
      vertex 147.12159279510158 -3.695518130045147 30.96926627053964
      vertex 147.11251165252094 -3.7877205179804228 31.214242138787355
    endloop
  endfacet
  facet normal 0.9951847266721952 -0.09801714032957852 -5.476740649798929e-16
    outer loop
      vertex 147.20761253774575 -2.822145026280673 20
      vertex 147.14438533241483 -3.4641016151377544 30.5
      vertex 147.1322325420762 -3.587490966130753 30.730845239123994
    endloop
  endfacet
  facet normal 0.9951847266722019 -0.09801714032950856 4.482296522799061e-15
    outer loop
      vertex 147.20761253774575 -2.822145026280673 20
      vertex 147.1322325420762 -3.587490966130753 30.730845239123994
      vertex 147.12159279510158 -3.695518130045147 30.96926627053964
    endloop
  endfacet
  facet normal 0.9951847266722216 -0.09801714032930998 2.3333977238578132e-14
    outer loop
      vertex 147.20761253774575 -2.822145026280673 20
      vertex 147.11251165252094 -3.7877205179804228 31.214242138787355
      vertex 147.105028001181 -3.8637033051562732 31.464723819589917
    endloop
  endfacet
  facet normal 0.9994645874763644 -0.032719082821817944 2.6197130657431397e-15
    outer loop
      vertex 147.20761253774575 -2.822145026280673 20
      vertex 147.22725005489838 -2.2222809320784087 29.17412155078982
      vertex 147.22028485705638 -2.4350457160348826 29.32658663883506
    endloop
  endfacet
  facet normal 0.9994645874763645 -0.03271908282181392 2.4524502866987187e-15
    outer loop
      vertex 147.20761253774575 -2.822145026280673 20
      vertex 147.22028485705638 -2.4350457160348826 29.32658663883506
      vertex 147.21366101169457 -2.6373832604002754 29.49264077008409
    endloop
  endfacet
  facet normal 0.9994645874763631 -0.03271908282185425 -1.8306298964191155e-14
    outer loop
      vertex 147.3 0 20
      vertex 147.23452677917408 -2 29.035898384862247
      vertex 147.22725005489838 -2.2222809320784087 29.17412155078982
    endloop
  endfacet
  facet normal 0 0 1
    outer loop
      vertex 145.01003508771382 -13.870112927831421 32
      vertex 145.8296994043733 -11.16804179617377 32
      vertex 132.87173758292815 -3.9679565752031385 32
    endloop
  endfacet
  facet normal 0 0 1
    outer loop
      vertex 145.8296994043733 -11.16804179617377 32
      vertex 146.4708848493994 -8.418147394995934 32
      vertex 132.87173758292815 -3.9679565752031385 32
    endloop
  endfacet
  facet normal 0.9738769792773326 -0.22707626303437767 0
    outer loop
      vertex 146.4708848493994 -8.418147394995934 20
      vertex 146.4708848493994 -8.418147394995934 32
      vertex 145.8296994043733 -11.16804179617377 32
    endloop
  endfacet
  facet normal 0.9866433320848781 -0.16289547339459387 0
    outer loop
      vertex 146.93084576827994 -5.632205194295225 20
      vertex 146.93084576827994 -5.632205194295225 32
      vertex 146.4708848493994 -8.418147394995934 32
    endloop
  endfacet
  facet normal 0 0 1
    outer loop
      vertex 146.4708848493994 -8.418147394995934 32
      vertex 146.93084576827994 -5.632205194295225 32
      vertex 132.87173758292815 -3.9679565752031385 32
    endloop
  endfacet
  facet normal 0 0 1
    outer loop
      vertex 146.93084576827994 -5.632205194295225 32
      vertex 147.09475995030954 -3.9679565752031385 32
      vertex 132.87173758292815 -3.9679565752031385 32
    endloop
  endfacet
  facet normal 0.9951847266721954 -0.09801714032957655 -8.477718629403363e-14
    outer loop
      vertex 146.93084576827994 -5.632205194295225 32
      vertex 147.105028001181 -3.8637033051562732 31.464723819589917
      vertex 147.09917388722573 -3.9231411216129217 31.719638711935488
    endloop
  endfacet
  facet normal 0.9951847266721976 -0.0980171403295537 5.583269139456023e-14
    outer loop
      vertex 146.93084576827994 -5.632205194295225 32
      vertex 147.09917388722573 -3.9231411216129217 31.719638711935488
      vertex 147.09497437886975 -3.9657794454952415 31.977895231119795
    endloop
  endfacet
  facet normal 0.9951847266721969 -0.09801714032955948 -3.8443216543932284e-13
    outer loop
      vertex 146.93084576827994 -5.632205194295225 32
      vertex 147.09497437886975 -3.9657794454952415 31.977895231119795
      vertex 147.09475995030954 -3.9679565752031385 32
    endloop
  endfacet
  facet normal 0 0 -1
    outer loop
      vertex 104.15 11.1 20
      vertex 106.84133876782039 41.061894691268535 20
      vertex 104.87597473445459 11.076234047948498 20
    endloop
  endfacet
  facet normal 0 0 -1
    outer loop
      vertex 104.87597473445459 11.076234047948498 20
      vertex 106.84133876782039 41.061894691268535 20
      vertex 105.59884073364258 11.005037961249295 20
    endloop
  endfacet
  facet normal 0 0 -1
    outer loop
      vertex 107.02289140063799 10.721776671808659 20
      vertex 106.31550257437902 10.886716612475858 20
      vertex 106.84133876782039 41.061894691268535 20
    endloop
  endfacet
  facet normal 0 0 -1
    outer loop
      vertex 105.59884073364258 11.005037961249295 20
      vertex 106.84133876782039 41.061894691268535 20
      vertex 106.31550257437902 10.886716612475858 20
    endloop
  endfacet
  facet normal 0 0 -1
    outer loop
      vertex 107.02289140063799 10.721776671808659 20
      vertex 109.52115280985512 40.797956045532295 20
      vertex 107.7179780648651 10.510924437395673 20
    endloop
  endfacet
  facet normal 0 0 -1
    outer loop
      vertex 109.05940446143092 9.95528743101284 20
      vertex 109.52115280985512 40.797956045532295 20
      vertex 109.7 9.612881982007268 20
    endloop
  endfacet
  facet normal 0 0 -1
    outer loop
      vertex 107.7179780648651 10.510924437395673 20
      vertex 109.52115280985512 40.797956045532295 20
      vertex 108.3977860992525 10.255062810875282 20
    endloop
  endfacet
  facet normal 0 0 -1
    outer loop
      vertex 108.3977860992525 10.255062810875282 20
      vertex 109.52115280985512 40.797956045532295 20
      vertex 109.05940446143092 9.95528743101284 20
    endloop
  endfacet
  facet normal 0 0 -1
    outer loop
      vertex 114.87177667180866 2.87289140063798 20
      vertex 114.80040370596873 39.74784775179516 20
      vertex 115.03671661247586 2.1655025743790235 20
    endloop
  endfacet
  facet normal 0 0 -1
    outer loop
      vertex 114.87177667180866 2.87289140063798 20
      vertex 114.66092443739568 3.5679780648650934 20
      vertex 114.80040370596873 39.74784775179516 20
    endloop
  endfacet
  facet normal 0 0 -1
    outer loop
      vertex 114.66092443739568 3.5679780648650934 20
      vertex 114.4050628108753 4.2477860992524965 20
      vertex 114.80040370596873 39.74784775179516 20
    endloop
  endfacet
  facet normal 0 0 -1
    outer loop
      vertex 111.99888527117068 7.848885271170678 20
      vertex 111.46873854761077 8.345421863016648 20
      vertex 112.17796675096368 40.359314288592934 20
    endloop
  endfacet
  facet normal 0 0 -1
    outer loop
      vertex 111.99888527117068 7.848885271170678 20
      vertex 112.17796675096368 40.359314288592934 20
      vertex 112.49542186301666 7.318738547610764 20
    endloop
  endfacet
  facet normal 0 0 -1
    outer loop
      vertex 110.31682958651758 9.229312696558251 20
      vertex 109.7 9.612881982007268 20
      vertex 109.52115280985512 40.797956045532295 20
    endloop
  endfacet
  facet normal 0 0 -1
    outer loop
      vertex 110.31682958651758 9.229312696558251 20
      vertex 112.17796675096368 40.359314288592934 20
      vertex 110.9072518619968 8.80622207723271 20
    endloop
  endfacet
  facet normal 0 0 -1
    outer loop
      vertex 111.46873854761077 8.345421863016648 20
      vertex 110.9072518619968 8.80622207723271 20
      vertex 112.17796675096368 40.359314288592934 20
    endloop
  endfacet
  facet normal 0 0 -1
    outer loop
      vertex 112.49542186301666 7.318738547610764 20
      vertex 112.17796675096368 40.359314288592934 20
      vertex 112.95622207723272 6.757251861996799 20
    endloop
  endfacet
  facet normal 0 0 -1
    outer loop
      vertex 114.10528743101284 4.909404461430914 20
      vertex 113.76288198200727 5.55 20
      vertex 114.80040370596873 39.74784775179516 20
    endloop
  endfacet
  facet normal 0 0 -1
    outer loop
      vertex 113.37931269655826 6.166829586517584 20
      vertex 114.80040370596873 39.74784775179516 20
      vertex 113.76288198200727 5.55 20
    endloop
  endfacet
  facet normal 0 0 -1
    outer loop
      vertex 114.10528743101284 4.909404461430914 20
      vertex 114.80040370596873 39.74784775179516 20
      vertex 114.4050628108753 4.2477860992524965 20
    endloop
  endfacet
  facet normal 0 0 -1
    outer loop
      vertex 113.37931269655826 6.166829586517584 20
      vertex 112.95622207723272 6.757251861996799 20
      vertex 114.80040370596873 39.74784775179516 20
    endloop
  endfacet
  facet normal 0 0 -1
    outer loop
      vertex 117.3772339972251 -38.966174828723595 20
      vertex 115.25 0 20
      vertex 114.80040370596873 39.74784775179516 20
    endloop
  endfacet
  facet normal 0 0 -1
    outer loop
      vertex 117.3772339972251 -38.966174828723595 20
      vertex 114.80040370596873 39.74784775179516 20
      vertex 117.3772339972251 38.966174828723595 20
    endloop
  endfacet
  facet normal 0 0 -1
    outer loop
      vertex 115.25 0 20
      vertex 115.22623404794851 0.7259747344545879 20
      vertex 114.80040370596873 39.74784775179516 20
    endloop
  endfacet
  facet normal 0 0 -1
    outer loop
      vertex 115.22623404794851 0.7259747344545879 20
      vertex 115.1550379612493 1.4488407336425724 20
      vertex 114.80040370596873 39.74784775179516 20
    endloop
  endfacet
  facet normal 0 0 -1
    outer loop
      vertex 115.1550379612493 1.4488407336425724 20
      vertex 115.03671661247586 2.1655025743790235 20
      vertex 114.80040370596873 39.74784775179516 20
    endloop
  endfacet
  facet normal 0 0 -1
    outer loop
      vertex 119.89742324182345 -38.01764276283945 20
      vertex 117.3772339972251 38.966174828723595 20
      vertex 119.89742324182345 38.01764276283945 20
    endloop
  endfacet
  facet normal 0 0 -1
    outer loop
      vertex 122.3501796025119 -36.90631331407012 20
      vertex 119.89742324182345 38.01764276283945 20
      vertex 122.3501796025119 36.90631331407012 20
    endloop
  endfacet
  facet normal 0 0 -1
    outer loop
      vertex 124.72500000000001 -35.636945365729645 20
      vertex 122.3501796025119 36.90631331407012 20
      vertex 124.72500000000001 35.636945365729645 20
    endloop
  endfacet
  facet normal 0 0 -1
    outer loop
      vertex 104.15 11.1 20
      vertex 104.15 41.15 20
      vertex 106.84133876782039 41.061894691268535 20
    endloop
  endfacet
  facet normal 0 0 -1
    outer loop
      vertex 107.02289140063799 10.721776671808659 20
      vertex 106.84133876782039 41.061894691268535 20
      vertex 109.52115280985512 40.797956045532295 20
    endloop
  endfacet
  facet normal 0 0 -1
    outer loop
      vertex 110.31682958651758 9.229312696558251 20
      vertex 109.52115280985512 40.797956045532295 20
      vertex 112.17796675096368 40.359314288592934 20
    endloop
  endfacet
  facet normal 0 0 -1
    outer loop
      vertex 112.95622207723272 6.757251861996799 20
      vertex 112.17796675096368 40.359314288592934 20
      vertex 114.80040370596873 39.74784775179516 20
    endloop
  endfacet
  facet normal 0 0 1
    outer loop
      vertex 115.31804179617377 41.679699404373295 32
      vertex 113.47174449379169 27.460973755358065 32
      vertex 115.2478195385876 26.792506442827314 32
    endloop
  endfacet
  facet normal 0.03271908282177598 0.9994645874763658 0
    outer loop
      vertex 104.15 43.15 20
      vertex 104.15 43.15 32
      vertex 106.97214502628069 43.05761253774574 20
    endloop
  endfacet
  facet normal 0.09801714032956119 0.9951847266721968 0
    outer loop
      vertex 106.97214502628069 43.05761253774574 20
      vertex 106.97214502628069 43.05761253774574 32
      vertex 109.78220519429523 42.78084576827992 20
    endloop
  endfacet
  facet normal 0.16289547339458849 0.986643332084879 0
    outer loop
      vertex 109.78220519429523 42.78084576827992 20
      vertex 109.78220519429523 42.78084576827992 32
      vertex 112.56814739499595 42.32088484939939 20
    endloop
  endfacet
  facet normal 0.2270762630343736 0.9738769792773336 0
    outer loop
      vertex 112.56814739499595 42.32088484939939 20
      vertex 112.56814739499595 42.32088484939939 32
      vertex 115.31804179617377 41.679699404373295 20
    endloop
  endfacet
  facet normal 0 0 1
    outer loop
      vertex 104.15 43.15 32
      vertex 104.15 29 32
      vertex 106.04669074767415 28.9379087739195 32
    endloop
  endfacet
  facet normal 0 0 1
    outer loop
      vertex 106.97214502628069 43.05761253774574 32
      vertex 106.04669074767415 28.9379087739195 32
      vertex 107.9352595743815 28.7519009798405 32
    endloop
  endfacet
  facet normal 0 0 1
    outer loop
      vertex 109.78220519429523 42.78084576827992 32
      vertex 107.9352595743815 28.7519009798405 32
      vertex 109.80761933846773 28.442773131693684 32
    endloop
  endfacet
  facet normal 0.03271908282177598 0.9994645874763658 0
    outer loop
      vertex 106.97214502628069 43.05761253774574 20
      vertex 104.15 43.15 32
      vertex 106.97214502628069 43.05761253774574 32
    endloop
  endfacet
  facet normal 0.09801714032956119 0.9951847266721968 0
    outer loop
      vertex 109.78220519429523 42.78084576827992 20
      vertex 106.97214502628069 43.05761253774574 32
      vertex 109.78220519429523 42.78084576827992 32
    endloop
  endfacet
  facet normal 0 0 1
    outer loop
      vertex 104.15 43.15 32
      vertex 106.04669074767415 28.9379087739195 32
      vertex 106.97214502628069 43.05761253774574 32
    endloop
  endfacet
  facet normal 0 0 1
    outer loop
      vertex 106.97214502628069 43.05761253774574 32
      vertex 107.9352595743815 28.7519009798405 32
      vertex 109.78220519429523 42.78084576827992 32
    endloop
  endfacet
  facet normal 0 0 1
    outer loop
      vertex 109.78220519429523 42.78084576827992 32
      vertex 109.80761933846773 28.442773131693684 32
      vertex 111.6557523079731 28.01184896238298 32
    endloop
  endfacet
  facet normal 0 0 1
    outer loop
      vertex 109.78220519429523 42.78084576827992 32
      vertex 111.6557523079731 28.01184896238298 32
      vertex 112.56814739499595 42.32088484939939 32
    endloop
  endfacet
  facet normal 0 0 1
    outer loop
      vertex 112.56814739499595 42.32088484939939 32
      vertex 111.6557523079731 28.01184896238298 32
      vertex 113.47174449379169 27.460973755358065 32
    endloop
  endfacet
  facet normal 0 0 1
    outer loop
      vertex 112.56814739499595 42.32088484939939 32
      vertex 113.47174449379169 27.460973755358065 32
      vertex 115.31804179617377 41.679699404373295 32
    endloop
  endfacet
  facet normal 0.16289547339458849 0.986643332084879 0
    outer loop
      vertex 112.56814739499595 42.32088484939939 20
      vertex 109.78220519429523 42.78084576827992 32
      vertex 112.56814739499595 42.32088484939939 32
    endloop
  endfacet
  facet normal 0.2270762630343736 0.9738769792773336 0
    outer loop
      vertex 115.31804179617377 41.679699404373295 20
      vertex 112.56814739499595 42.32088484939939 32
      vertex 115.31804179617377 41.679699404373295 32
    endloop
  endfacet
  facet normal 0 0 1
    outer loop
      vertex 115.31804179617377 41.679699404373295 32
      vertex 115.2478195385876 26.792506442827314 32
      vertex 116.97637201635104 26.00930950444796 32
    endloop
  endfacet
  facet normal 0 0 1
    outer loop
      vertex 118.02011292783143 40.86003508771381 32
      vertex 116.97637201635104 26.00930950444796 32
      vertex 118.65 25.11473670974872 32
    endloop
  endfacet
  facet normal 0 0 1
    outer loop
      vertex 120.66279010655363 39.86540182786202 32
      vertex 118.65 25.11473670974872 32
      vertex 120.26153675756846 24.112618756773813 32
    endloop
  endfacet
  facet normal 0 0 1
    outer loop
      vertex 125.72500000000001 37.36899617329853 32
      vertex 124.65609665440988 20.50609665440988 32
      vertex 125.95335441689035 19.121028637901997 32
    endloop
  endfacet
  facet normal 0 0 1
    outer loop
      vertex 120.66279010655363 39.86540182786202 32
      vertex 120.26153675756846 24.112618756773813 32
      vertex 121.8040814412529 23.00724686844582 32
    endloop
  endfacet
  facet normal 0 0 1
    outer loop
      vertex 123.2347569829499 38.7000587971355 32
      vertex 121.8040814412529 23.00724686844582 32
      vertex 123.271028637902 21.803354416890343 32
    endloop
  endfacet
  facet normal 0 0 1
    outer loop
      vertex 123.2347569829499 38.7000587971355 32
      vertex 123.271028637902 21.803354416890343 32
      vertex 124.65609665440988 20.50609665440988 32
    endloop
  endfacet
  facet normal 0 0 1
    outer loop
      vertex 123.2347569829499 38.7000587971355 32
      vertex 124.65609665440988 20.50609665440988 32
      vertex 125.72500000000001 37.36899617329853 32
    endloop
  endfacet
  facet normal 0.29028467725446033 0.9569403357322094 0
    outer loop
      vertex 115.31804179617377 41.679699404373295 20
      vertex 115.31804179617377 41.679699404373295 32
      vertex 118.02011292783143 40.86003508771381 20
    endloop
  endfacet
  facet normal 0.35225004792123504 0.9359059267573252 0
    outer loop
      vertex 118.02011292783143 40.86003508771381 20
      vertex 118.02011292783143 40.86003508771381 32
      vertex 120.66279010655363 39.86540182786202 20
    endloop
  endfacet
  facet normal 0.41270702980439633 0.9108638249211751 0
    outer loop
      vertex 120.66279010655363 39.86540182786202 20
      vertex 120.66279010655363 39.86540182786202 32
      vertex 123.2347569829499 38.7000587971355 20
    endloop
  endfacet
  facet normal 0.47139673682599564 0.8819212643483562 0
    outer loop
      vertex 123.2347569829499 38.7000587971355 20
      vertex 123.2347569829499 38.7000587971355 32
      vertex 125.72500000000001 37.36899617329853 20
    endloop
  endfacet
  facet normal 0 0 1
    outer loop
      vertex 115.31804179617377 41.679699404373295 32
      vertex 116.97637201635104 26.00930950444796 32
      vertex 118.02011292783143 40.86003508771381 32
    endloop
  endfacet
  facet normal 0 0 1
    outer loop
      vertex 118.02011292783143 40.86003508771381 32
      vertex 118.65 25.11473670974872 32
      vertex 120.66279010655363 39.86540182786202 32
    endloop
  endfacet
  facet normal 0.29028467725446033 0.9569403357322094 0
    outer loop
      vertex 118.02011292783143 40.86003508771381 20
      vertex 115.31804179617377 41.679699404373295 32
      vertex 118.02011292783143 40.86003508771381 32
    endloop
  endfacet
  facet normal 0.35225004792123504 0.9359059267573252 0
    outer loop
      vertex 120.66279010655363 39.86540182786202 20
      vertex 118.02011292783143 40.86003508771381 32
      vertex 120.66279010655363 39.86540182786202 32
    endloop
  endfacet
  facet normal 0 0 1
    outer loop
      vertex 120.66279010655363 39.86540182786202 32
      vertex 121.8040814412529 23.00724686844582 32
      vertex 123.2347569829499 38.7000587971355 32
    endloop
  endfacet
  facet normal 0.41270702980439633 0.9108638249211751 0
    outer loop
      vertex 123.2347569829499 38.7000587971355 20
      vertex 120.66279010655363 39.86540182786202 32
      vertex 123.2347569829499 38.7000587971355 32
    endloop
  endfacet
  facet normal 0.47139673682599564 0.8819212643483562 0
    outer loop
      vertex 123.2347569829499 38.7000587971355 32
      vertex 125.72500000000001 37.36899617329853 32
      vertex 125.72500000000001 37.36899617329853 20
    endloop
  endfacet
  facet normal 0 0 -1
    outer loop
      vertex 133.24744404582643 -29.097444045826432 20
      vertex 131.28208029136783 30.938208077759917 20
      vertex 133.24744404582643 29.097444045826432 20
    endloop
  endfacet
  facet normal 0 0 -1
    outer loop
      vertex 135.08820807775993 -27.13208029136783 20
      vertex 133.24744404582643 29.097444045826432 20
      vertex 135.08820807775993 27.13208029136783 20
    endloop
  endfacet
  facet normal 0 0 -1
    outer loop
      vertex 136.79648995298433 -25.050532803708855 20
      vertex 135.08820807775993 27.13208029136783 20
      vertex 136.79648995298433 25.050532803708855 20
    endloop
  endfacet
  facet normal 0 0 -1
    outer loop
      vertex 127.01171508875663 -34.214974546249735 20
      vertex 124.72500000000001 35.636945365729645 20
      vertex 127.01171508875663 34.214974546249735 20
    endloop
  endfacet
  facet normal 0 0 -1
    outer loop
      vertex 129.20053280370885 -32.646489952984325 20
      vertex 127.01171508875663 34.214974546249735 20
      vertex 129.20053280370885 32.646489952984325 20
    endloop
  endfacet
  facet normal 0 0 -1
    outer loop
      vertex 131.28208029136783 -30.938208077759917 20
      vertex 129.20053280370885 32.646489952984325 20
      vertex 131.28208029136783 30.938208077759917 20
    endloop
  endfacet
  facet normal 0 0 -1
    outer loop
      vertex 138.36497454624975 -22.86171508875663 20
      vertex 136.79648995298433 25.050532803708855 20
      vertex 138.36497454624975 22.86171508875663 20
    endloop
  endfacet
  facet normal 0 0 -1
    outer loop
      vertex 139.78694536572965 -20.575 20
      vertex 138.36497454624975 22.86171508875663 20
      vertex 139.78694536572965 20.575 20
    endloop
  endfacet
  facet normal 0 0 -1
    outer loop
      vertex 142.16764276283945 -15.747423241823444 20
      vertex 141.0563133140701 18.200179602511902 20
      vertex 142.16764276283945 15.747423241823444 20
    endloop
  endfacet
  facet normal 0 0 -1
    outer loop
      vertex 141.0563133140701 -18.200179602511902 20
      vertex 139.78694536572965 20.575 20
      vertex 141.0563133140701 18.200179602511902 20
    endloop
  endfacet
  facet normal 0 0 -1
    outer loop
      vertex 143.11617482872362 -13.227233997225099 20
      vertex 142.16764276283945 15.747423241823444 20
      vertex 143.11617482872362 13.227233997225099 20
    endloop
  endfacet
  facet normal 0 0 -1
    outer loop
      vertex 144.50931428859295 -8.027966750963676 20
      vertex 143.89784775179515 10.650403705968728 20
      vertex 144.50931428859295 8.027966750963676 20
    endloop
  endfacet
  facet normal 0 0 -1
    outer loop
      vertex 143.89784775179515 -10.650403705968728 20
      vertex 143.11617482872362 13.227233997225099 20
      vertex 143.89784775179515 10.650403705968728 20
    endloop
  endfacet
  facet normal 0 0 -1
    outer loop
      vertex 145.21189469126853 -2.691338767820387 20
      vertex 144.9479560455323 5.371152809855122 20
      vertex 145.3 0 20
    endloop
  endfacet
  facet normal 0 0 -1
    outer loop
      vertex 144.9479560455323 -5.371152809855122 20
      vertex 144.50931428859295 8.027966750963676 20
      vertex 144.9479560455323 5.371152809855122 20
    endloop
  endfacet
  facet normal 0 0 -1
    outer loop
      vertex 145.3 0 20
      vertex 144.9479560455323 5.371152809855122 20
      vertex 145.21189469126853 2.691338767820387 20
    endloop
  endfacet
  facet normal 0.9994645874763656 0.032719082821778565 0
    outer loop
      vertex 147.3 0 20
      vertex 147.20761253774575 2.822145026280673 20
      vertex 147.3 0 28.5
    endloop
  endfacet
  facet normal 0.9951847266721974 0.09801714032955594 0
    outer loop
      vertex 147.20761253774575 2.822145026280673 20
      vertex 146.93084576827994 5.632205194295225 20
      vertex 147.20761253774575 2.822145026280673 29.665689047960182
    endloop
  endfacet
  facet normal 0 0 1
    outer loop
      vertex 130.4180556617263 34.2331966335668 32
      vertex 130.94250644282732 11.097819538587604 32
      vertex 131.61097375535806 9.321744493791686 32
    endloop
  endfacet
  facet normal 0 0 1
    outer loop
      vertex 130.4180556617263 34.2331966335668 32
      vertex 130.15930950444798 12.826372016351037 32
      vertex 130.94250644282732 11.097819538587604 32
    endloop
  endfacet
  facet normal 0 0 1
    outer loop
      vertex 130.4180556617263 34.2331966335668 32
      vertex 129.26473670974872 14.5 32
      vertex 130.15930950444798 12.826372016351037 32
    endloop
  endfacet
  facet normal 0 0 1
    outer loop
      vertex 132.60077192156797 32.44188769271787 32
      vertex 132.16184896238298 7.5057523079731014 32
      vertex 132.5927731316937 5.657619338467719 32
    endloop
  endfacet
  facet normal 0 0 1
    outer loop
      vertex 132.60077192156797 32.44188769271787 32
      vertex 132.5927731316937 5.657619338467719 32
      vertex 132.87173758292815 3.9679565752031385 32
    endloop
  endfacet
  facet normal 0 0 1
    outer loop
      vertex 132.60077192156797 32.44188769271787 32
      vertex 131.61097375535806 9.321744493791686 32
      vertex 132.16184896238298 7.5057523079731014 32
    endloop
  endfacet
  facet normal 0.9994645874763655 0.032719082821786684 2.6903065642702157e-15
    outer loop
      vertex 147.20761253774575 2.822145026280673 20
      vertex 147.29143569295442 0.26161251692057225 28.508564307045585
      vertex 147.3 0 28.5
    endloop
  endfacet
  facet normal 0.9994645874763652 0.032719082821790216 3.7682786560209974e-15
    outer loop
      vertex 147.20761253774575 2.822145026280673 20
      vertex 147.28290805958642 0.5221047688802063 28.534220554504756
      vertex 147.29143569295442 0.26161251692057225 28.508564307045585
    endloop
  endfacet
  facet normal 0.999464587476366 0.032719082821761905 -3.868127397577086e-15
    outer loop
      vertex 147.20761253774575 2.822145026280673 20
      vertex 147.27445361653128 0.780361288064513 28.57685887838708
      vertex 147.28290805958642 0.5221047688802063 28.534220554504756
    endloop
  endfacet
  facet normal 0.9994645874763644 0.03271908282181639 9.099737559728948e-15
    outer loop
      vertex 147.20761253774575 2.822145026280673 20
      vertex 147.26610856701208 1.035276180410083 28.63629669484373
      vertex 147.27445361653128 0.780361288064513 28.57685887838708
    endloop
  endfacet
  facet normal 0.9994645874763642 0.03271908282181773 9.381624758166414e-15
    outer loop
      vertex 147.20761253774575 2.822145026280673 20
      vertex 147.25790864581205 1.2857578612126463 28.712279482019575
      vertex 147.26610856701208 1.035276180410083 28.63629669484373
    endloop
  endfacet
  facet normal 0.9994645874763668 0.03271908282174193 -3.997859060513175e-15
    outer loop
      vertex 147.20761253774575 2.822145026280673 20
      vertex 147.24988896625266 1.5307337294603591 28.804481869954852
      vertex 147.25790864581205 1.2857578612126463 28.712279482019575
    endloop
  endfacet
  facet normal 0.9994645874763671 0.03271908282173148 -5.529726306876726e-15
    outer loop
      vertex 147.20761253774575 2.822145026280673 20
      vertex 147.24208386983295 1.7691547608760052 28.91250903386925
      vertex 147.24988896625266 1.5307337294603591 28.804481869954852
    endloop
  endfacet
  facet normal 0.9994645874763673 0.032719082821720445 -6.832647596711375e-15
    outer loop
      vertex 147.20761253774575 2.822145026280673 20
      vertex 147.23452677917408 2 29.035898384862247
      vertex 147.24208386983295 1.7691547608760052 28.91250903386925
    endloop
  endfacet
  facet normal 0.9994645874763635 0.03271908282184032 4.085000599894518e-15
    outer loop
      vertex 147.20761253774575 2.822145026280673 20
      vertex 147.22725005489838 2.2222809320784087 29.17412155078982
      vertex 147.23452677917408 2 29.035898384862247
    endloop
  endfacet
  facet normal 0.9994645874763644 0.032719082821817944 2.6197130657431397e-15
    outer loop
      vertex 147.20761253774575 2.822145026280673 20
      vertex 147.22028485705638 2.4350457160348826 29.32658663883506
      vertex 147.22725005489838 2.2222809320784087 29.17412155078982
    endloop
  endfacet
  facet normal 0.9994645874763645 0.03271908282181392 2.4524502866987187e-15
    outer loop
      vertex 147.20761253774575 2.822145026280673 20
      vertex 147.21366101169457 2.6373832604002754 29.49264077008409
      vertex 147.22028485705638 2.4350457160348826 29.32658663883506
    endloop
  endfacet
  facet normal 0.9994645874763685 0.032719082821688054 0
    outer loop
      vertex 147.20761253774575 2.822145026280673 20
      vertex 147.20761253774575 2.822145026280673 29.665689047960182
      vertex 147.21366101169457 2.6373832604002754 29.49264077008409
    endloop
  endfacet
  facet normal 0.9951847266723992 0.0980171403275073 -6.021033039642384e-13
    outer loop
      vertex 146.93084576827994 5.632205194295225 20
      vertex 147.20699380505187 2.8284271247461903 29.67157287525381
      vertex 147.20761253774575 2.822145026280673 29.665689047960182
    endloop
  endfacet
  facet normal 0.9951847266721916 0.09801714032961323 1.5065178214274558e-14
    outer loop
      vertex 146.93084576827994 5.632205194295225 20
      vertex 147.18937053090804 3.0073592299159095 29.862616739599723
      vertex 147.20699380505187 2.8284271247461903 29.67157287525381
    endloop
  endfacet
  facet normal 0.9951847266721916 0.09801714032961441 1.5384901993228804e-14
    outer loop
      vertex 146.93084576827994 5.632205194295225 20
      vertex 147.17301562648805 3.1734133611649407 30.06495428396512
      vertex 147.18937053090804 3.0073592299159095 29.862616739599723
    endloop
  endfacet
  facet normal 0.9951847266722041 0.09801714032948863 -1.5678880573966425e-14
    outer loop
      vertex 146.93084576827994 5.632205194295225 20
      vertex 147.15799912600352 3.325878449210181 30.27771906792159
      vertex 147.17301562648805 3.1734133611649407 30.06495428396512
    endloop
  endfacet
  facet normal 0.9951847266721905 0.09801714032962487 1.5259221725022602e-14
    outer loop
      vertex 146.93084576827994 5.632205194295225 20
      vertex 147.14438533241483 3.4641016151377544 30.5
      vertex 147.15799912600352 3.325878449210181 30.27771906792159
    endloop
  endfacet
  facet normal 0.9951847266721959 0.0980171403295702 3.8447416846697615e-15
    outer loop
      vertex 146.93084576827994 5.632205194295225 20
      vertex 147.1322325420762 3.587490966130753 30.730845239123994
      vertex 147.14438533241483 3.4641016151377544 30.5
    endloop
  endfacet
  facet normal 0.9951847266722 0.09801714032952784 -4.327652648418823e-15
    outer loop
      vertex 146.93084576827994 5.632205194295225 20
      vertex 147.12159279510158 3.695518130045147 30.96926627053964
      vertex 147.1322325420762 3.587490966130753 30.730845239123994
    endloop
  endfacet
  facet normal 0.9951847266721872 0.09801714032965804 1.888762345171047e-14
    outer loop
      vertex 146.93084576827994 5.632205194295225 20
      vertex 147.11251165252094 3.7877205179804228 31.214242138787355
      vertex 147.12159279510158 3.695518130045147 30.96926627053964
    endloop
  endfacet
  facet normal 0.9951847266722086 0.09801714032944182 -1.7067970616054177e-14
    outer loop
      vertex 146.93084576827994 5.632205194295225 20
      vertex 147.105028001181 3.8637033051562732 31.464723819589917
      vertex 147.11251165252094 3.7877205179804228 31.214242138787355
    endloop
  endfacet
  facet normal 0.9951847266721979 0.09801714032955113 0
    outer loop
      vertex 146.93084576827994 5.632205194295225 20
      vertex 146.93084576827994 5.632205194295225 32
      vertex 147.105028001181 3.8637033051562732 31.464723819589917
    endloop
  endfacet
  facet normal 0.9866433320848781 0.16289547339459387 0
    outer loop
      vertex 146.93084576827994 5.632205194295225 20
      vertex 146.4708848493994 8.418147394995934 20
      vertex 146.93084576827994 5.632205194295225 32
    endloop
  endfacet
  facet normal 0.9738769792773326 0.22707626303437767 0
    outer loop
      vertex 146.4708848493994 8.418147394995934 20
      vertex 145.8296994043733 11.16804179617377 20
      vertex 146.4708848493994 8.418147394995934 32
    endloop
  endfacet
  facet normal 0.9951847266721954 0.09801714032957655 -8.477718629403363e-14
    outer loop
      vertex 146.93084576827994 5.632205194295225 32
      vertex 147.09917388722573 3.9231411216129217 31.719638711935488
      vertex 147.105028001181 3.8637033051562732 31.464723819589917
    endloop
  endfacet
  facet normal 0.9951847266721976 0.0980171403295537 5.583269139456023e-14
    outer loop
      vertex 146.93084576827994 5.632205194295225 32
      vertex 147.09497437886975 3.9657794454952415 31.977895231119795
      vertex 147.09917388722573 3.9231411216129217 31.719638711935488
    endloop
  endfacet
  facet normal 0.9951847266721969 0.09801714032955948 -3.8443216543932284e-13
    outer loop
      vertex 146.93084576827994 5.632205194295225 32
      vertex 147.09475995030954 3.9679565752031385 32
      vertex 147.09497437886975 3.9657794454952415 31.977895231119795
    endloop
  endfacet
  facet normal 0.9866433320848781 0.16289547339459387 0
    outer loop
      vertex 146.4708848493994 8.418147394995934 20
      vertex 146.4708848493994 8.418147394995934 32
      vertex 146.93084576827994 5.632205194295225 32
    endloop
  endfacet
  facet normal 0.9738769792773326 0.22707626303437767 0
    outer loop
      vertex 145.8296994043733 11.16804179617377 20
      vertex 145.8296994043733 11.16804179617377 32
      vertex 146.4708848493994 8.418147394995934 32
    endloop
  endfacet
  facet normal 0 0 1
    outer loop
      vertex 146.93084576827994 5.632205194295225 32
      vertex 146.4708848493994 8.418147394995934 32
      vertex 147.09475995030954 3.9679565752031385 32
    endloop
  endfacet
  facet normal 0 0 1
    outer loop
      vertex 146.4708848493994 8.418147394995934 32
      vertex 145.8296994043733 11.16804179617377 32
      vertex 147.09475995030954 3.9679565752031385 32
    endloop
  endfacet
  facet normal 0 0 1
    outer loop
      vertex 145.8296994043733 11.16804179617377 32
      vertex 145.01003508771382 13.870112927831421 32
      vertex 147.09475995030954 3.9679565752031385 32
    endloop
  endfacet
  facet normal 0.9569403357322107 0.29028467725445667 0
    outer loop
      vertex 145.8296994043733 11.16804179617377 20
      vertex 145.01003508771382 13.870112927831421 20
      vertex 145.8296994043733 11.16804179617377 32
    endloop
  endfacet
  facet normal 0.9359059267573262 0.35225004792123193 0
    outer loop
      vertex 145.01003508771382 13.870112927831421 20
      vertex 144.01540182786204 16.512790106553624 20
      vertex 145.01003508771382 13.870112927831421 32
    endloop
  endfacet
  facet normal 0.9108638249211727 0.41270702980440166 0
    outer loop
      vertex 144.01540182786204 16.512790106553624 20
      vertex 142.8500587971355 19.084756982949905 20
      vertex 144.01540182786204 16.512790106553624 32
    endloop
  endfacet
  facet normal 0.8819212643483595 0.4713967368259893 0
    outer loop
      vertex 142.8500587971355 19.084756982949905 20
      vertex 141.51899617329855 21.575 20
      vertex 142.8500587971355 19.084756982949905 32
    endloop
  endfacet
  facet normal 0 0 1
    outer loop
      vertex 132.60077192156797 32.44188769271787 32
      vertex 132.87173758292815 3.9679565752031385 32
      vertex 147.09475995030954 3.9679565752031385 32
    endloop
  endfacet
  facet normal 0 0 1
    outer loop
      vertex 138.3831966335668 26.268055661726294 32
      vertex 147.09475995030954 3.9679565752031385 32
      vertex 140.02791377085484 23.97285555479583 32
    endloop
  endfacet
  facet normal 0 0 1
    outer loop
      vertex 134.66165760819953 30.511657608199528 32
      vertex 147.09475995030954 3.9679565752031385 32
      vertex 136.59188769271788 28.45077192156797 32
    endloop
  endfacet
  facet normal 0 0 1
    outer loop
      vertex 138.3831966335668 26.268055661726294 32
      vertex 136.59188769271788 28.45077192156797 32
      vertex 147.09475995030954 3.9679565752031385 32
    endloop
  endfacet
  facet normal 0.9359059267573262 0.35225004792123193 0
    outer loop
      vertex 144.01540182786204 16.512790106553624 20
      vertex 144.01540182786204 16.512790106553624 32
      vertex 145.01003508771382 13.870112927831421 32
    endloop
  endfacet
  facet normal 0.9569403357322107 0.29028467725445667 0
    outer loop
      vertex 145.01003508771382 13.870112927831421 20
      vertex 145.01003508771382 13.870112927831421 32
      vertex 145.8296994043733 11.16804179617377 32
    endloop
  endfacet
  facet normal 0 0 1
    outer loop
      vertex 142.8500587971355 19.084756982949905 32
      vertex 141.51899617329855 21.575 32
      vertex 147.09475995030954 3.9679565752031385 32
    endloop
  endfacet
  facet normal 0 0 1
    outer loop
      vertex 145.01003508771382 13.870112927831421 32
      vertex 144.01540182786204 16.512790106553624 32
      vertex 147.09475995030954 3.9679565752031385 32
    endloop
  endfacet
  facet normal 0 0 1
    outer loop
      vertex 144.01540182786204 16.512790106553624 32
      vertex 142.8500587971355 19.084756982949905 32
      vertex 147.09475995030954 3.9679565752031385 32
    endloop
  endfacet
  facet normal 0.9108638249211727 0.41270702980440166 0
    outer loop
      vertex 142.8500587971355 19.084756982949905 20
      vertex 142.8500587971355 19.084756982949905 32
      vertex 144.01540182786204 16.512790106553624 32
    endloop
  endfacet
  facet normal 0.8819212643483595 0.4713967368259893 0
    outer loop
      vertex 142.8500587971355 19.084756982949905 32
      vertex 141.51899617329855 21.575 20
      vertex 141.51899617329855 21.575 32
    endloop
  endfacet
  facet normal 0 0 1
    outer loop
      vertex 140.02791377085484 23.97285555479583 32
      vertex 147.09475995030954 3.9679565752031385 32
      vertex 141.51899617329855 21.575 32
    endloop
  endfacet
  facet normal 0.6835923020228681 0.7298640726978385 0
    outer loop
      vertex 134.66165760819953 30.511657608199528 20
      vertex 132.60077192156797 32.44188769271787 20
      vertex 132.60077192156797 32.44188769271787 32
    endloop
  endfacet
  facet normal 0.7298640726978374 0.6835923020228694 0
    outer loop
      vertex 134.66165760819953 30.511657608199528 20
      vertex 136.59188769271788 28.45077192156797 32
      vertex 136.59188769271788 28.45077192156797 20
    endloop
  endfacet
  facet normal 0 0 1
    outer loop
      vertex 128.12285555479585 35.877913770854825 32
      vertex 127.15724686844582 17.6540814412529 32
      vertex 128.2626187567738 16.111536757568462 32
    endloop
  endfacet
  facet normal 0 0 1
    outer loop
      vertex 125.72500000000001 37.36899617329853 32
      vertex 125.95335441689035 19.121028637901997 32
      vertex 127.15724686844582 17.6540814412529 32
    endloop
  endfacet
  facet normal 0 0 1
    outer loop
      vertex 128.12285555479585 35.877913770854825 32
      vertex 128.2626187567738 16.111536757568462 32
      vertex 129.26473670974872 14.5 32
    endloop
  endfacet
  facet normal 0 0 1
    outer loop
      vertex 125.72500000000001 37.36899617329853 32
      vertex 127.15724686844582 17.6540814412529 32
      vertex 128.12285555479585 35.877913770854825 32
    endloop
  endfacet
  facet normal 0 0 1
    outer loop
      vertex 128.12285555479585 35.877913770854825 32
      vertex 129.26473670974872 14.5 32
      vertex 130.4180556617263 34.2331966335668 32
    endloop
  endfacet
  facet normal 0 0 1
    outer loop
      vertex 130.4180556617263 34.2331966335668 32
      vertex 131.61097375535806 9.321744493791686 32
      vertex 132.60077192156797 32.44188769271787 32
    endloop
  endfacet
  facet normal 0.6835923020228681 0.7298640726978385 0
    outer loop
      vertex 134.66165760819953 30.511657608199528 20
      vertex 132.60077192156797 32.44188769271787 32
      vertex 134.66165760819953 30.511657608199528 32
    endloop
  endfacet
  facet normal 0.7298640726978374 0.6835923020228694 0
    outer loop
      vertex 134.66165760819953 30.511657608199528 20
      vertex 134.66165760819953 30.511657608199528 32
      vertex 136.59188769271788 28.45077192156797 32
    endloop
  endfacet
  facet normal 0.5280678506503678 0.849202181526579 0
    outer loop
      vertex 125.72500000000001 37.36899617329853 20
      vertex 125.72500000000001 37.36899617329853 32
      vertex 128.12285555479585 35.877913770854825 20
    endloop
  endfacet
  facet normal 0.5824776968678028 0.8128466845916149 0
    outer loop
      vertex 128.12285555479585 35.877913770854825 20
      vertex 128.12285555479585 35.877913770854825 32
      vertex 130.4180556617263 34.2331966335668 20
    endloop
  endfacet
  facet normal 0.6343932841636479 0.773010453362735 0
    outer loop
      vertex 130.4180556617263 34.2331966335668 20
      vertex 130.4180556617263 34.2331966335668 32
      vertex 132.60077192156797 32.44188769271787 20
    endloop
  endfacet
  facet normal 0.5280678506503678 0.849202181526579 0
    outer loop
      vertex 128.12285555479585 35.877913770854825 20
      vertex 125.72500000000001 37.36899617329853 32
      vertex 128.12285555479585 35.877913770854825 32
    endloop
  endfacet
  facet normal 0.5824776968678028 0.8128466845916149 0
    outer loop
      vertex 130.4180556617263 34.2331966335668 20
      vertex 128.12285555479585 35.877913770854825 32
      vertex 130.4180556617263 34.2331966335668 32
    endloop
  endfacet
  facet normal 0.6343932841636479 0.773010453362735 0
    outer loop
      vertex 132.60077192156797 32.44188769271787 20
      vertex 130.4180556617263 34.2331966335668 32
      vertex 132.60077192156797 32.44188769271787 32
    endloop
  endfacet
  facet normal 0.8492021815265772 0.5280678506503708 0
    outer loop
      vertex 140.02791377085484 23.97285555479583 20
      vertex 141.51899617329855 21.575 32
      vertex 141.51899617329855 21.575 20
    endloop
  endfacet
  facet normal 0.8128466845916137 0.5824776968678043 0
    outer loop
      vertex 138.3831966335668 26.268055661726294 20
      vertex 140.02791377085484 23.97285555479583 32
      vertex 140.02791377085484 23.97285555479583 20
    endloop
  endfacet
  facet normal 0.7730104533627372 0.6343932841636452 0
    outer loop
      vertex 138.3831966335668 26.268055661726294 20
      vertex 136.59188769271788 28.45077192156797 20
      vertex 138.3831966335668 26.268055661726294 32
    endloop
  endfacet
  facet normal 0.8128466845916137 0.5824776968678043 0
    outer loop
      vertex 138.3831966335668 26.268055661726294 20
      vertex 138.3831966335668 26.268055661726294 32
      vertex 140.02791377085484 23.97285555479583 32
    endloop
  endfacet
  facet normal 0.8492021815265772 0.5280678506503708 0
    outer loop
      vertex 140.02791377085484 23.97285555479583 20
      vertex 140.02791377085484 23.97285555479583 32
      vertex 141.51899617329855 21.575 32
    endloop
  endfacet
  facet normal 0 0 1
    outer loop
      vertex 134.66165760819953 30.511657608199528 32
      vertex 132.60077192156797 32.44188769271787 32
      vertex 147.09475995030954 3.9679565752031385 32
    endloop
  endfacet
  facet normal 0.7730104533627372 0.6343932841636452 0
    outer loop
      vertex 136.59188769271788 28.45077192156797 20
      vertex 136.59188769271788 28.45077192156797 32
      vertex 138.3831966335668 26.268055661726294 32
    endloop
  endfacet
  facet normal 2.6653643952755193e-17 0.4713967368259844 0.8819212643483622
    outer loop
      vertex 113.44892784364833 -1.9328388457269623 29
      vertex 133.0843484970136 -1.9328388457269634 29
      vertex 113.4674601638307 -1.8533580591532184 28.957516634482207
    endloop
  endfacet
  facet normal 0 0.47139673682601346 0.8819212643483465
    outer loop
      vertex 113.4674601638307 -1.8533580591532184 28.957516634482207
      vertex 147.24208386983295 -1.7691547608760052 28.91250903386925
      vertex 113.48136218464025 -1.7691547608760052 28.91250903386925
    endloop
  endfacet
  facet normal 0 0.4127070298044035 0.9108638249211718
    outer loop
      vertex 113.52072565623804 -1.5307337294603591 28.804481869954852
      vertex 113.48136218464025 -1.7691547608760052 28.91250903386925
      vertex 147.24208386983295 -1.7691547608760052 28.91250903386925
    endloop
  endfacet
  facet normal 0 0.35225004792123854 0.9359059267573239
    outer loop
      vertex 113.52072565623804 -1.5307337294603591 28.804481869954852
      vertex 147.24988896625266 -1.5307337294603591 28.804481869954852
      vertex 113.5611713357767 -1.2857578612126463 28.712279482019575
    endloop
  endfacet
  facet normal 3.54970844928149e-18 0.2902846772544472 0.9569403357322135
    outer loop
      vertex 113.56872618305121 -1.23999882609049 28.698398630470198
      vertex 147.25790864581205 -1.2857578612126463 28.712279482019575
      vertex 113.58888960372326 -1.035276180410083 28.63629669484373
    endloop
  endfacet
  facet normal 0 0.29028467725444473 0.9569403357322142
    outer loop
      vertex 113.5611713357767 -1.2857578612126463 28.712279482019575
      vertex 147.25790864581205 -1.2857578612126463 28.712279482019575
      vertex 113.56872618305121 -1.23999882609049 28.698398630470198
    endloop
  endfacet
  facet normal 0 0.2270762630343806 0.9738769792773319
    outer loop
      vertex 113.61399652920701 -0.780361288064513 28.57685887838708
      vertex 113.58888960372326 -1.035276180410083 28.63629669484373
      vertex 147.26610856701208 -1.035276180410083 28.63629669484373
    endloop
  endfacet
  facet normal 0 0.16289547339459645 0.9866433320848778
    outer loop
      vertex 113.61399652920701 -0.780361288064513 28.57685887838708
      vertex 147.27445361653128 -0.780361288064513 28.57685887838708
      vertex 113.62965977076674 -0.6213297276863591 28.550602661504996
    endloop
  endfacet
  facet normal 4.997917245328266e-18 0.1628954733945975 0.9866433320848775
    outer loop
      vertex 113.62965977076674 -0.6213297276863591 28.550602661504996
      vertex 147.27445361653128 -0.780361288064513 28.57685887838708
      vertex 113.63290805958641 -0.5221047688802063 28.534220554504756
    endloop
  endfacet
  facet normal 0 0.0980171403295556 0.9951847266721973
    outer loop
      vertex 113.63290805958641 -0.5221047688802063 28.534220554504756
      vertex 147.28290805958642 -0.5221047688802063 28.534220554504756
      vertex 113.64143569295442 -0.26161251692057225 28.508564307045585
    endloop
  endfacet
  facet normal 0 0.032719082821773174 0.9994645874763659
    outer loop
      vertex 113.64143569295442 -0.26161251692057225 28.508564307045585
      vertex 147.29143569295442 -0.26161251692057225 28.508564307045585
      vertex 113.65 0 28.5
    endloop
  endfacet
  facet normal 6.800504143512183e-17 0.47139673682599226 0.8819212643483579
    outer loop
      vertex 113.4674601638307 -1.8533580591532184 28.957516634482207
      vertex 133.0843484970136 -1.9328388457269634 29
      vertex 147.24208386983295 -1.7691547608760052 28.91250903386925
    endloop
  endfacet
  facet normal 0 0.3522500479212385 0.9359059267573238
    outer loop
      vertex 113.5611713357767 -1.2857578612126463 28.712279482019575
      vertex 147.24988896625266 -1.5307337294603591 28.804481869954852
      vertex 147.25790864581205 -1.2857578612126463 28.712279482019575
    endloop
  endfacet
  facet normal 0 0.4127070298044035 0.9108638249211719
    outer loop
      vertex 113.52072565623804 -1.5307337294603591 28.804481869954852
      vertex 147.24208386983295 -1.7691547608760052 28.91250903386925
      vertex 147.24988896625266 -1.5307337294603591 28.804481869954852
    endloop
  endfacet
  facet normal 0 0.29028467725444673 0.9569403357322136
    outer loop
      vertex 113.58888960372326 -1.035276180410083 28.63629669484373
      vertex 147.25790864581205 -1.2857578612126463 28.712279482019575
      vertex 147.26610856701208 -1.035276180410083 28.63629669484373
    endloop
  endfacet
  facet normal 0 0.22707626303438064 0.9738769792773319
    outer loop
      vertex 113.61399652920701 -0.780361288064513 28.57685887838708
      vertex 147.26610856701208 -1.035276180410083 28.63629669484373
      vertex 147.27445361653128 -0.780361288064513 28.57685887838708
    endloop
  endfacet
  facet normal 0 0.16289547339459684 0.9866433320848776
    outer loop
      vertex 113.63290805958641 -0.5221047688802063 28.534220554504756
      vertex 147.27445361653128 -0.780361288064513 28.57685887838708
      vertex 147.28290805958642 -0.5221047688802063 28.534220554504756
    endloop
  endfacet
  facet normal 0 0.0980171403295556 0.9951847266721973
    outer loop
      vertex 113.64143569295442 -0.26161251692057225 28.508564307045585
      vertex 147.28290805958642 -0.5221047688802063 28.534220554504756
      vertex 147.29143569295442 -0.26161251692057225 28.508564307045585
    endloop
  endfacet
  facet normal 0 0.032719082821773174 0.9994645874763659
    outer loop
      vertex 113.65 0 28.5
      vertex 147.29143569295442 -0.26161251692057225 28.508564307045585
      vertex 147.3 0 28.5
    endloop
  endfacet
  facet normal 0 0.6835923020228676 0.7298640726978393
    outer loop
      vertex 132.99614075058275 -2.8284271247461903 29.67157287525381
      vertex 147.20699380505187 -2.8284271247461903 29.67157287525381
      vertex 133.01495692888497 -2.6373832604002754 29.49264077008409
    endloop
  endfacet
  facet normal 0 0.7730104533627407 0.6343932841636409
    outer loop
      vertex 132.97851747643895 -3.0073592299159095 29.862616739599723
      vertex 132.96216257201897 -3.1734133611649407 30.06495428396512
      vertex 147.17301562648805 -3.1734133611649407 30.06495428396512
    endloop
  endfacet
  facet normal 0 0.7298640726978358 0.6835923020228711
    outer loop
      vertex 132.99614075058275 -2.8284271247461903 29.67157287525381
      vertex 132.97851747643895 -3.0073592299159095 29.862616739599723
      vertex 147.18937053090804 -3.0073592299159095 29.862616739599723
    endloop
  endfacet
  facet normal 0 0.528067850650369 0.8492021815265783
    outer loop
      vertex 133.0558409397382 -2.2222809320784087 29.17412155078982
      vertex 147.22725005489838 -2.2222809320784087 29.17412155078982
      vertex 133.07773370067815 -2 29.035898384862247
    endloop
  endfacet
  facet normal 0 0.5824776968678006 0.8128466845916164
    outer loop
      vertex 133.0558409397382 -2.2222809320784087 29.17412155078982
      vertex 133.03488543758135 -2.4350457160348826 29.32658663883506
      vertex 147.22028485705638 -2.4350457160348826 29.32658663883506
    endloop
  endfacet
  facet normal 0 0.6343932841636439 0.7730104533627383
    outer loop
      vertex 133.03488543758135 -2.4350457160348826 29.32658663883506
      vertex 133.01495692888497 -2.6373832604002754 29.49264077008409
      vertex 147.21366101169457 -2.6373832604002754 29.49264077008409
    endloop
  endfacet
  facet normal 0 0.471396736825991 0.8819212643483586
    outer loop
      vertex 133.0843484970136 -1.9328388457269634 29
      vertex 133.07773370067815 -2 29.035898384862247
      vertex 147.23452677917408 -2 29.035898384862247
    endloop
  endfacet
  facet normal 0 0.849202181526579 0.5280678506503678
    outer loop
      vertex 132.93353227794574 -3.4641016151377544 30.5
      vertex 147.14438533241483 -3.4641016151377544 30.5
      vertex 132.9471460715344 -3.325878449210181 30.27771906792159
    endloop
  endfacet
  facet normal 0 0.8128466845916144 0.5824776968678032
    outer loop
      vertex 132.96216257201897 -3.1734133611649407 30.06495428396512
      vertex 132.9471460715344 -3.325878449210181 30.27771906792159
      vertex 147.15799912600352 -3.325878449210181 30.27771906792159
    endloop
  endfacet
  facet normal 0 0.8819212643483542 0.47139673682599914
    outer loop
      vertex 132.93353227794574 -3.4641016151377544 30.5
      vertex 132.9213794876071 -3.587490966130753 30.730845239123994
      vertex 147.1322325420762 -3.587490966130753 30.730845239123994
    endloop
  endfacet
  facet normal 0 0.9108638249211767 0.41270702980439283
    outer loop
      vertex 132.9213794876071 -3.587490966130753 30.730845239123994
      vertex 132.9107397406325 -3.695518130045147 30.96926627053964
      vertex 147.12159279510158 -3.695518130045147 30.96926627053964
    endloop
  endfacet
  facet normal 2.2040728489078313e-17 0.9359059267573265 0.35225004792123155
    outer loop
      vertex 132.9107397406325 -3.695518130045147 30.96926627053964
      vertex 132.9019009798405 -3.7852595743814956 31.207703568492636
      vertex 147.11251165252094 -3.7877205179804228 31.214242138787355
    endloop
  endfacet
  facet normal 0 0.9359059267573105 0.35225004792127346
    outer loop
      vertex 132.90149467640794 -3.7877205179804228 31.214242138787355
      vertex 147.11251165252094 -3.7877205179804228 31.214242138787355
      vertex 132.9019009798405 -3.7852595743814956 31.207703568492636
    endloop
  endfacet
  facet normal 0 0.9569403357322083 0.2902846772544641
    outer loop
      vertex 132.90149467640794 -3.7877205179804228 31.214242138787355
      vertex 132.8889498674741 -3.8637033051562732 31.464723819589917
      vertex 147.105028001181 -3.8637033051562732 31.464723819589917
    endloop
  endfacet
  facet normal 0 0.973876979277334 0.22707626303437164
    outer loop
      vertex 132.8889498674741 -3.8637033051562732 31.464723819589917
      vertex 132.87913664426122 -3.9231411216129217 31.719638711935488
      vertex 147.09917388722573 -3.9231411216129217 31.719638711935488
    endloop
  endfacet
  facet normal 0 0.9866433320848791 0.16289547339458818
    outer loop
      vertex 132.87913664426122 -3.9231411216129217 31.719638711935488
      vertex 132.87209702849765 -3.9657794454952415 31.977895231119795
      vertex 147.09497437886975 -3.9657794454952415 31.977895231119795
    endloop
  endfacet
  facet normal 0 0.9951847266721976 0.09801714032955383
    outer loop
      vertex 132.87209702849765 -3.9657794454952415 31.977895231119795
      vertex 132.87173758292815 -3.9679565752031385 32
      vertex 147.09497437886975 -3.9657794454952415 31.977895231119795
    endloop
  endfacet
  facet normal 0 0.6835923020228687 0.7298640726978382
    outer loop
      vertex 133.01495692888497 -2.6373832604002754 29.49264077008409
      vertex 147.20761253774575 -2.822145026280673 29.665689047960182
      vertex 147.21366101169457 -2.6373832604002754 29.49264077008409
    endloop
  endfacet
  facet normal -8.509393445939294e-16 0.6835923020228374 0.7298640726978675
    outer loop
      vertex 133.01495692888497 -2.6373832604002754 29.49264077008409
      vertex 147.20699380505187 -2.8284271247461903 29.67157287525381
      vertex 147.20761253774575 -2.822145026280673 29.665689047960182
    endloop
  endfacet
  facet normal 0 0.7298640726978359 0.6835923020228711
    outer loop
      vertex 132.99614075058275 -2.8284271247461903 29.67157287525381
      vertex 147.18937053090804 -3.0073592299159095 29.862616739599723
      vertex 147.20699380505187 -2.8284271247461903 29.67157287525381
    endloop
  endfacet
  facet normal 0 0.7730104533627408 0.6343932841636409
    outer loop
      vertex 132.97851747643895 -3.0073592299159095 29.862616739599723
      vertex 147.17301562648805 -3.1734133611649407 30.06495428396512
      vertex 147.18937053090804 -3.0073592299159095 29.862616739599723
    endloop
  endfacet
  facet normal 2.5521503978527402e-17 0.47139673682599514 0.8819212643483563
    outer loop
      vertex 133.0843484970136 -1.9328388457269634 29
      vertex 147.23452677917408 -2 29.035898384862247
      vertex 147.24208386983295 -1.7691547608760052 28.91250903386925
    endloop
  endfacet
  facet normal 0 0.528067850650369 0.8492021815265782
    outer loop
      vertex 133.07773370067815 -2 29.035898384862247
      vertex 147.22725005489838 -2.2222809320784087 29.17412155078982
      vertex 147.23452677917408 -2 29.035898384862247
    endloop
  endfacet
  facet normal 0 0.5824776968678005 0.8128466845916164
    outer loop
      vertex 133.0558409397382 -2.2222809320784087 29.17412155078982
      vertex 147.22028485705638 -2.4350457160348826 29.32658663883506
      vertex 147.22725005489838 -2.2222809320784087 29.17412155078982
    endloop
  endfacet
  facet normal 0 0.6343932841636438 0.7730104533627383
    outer loop
      vertex 133.03488543758135 -2.4350457160348826 29.32658663883506
      vertex 147.21366101169457 -2.6373832604002754 29.49264077008409
      vertex 147.22028485705638 -2.4350457160348826 29.32658663883506
    endloop
  endfacet
  facet normal 0 0.849202181526579 0.5280678506503678
    outer loop
      vertex 132.9471460715344 -3.325878449210181 30.27771906792159
      vertex 147.14438533241483 -3.4641016151377544 30.5
      vertex 147.15799912600352 -3.325878449210181 30.27771906792159
    endloop
  endfacet
  facet normal 0 0.8128466845916144 0.5824776968678033
    outer loop
      vertex 132.96216257201897 -3.1734133611649407 30.06495428396512
      vertex 147.15799912600352 -3.325878449210181 30.27771906792159
      vertex 147.17301562648805 -3.1734133611649407 30.06495428396512
    endloop
  endfacet
  facet normal 0 0.8819212643483542 0.47139673682599914
    outer loop
      vertex 132.93353227794574 -3.4641016151377544 30.5
      vertex 147.1322325420762 -3.587490966130753 30.730845239123994
      vertex 147.14438533241483 -3.4641016151377544 30.5
    endloop
  endfacet
  facet normal 0 0.9108638249211767 0.41270702980439283
    outer loop
      vertex 132.9213794876071 -3.587490966130753 30.730845239123994
      vertex 147.12159279510158 -3.695518130045147 30.96926627053964
      vertex 147.1322325420762 -3.587490966130753 30.730845239123994
    endloop
  endfacet
  facet normal 0 0.9359059267573261 0.35225004792123266
    outer loop
      vertex 132.9107397406325 -3.695518130045147 30.96926627053964
      vertex 147.11251165252094 -3.7877205179804228 31.214242138787355
      vertex 147.12159279510158 -3.695518130045147 30.96926627053964
    endloop
  endfacet
  facet normal 0 0.9569403357322084 0.29028467725446416
    outer loop
      vertex 132.90149467640794 -3.7877205179804228 31.214242138787355
      vertex 147.105028001181 -3.8637033051562732 31.464723819589917
      vertex 147.11251165252094 -3.7877205179804228 31.214242138787355
    endloop
  endfacet
  facet normal 0 0.9738769792773341 0.22707626303437167
    outer loop
      vertex 132.8889498674741 -3.8637033051562732 31.464723819589917
      vertex 147.09917388722573 -3.9231411216129217 31.719638711935488
      vertex 147.105028001181 -3.8637033051562732 31.464723819589917
    endloop
  endfacet
  facet normal 0 0.9866433320848791 0.16289547339458818
    outer loop
      vertex 132.87913664426122 -3.9231411216129217 31.719638711935488
      vertex 147.09497437886975 -3.9657794454952415 31.977895231119795
      vertex 147.09917388722573 -3.9231411216129217 31.719638711935488
    endloop
  endfacet
  facet normal 0 0.9951847266721976 0.09801714032955383
    outer loop
      vertex 147.09475995030954 -3.9679565752031385 32
      vertex 147.09497437886975 -3.9657794454952415 31.977895231119795
      vertex 132.87173758292815 -3.9679565752031385 32
    endloop
  endfacet
  facet normal -4.26429224787996e-17 -0.4713967368260017 0.8819212643483528
    outer loop
      vertex 113.4674601638307 1.8533580591532184 28.957516634482204
      vertex 133.0843484970136 1.9328388457269634 29
      vertex 113.44892784364833 1.9328388457269652 29
    endloop
  endfacet
  facet normal 0 -0.03271908282177318 0.9994645874763659
    outer loop
      vertex 113.65 0 28.5
      vertex 147.29143569295442 0.26161251692057225 28.508564307045585
      vertex 113.64143569295442 0.26161251692057225 28.508564307045585
    endloop
  endfacet
  facet normal 0 -0.0980171403295556 0.9951847266721973
    outer loop
      vertex 113.64143569295442 0.26161251692057225 28.508564307045585
      vertex 147.29143569295442 0.26161251692057225 28.508564307045585
      vertex 113.63290805958641 0.5221047688802063 28.534220554504756
    endloop
  endfacet
  facet normal 0 -0.16289547339459748 0.9866433320848775
    outer loop
      vertex 113.63290805958641 0.5221047688802063 28.534220554504756
      vertex 147.28290805958642 0.5221047688802063 28.534220554504756
      vertex 113.62965977076674 0.6213297276863591 28.550602661504996
    endloop
  endfacet
  facet normal 3.118967741748209e-18 -0.16289547339459645 0.9866433320848778
    outer loop
      vertex 113.62965977076674 0.6213297276863591 28.550602661504996
      vertex 147.28290805958642 0.5221047688802063 28.534220554504756
      vertex 113.61399652920701 0.780361288064513 28.57685887838708
    endloop
  endfacet
  facet normal 0 -0.22707626303438064 0.9738769792773319
    outer loop
      vertex 113.61399652920701 0.780361288064513 28.57685887838708
      vertex 147.27445361653128 0.780361288064513 28.57685887838708
      vertex 113.58888960372326 1.035276180410083 28.63629669484373
    endloop
  endfacet
  facet normal 0 -0.2902846772544472 0.9569403357322135
    outer loop
      vertex 113.58888960372326 1.035276180410083 28.63629669484373
      vertex 147.26610856701208 1.035276180410083 28.63629669484373
      vertex 113.56872618305121 1.23999882609049 28.698398630470198
    endloop
  endfacet
  facet normal 0 -0.29028467725444485 0.9569403357322143
    outer loop
      vertex 113.56872618305121 1.23999882609049 28.698398630470198
      vertex 147.25790864581205 1.2857578612126463 28.712279482019575
      vertex 113.5611713357767 1.2857578612126463 28.712279482019575
    endloop
  endfacet
  facet normal 0 -0.35225004792123854 0.9359059267573239
    outer loop
      vertex 113.5611713357767 1.2857578612126463 28.712279482019575
      vertex 147.24988896625266 1.5307337294603591 28.804481869954852
      vertex 113.52072565623804 1.5307337294603591 28.804481869954852
    endloop
  endfacet
  facet normal 0 -0.4127070298044035 0.9108638249211718
    outer loop
      vertex 113.52072565623804 1.5307337294603591 28.804481869954852
      vertex 147.24208386983295 1.7691547608760052 28.91250903386925
      vertex 113.48136218464025 1.7691547608760052 28.91250903386925
    endloop
  endfacet
  facet normal 0 -0.47139673682598454 0.881921264348362
    outer loop
      vertex 113.48136218464025 1.7691547608760052 28.91250903386925
      vertex 147.24208386983295 1.7691547608760052 28.91250903386925
      vertex 113.4674601638307 1.8533580591532184 28.957516634482204
    endloop
  endfacet
  facet normal -5.036430435726897e-17 -0.47139673682600025 0.8819212643483536
    outer loop
      vertex 113.4674601638307 1.8533580591532184 28.957516634482204
      vertex 147.24208386983295 1.7691547608760052 28.91250903386925
      vertex 133.0843484970136 1.9328388457269634 29
    endloop
  endfacet
  facet normal 0 -0.032719082821773174 0.9994645874763659
    outer loop
      vertex 113.65 0 28.5
      vertex 147.3 0 28.5
      vertex 147.29143569295442 0.26161251692057225 28.508564307045585
    endloop
  endfacet
  facet normal 0 -0.0980171403295556 0.9951847266721973
    outer loop
      vertex 113.63290805958641 0.5221047688802063 28.534220554504756
      vertex 147.29143569295442 0.26161251692057225 28.508564307045585
      vertex 147.28290805958642 0.5221047688802063 28.534220554504756
    endloop
  endfacet
  facet normal 0 -0.16289547339459684 0.9866433320848778
    outer loop
      vertex 113.61399652920701 0.780361288064513 28.57685887838708
      vertex 147.28290805958642 0.5221047688802063 28.534220554504756
      vertex 147.27445361653128 0.780361288064513 28.57685887838708
    endloop
  endfacet
  facet normal 0 -0.2270762630343806 0.9738769792773319
    outer loop
      vertex 113.58888960372326 1.035276180410083 28.63629669484373
      vertex 147.27445361653128 0.780361288064513 28.57685887838708
      vertex 147.26610856701208 1.035276180410083 28.63629669484373
    endloop
  endfacet
  facet normal 2.9014920534394187e-18 -0.29028467725444673 0.9569403357322136
    outer loop
      vertex 113.56872618305121 1.23999882609049 28.698398630470198
      vertex 147.26610856701208 1.035276180410083 28.63629669484373
      vertex 147.25790864581205 1.2857578612126463 28.712279482019575
    endloop
  endfacet
  facet normal 0 -0.3522500479212385 0.9359059267573238
    outer loop
      vertex 113.5611713357767 1.2857578612126463 28.712279482019575
      vertex 147.25790864581205 1.2857578612126463 28.712279482019575
      vertex 147.24988896625266 1.5307337294603591 28.804481869954852
    endloop
  endfacet
  facet normal 0 -0.4127070298044035 0.9108638249211719
    outer loop
      vertex 113.52072565623804 1.5307337294603591 28.804481869954852
      vertex 147.24988896625266 1.5307337294603591 28.804481869954852
      vertex 147.24208386983295 1.7691547608760052 28.91250903386925
    endloop
  endfacet
  facet normal 0 -0.471396736825991 0.8819212643483586
    outer loop
      vertex 133.0843484970136 1.9328388457269634 29
      vertex 147.23452677917408 2 29.035898384862247
      vertex 133.07773370067815 2 29.035898384862247
    endloop
  endfacet
  facet normal 0 -0.5280678506503691 0.8492021815265782
    outer loop
      vertex 133.07773370067815 2 29.035898384862247
      vertex 147.22725005489838 2.2222809320784087 29.17412155078982
      vertex 133.0558409397382 2.2222809320784087 29.17412155078982
    endloop
  endfacet
  facet normal 0 -0.5824776968678006 0.8128466845916164
    outer loop
      vertex 133.0558409397382 2.2222809320784087 29.17412155078982
      vertex 147.22028485705638 2.4350457160348826 29.32658663883506
      vertex 133.03488543758135 2.4350457160348826 29.32658663883506
    endloop
  endfacet
  facet normal 0 -0.6343932841636439 0.7730104533627383
    outer loop
      vertex 133.03488543758135 2.4350457160348826 29.32658663883506
      vertex 147.21366101169457 2.6373832604002754 29.49264077008409
      vertex 133.01495692888497 2.6373832604002754 29.49264077008409
    endloop
  endfacet
  facet normal 0 -0.6835923020228676 0.7298640726978392
    outer loop
      vertex 133.01495692888497 2.6373832604002754 29.49264077008409
      vertex 147.20699380505187 2.8284271247461903 29.67157287525381
      vertex 132.99614075058275 2.8284271247461903 29.67157287525381
    endloop
  endfacet
  facet normal 0 -0.7298640726978359 0.6835923020228711
    outer loop
      vertex 132.99614075058275 2.8284271247461903 29.67157287525381
      vertex 147.20699380505187 2.8284271247461903 29.67157287525381
      vertex 132.97851747643895 3.0073592299159095 29.862616739599723
    endloop
  endfacet
  facet normal 0 -0.7730104533627408 0.6343932841636409
    outer loop
      vertex 132.97851747643895 3.0073592299159095 29.862616739599723
      vertex 147.18937053090804 3.0073592299159095 29.862616739599723
      vertex 132.96216257201897 3.1734133611649407 30.06495428396512
    endloop
  endfacet
  facet normal 0 -0.8128466845916144 0.5824776968678033
    outer loop
      vertex 132.96216257201897 3.1734133611649407 30.06495428396512
      vertex 147.17301562648805 3.1734133611649407 30.06495428396512
      vertex 132.9471460715344 3.325878449210181 30.27771906792159
    endloop
  endfacet
  facet normal 0 -0.849202181526579 0.5280678506503678
    outer loop
      vertex 132.9471460715344 3.325878449210181 30.27771906792159
      vertex 147.15799912600352 3.325878449210181 30.27771906792159
      vertex 132.93353227794574 3.4641016151377544 30.5
    endloop
  endfacet
  facet normal 0 -0.8819212643483542 0.47139673682599914
    outer loop
      vertex 132.93353227794574 3.4641016151377544 30.5
      vertex 147.14438533241483 3.4641016151377544 30.5
      vertex 132.9213794876071 3.587490966130753 30.730845239123994
    endloop
  endfacet
  facet normal 0 -0.9108638249211767 0.41270702980439283
    outer loop
      vertex 132.9213794876071 3.587490966130753 30.730845239123994
      vertex 147.1322325420762 3.587490966130753 30.730845239123994
      vertex 132.9107397406325 3.695518130045147 30.96926627053964
    endloop
  endfacet
  facet normal 0 -0.9359059267573264 0.35225004792123155
    outer loop
      vertex 132.9107397406325 3.695518130045147 30.96926627053964
      vertex 147.12159279510158 3.695518130045147 30.96926627053964
      vertex 132.9019009798405 3.7852595743814956 31.207703568492636
    endloop
  endfacet
  facet normal 0 -0.9359059267573105 0.35225004792127346
    outer loop
      vertex 132.90149467640794 3.7877205179804228 31.214242138787355
      vertex 132.9019009798405 3.7852595743814956 31.207703568492636
      vertex 147.11251165252094 3.7877205179804228 31.214242138787355
    endloop
  endfacet
  facet normal 0 -0.9569403357322084 0.29028467725446416
    outer loop
      vertex 132.90149467640794 3.7877205179804228 31.214242138787355
      vertex 147.11251165252094 3.7877205179804228 31.214242138787355
      vertex 132.8889498674741 3.8637033051562732 31.464723819589917
    endloop
  endfacet
  facet normal 0 -0.9738769792773341 0.22707626303437167
    outer loop
      vertex 132.8889498674741 3.8637033051562732 31.464723819589917
      vertex 147.105028001181 3.8637033051562732 31.464723819589917
      vertex 132.87913664426122 3.9231411216129217 31.719638711935488
    endloop
  endfacet
  facet normal 0 -0.9866433320848791 0.16289547339458818
    outer loop
      vertex 132.87913664426122 3.9231411216129217 31.719638711935488
      vertex 147.09917388722573 3.9231411216129217 31.719638711935488
      vertex 132.87209702849765 3.9657794454952415 31.977895231119795
    endloop
  endfacet
  facet normal 0 -0.9951847266721976 0.09801714032955382
    outer loop
      vertex 132.87209702849765 3.9657794454952415 31.977895231119795
      vertex 147.09475995030954 3.9679565752031385 32
      vertex 132.87173758292815 3.9679565752031385 32
    endloop
  endfacet
  facet normal 2.5521503978527402e-17 -0.47139673682599514 0.8819212643483563
    outer loop
      vertex 133.0843484970136 1.9328388457269634 29
      vertex 147.24208386983295 1.7691547608760052 28.91250903386925
      vertex 147.23452677917408 2 29.035898384862247
    endloop
  endfacet
  facet normal 0 -0.528067850650369 0.8492021815265782
    outer loop
      vertex 133.07773370067815 2 29.035898384862247
      vertex 147.23452677917408 2 29.035898384862247
      vertex 147.22725005489838 2.2222809320784087 29.17412155078982
    endloop
  endfacet
  facet normal 0 -0.5824776968678005 0.8128466845916164
    outer loop
      vertex 133.0558409397382 2.2222809320784087 29.17412155078982
      vertex 147.22725005489838 2.2222809320784087 29.17412155078982
      vertex 147.22028485705638 2.4350457160348826 29.32658663883506
    endloop
  endfacet
  facet normal 0 -0.6343932841636438 0.7730104533627383
    outer loop
      vertex 133.03488543758135 2.4350457160348826 29.32658663883506
      vertex 147.22028485705638 2.4350457160348826 29.32658663883506
      vertex 147.21366101169457 2.6373832604002754 29.49264077008409
    endloop
  endfacet
  facet normal 0 -0.6835923020228687 0.7298640726978382
    outer loop
      vertex 133.01495692888497 2.6373832604002754 29.49264077008409
      vertex 147.21366101169457 2.6373832604002754 29.49264077008409
      vertex 147.20761253774575 2.822145026280673 29.665689047960182
    endloop
  endfacet
  facet normal -8.509393445939294e-16 -0.6835923020228374 0.7298640726978675
    outer loop
      vertex 133.01495692888497 2.6373832604002754 29.49264077008409
      vertex 147.20761253774575 2.822145026280673 29.665689047960182
      vertex 147.20699380505187 2.8284271247461903 29.67157287525381
    endloop
  endfacet
  facet normal 0 -0.7298640726978358 0.6835923020228711
    outer loop
      vertex 132.97851747643895 3.0073592299159095 29.862616739599723
      vertex 147.20699380505187 2.8284271247461903 29.67157287525381
      vertex 147.18937053090804 3.0073592299159095 29.862616739599723
    endloop
  endfacet
  facet normal 0 -0.7730104533627408 0.6343932841636409
    outer loop
      vertex 132.96216257201897 3.1734133611649407 30.06495428396512
      vertex 147.18937053090804 3.0073592299159095 29.862616739599723
      vertex 147.17301562648805 3.1734133611649407 30.06495428396512
    endloop
  endfacet
  facet normal 0 -0.8128466845916144 0.5824776968678033
    outer loop
      vertex 132.9471460715344 3.325878449210181 30.27771906792159
      vertex 147.17301562648805 3.1734133611649407 30.06495428396512
      vertex 147.15799912600352 3.325878449210181 30.27771906792159
    endloop
  endfacet
  facet normal 0 -0.849202181526579 0.5280678506503678
    outer loop
      vertex 132.93353227794574 3.4641016151377544 30.5
      vertex 147.15799912600352 3.325878449210181 30.27771906792159
      vertex 147.14438533241483 3.4641016151377544 30.5
    endloop
  endfacet
  facet normal 0 -0.8819212643483542 0.47139673682599914
    outer loop
      vertex 132.9213794876071 3.587490966130753 30.730845239123994
      vertex 147.14438533241483 3.4641016151377544 30.5
      vertex 147.1322325420762 3.587490966130753 30.730845239123994
    endloop
  endfacet
  facet normal 0 -0.9108638249211767 0.41270702980439283
    outer loop
      vertex 132.9107397406325 3.695518130045147 30.96926627053964
      vertex 147.1322325420762 3.587490966130753 30.730845239123994
      vertex 147.12159279510158 3.695518130045147 30.96926627053964
    endloop
  endfacet
  facet normal 2.1452446657061582e-17 -0.9359059267573261 0.35225004792123266
    outer loop
      vertex 132.9019009798405 3.7852595743814956 31.207703568492636
      vertex 147.12159279510158 3.695518130045147 30.96926627053964
      vertex 147.11251165252094 3.7877205179804228 31.214242138787355
    endloop
  endfacet
  facet normal 0 -0.9569403357322083 0.29028467725446416
    outer loop
      vertex 132.8889498674741 3.8637033051562732 31.464723819589917
      vertex 147.11251165252094 3.7877205179804228 31.214242138787355
      vertex 147.105028001181 3.8637033051562732 31.464723819589917
    endloop
  endfacet
  facet normal 0 -0.9738769792773341 0.22707626303437164
    outer loop
      vertex 132.87913664426122 3.9231411216129217 31.719638711935488
      vertex 147.105028001181 3.8637033051562732 31.464723819589917
      vertex 147.09917388722573 3.9231411216129217 31.719638711935488
    endloop
  endfacet
  facet normal 0 -0.9866433320848791 0.16289547339458818
    outer loop
      vertex 132.87209702849765 3.9657794454952415 31.977895231119795
      vertex 147.09917388722573 3.9231411216129217 31.719638711935488
      vertex 147.09497437886975 3.9657794454952415 31.977895231119795
    endloop
  endfacet
  facet normal 0 -0.9951847266721976 0.09801714032955383
    outer loop
      vertex 132.87209702849765 3.9657794454952415 31.977895231119795
      vertex 147.09497437886975 3.9657794454952415 31.977895231119795
      vertex 147.09475995030954 3.9679565752031385 32
    endloop
  endfacet
  facet normal 0.6694466900030444 0.38650522668136145 0.6343932841636623
    outer loop
      vertex 86.99566212651271 23.365358044753144 30.06495428396512
      vertex 80.02586524313321 35.769508627699736 29.862616739599723
      vertex 79.89023559927817 35.67231779937106 30.06495428396512
    endloop
  endfacet
  facet normal 0.6320808282659035 0.3649320363489209 0.6835923020228646
    outer loop
      vertex 87.13129177036775 23.462548873081822 29.862616739599723
      vertex 80.1720133546909 35.874236883391 29.67157287525381
      vertex 80.02586524313321 35.769508627699736 29.862616739599723
    endloop
  endfacet
  facet normal 0.7039458782383038 0.4064233422958121 0.5824776968677893
    outer loop
      vertex 86.87113173731758 23.276120829834966 30.27771906792159
      vertex 79.89023559927817 35.67231779937106 30.06495428396512
      vertex 79.76570521008304 35.58308058445288 30.27771906792159
    endloop
  endfacet
  facet normal 0.735430662151185 0.4246010907632914 0.5280678506503615
    outer loop
      vertex 86.87113173731758 23.276120829834966 30.27771906792159
      vertex 79.76570521008304 35.58308058445288 30.27771906792159
      vertex 79.6528073337926 35.50217911039942 30.5
    endloop
  endfacet
  facet normal 0.7888312117700139 0.4554319124605961 0.4127070298043581
    outer loop
      vertex 86.65745194368003 23.123000055124884 30.730845239123994
      vertex 79.55202541644549 35.4299598097428 30.730845239123994
      vertex 79.46379102168416 35.36673193661574 30.96926627053964
    endloop
  endfacet
  facet normal 0.7637662190633534 0.4409606321741697 0.47139673682602656
    outer loop
      vertex 86.75823386102714 23.195219355781504 30.5
      vertex 79.6528073337926 35.50217911039942 30.5
      vertex 79.55202541644549 35.4299598097428 30.730845239123994
    endloop
  endfacet
  facet normal 0.8105183081242665 0.4679529633786648 0.3522500479212209
    outer loop
      vertex 86.4959185587471 23.00724686844582 31.207703568492636
      vertex 79.46379102168416 35.36673193661574 30.96926627053964
      vertex 79.38848198273294 35.31276624247789 31.214242138787355
    endloop
  endfacet
  facet normal 0.8287346406500926 0.4784701678660984 0.2902846772545006
    outer loop
      vertex 86.49399047078944 23.00566452755211 31.214242138787355
      vertex 79.38848198273294 35.31276624247789 31.214242138787355
      vertex 79.32642078445826 35.268293816716515 31.464723819589917
    endloop
  endfacet
  facet normal 0.8434022042150227 0.4869384896386677 0.2270762630343698
    outer loop
      vertex 86.43445985131173 22.956809010741857 31.464723819589917
      vertex 79.32642078445826 35.268293816716515 31.464723819589917
      vertex 79.27787318243898 35.23350509708625 31.719638711935488
    endloop
  endfacet
  facet normal 0.8544581900600338 0.49332166604244154 0.1628954733945706
    outer loop
      vertex 86.38789180392124 22.918591601918173 31.719638711935488
      vertex 79.27787318243898 35.23350509708625 31.719638711935488
      vertex 79.2430470649601 35.208549054225415 31.977895231119795
    endloop
  endfacet
  facet normal 0.8618552547563855 0.49759236333609225 0.09801714032968166
    outer loop
      vertex 86.35448574014613 22.891175953892883 31.977895231119795
      vertex 79.2430470649601 35.208549054225415 31.977895231119795
      vertex 79.24126882960583 35.20727478879102 32
    endloop
  endfacet
  facet normal 0.5920082993873708 0.34179615100464183 0.729864072697708
    outer loop
      vertex 80.17714444520418 35.877913770854825 29.66568904796018
      vertex 80.1720133546909 35.874236883391 29.67157287525381
      vertex 80.33412859113025 35.975532785888845 29.49264077008409
    endloop
  endfacet
  facet normal 0.30505748998407817 0.17612502396061908 0.9359059267573239
    outer loop
      vertex 98.13898287573862 7.349919605466567 28.804481869954852
      vertex 98.33091536118596 7.5074345255442285 28.712279482019575
      vertex 81.48254670616828 36.68966506068576 28.712279482019575
    endloop
  endfacet
  facet normal 0.4082415493523929 0.23569836841299385 0.8819212643483604
    outer loop
      vertex 97.88621475654935 7.142478171050286 28.957516634482204
      vertex 97.95218594153508 7.1966193233739055 28.91250903386925
      vertex 81.07182509893873 36.43426195284697 28.91250903386925
    endloop
  endfacet
  facet normal 0.35741477213103146 0.20635351490219986 0.9108638249211737
    outer loop
      vertex 98.13898287573862 7.349919605466567 28.804481869954852
      vertex 81.2744012207313 36.56023188033325 28.804481869954852
      vertex 97.95218594153508 7.1966193233739055 28.91250903386925
    endloop
  endfacet
  facet normal 0.2513939048317012 0.14514233862721398 0.9569403357322195
    outer loop
      vertex 98.33091536118596 7.5074345255442285 28.712279482019575
      vertex 98.36676642441716 7.536856732766734 28.698398630470198
      vertex 81.69537024432591 36.82200724115529 28.63629669484373
    endloop
  endfacet
  facet normal 0.25139390483172197 0.14514233862722584 0.956940335732212
    outer loop
      vertex 98.36676642441716 7.536856732766734 28.698398630470198
      vertex 98.53397972597033 7.656680090136129 28.63629669484373
      vertex 81.69537024432591 36.82200724115529 28.63629669484373
    endloop
  endfacet
  facet normal 0.19665381238421442 0.1135381315171923 0.973876979277331
    outer loop
      vertex 98.74218903580268 7.80588077158877 28.57685887838708
      vertex 81.91196049214057 36.95669171220752 28.57685887838708
      vertex 98.53397972597033 7.656680090136129 28.63629669484373
    endloop
  endfacet
  facet normal 0.14107161812121022 0.08144773669729682 0.9866433320848783
    outer loop
      vertex 98.74218903580268 7.80588077158877 28.57685887838708
      vertex 98.87208278631378 7.89896131687418 28.550602661504996
      vertex 82.13138997691954 37.093141734260286 28.534220554504756
    endloop
  endfacet
  facet normal 0.14107161812120972 0.08144773669729653 0.9866433320848782
    outer loop
      vertex 98.87208278631378 7.89896131687418 28.550602661504996
      vertex 98.95638997691954 7.951386896913928 28.534220554504756
      vertex 82.13138997691954 37.093141734260286 28.534220554504756
    endloop
  endfacet
  facet normal 0.40824154935239676 0.23569836841299616 0.8819212643483577
    outer loop
      vertex 88.00893820967227 24.091461417502373 29
      vertex 97.8266485363549 7.086688317694419 29
      vertex 97.88621475654935 7.142478171050286 28.957516634482204
    endloop
  endfacet
  facet normal -0.4082415493524083 -0.2356983684130029 0.8819212643483508
    outer loop
      vertex 91.35671329331416 26.024300263229335 29
      vertex 101.09632507961997 8.995836230203505 28.957516634482204
      vertex 101.17442361999679 9.019527163421385 29
    endloop
  endfacet
  facet normal 0.08488533353169887 0.04900857016477753 0.9951847266721975
    outer loop
      vertex 98.95638997691954 7.951386896913928 28.534220554504756
      vertex 99.1777190679216 8.089018170024593 28.508564307045585
      vertex 82.3527190679216 37.23077300737095 28.508564307045585
    endloop
  endfacet
  facet normal 0.02833555691218294 0.016359541410886785 0.9994645874763659
    outer loop
      vertex 99.1777190679216 8.089018170024593 28.508564307045585
      vertex 99.4 8.227241335952167 28.5
      vertex 82.575 37.36899617329853 28.5
    endloop
  endfacet
  facet normal -0.028335556912182647 -0.016359541410886615 0.9994645874763657
    outer loop
      vertex 99.4 8.227241335952167 28.5
      vertex 99.630845239124 8.350630686945166 28.508564307045585
      vertex 82.805845239124 37.49238552429153 28.508564307045585
    endloop
  endfacet
  facet normal -0.08488533353169792 -0.04900857016477698 0.9951847266721976
    outer loop
      vertex 99.630845239124 8.350630686945166 28.508564307045585
      vertex 99.86070196349407 8.473491665794134 28.534220554504756
      vertex 83.03570196349406 37.61524650314049 28.534220554504756
    endloop
  endfacet
  facet normal -0.14107161812121333 -0.0814477366972986 0.9866433320848776
    outer loop
      vertex 99.86070196349407 8.473491665794134 28.534220554504756
      vertex 99.9482574429195 8.520291044560539 28.550602661504996
      vertex 83.26358589132819 37.73705300027204 28.57685887838708
    endloop
  endfacet
  facet normal -0.14107161812121163 -0.08144773669729763 0.9866433320848781
    outer loop
      vertex 99.9482574429195 8.520291044560539 28.550602661504996
      vertex 100.09381443499032 8.586242059653284 28.57685887838708
      vertex 83.26358589132819 37.73705300027204 28.57685887838708
    endloop
  endfacet
  facet normal -0.19665381238421548 -0.11353813151719298 0.9738769792773306
    outer loop
      vertex 100.09381443499032 8.586242059653284 28.57685887838708
      vertex 100.32713067030643 8.691956270546212 28.63629669484373
      vertex 83.48852118866202 37.85728342156537 28.63629669484373
    endloop
  endfacet
  facet normal -0.2513939048317141 -0.14514233862722134 0.9569403357322148
    outer loop
      vertex 100.32713067030643 8.691956270546212 28.63629669484373
      vertex 100.51450739253166 8.776855558857225 28.698398630470198
      vertex 83.70954464801967 37.97542292189841 28.712279482019575
    endloop
  endfacet
  facet normal -0.2513939048317338 -0.1451423386272327 0.9569403357322079
    outer loop
      vertex 100.51450739253166 8.776855558857225 28.698398630470198
      vertex 100.55791330303735 8.793192386756875 28.712279482019575
      vertex 83.70954464801967 37.97542292189841 28.712279482019575
    endloop
  endfacet
  facet normal -0.30505748998407495 -0.1761250239606173 0.9359059267573254
    outer loop
      vertex 100.55791330303735 8.793192386756875 28.712279482019575
      vertex 100.79029146802336 8.880653334926928 28.804481869954852
      vertex 83.92570981301604 38.09096560979361 28.804481869954852
    endloop
  endfacet
  facet normal -0.35741477213103273 -0.20635351490220058 0.9108638249211729
    outer loop
      vertex 100.79029146802336 8.880653334926928 28.804481869954852
      vertex 101.01645187382469 8.965774084249912 28.91250903386925
      vertex 84.13609103122833 38.20341671372297 28.91250903386925
    endloop
  endfacet
  facet normal -0.40824154935239465 -0.23569836841299507 0.881921264348359
    outer loop
      vertex 101.01645187382469 8.965774084249912 28.91250903386925
      vertex 101.09632507961997 8.995836230203505 28.957516634482204
      vertex 84.13609103122833 38.20341671372297 28.91250903386925
    endloop
  endfacet
  facet normal 0.35741477213104267 0.20635351490220616 0.9108638249211678
    outer loop
      vertex 97.95218594153508 7.1966193233739055 28.91250903386925
      vertex 81.2744012207313 36.56023188033325 28.804481869954852
      vertex 81.07182509893873 36.43426195284697 28.91250903386925
    endloop
  endfacet
  facet normal 0.305057489984072 0.17612502396061558 0.9359059267573266
    outer loop
      vertex 98.13898287573862 7.349919605466567 28.804481869954852
      vertex 81.48254670616828 36.68966506068576 28.712279482019575
      vertex 81.2744012207313 36.56023188033325 28.804481869954852
    endloop
  endfacet
  facet normal 0.5494007000759441 0.3171966420818151 0.7730104533627494
    outer loop
      vertex 87.59874583174665 23.7975217163312 29.32658663883506
      vertex 80.50604612200914 36.08243797642561 29.32658663883506
      vertex 87.43348063253505 23.67909434935789 29.49264077008409
    endloop
  endfacet
  facet normal 0.6320808282659035 0.3649320363489209 0.6835923020228645
    outer loop
      vertex 87.27743988192545 23.567277128773085 29.67157287525381
      vertex 80.1720133546909 35.874236883391 29.67157287525381
      vertex 87.13129177036775 23.462548873081822 29.862616739599723
    endloop
  endfacet
  facet normal 0.6694466900030456 0.3865052266813623 0.6343932841636606
    outer loop
      vertex 86.99566212651271 23.365358044753144 30.06495428396512
      vertex 87.13129177036775 23.462548873081822 29.862616739599723
      vertex 80.02586524313321 35.769508627699736 29.862616739599723
    endloop
  endfacet
  facet normal 0.5920082993832919 0.3417961510114357 0.7298640726978349
    outer loop
      vertex 87.27743988192545 23.567277128773085 29.67157287525381
      vertex 87.43348063253505 23.67909434935789 29.49264077008409
      vertex 80.33412859113025 35.975532785888845 29.49264077008409
    endloop
  endfacet
  facet normal 0.4082415493523989 0.2356983684129972 0.8819212643483566
    outer loop
      vertex 88.00893820967227 24.091461417502373 29
      vertex 81.07182509893873 36.43426195284697 28.91250903386925
      vertex 80.8756858028441 36.31229470079567 29.035898384862247
    endloop
  endfacet
  facet normal 0.4573201735850623 0.26403392532518233 0.8492021815265812
    outer loop
      vertex 87.77252778860525 23.922052105526333 29.17412155078982
      vertex 80.8756858028441 36.31229470079567 29.035898384862247
      vertex 80.68682323102516 36.194852406677384 29.17412155078982
    endloop
  endfacet
  facet normal 0.5494007000759551 0.31719664208182113 0.7730104533627392
    outer loop
      vertex 87.43348063253505 23.67909434935789 29.49264077008409
      vertex 80.50604612200914 36.08243797642561 29.32658663883506
      vertex 80.33412859113025 35.975532785888845 29.49264077008409
    endloop
  endfacet
  facet normal 0.5044404826253739 0.2912388484339043 0.8128466845916105
    outer loop
      vertex 87.59874583174665 23.7975217163312 29.32658663883506
      vertex 80.68682323102516 36.194852406677384 29.17412155078982
      vertex 80.50604612200914 36.08243797642561 29.32658663883506
    endloop
  endfacet
  facet normal 0.5920082993832796 0.34179615101142896 0.7298640726978481
    outer loop
      vertex 87.27743988192545 23.567277128773085 29.67157287525381
      vertex 80.33412859113025 35.975532785888845 29.49264077008409
      vertex 80.1720133546909 35.874236883391 29.67157287525381
    endloop
  endfacet
  facet normal 0.25139390483171725 0.14514233862722312 0.9569403357322138
    outer loop
      vertex 98.33091536118596 7.5074345255442285 28.712279482019575
      vertex 81.69537024432591 36.82200724115529 28.63629669484373
      vertex 81.48254670616828 36.68966506068576 28.712279482019575
    endloop
  endfacet
  facet normal 0.19665381238421076 0.11353813151719021 0.973876979277332
    outer loop
      vertex 98.53397972597033 7.656680090136129 28.63629669484373
      vertex 81.91196049214057 36.95669171220752 28.57685887838708
      vertex 81.69537024432591 36.82200724115529 28.63629669484373
    endloop
  endfacet
  facet normal 0.14107161812121627 0.08144773669730027 0.986643332084877
    outer loop
      vertex 98.74218903580268 7.80588077158877 28.57685887838708
      vertex 82.13138997691954 37.093141734260286 28.534220554504756
      vertex 81.91196049214057 36.95669171220752 28.57685887838708
    endloop
  endfacet
  facet normal 0.08488533353169951 0.04900857016477789 0.9951847266721975
    outer loop
      vertex 98.95638997691954 7.951386896913928 28.534220554504756
      vertex 82.3527190679216 37.23077300737095 28.508564307045585
      vertex 82.13138997691954 37.093141734260286 28.534220554504756
    endloop
  endfacet
  facet normal 0.5044404826253613 0.2912388484338974 0.8128466845916208
    outer loop
      vertex 87.59874583174665 23.7975217163312 29.32658663883506
      vertex 87.77252778860525 23.922052105526333 29.17412155078982
      vertex 80.68682323102516 36.194852406677384 29.17412155078982
    endloop
  endfacet
  facet normal 0.4573201735850795 0.2640339253251918 0.8492021815265689
    outer loop
      vertex 87.77252778860525 23.922052105526333 29.17412155078982
      vertex 87.95408234209205 24.052152258698506 29.035898384862247
      vertex 80.8756858028441 36.31229470079567 29.035898384862247
    endloop
  endfacet
  facet normal 0.408241549352401 0.23569836841299843 0.8819212643483553
    outer loop
      vertex 88.00893820967227 24.091461417502373 29
      vertex 80.8756858028441 36.31229470079567 29.035898384862247
      vertex 87.95408234209205 24.052152258698506 29.035898384862247
    endloop
  endfacet
  facet normal 0.7039458782383043 0.40642334229581245 0.5824776968677884
    outer loop
      vertex 86.99566212651271 23.365358044753144 30.06495428396512
      vertex 79.89023559927817 35.67231779937106 30.06495428396512
      vertex 86.87113173731758 23.276120829834966 30.27771906792159
    endloop
  endfacet
  facet normal 0.7354306621511858 0.4246010907632918 0.5280678506503604
    outer loop
      vertex 86.87113173731758 23.276120829834966 30.27771906792159
      vertex 79.6528073337926 35.50217911039942 30.5
      vertex 86.75823386102714 23.195219355781504 30.5
    endloop
  endfacet
  facet normal 0.7637662190633537 0.44096063217416986 0.4713967368260261
    outer loop
      vertex 86.75823386102714 23.195219355781504 30.5
      vertex 79.55202541644549 35.4299598097428 30.730845239123994
      vertex 86.65745194368003 23.123000055124884 30.730845239123994
    endloop
  endfacet
  facet normal 0.7888312117700116 0.45543191246059467 0.4127070298043641
    outer loop
      vertex 86.65745194368003 23.123000055124884 30.730845239123994
      vertex 79.46379102168416 35.36673193661574 30.96926627053964
      vertex 86.5692175489187 23.059772181997825 30.96926627053964
    endloop
  endfacet
  facet normal 0.810518308124262 0.46795296337866243 0.3522500479212346
    outer loop
      vertex 86.5692175489187 23.059772181997825 30.96926627053964
      vertex 79.46379102168416 35.36673193661574 30.96926627053964
      vertex 86.4959185587471 23.00724686844582 31.207703568492636
    endloop
  endfacet
  facet normal 0.8105183081243936 0.46795296337873843 0.3522500479208311
    outer loop
      vertex 86.49399047078944 23.00566452755211 31.214242138787355
      vertex 86.4959185587471 23.00724686844582 31.207703568492636
      vertex 79.38848198273294 35.31276624247789 31.214242138787355
    endloop
  endfacet
  facet normal 0.8287346406501022 0.4784701678661048 0.29028467725446255
    outer loop
      vertex 86.49399047078944 23.00566452755211 31.214242138787355
      vertex 79.32642078445826 35.268293816716515 31.464723819589917
      vertex 86.43445985131173 22.956809010741857 31.464723819589917
    endloop
  endfacet
  facet normal 0.8434022042150232 0.486938489638668 0.22707626303436718
    outer loop
      vertex 86.43445985131173 22.956809010741857 31.464723819589917
      vertex 79.27787318243898 35.23350509708625 31.719638711935488
      vertex 86.38789180392124 22.918591601918173 31.719638711935488
    endloop
  endfacet
  facet normal 0.8544581900600273 0.4933216660424368 0.1628954733946179
    outer loop
      vertex 86.38789180392124 22.918591601918173 31.719638711935488
      vertex 79.2430470649601 35.208549054225415 31.977895231119795
      vertex 86.35448574014613 22.891175953892883 31.977895231119795
    endloop
  endfacet
  facet normal 0.8618552547564216 0.49759236333611384 0.09801714032925242
    outer loop
      vertex 86.35448574014613 22.891175953892883 31.977895231119795
      vertex 79.24126882960583 35.20727478879102 32
      vertex 86.35278001329652 22.889776100044458 32
    endloop
  endfacet
  facet normal 0.40824154935239093 0.23569836841299271 0.8819212643483615
    outer loop
      vertex 88.00893820967227 24.091461417502373 29
      vertex 97.88621475654935 7.142478171050286 28.957516634482204
      vertex 81.07182509893873 36.43426195284697 28.91250903386925
    endloop
  endfacet
  facet normal -0.40824154935239393 -0.23569836841299469 0.8819212643483595
    outer loop
      vertex 91.35671329331416 26.024300263229335 29
      vertex 84.13609103122833 38.20341671372297 28.91250903386925
      vertex 101.09632507961997 8.995836230203505 28.957516634482204
    endloop
  endfacet
  facet normal 0.028335556912182692 0.016359541410886646 0.9994645874763659
    outer loop
      vertex 99.1777190679216 8.089018170024593 28.508564307045585
      vertex 82.575 37.36899617329853 28.5
      vertex 82.3527190679216 37.23077300737095 28.508564307045585
    endloop
  endfacet
  facet normal -0.02833555691218252 -0.01635954141088654 0.9994645874763659
    outer loop
      vertex 99.4 8.227241335952167 28.5
      vertex 82.805845239124 37.49238552429153 28.508564307045585
      vertex 82.575 37.36899617329853 28.5
    endloop
  endfacet
  facet normal -0.08488533353169896 -0.04900857016477757 0.9951847266721975
    outer loop
      vertex 99.630845239124 8.350630686945166 28.508564307045585
      vertex 83.03570196349406 37.61524650314049 28.534220554504756
      vertex 82.805845239124 37.49238552429153 28.508564307045585
    endloop
  endfacet
  facet normal -0.14107161812121127 -0.08144773669729745 0.9866433320848781
    outer loop
      vertex 99.86070196349407 8.473491665794134 28.534220554504756
      vertex 83.26358589132819 37.73705300027204 28.57685887838708
      vertex 83.03570196349406 37.61524650314049 28.534220554504756
    endloop
  endfacet
  facet normal -0.19665381238421287 -0.11353813151719148 0.9738769792773314
    outer loop
      vertex 100.09381443499032 8.586242059653284 28.57685887838708
      vertex 83.48852118866202 37.85728342156537 28.63629669484373
      vertex 83.26358589132819 37.73705300027204 28.57685887838708
    endloop
  endfacet
  facet normal -0.25139390483171753 -0.14514233862722328 0.9569403357322138
    outer loop
      vertex 100.32713067030643 8.691956270546212 28.63629669484373
      vertex 83.70954464801967 37.97542292189841 28.712279482019575
      vertex 83.48852118866202 37.85728342156537 28.63629669484373
    endloop
  endfacet
  facet normal -0.30505748998408017 -0.17612502396062024 0.9359059267573231
    outer loop
      vertex 100.55791330303735 8.793192386756875 28.712279482019575
      vertex 83.92570981301604 38.09096560979361 28.804481869954852
      vertex 83.70954464801967 37.97542292189841 28.712279482019575
    endloop
  endfacet
  facet normal -0.35741477213103706 -0.2063535149022031 0.9108638249211707
    outer loop
      vertex 100.79029146802336 8.880653334926928 28.804481869954852
      vertex 84.13609103122833 38.20341671372297 28.91250903386925
      vertex 83.92570981301604 38.09096560979361 28.804481869954852
    endloop
  endfacet
  facet normal -0.40824154935238344 -0.2356983684129888 0.8819212643483662
    outer loop
      vertex 91.35671329331416 26.024300263229335 29
      vertex 91.41818395722981 26.052152258698506 29.035898384862247
      vertex 84.33978741798185 38.31229470079567 29.035898384862247
    endloop
  endfacet
  facet normal -0.4573201735850687 -0.264033925325186 0.8492021815265766
    outer loop
      vertex 91.41818395722981 26.052152258698506 29.035898384862247
      vertex 91.62163127165657 26.144333037604742 29.17412155078982
      vertex 84.53592671407648 38.4171333387558 29.17412155078982
    endloop
  endfacet
  facet normal -0.5044404826253664 -0.2912388484339001 0.8128466845916167
    outer loop
      vertex 91.62163127165657 26.144333037604742 29.17412155078982
      vertex 91.81636873067201 26.232567432366082 29.32658663883506
      vertex 84.7236690209345 38.51748369246049 29.32658663883506
    endloop
  endfacet
  facet normal -0.5494007000759599 -0.3171966420818244 0.7730104533627344
    outer loop
      vertex 91.81636873067201 26.232567432366082 29.32658663883506
      vertex 92.00156243858 26.316477609758163 29.49264077008409
      vertex 84.90221039717518 38.61291604628912 29.49264077008409
    endloop
  endfacet
  facet normal -0.5920082993832948 -0.3417961510114377 0.7298640726978317
    outer loop
      vertex 92.00156243858 26.316477609758163 29.49264077008409
      vertex 92.1764193674918 26.395704253519273 29.67157287525381
      vertex 85.07099284025726 38.70266400813719 29.67157287525381
    endloop
  endfacet
  facet normal -0.6320808282658844 -0.3649320363489108 0.6835923020228877
    outer loop
      vertex 92.1764193674918 26.395704253519273 29.67157287525381
      vertex 92.34019075319333 26.46990810299773 29.862616739599723
      vertex 85.23476422595877 38.77686785761564 29.862616739599723
    endloop
  endfacet
  facet normal -0.6694466900030698 -0.3865052266813762 0.6343932841636266
    outer loop
      vertex 92.34019075319333 26.46990810299773 29.862616739599723
      vertex 92.49217530146832 26.538771405918084 30.06495428396512
      vertex 85.38674877423378 38.845731160536 30.06495428396512
    endloop
  endfacet
  facet normal -0.7039458782383003 -0.4064233422958101 0.582477696867795
    outer loop
      vertex 92.49217530146832 26.538771405918084 30.06495428396512
      vertex 92.631722191148 26.601999279045145 30.27771906792159
      vertex 85.52629566391346 38.90895903366306 30.27771906792159
    endloop
  endfacet
  facet normal -0.7354306621511748 -0.4246010907632852 0.5280678506503809
    outer loop
      vertex 92.631722191148 26.601999279045145 30.27771906792159
      vertex 92.75823386102714 26.659320970919257 30.5
      vertex 85.6528073337926 38.966280725537175 30.5
    endloop
  endfacet
  facet normal -0.7637662190633676 -0.44096063217417775 0.4713967368259961
    outer loop
      vertex 92.75823386102714 26.659320970919257 30.5
      vertex 92.87116856871286 26.71049102125564 30.730845239123994
      vertex 85.76574204147832 39.017450775873556 30.730845239123994
    endloop
  endfacet
  facet normal -0.7888312117700005 -0.4554319124605884 0.4127070298043922
    outer loop
      vertex 92.87116856871286 26.71049102125564 30.730845239123994
      vertex 92.97004271044882 26.755290312042973 30.96926627053964
      vertex 85.86461618321428 39.06225006666089 30.96926627053964
    endloop
  endfacet
  facet normal -0.8105183081242586 -0.4679529633786612 0.35225004792124426
    outer loop
      vertex 92.97004271044882 26.755290312042973 30.96926627053964
      vertex 93.0521804614124 26.792506442827314 31.207703568492636
      vertex 85.94900636474613 39.10048676045832 31.214242138787355
    endloop
  endfacet
  facet normal -0.8105183081242111 -0.46795296337863385 0.3522500479213899
    outer loop
      vertex 93.05451485280264 26.79338504553253 31.214242138787355
      vertex 85.94900636474613 39.10048676045832 31.214242138787355
      vertex 93.0521804614124 26.792506442827314 31.207703568492636
    endloop
  endfacet
  facet normal -0.8287346406501035 -0.4784701678661056 0.29028467725445745
    outer loop
      vertex 93.05451485280264 26.79338504553253 31.214242138787355
      vertex 93.12659028121419 26.820512315898128 31.464723819589917
      vertex 86.01855121436073 39.131997121872786 31.464723819589917
    endloop
  endfacet
  facet normal -0.8434022042150257 -0.4869384896386684 0.2270762630343566
    outer loop
      vertex 93.12659028121419 26.820512315898128 31.464723819589917
      vertex 93.18297155181756 26.841732723531095 31.719638711935488
      vertex 86.07295293033532 39.15664621869917 31.719638711935488
    endloop
  endfacet
  facet normal -0.8544581900600303 -0.4933216660424394 0.16289547339459445
    outer loop
      vertex 93.18297155181756 26.841732723531095 31.719638711935488
      vertex 93.22341723135622 26.856955399388124 31.977895231119795
      vertex 86.11197855617017 39.17432849972066 31.977895231119795
    endloop
  endfacet
  facet normal -0.8618552547564226 -0.4975923633361145 0.09801714032924043
    outer loop
      vertex 93.22341723135622 26.856955399388124 31.977895231119795
      vertex 93.22548240377535 26.857732675247593 32
      vertex 86.11197855617017 39.17432849972066 31.977895231119795
    endloop
  endfacet
  facet normal -0.40824154935239754 -0.23569836841299682 0.8819212643483574
    outer loop
      vertex 91.35671329331416 26.024300263229335 29
      vertex 84.33978741798185 38.31229470079567 29.035898384862247
      vertex 84.13609103122833 38.20341671372297 28.91250903386925
    endloop
  endfacet
  facet normal -0.45732017358506466 -0.2640339253251838 0.8492021815265794
    outer loop
      vertex 91.41818395722981 26.052152258698506 29.035898384862247
      vertex 84.53592671407648 38.4171333387558 29.17412155078982
      vertex 84.33978741798185 38.31229470079567 29.035898384862247
    endloop
  endfacet
  facet normal -0.5044404826253591 -0.291238848433896 0.8128466845916227
    outer loop
      vertex 91.62163127165657 26.144333037604742 29.17412155078982
      vertex 84.7236690209345 38.51748369246049 29.32658663883506
      vertex 84.53592671407648 38.4171333387558 29.17412155078982
    endloop
  endfacet
  facet normal -0.5494007000759634 -0.3171966420818264 0.7730104533627311
    outer loop
      vertex 91.81636873067201 26.232567432366082 29.32658663883506
      vertex 84.90221039717518 38.61291604628912 29.49264077008409
      vertex 84.7236690209345 38.51748369246049 29.32658663883506
    endloop
  endfacet
  facet normal -0.5920082993832758 -0.341796151011427 0.7298640726978521
    outer loop
      vertex 92.00156243858 26.316477609758163 29.49264077008409
      vertex 85.06524301705011 38.7000587971355 29.665689047960182
      vertex 84.90221039717518 38.61291604628912 29.49264077008409
    endloop
  endfacet
  facet normal -0.5920082993835591 -0.34179615101158256 0.7298640726975494
    outer loop
      vertex 92.00156243858 26.316477609758163 29.49264077008409
      vertex 85.07099284025726 38.70266400813719 29.67157287525381
      vertex 85.06524301705011 38.7000587971355 29.665689047960182
    endloop
  endfacet
  facet normal -0.6320808282659102 -0.36493203634892474 0.6835923020228564
    outer loop
      vertex 92.1764193674918 26.395704253519273 29.67157287525381
      vertex 85.23476422595877 38.77686785761564 29.862616739599723
      vertex 85.07099284025726 38.70266400813719 29.67157287525381
    endloop
  endfacet
  facet normal -0.6694466900030457 -0.38650522668136317 0.6343932841636599
    outer loop
      vertex 92.34019075319333 26.46990810299773 29.862616739599723
      vertex 85.38674877423378 38.845731160536 30.06495428396512
      vertex 85.23476422595877 38.77686785761564 29.862616739599723
    endloop
  endfacet
  facet normal -0.7039458782383007 -0.40642334229581034 0.5824776968677944
    outer loop
      vertex 92.49217530146832 26.538771405918084 30.06495428396512
      vertex 85.52629566391346 38.90895903366306 30.27771906792159
      vertex 85.38674877423378 38.845731160536 30.06495428396512
    endloop
  endfacet
  facet normal -0.7354306621511717 -0.4246010907632837 0.5280678506503863
    outer loop
      vertex 92.631722191148 26.601999279045145 30.27771906792159
      vertex 85.6528073337926 38.966280725537175 30.5
      vertex 85.52629566391346 38.90895903366306 30.27771906792159
    endloop
  endfacet
  facet normal -0.7637662190633674 -0.4409606321741776 0.4713967368259968
    outer loop
      vertex 92.75823386102714 26.659320970919257 30.5
      vertex 85.76574204147832 39.017450775873556 30.730845239123994
      vertex 85.6528073337926 38.966280725537175 30.5
    endloop
  endfacet
  facet normal -0.7888312117700028 -0.45543191246058956 0.41270702980438656
    outer loop
      vertex 92.87116856871286 26.71049102125564 30.730845239123994
      vertex 85.86461618321428 39.06225006666089 30.96926627053964
      vertex 85.76574204147832 39.017450775873556 30.730845239123994
    endloop
  endfacet
  facet normal -0.8105183081242664 -0.46795296337866515 0.35225004792122083
    outer loop
      vertex 92.97004271044882 26.755290312042973 30.96926627053964
      vertex 85.94900636474613 39.10048676045832 31.214242138787355
      vertex 85.86461618321428 39.06225006666089 30.96926627053964
    endloop
  endfacet
  facet normal -0.8287346406501042 -0.47847016786610597 0.2902846772544549
    outer loop
      vertex 93.05451485280264 26.79338504553253 31.214242138787355
      vertex 86.01855121436073 39.131997121872786 31.464723819589917
      vertex 85.94900636474613 39.10048676045832 31.214242138787355
    endloop
  endfacet
  facet normal -0.8434022042150169 -0.4869384896386643 0.2270762630343988
    outer loop
      vertex 93.12659028121419 26.820512315898128 31.464723819589917
      vertex 86.07295293033532 39.15664621869917 31.719638711935488
      vertex 86.01855121436073 39.131997121872786 31.464723819589917
    endloop
  endfacet
  facet normal -0.8544581900600356 -0.4933216660424416 0.16289547339455954
    outer loop
      vertex 93.18297155181756 26.841732723531095 31.719638711935488
      vertex 86.11197855617017 39.17432849972066 31.977895231119795
      vertex 86.07295293033532 39.15664621869917 31.719638711935488
    endloop
  endfacet
  facet normal -0.8618552547563663 -0.4975923633360808 0.09801714032990631
    outer loop
      vertex 93.22548240377535 26.857732675247593 32
      vertex 86.11397122008466 39.17523136399416 32
      vertex 86.11197855617017 39.17432849972066 31.977895231119795
    endloop
  endfacet
  facet normal 0.6320808282659035 -0.3649320363489209 0.6835923020228646
    outer loop
      vertex 87.27743988192545 -23.567277128773085 29.67157287525381
      vertex 80.02586524313321 -35.769508627699736 29.862616739599723
      vertex 80.1720133546909 -35.874236883391 29.67157287525381
    endloop
  endfacet
  facet normal 0.669446690003046 -0.38650522668136245 0.63439328416366
    outer loop
      vertex 87.13129177036775 -23.462548873081822 29.862616739599723
      vertex 79.89023559927817 -35.67231779937106 30.06495428396512
      vertex 80.02586524313321 -35.769508627699736 29.862616739599723
    endloop
  endfacet
  facet normal 0.7039458782383038 -0.4064233422958121 0.5824776968677893
    outer loop
      vertex 86.99566212651271 -23.365358044753144 30.06495428396512
      vertex 79.76570521008304 -35.58308058445288 30.27771906792159
      vertex 79.89023559927817 -35.67231779937106 30.06495428396512
    endloop
  endfacet
  facet normal 0.735430662151185 -0.4246010907632914 0.5280678506503615
    outer loop
      vertex 86.87113173731758 -23.276120829834966 30.27771906792159
      vertex 79.6528073337926 -35.50217911039942 30.5
      vertex 79.76570521008304 -35.58308058445288 30.27771906792159
    endloop
  endfacet
  facet normal 0.7888312117700139 -0.4554319124605961 0.4127070298043581
    outer loop
      vertex 86.65745194368003 -23.123000055124884 30.730845239123994
      vertex 79.46379102168416 -35.36673193661574 30.96926627053964
      vertex 79.55202541644549 -35.4299598097428 30.730845239123994
    endloop
  endfacet
  facet normal 0.7637662190633534 -0.4409606321741697 0.47139673682602656
    outer loop
      vertex 86.75823386102714 -23.195219355781504 30.5
      vertex 79.55202541644549 -35.4299598097428 30.730845239123994
      vertex 79.6528073337926 -35.50217911039942 30.5
    endloop
  endfacet
  facet normal 0.8105183081242665 -0.46795296337866504 0.3522500479212207
    outer loop
      vertex 86.5692175489187 -23.059772181997825 30.96926627053964
      vertex 79.38848198273294 -35.31276624247789 31.214242138787355
      vertex 79.46379102168416 -35.36673193661574 30.96926627053964
    endloop
  endfacet
  facet normal 0.8287346406500926 -0.4784701678660984 0.2902846772545006
    outer loop
      vertex 86.49399047078944 -23.00566452755211 31.214242138787355
      vertex 79.32642078445826 -35.268293816716515 31.464723819589917
      vertex 79.38848198273294 -35.31276624247789 31.214242138787355
    endloop
  endfacet
  facet normal 0.8434022042150227 -0.4869384896386677 0.2270762630343698
    outer loop
      vertex 86.43445985131173 -22.956809010741857 31.464723819589917
      vertex 79.27787318243898 -35.23350509708625 31.719638711935488
      vertex 79.32642078445826 -35.268293816716515 31.464723819589917
    endloop
  endfacet
  facet normal 0.8544581900600338 -0.49332166604244154 0.1628954733945706
    outer loop
      vertex 86.38789180392124 -22.918591601918173 31.719638711935488
      vertex 79.2430470649601 -35.208549054225415 31.977895231119795
      vertex 79.27787318243898 -35.23350509708625 31.719638711935488
    endloop
  endfacet
  facet normal 0.8618552547563855 -0.49759236333609225 0.09801714032968166
    outer loop
      vertex 86.35448574014613 -22.891175953892883 31.977895231119795
      vertex 79.24126882960583 -35.20727478879102 32
      vertex 79.2430470649601 -35.208549054225415 31.977895231119795
    endloop
  endfacet
  facet normal -0.40824154935239754 0.23569836841299682 0.8819212643483574
    outer loop
      vertex 91.35671329331416 -26.024300263229335 29
      vertex 84.13609103122833 -38.20341671372297 28.91250903386925
      vertex 84.33978741798185 -38.31229470079567 29.035898384862247
    endloop
  endfacet
  facet normal -0.5494007000759634 0.3171966420818264 0.7730104533627311
    outer loop
      vertex 91.81636873067201 -26.232567432366082 29.32658663883506
      vertex 84.7236690209345 -38.51748369246049 29.32658663883506
      vertex 84.90221039717518 -38.61291604628912 29.49264077008409
    endloop
  endfacet
  facet normal -0.45732017358506466 0.2640339253251838 0.8492021815265794
    outer loop
      vertex 91.41818395722981 -26.052152258698506 29.035898384862247
      vertex 84.33978741798185 -38.31229470079567 29.035898384862247
      vertex 84.53592671407648 -38.4171333387558 29.17412155078982
    endloop
  endfacet
  facet normal -0.5044404826253591 0.291238848433896 0.8128466845916227
    outer loop
      vertex 91.62163127165657 -26.144333037604742 29.17412155078982
      vertex 84.53592671407648 -38.4171333387558 29.17412155078982
      vertex 84.7236690209345 -38.51748369246049 29.32658663883506
    endloop
  endfacet
  facet normal -0.5920082993835591 0.34179615101158256 0.7298640726975494
    outer loop
      vertex 92.00156243858 -26.316477609758163 29.49264077008409
      vertex 85.06524301705011 -38.7000587971355 29.665689047960182
      vertex 85.07099284025726 -38.70266400813719 29.67157287525381
    endloop
  endfacet
  facet normal -0.5920082993832758 0.341796151011427 0.7298640726978521
    outer loop
      vertex 92.00156243858 -26.316477609758163 29.49264077008409
      vertex 84.90221039717518 -38.61291604628912 29.49264077008409
      vertex 85.06524301705011 -38.7000587971355 29.665689047960182
    endloop
  endfacet
  facet normal -0.6320808282659102 0.36493203634892474 0.6835923020228564
    outer loop
      vertex 92.1764193674918 -26.395704253519273 29.67157287525381
      vertex 85.07099284025726 -38.70266400813719 29.67157287525381
      vertex 85.23476422595877 -38.77686785761564 29.862616739599723
    endloop
  endfacet
  facet normal -0.669446690003046 0.38650522668136245 0.63439328416366
    outer loop
      vertex 92.49217530146832 -26.538771405918084 30.06495428396512
      vertex 85.23476422595877 -38.77686785761564 29.862616739599723
      vertex 85.38674877423378 -38.845731160536 30.06495428396512
    endloop
  endfacet
  facet normal -0.7039458782383007 0.40642334229581034 0.5824776968677944
    outer loop
      vertex 92.631722191148 -26.601999279045145 30.27771906792159
      vertex 85.38674877423378 -38.845731160536 30.06495428396512
      vertex 85.52629566391346 -38.90895903366306 30.27771906792159
    endloop
  endfacet
  facet normal -0.8544581900600358 0.4933216660424425 0.1628954733945566
    outer loop
      vertex 93.22341723135622 -26.856955399388124 31.977895231119795
      vertex 86.07295293033532 -39.15664621869917 31.719638711935488
      vertex 86.11197855617017 -39.17432849972066 31.977895231119795
    endloop
  endfacet
  facet normal -0.8618552547563659 0.4975923633360818 0.09801714032990434
    outer loop
      vertex 93.22341723135622 -26.856955399388124 31.977895231119795
      vertex 86.11197855617017 -39.17432849972066 31.977895231119795
      vertex 86.11397122008466 -39.17523136399416 32
    endloop
  endfacet
  facet normal -0.7354306621511734 0.4246010907632845 0.5280678506503835
    outer loop
      vertex 92.75823386102714 -26.659320970919257 30.5
      vertex 85.52629566391346 -38.90895903366306 30.27771906792159
      vertex 85.6528073337926 -38.966280725537175 30.5
    endloop
  endfacet
  facet normal -0.7637662190633674 0.4409606321741776 0.4713967368259968
    outer loop
      vertex 92.87116856871286 -26.71049102125564 30.730845239123994
      vertex 85.6528073337926 -38.966280725537175 30.5
      vertex 85.76574204147832 -39.017450775873556 30.730845239123994
    endloop
  endfacet
  facet normal -0.7888312117700027 0.4554319124605896 0.4127070298043866
    outer loop
      vertex 92.97004271044882 -26.755290312042973 30.96926627053964
      vertex 85.76574204147832 -39.017450775873556 30.730845239123994
      vertex 85.86461618321428 -39.06225006666089 30.96926627053964
    endloop
  endfacet
  facet normal -0.8105183081242658 0.46795296337866543 0.35225004792122194
    outer loop
      vertex 93.05451485280264 -26.79338504553253 31.214242138787355
      vertex 85.86461618321428 -39.06225006666089 30.96926627053964
      vertex 85.94900636474613 -39.10048676045832 31.214242138787355
    endloop
  endfacet
  facet normal -0.8287346406501048 0.4784701678661063 0.29028467725445267
    outer loop
      vertex 93.12659028121419 -26.820512315898128 31.464723819589917
      vertex 85.94900636474613 -39.10048676045832 31.214242138787355
      vertex 86.01855121436073 -39.131997121872786 31.464723819589917
    endloop
  endfacet
  facet normal -0.8434022042150167 0.4869384896386632 0.22707626303440176
    outer loop
      vertex 93.18297155181756 -26.841732723531095 31.719638711935488
      vertex 86.01855121436073 -39.131997121872786 31.464723819589917
      vertex 86.07295293033532 -39.15664621869917 31.719638711935488
    endloop
  endfacet
  facet normal 0.408241549352399 -0.23569836841299718 0.8819212643483565
    outer loop
      vertex 88.00893820967227 -24.09146141750237 29
      vertex 80.8756858028441 -36.31229470079567 29.035898384862247
      vertex 81.07182509893873 -36.43426195284697 28.91250903386925
    endloop
  endfacet
  facet normal 0.4573201735850632 -0.26403392532518244 0.8492021815265807
    outer loop
      vertex 87.95408234209205 -24.052152258698506 29.035898384862247
      vertex 80.68682323102516 -36.194852406677384 29.17412155078982
      vertex 80.8756858028441 -36.31229470079567 29.035898384862247
    endloop
  endfacet
  facet normal 0.5044404826253732 -0.29123884843390424 0.8128466845916111
    outer loop
      vertex 87.77252778860525 -23.922052105526333 29.17412155078982
      vertex 80.50604612200914 -36.08243797642561 29.32658663883506
      vertex 80.68682323102516 -36.194852406677384 29.17412155078982
    endloop
  endfacet
  facet normal 0.5494007000759555 -0.3171966420818217 0.7730104533627387
    outer loop
      vertex 87.59874583174665 -23.7975217163312 29.32658663883506
      vertex 80.33412859113025 -35.975532785888845 29.49264077008409
      vertex 80.50604612200914 -36.08243797642561 29.32658663883506
    endloop
  endfacet
  facet normal 0.592008299383288 -0.3417961510114335 0.729864072697839
    outer loop
      vertex 87.43348063253505 -23.67909434935789 29.49264077008409
      vertex 80.17714444520418 -35.877913770854825 29.66568904796018
      vertex 80.33412859113025 -35.975532785888845 29.49264077008409
    endloop
  endfacet
  facet normal 0.5920082993830499 -0.34179615101128774 0.7298640726981005
    outer loop
      vertex 87.43348063253505 -23.67909434935789 29.49264077008409
      vertex 80.1720133546909 -35.874236883391 29.67157287525381
      vertex 80.17714444520418 -35.877913770854825 29.66568904796018
    endloop
  endfacet
  facet normal 0.5494007000759443 -0.31719664208181486 0.7730104533627493
    outer loop
      vertex 87.59874583174665 -23.7975217163312 29.32658663883506
      vertex 87.43348063253505 -23.67909434935789 29.49264077008409
      vertex 80.33412859113025 -35.975532785888845 29.49264077008409
    endloop
  endfacet
  facet normal 0.5920082993832917 -0.34179615101143596 0.7298640726978349
    outer loop
      vertex 87.27743988192545 -23.567277128773085 29.67157287525381
      vertex 80.1720133546909 -35.874236883391 29.67157287525381
      vertex 87.43348063253505 -23.67909434935789 29.49264077008409
    endloop
  endfacet
  facet normal 0.6320808282659036 -0.36493203634892096 0.6835923020228645
    outer loop
      vertex 87.27743988192545 -23.567277128773085 29.67157287525381
      vertex 87.13129177036775 -23.462548873081822 29.862616739599723
      vertex 80.02586524313321 -35.769508627699736 29.862616739599723
    endloop
  endfacet
  facet normal 0.6694466900030456 -0.3865052266813622 0.6343932841636606
    outer loop
      vertex 86.99566212651271 -23.365358044753144 30.06495428396512
      vertex 79.89023559927817 -35.67231779937106 30.06495428396512
      vertex 87.13129177036775 -23.462548873081822 29.862616739599723
    endloop
  endfacet
  facet normal 0.2513939048317176 -0.14514233862722328 0.9569403357322138
    outer loop
      vertex 98.53397972597033 -7.656680090136129 28.63629669484373
      vertex 81.48254670616828 -36.68966506068576 28.712279482019575
      vertex 81.69537024432591 -36.82200724115529 28.63629669484373
    endloop
  endfacet
  facet normal 0.19665381238421162 -0.11353813151719068 0.9738769792773317
    outer loop
      vertex 98.74218903580268 -7.80588077158877 28.57685887838708
      vertex 81.69537024432591 -36.82200724115529 28.63629669484373
      vertex 81.91196049214057 -36.95669171220752 28.57685887838708
    endloop
  endfacet
  facet normal 0.14107161812121666 -0.08144773669730054 0.986643332084877
    outer loop
      vertex 98.95638997691954 -7.951386896913928 28.534220554504756
      vertex 81.91196049214057 -36.95669171220752 28.57685887838708
      vertex 82.13138997691954 -37.093141734260286 28.534220554504756
    endloop
  endfacet
  facet normal 0.0848853335316995 -0.04900857016477789 0.9951847266721975
    outer loop
      vertex 99.1777190679216 -8.089018170024593 28.508564307045585
      vertex 82.13138997691954 -37.093141734260286 28.534220554504756
      vertex 82.3527190679216 -37.23077300737095 28.508564307045585
    endloop
  endfacet
  facet normal 0.4573201735850793 -0.26403392532519215 0.849202181526569
    outer loop
      vertex 87.77252778860525 -23.922052105526333 29.17412155078982
      vertex 80.68682323102516 -36.194852406677384 29.17412155078982
      vertex 87.95408234209205 -24.052152258698506 29.035898384862247
    endloop
  endfacet
  facet normal 0.4082415493524093 -0.23569836841300323 0.8819212643483499
    outer loop
      vertex 88.00893820967227 -24.09146141750237 29
      vertex 87.95408234209205 -24.052152258698506 29.035898384862247
      vertex 80.8756858028441 -36.31229470079567 29.035898384862247
    endloop
  endfacet
  facet normal 0.5044404826253616 -0.29123884843389714 0.8128466845916207
    outer loop
      vertex 87.59874583174665 -23.7975217163312 29.32658663883506
      vertex 80.50604612200914 -36.08243797642561 29.32658663883506
      vertex 87.77252778860525 -23.922052105526333 29.17412155078982
    endloop
  endfacet
  facet normal 0.7039458782383043 -0.4064233422958125 0.5824776968677884
    outer loop
      vertex 86.99566212651271 -23.365358044753144 30.06495428396512
      vertex 86.87113173731758 -23.276120829834966 30.27771906792159
      vertex 79.76570521008304 -35.58308058445288 30.27771906792159
    endloop
  endfacet
  facet normal 0.7354306621511858 -0.4246010907632918 0.5280678506503604
    outer loop
      vertex 86.87113173731758 -23.276120829834966 30.27771906792159
      vertex 86.75823386102714 -23.195219355781504 30.5
      vertex 79.6528073337926 -35.50217911039942 30.5
    endloop
  endfacet
  facet normal 0.7637662190633537 -0.44096063217416986 0.4713967368260261
    outer loop
      vertex 86.75823386102714 -23.195219355781504 30.5
      vertex 86.65745194368003 -23.123000055124884 30.730845239123994
      vertex 79.55202541644549 -35.4299598097428 30.730845239123994
    endloop
  endfacet
  facet normal 0.7888312117700116 -0.45543191246059467 0.4127070298043641
    outer loop
      vertex 86.65745194368003 -23.123000055124884 30.730845239123994
      vertex 86.5692175489187 -23.059772181997825 30.96926627053964
      vertex 79.46379102168416 -35.36673193661574 30.96926627053964
    endloop
  endfacet
  facet normal 0.8105183081242622 -0.46795296337866216 0.3522500479212346
    outer loop
      vertex 86.5692175489187 -23.059772181997825 30.96926627053964
      vertex 86.4959185587471 -23.00724686844582 31.207703568492636
      vertex 79.38848198273294 -35.31276624247789 31.214242138787355
    endloop
  endfacet
  facet normal 0.8105183081243935 -0.4679529633787383 0.352250047920831
    outer loop
      vertex 86.4959185587471 -23.00724686844582 31.207703568492636
      vertex 86.49399047078944 -23.00566452755211 31.214242138787355
      vertex 79.38848198273294 -35.31276624247789 31.214242138787355
    endloop
  endfacet
  facet normal 0.8287346406501022 -0.4784701678661048 0.29028467725446255
    outer loop
      vertex 86.49399047078944 -23.00566452755211 31.214242138787355
      vertex 86.43445985131173 -22.956809010741857 31.464723819589917
      vertex 79.32642078445826 -35.268293816716515 31.464723819589917
    endloop
  endfacet
  facet normal 0.8434022042150232 -0.486938489638668 0.22707626303436718
    outer loop
      vertex 86.43445985131173 -22.956809010741857 31.464723819589917
      vertex 86.38789180392124 -22.918591601918173 31.719638711935488
      vertex 79.27787318243898 -35.23350509708625 31.719638711935488
    endloop
  endfacet
  facet normal 0.8544581900600273 -0.4933216660424368 0.1628954733946179
    outer loop
      vertex 86.38789180392124 -22.918591601918173 31.719638711935488
      vertex 86.35448574014613 -22.891175953892883 31.977895231119795
      vertex 79.2430470649601 -35.208549054225415 31.977895231119795
    endloop
  endfacet
  facet normal 0.8618552547564216 -0.49759236333611384 0.09801714032925242
    outer loop
      vertex 86.35448574014613 -22.891175953892883 31.977895231119795
      vertex 86.35278001329652 -22.889776100044458 32
      vertex 79.24126882960583 -35.20727478879102 32
    endloop
  endfacet
  facet normal 0.30505748998407095 -0.17612502396061494 0.935905926757327
    outer loop
      vertex 98.33091536118596 -7.5074345255442285 28.712279482019575
      vertex 81.2744012207313 -36.56023188033325 28.804481869954852
      vertex 81.48254670616828 -36.68966506068576 28.712279482019575
    endloop
  endfacet
  facet normal 0.3574147721310413 -0.2063535149022055 0.9108638249211685
    outer loop
      vertex 98.13898287573862 -7.349919605466567 28.804481869954852
      vertex 81.07182509893873 -36.43426195284697 28.91250903386925
      vertex 81.2744012207313 -36.56023188033325 28.804481869954852
    endloop
  endfacet
  facet normal -0.40824154935238344 0.2356983684129888 0.8819212643483662
    outer loop
      vertex 91.35671329331416 -26.024300263229335 29
      vertex 84.33978741798185 -38.31229470079567 29.035898384862247
      vertex 91.41818395722981 -26.052152258698506 29.035898384862247
    endloop
  endfacet
  facet normal -0.45732017358506866 0.26403392532518594 0.8492021815265767
    outer loop
      vertex 91.62163127165657 -26.144333037604742 29.17412155078982
      vertex 91.41818395722981 -26.052152258698506 29.035898384862247
      vertex 84.53592671407648 -38.4171333387558 29.17412155078982
    endloop
  endfacet
  facet normal -0.5494007000759599 0.3171966420818244 0.7730104533627344
    outer loop
      vertex 91.81636873067201 -26.232567432366082 29.32658663883506
      vertex 84.90221039717518 -38.61291604628912 29.49264077008409
      vertex 92.00156243858 -26.316477609758163 29.49264077008409
    endloop
  endfacet
  facet normal -0.5044404826253664 0.2912388484339001 0.8128466845916167
    outer loop
      vertex 91.62163127165657 -26.144333037604742 29.17412155078982
      vertex 84.7236690209345 -38.51748369246049 29.32658663883506
      vertex 91.81636873067201 -26.232567432366082 29.32658663883506
    endloop
  endfacet
  facet normal -0.5920082993832948 0.3417961510114377 0.7298640726978317
    outer loop
      vertex 92.00156243858 -26.316477609758163 29.49264077008409
      vertex 85.07099284025726 -38.70266400813719 29.67157287525381
      vertex 92.1764193674918 -26.395704253519273 29.67157287525381
    endloop
  endfacet
  facet normal -0.6320808282658844 0.3649320363489108 0.6835923020228877
    outer loop
      vertex 92.1764193674918 -26.395704253519273 29.67157287525381
      vertex 85.23476422595877 -38.77686785761564 29.862616739599723
      vertex 92.34019075319333 -26.46990810299773 29.862616739599723
    endloop
  endfacet
  facet normal -0.6694466900030693 0.3865052266813768 0.6343932841636265
    outer loop
      vertex 92.34019075319333 -26.46990810299773 29.862616739599723
      vertex 85.23476422595877 -38.77686785761564 29.862616739599723
      vertex 92.49217530146832 -26.538771405918084 30.06495428396512
    endloop
  endfacet
  facet normal -0.02833555691218252 0.01635954141088654 0.9994645874763659
    outer loop
      vertex 99.4 -8.227241335952167 28.5
      vertex 82.575 -37.36899617329853 28.5
      vertex 82.805845239124 -37.49238552429153 28.508564307045585
    endloop
  endfacet
  facet normal -0.08488533353169896 0.04900857016477757 0.9951847266721975
    outer loop
      vertex 99.630845239124 -8.350630686945166 28.508564307045585
      vertex 82.805845239124 -37.49238552429153 28.508564307045585
      vertex 83.03570196349406 -37.61524650314049 28.534220554504756
    endloop
  endfacet
  facet normal 0.028335556912182702 -0.016359541410886646 0.9994645874763659
    outer loop
      vertex 99.4 -8.227241335952167 28.5
      vertex 82.3527190679216 -37.23077300737095 28.508564307045585
      vertex 82.575 -37.36899617329853 28.5
    endloop
  endfacet
  facet normal -0.19665381238421287 0.11353813151719148 0.9738769792773314
    outer loop
      vertex 100.09381443499032 -8.586242059653284 28.57685887838708
      vertex 83.26358589132819 -37.73705300027204 28.57685887838708
      vertex 83.48852118866202 -37.85728342156537 28.63629669484373
    endloop
  endfacet
  facet normal -0.14107161812121036 0.08144773669729692 0.9866433320848781
    outer loop
      vertex 99.9482574429195 -8.520291044560539 28.550602661504996
      vertex 83.03570196349406 -37.61524650314049 28.534220554504756
      vertex 83.26358589132819 -37.73705300027204 28.57685887838708
    endloop
  endfacet
  facet normal -0.25139390483171853 0.14514233862722384 0.9569403357322133
    outer loop
      vertex 100.51450739253166 -8.776855558857225 28.698398630470198
      vertex 83.48852118866202 -37.85728342156537 28.63629669484373
      vertex 83.70954464801967 -37.97542292189841 28.712279482019575
    endloop
  endfacet
  facet normal -0.35741477213103706 0.2063535149022031 0.9108638249211707
    outer loop
      vertex 100.79029146802336 -8.880653334926928 28.804481869954852
      vertex 83.92570981301604 -38.09096560979361 28.804481869954852
      vertex 84.13609103122833 -38.20341671372297 28.91250903386925
    endloop
  endfacet
  facet normal -0.30505748998408017 0.17612502396062024 0.9359059267573231
    outer loop
      vertex 100.55791330303735 -8.793192386756875 28.712279482019575
      vertex 83.70954464801967 -37.97542292189841 28.712279482019575
      vertex 83.92570981301604 -38.09096560979361 28.804481869954852
    endloop
  endfacet
  facet normal -0.7039458782383005 0.4064233422958102 0.5824776968677949
    outer loop
      vertex 92.49217530146832 -26.538771405918084 30.06495428396512
      vertex 85.38674877423378 -38.845731160536 30.06495428396512
      vertex 92.631722191148 -26.601999279045145 30.27771906792159
    endloop
  endfacet
  facet normal -0.7354306621511747 0.4246010907632854 0.528067850650381
    outer loop
      vertex 92.631722191148 -26.601999279045145 30.27771906792159
      vertex 85.52629566391346 -38.90895903366306 30.27771906792159
      vertex 92.75823386102714 -26.659320970919257 30.5
    endloop
  endfacet
  facet normal -0.7637662190633677 0.4409606321741778 0.4713967368259961
    outer loop
      vertex 92.75823386102714 -26.659320970919257 30.5
      vertex 85.6528073337926 -38.966280725537175 30.5
      vertex 92.87116856871286 -26.71049102125564 30.730845239123994
    endloop
  endfacet
  facet normal -0.7888312117700006 0.4554319124605883 0.4127070298043923
    outer loop
      vertex 92.87116856871286 -26.71049102125564 30.730845239123994
      vertex 85.76574204147832 -39.017450775873556 30.730845239123994
      vertex 92.97004271044882 -26.755290312042973 30.96926627053964
    endloop
  endfacet
  facet normal -0.8105183081242603 0.46795296337866166 0.35225004792123954
    outer loop
      vertex 93.0521804614124 -26.792506442827314 31.20770356849264
      vertex 92.97004271044882 -26.755290312042973 30.96926627053964
      vertex 85.86461618321428 -39.06225006666089 30.96926627053964
    endloop
  endfacet
  facet normal -0.8105183081241596 0.4679529633785965 0.35225004792155795
    outer loop
      vertex 93.05451485280264 -26.79338504553253 31.214242138787355
      vertex 93.0521804614124 -26.792506442827314 31.20770356849264
      vertex 85.86461618321428 -39.06225006666089 30.96926627053964
    endloop
  endfacet
  facet normal -0.8287346406501035 0.4784701678661055 0.2902846772544575
    outer loop
      vertex 93.05451485280264 -26.79338504553253 31.214242138787355
      vertex 85.94900636474613 -39.10048676045832 31.214242138787355
      vertex 93.12659028121419 -26.820512315898128 31.464723819589917
    endloop
  endfacet
  facet normal -0.8434022042150254 0.48693848963866926 0.22707626303435663
    outer loop
      vertex 93.12659028121419 -26.820512315898128 31.464723819589917
      vertex 86.01855121436073 -39.131997121872786 31.464723819589917
      vertex 93.18297155181756 -26.841732723531095 31.719638711935488
    endloop
  endfacet
  facet normal -0.8544581900600308 0.4933216660424388 0.16289547339459448
    outer loop
      vertex 93.18297155181756 -26.841732723531095 31.719638711935488
      vertex 86.07295293033532 -39.15664621869917 31.719638711935488
      vertex 93.22341723135622 -26.856955399388124 31.977895231119795
    endloop
  endfacet
  facet normal -0.8618552547564232 0.4975923633361137 0.09801714032924047
    outer loop
      vertex 93.22341723135622 -26.856955399388124 31.977895231119795
      vertex 86.11397122008466 -39.17523136399416 32
      vertex 93.22548240377535 -26.857732675247593 32
    endloop
  endfacet
  facet normal 0.40824154935238566 -0.23569836841298974 0.8819212643483647
    outer loop
      vertex 88.00893820967227 -24.09146141750237 29
      vertex 81.07182509893873 -36.43426195284697 28.91250903386925
      vertex 97.88621475654935 -7.142478171050286 28.957516634482204
    endloop
  endfacet
  facet normal -0.40824154935239393 0.23569836841299469 0.8819212643483595
    outer loop
      vertex 91.35671329331416 -26.024300263229335 29
      vertex 101.09632507961997 -8.995836230203505 28.957516634482204
      vertex 84.13609103122833 -38.20341671372297 28.91250903386925
    endloop
  endfacet
  facet normal 0.14107161812121025 -0.08144773669729678 0.9866433320848782
    outer loop
      vertex 98.74218903580268 -7.80588077158877 28.57685887838708
      vertex 81.91196049214057 -36.95669171220752 28.57685887838708
      vertex 98.87208278631378 -7.89896131687418 28.550602661504996
    endloop
  endfacet
  facet normal 0.14107161812120977 -0.0814477366972965 0.9866433320848783
    outer loop
      vertex 98.87208278631378 -7.89896131687418 28.550602661504996
      vertex 81.91196049214057 -36.95669171220752 28.57685887838708
      vertex 98.95638997691954 -7.951386896913928 28.534220554504756
    endloop
  endfacet
  facet normal 0.4082415493523929 -0.23569836841299385 0.8819212643483604
    outer loop
      vertex 97.88621475654935 -7.142478171050286 28.957516634482204
      vertex 81.07182509893873 -36.43426195284697 28.91250903386925
      vertex 97.95218594153508 -7.1966193233739055 28.91250903386925
    endloop
  endfacet
  facet normal 0.3050574899840782 -0.17612502396061916 0.935905926757324
    outer loop
      vertex 98.33091536118596 -7.5074345255442285 28.712279482019575
      vertex 98.13898287573862 -7.349919605466567 28.804481869954852
      vertex 81.2744012207313 -36.56023188033325 28.804481869954852
    endloop
  endfacet
  facet normal 0.35741477213103146 -0.20635351490219977 0.9108638249211737
    outer loop
      vertex 98.13898287573862 -7.349919605466567 28.804481869954852
      vertex 97.95218594153508 -7.1966193233739055 28.91250903386925
      vertex 81.07182509893873 -36.43426195284697 28.91250903386925
    endloop
  endfacet
  facet normal 0.1966538123842144 -0.11353813151719234 0.9738769792773311
    outer loop
      vertex 98.74218903580268 -7.80588077158877 28.57685887838708
      vertex 98.53397972597033 -7.656680090136129 28.63629669484373
      vertex 81.69537024432591 -36.82200724115529 28.63629669484373
    endloop
  endfacet
  facet normal 0.25139390483172197 -0.14514233862722586 0.9569403357322122
    outer loop
      vertex 98.36676642441716 -7.536856732766734 28.698398630470198
      vertex 81.48254670616828 -36.68966506068576 28.712279482019575
      vertex 98.53397972597033 -7.656680090136129 28.63629669484373
    endloop
  endfacet
  facet normal 0.2513939048317012 -0.14514233862721385 0.9569403357322194
    outer loop
      vertex 98.33091536118596 -7.5074345255442285 28.712279482019575
      vertex 81.48254670616828 -36.68966506068576 28.712279482019575
      vertex 98.36676642441716 -7.536856732766734 28.698398630470198
    endloop
  endfacet
  facet normal 0.08488533353169887 -0.04900857016477753 0.9951847266721975
    outer loop
      vertex 99.1777190679216 -8.089018170024593 28.508564307045585
      vertex 98.95638997691954 -7.951386896913928 28.534220554504756
      vertex 82.13138997691954 -37.093141734260286 28.534220554504756
    endloop
  endfacet
  facet normal 0.028335556912182938 -0.016359541410886785 0.9994645874763659
    outer loop
      vertex 99.1777190679216 -8.089018170024593 28.508564307045585
      vertex 82.3527190679216 -37.23077300737095 28.508564307045585
      vertex 99.4 -8.227241335952167 28.5
    endloop
  endfacet
  facet normal -0.028335556912182647 0.016359541410886615 0.9994645874763657
    outer loop
      vertex 99.4 -8.227241335952167 28.5
      vertex 82.805845239124 -37.49238552429153 28.508564307045585
      vertex 99.630845239124 -8.350630686945166 28.508564307045585
    endloop
  endfacet
  facet normal -0.14107161812121163 0.08144773669729763 0.9866433320848781
    outer loop
      vertex 99.9482574429195 -8.520291044560539 28.550602661504996
      vertex 83.26358589132819 -37.73705300027204 28.57685887838708
      vertex 100.09381443499032 -8.586242059653284 28.57685887838708
    endloop
  endfacet
  facet normal -0.19665381238421548 0.11353813151719298 0.9738769792773306
    outer loop
      vertex 100.09381443499032 -8.586242059653284 28.57685887838708
      vertex 83.48852118866202 -37.85728342156537 28.63629669484373
      vertex 100.32713067030643 -8.691956270546212 28.63629669484373
    endloop
  endfacet
  facet normal -0.08488533353169792 0.04900857016477698 0.9951847266721976
    outer loop
      vertex 99.630845239124 -8.350630686945166 28.508564307045585
      vertex 83.03570196349406 -37.61524650314049 28.534220554504756
      vertex 99.86070196349407 -8.473491665794134 28.534220554504756
    endloop
  endfacet
  facet normal -0.1410716181212133 0.08144773669729861 0.9866433320848776
    outer loop
      vertex 99.86070196349407 -8.473491665794134 28.534220554504756
      vertex 83.03570196349406 -37.61524650314049 28.534220554504756
      vertex 99.9482574429195 -8.520291044560539 28.550602661504996
    endloop
  endfacet
  facet normal -0.2513939048317141 0.14514233862722128 0.9569403357322148
    outer loop
      vertex 100.51450739253166 -8.776855558857225 28.698398630470198
      vertex 100.32713067030643 -8.691956270546212 28.63629669484373
      vertex 83.48852118866202 -37.85728342156537 28.63629669484373
    endloop
  endfacet
  facet normal -0.2513939048317338 0.1451423386272327 0.9569403357322079
    outer loop
      vertex 100.55791330303735 -8.793192386756875 28.712279482019575
      vertex 100.51450739253166 -8.776855558857225 28.698398630470198
      vertex 83.70954464801967 -37.97542292189841 28.712279482019575
    endloop
  endfacet
  facet normal -0.30505748998407495 0.1761250239606173 0.9359059267573254
    outer loop
      vertex 100.55791330303735 -8.793192386756875 28.712279482019575
      vertex 83.92570981301604 -38.09096560979361 28.804481869954852
      vertex 100.79029146802336 -8.880653334926928 28.804481869954852
    endloop
  endfacet
  facet normal -0.35741477213103273 0.20635351490220058 0.9108638249211729
    outer loop
      vertex 100.79029146802336 -8.880653334926928 28.804481869954852
      vertex 84.13609103122833 -38.20341671372297 28.91250903386925
      vertex 101.01645187382469 -8.965774084249912 28.91250903386925
    endloop
  endfacet
  facet normal -0.40824154935239465 0.23569836841299507 0.881921264348359
    outer loop
      vertex 101.01645187382469 -8.965774084249912 28.91250903386925
      vertex 84.13609103122833 -38.20341671372297 28.91250903386925
      vertex 101.09632507961997 -8.995836230203505 28.957516634482204
    endloop
  endfacet
  facet normal 0.40824154935240253 -0.23569836841299957 0.8819212643483544
    outer loop
      vertex 88.00893820967227 -24.09146141750237 29
      vertex 97.88621475654935 -7.142478171050286 28.957516634482204
      vertex 97.8266485363549 -7.086688317694419 29
    endloop
  endfacet
  facet normal -0.4082415493524083 0.2356983684130029 0.8819212643483508
    outer loop
      vertex 91.35671329331416 -26.024300263229335 29
      vertex 101.17442361999679 -9.019527163421385 29
      vertex 101.09632507961997 -8.995836230203505 28.957516634482204
    endloop
  endfacet
  facet normal 0.8128466845916182 0.5824776968677979 0
    outer loop
      vertex 96.25103868312583 -5.277917213686221 29
      vertex 96.61314326723327 -5.783233575582846 0
      vertex 96.25103868312583 -5.277917213686221 0
    endloop
  endfacet
  facet normal 0.7298640726978337 0.6835923020228734 0
    outer loop
      vertex 97.00752182894972 -6.263785243450654 29
      vertex 97.4324855787278 -6.7175144212722016 0
      vertex 97.00752182894972 -6.263785243450654 0
    endloop
  endfacet
  facet normal 0.7730104533627349 0.6343932841636479 0
    outer loop
      vertex 96.61314326723327 -5.783233575582846 29
      vertex 97.00752182894972 -6.263785243450654 0
      vertex 96.61314326723327 -5.783233575582846 0
    endloop
  endfacet
  facet normal 0.6835923020228746 0.7298640726978324 0
    outer loop
      vertex 97.88621475654935 -7.142478171050286 28.957516634482204
      vertex 97.88621475654935 -7.142478171050286 0
      vertex 97.4324855787278 -6.7175144212722016 0
    endloop
  endfacet
  facet normal 0.6343932841636398 0.7730104533627417 2.8954162471794607e-18
    outer loop
      vertex 97.95218594153508 -7.1966193233739055 28.91250903386925
      vertex 98.36676642441716 -7.536856732766734 0
      vertex 97.88621475654935 -7.142478171050286 0
    endloop
  endfacet
  facet normal 0.582477696867808 0.8128466845916109 4.560416764113286e-17
    outer loop
      vertex 98.53397972597033 -7.656680090136129 28.63629669484373
      vertex 98.87208278631378 -7.89896131687418 0
      vertex 98.36676642441716 -7.536856732766734 0
    endloop
  endfacet
  facet normal 0.8492021815265743 0.5280678506503754 0
    outer loop
      vertex 95.92275866404783 -4.75 29
      vertex 96.25103868312583 -5.277917213686221 0
      vertex 95.92275866404783 -4.75 0
    endloop
  endfacet
  facet normal 0.8819212643483596 0.4713967368259893 0
    outer loop
      vertex 95.62970895543947 -4.201742557080513 29
      vertex 95.92275866404783 -4.75 0
      vertex 95.62970895543947 -4.201742557080513 0
    endloop
  endfacet
  facet normal 0.9359059267573216 0.35225004792124415 0
    outer loop
      vertex 95.1541637697965 -3.0536749203800353 29
      vertex 95.37314444114278 -3.635492607468353 0
      vertex 95.1541637697965 -3.0536749203800353 0
    endloop
  endfacet
  facet normal 0.9108638249211763 0.41270702980439333 0
    outer loop
      vertex 95.37314444114278 -3.635492607468353 29
      vertex 95.62970895543947 -4.201742557080513 0
      vertex 95.37314444114278 -3.635492607468353 0
    endloop
  endfacet
  facet normal 0.9951847266721984 0.09801714032954499 0
    outer loop
      vertex 94.67034022923328 -0.6213297276863591 29
      vertex 94.7312738169488 -1.23999882609049 0
      vertex 94.67034022923328 -0.6213297276863591 0
    endloop
  endfacet
  facet normal 0.9994645874763655 0.03271908282178102 0
    outer loop
      vertex 94.65 0 29
      vertex 94.67034022923328 -0.6213297276863591 0
      vertex 94.65 0 0
    endloop
  endfacet
  facet normal 0.9569403357322144 0.290284677254444 0
    outer loop
      vertex 94.97370465025386 -2.458780928473947 29
      vertex 95.1541637697965 -3.0536749203800353 0
      vertex 94.97370465025386 -2.458780928473947 0
    endloop
  endfacet
  facet normal 0.9738769792773312 0.22707626303438333 0
    outer loop
      vertex 94.83253983616932 -1.8533580591532184 29
      vertex 94.97370465025386 -2.458780928473947 0
      vertex 94.83253983616932 -1.8533580591532184 0
    endloop
  endfacet
  facet normal 0.9866433320848771 0.16289547339460103 0
    outer loop
      vertex 94.7312738169488 -1.23999882609049 29
      vertex 94.83253983616932 -1.8533580591532184 0
      vertex 94.7312738169488 -1.23999882609049 0
    endloop
  endfacet
  facet normal 0.47139673682599453 0.8819212643483566 0
    outer loop
      vertex 99.4 -8.227241335952167 28.5
      vertex 99.9482574429195 -8.520291044560539 0
      vertex 99.4 -8.227241335952167 0
    endloop
  endfacet
  facet normal 0.3522500479212341 0.9359059267573254 0
    outer loop
      vertex 100.51450739253166 -8.776855558857225 28.698398630470198
      vertex 101.09632507961997 -8.995836230203505 0
      vertex 100.51450739253166 -8.776855558857225 0
    endloop
  endfacet
  facet normal 0.41270702980439744 0.9108638249211747 0
    outer loop
      vertex 99.9482574429195 -8.520291044560539 28.550602661504996
      vertex 100.51450739253166 -8.776855558857225 0
      vertex 99.9482574429195 -8.520291044560539 0
    endloop
  endfacet
  facet normal 0.2902846772544588 0.95694033573221 0
    outer loop
      vertex 101.09632507961997 -8.995836230203505 28.957516634482204
      vertex 101.69121907152606 -9.176295349746148 0
      vertex 101.09632507961997 -8.995836230203505 0
    endloop
  endfacet
  facet normal 0.5280678506503659 0.8492021815265802 -6.258777231573418e-17
    outer loop
      vertex 98.95638997691954 -7.951386896913928 28.534220554504756
      vertex 99.4 -8.227241335952167 0
      vertex 98.87208278631378 -7.89896131687418 0
    endloop
  endfacet
  facet normal 0.22707626303437584 0.9738769792773331 0
    outer loop
      vertex 101.69121907152606 -9.176295349746148 29
      vertex 102.29664194084678 -9.317460163830688 0
      vertex 101.69121907152606 -9.176295349746148 0
    endloop
  endfacet
  facet normal 0.16289547339458743 0.9866433320848794 0
    outer loop
      vertex 102.29664194084678 -9.317460163830688 29
      vertex 102.91000117390952 -9.418726183051199 0
      vertex 102.29664194084678 -9.317460163830688 0
    endloop
  endfacet
  facet normal 0.032719082821775346 0.9994645874763656 0
    outer loop
      vertex 103.52867027231365 -9.479659770766734 29
      vertex 104.15 -9.5 0
      vertex 103.52867027231365 -9.479659770766734 0
    endloop
  endfacet
  facet normal 0.09801714032956267 0.9951847266721966 0
    outer loop
      vertex 102.91000117390952 -9.418726183051199 29
      vertex 103.52867027231365 -9.479659770766734 0
      vertex 102.91000117390952 -9.418726183051199 0
    endloop
  endfacet
  facet normal 0.8128466845916182 0.5824776968677979 0
    outer loop
      vertex 96.61314326723327 -5.783233575582846 29
      vertex 96.61314326723327 -5.783233575582846 0
      vertex 96.25103868312583 -5.277917213686221 29
    endloop
  endfacet
  facet normal 0.7730104533627349 0.6343932841636479 0
    outer loop
      vertex 97.00752182894972 -6.263785243450654 29
      vertex 97.00752182894972 -6.263785243450654 0
      vertex 96.61314326723327 -5.783233575582846 29
    endloop
  endfacet
  facet normal 0.7298640726978337 0.6835923020228734 0
    outer loop
      vertex 97.4324855787278 -6.7175144212722016 29
      vertex 97.4324855787278 -6.7175144212722016 0
      vertex 97.00752182894972 -6.263785243450654 29
    endloop
  endfacet
  facet normal 0.6835923020228746 0.7298640726978325 0
    outer loop
      vertex 97.4324855787278 -6.7175144212722016 29
      vertex 97.88621475654935 -7.142478171050286 28.957516634482204
      vertex 97.4324855787278 -6.7175144212722016 0
    endloop
  endfacet
  facet normal 0.6343932841636406 0.7730104533627411 0
    outer loop
      vertex 97.88621475654935 -7.142478171050286 28.957516634482204
      vertex 97.95218594153508 -7.1966193233739055 28.91250903386925
      vertex 97.88621475654935 -7.142478171050286 0
    endloop
  endfacet
  facet normal 0.6343932841636447 0.7730104533627375 7.58434525319211e-17
    outer loop
      vertex 98.33091536118596 -7.5074345255442285 28.712279482019575
      vertex 98.36676642441716 -7.536856732766734 0
      vertex 98.13898287573862 -7.349919605466567 28.804481869954852
    endloop
  endfacet
  facet normal 0.6343932841636085 0.7730104533627673 0
    outer loop
      vertex 98.33091536118596 -7.5074345255442285 28.712279482019575
      vertex 98.36676642441716 -7.536856732766734 28.698398630470198
      vertex 98.36676642441716 -7.536856732766734 0
    endloop
  endfacet
  facet normal 0.5824776968678135 0.8128466845916071 1.4047850195047233e-16
    outer loop
      vertex 98.74218903580268 -7.80588077158877 28.57685887838708
      vertex 98.87208278631378 -7.89896131687418 0
      vertex 98.53397972597033 -7.656680090136129 28.63629669484373
    endloop
  endfacet
  facet normal 0.5824776968678133 0.8128466845916074 0
    outer loop
      vertex 98.36676642441716 -7.536856732766734 28.698398630470198
      vertex 98.53397972597033 -7.656680090136129 28.63629669484373
      vertex 98.36676642441716 -7.536856732766734 0
    endloop
  endfacet
  facet normal 0.6343932841636406 0.773010453362741 2.002933328931507e-17
    outer loop
      vertex 98.13898287573862 -7.349919605466567 28.804481869954852
      vertex 98.36676642441716 -7.536856732766734 0
      vertex 97.95218594153508 -7.1966193233739055 28.91250903386925
    endloop
  endfacet
  facet normal 0.8819212643483596 0.4713967368259893 0
    outer loop
      vertex 95.92275866404783 -4.75 29
      vertex 95.92275866404783 -4.75 0
      vertex 95.62970895543947 -4.201742557080513 29
    endloop
  endfacet
  facet normal 0.9359059267573216 0.35225004792124415 0
    outer loop
      vertex 95.37314444114278 -3.635492607468353 29
      vertex 95.37314444114278 -3.635492607468353 0
      vertex 95.1541637697965 -3.0536749203800353 29
    endloop
  endfacet
  facet normal 0.9569403357322144 0.290284677254444 0
    outer loop
      vertex 95.1541637697965 -3.0536749203800353 29
      vertex 95.1541637697965 -3.0536749203800353 0
      vertex 94.97370465025386 -2.458780928473947 29
    endloop
  endfacet
  facet normal 0.9108638249211763 0.41270702980439333 0
    outer loop
      vertex 95.37314444114278 -3.635492607468353 29
      vertex 95.62970895543947 -4.201742557080513 29
      vertex 95.62970895543947 -4.201742557080513 0
    endloop
  endfacet
  facet normal 0.9994645874763655 0.03271908282178102 0
    outer loop
      vertex 94.67034022923328 -0.6213297276863591 29
      vertex 94.67034022923328 -0.6213297276863591 0
      vertex 94.65 0 29
    endloop
  endfacet
  facet normal 0.9738769792773312 0.22707626303438333 0
    outer loop
      vertex 94.97370465025386 -2.458780928473947 29
      vertex 94.97370465025386 -2.458780928473947 0
      vertex 94.83253983616932 -1.8533580591532184 29
    endloop
  endfacet
  facet normal 0.9866433320848771 0.16289547339460103 0
    outer loop
      vertex 94.83253983616932 -1.8533580591532184 29
      vertex 94.83253983616932 -1.8533580591532184 0
      vertex 94.7312738169488 -1.23999882609049 29
    endloop
  endfacet
  facet normal 0.9951847266721984 0.09801714032954499 0
    outer loop
      vertex 94.7312738169488 -1.23999882609049 29
      vertex 94.7312738169488 -1.23999882609049 0
      vertex 94.67034022923328 -0.6213297276863591 29
    endloop
  endfacet
  facet normal 0.8492021815265743 0.5280678506503754 0
    outer loop
      vertex 95.92275866404783 -4.75 29
      vertex 96.25103868312583 -5.277917213686221 29
      vertex 96.25103868312583 -5.277917213686221 0
    endloop
  endfacet
  facet normal 0.5280678506503751 0.8492021815265745 0
    outer loop
      vertex 99.1777190679216 -8.089018170024593 28.508564307045585
      vertex 99.4 -8.227241335952167 28.5
      vertex 99.4 -8.227241335952167 0
    endloop
  endfacet
  facet normal 0.47139673682600186 0.8819212643483527 1.7846196300663368e-16
    outer loop
      vertex 99.4 -8.227241335952167 28.5
      vertex 99.630845239124 -8.350630686945166 28.508564307045585
      vertex 99.9482574429195 -8.520291044560539 0
    endloop
  endfacet
  facet normal 0.471396736825984 0.8819212643483623 -7.554976801935675e-17
    outer loop
      vertex 99.630845239124 -8.350630686945166 28.508564307045585
      vertex 99.86070196349407 -8.473491665794134 28.534220554504756
      vertex 99.9482574429195 -8.520291044560539 0
    endloop
  endfacet
  facet normal 0.4713967368260033 0.8819212643483519 0
    outer loop
      vertex 99.86070196349407 -8.473491665794134 28.534220554504756
      vertex 99.9482574429195 -8.520291044560539 28.550602661504996
      vertex 99.9482574429195 -8.520291044560539 0
    endloop
  endfacet
  facet normal 0.35225004792123854 0.9359059267573239 1.0100524952778219e-16
    outer loop
      vertex 100.55791330303735 -8.793192386756875 28.712279482019575
      vertex 101.09632507961997 -8.995836230203505 0
      vertex 100.51450739253166 -8.776855558857225 28.698398630470198
    endloop
  endfacet
  facet normal 0.4127070298043988 0.9108638249211739 3.4855572892335075e-17
    outer loop
      vertex 99.9482574429195 -8.520291044560539 28.550602661504996
      vertex 100.09381443499032 -8.586242059653284 28.57685887838708
      vertex 100.51450739253166 -8.776855558857225 0
    endloop
  endfacet
  facet normal 0.4127070298044016 0.9108638249211727 8.405209832094293e-17
    outer loop
      vertex 100.09381443499032 -8.586242059653284 28.57685887838708
      vertex 100.32713067030643 -8.691956270546212 28.63629669484373
      vertex 100.51450739253166 -8.776855558857225 0
    endloop
  endfacet
  facet normal 0.41270702980439095 0.9108638249211775 0
    outer loop
      vertex 100.51450739253166 -8.776855558857225 28.698398630470198
      vertex 100.51450739253166 -8.776855558857225 0
      vertex 100.32713067030643 -8.691956270546212 28.63629669484373
    endloop
  endfacet
  facet normal 0.35225004792123366 0.9359059267573258 -2.8984203140012637e-18
    outer loop
      vertex 100.55791330303735 -8.793192386756875 28.712279482019575
      vertex 100.79029146802336 -8.880653334926928 28.804481869954852
      vertex 101.09632507961997 -8.995836230203505 0
    endloop
  endfacet
  facet normal 0.3522500479212279 0.9359059267573278 -7.240528132666487e-17
    outer loop
      vertex 100.79029146802336 -8.880653334926928 28.804481869954852
      vertex 101.01645187382469 -8.965774084249912 28.91250903386925
      vertex 101.09632507961997 -8.995836230203505 0
    endloop
  endfacet
  facet normal 0.352250047921251 0.9359059267573192 0
    outer loop
      vertex 101.01645187382469 -8.965774084249912 28.91250903386925
      vertex 101.09632507961997 -8.995836230203505 28.957516634482204
      vertex 101.09632507961997 -8.995836230203505 0
    endloop
  endfacet
  facet normal 0.2902846772544553 0.9569403357322109 -7.694676254709762e-17
    outer loop
      vertex 101.09632507961997 -8.995836230203505 28.957516634482204
      vertex 101.17442361999679 -9.019527163421385 29
      vertex 101.69121907152606 -9.176295349746148 0
    endloop
  endfacet
  facet normal 0.582477696867793 0.8128466845916217 0
    outer loop
      vertex 98.74218903580268 -7.80588077158877 28.57685887838708
      vertex 98.87208278631378 -7.89896131687418 28.550602661504996
      vertex 98.87208278631378 -7.89896131687418 0
    endloop
  endfacet
  facet normal 0.5280678506503506 0.8492021815265897 0
    outer loop
      vertex 98.87208278631378 -7.89896131687418 28.550602661504996
      vertex 98.95638997691954 -7.951386896913928 28.534220554504756
      vertex 98.87208278631378 -7.89896131687418 0
    endloop
  endfacet
  facet normal 0.5280678506503624 0.8492021815265823 -1.3740341826151462e-16
    outer loop
      vertex 99.1777190679216 -8.089018170024593 28.508564307045585
      vertex 99.4 -8.227241335952167 0
      vertex 98.95638997691954 -7.951386896913928 28.534220554504756
    endloop
  endfacet
  facet normal 0.2902846772544592 0.9569403357322097 0
    outer loop
      vertex 101.17442361999679 -9.019527163421385 29
      vertex 101.69121907152606 -9.176295349746148 29
      vertex 101.69121907152606 -9.176295349746148 0
    endloop
  endfacet
  facet normal 0.22707626303437584 0.9738769792773331 0
    outer loop
      vertex 101.69121907152606 -9.176295349746148 29
      vertex 102.29664194084678 -9.317460163830688 29
      vertex 102.29664194084678 -9.317460163830688 0
    endloop
  endfacet
  facet normal 0.16289547339458743 0.9866433320848794 0
    outer loop
      vertex 102.29664194084678 -9.317460163830688 29
      vertex 102.91000117390952 -9.418726183051199 29
      vertex 102.91000117390952 -9.418726183051199 0
    endloop
  endfacet
  facet normal 0.09801714032956267 0.9951847266721966 0
    outer loop
      vertex 102.91000117390952 -9.418726183051199 29
      vertex 103.52867027231365 -9.479659770766734 29
      vertex 103.52867027231365 -9.479659770766734 0
    endloop
  endfacet
  facet normal 0.032719082821775346 0.9994645874763656 0
    outer loop
      vertex 103.52867027231365 -9.479659770766734 29
      vertex 104.15 -9.5 29
      vertex 104.15 -9.5 0
    endloop
  endfacet
  facet normal 0.6835923020228761 0.729864072697831 3.0243880346761766e-14
    outer loop
      vertex 97.4324855787278 -6.7175144212722016 29
      vertex 97.8266485363549 -7.086688317694419 29
      vertex 97.88621475654935 -7.142478171050286 28.957516634482204
    endloop
  endfacet
  facet normal 0.9994645874763655 -0.03271908282178102 0
    outer loop
      vertex 94.67034022923328 0.6213297276863591 29
      vertex 94.65 0 0
      vertex 94.67034022923328 0.6213297276863591 0
    endloop
  endfacet
  facet normal 0.9951847266721984 -0.09801714032954499 0
    outer loop
      vertex 94.7312738169488 1.23999882609049 29
      vertex 94.67034022923328 0.6213297276863591 0
      vertex 94.7312738169488 1.23999882609049 0
    endloop
  endfacet
  facet normal 0.9866433320848771 -0.16289547339460103 0
    outer loop
      vertex 94.83253983616932 1.8533580591532184 29
      vertex 94.7312738169488 1.23999882609049 0
      vertex 94.83253983616932 1.8533580591532184 0
    endloop
  endfacet
  facet normal 0.9738769792773312 -0.22707626303438333 0
    outer loop
      vertex 94.97370465025386 2.458780928473947 29
      vertex 94.83253983616932 1.8533580591532184 0
      vertex 94.97370465025386 2.458780928473947 0
    endloop
  endfacet
  facet normal 0.9569403357322144 -0.290284677254444 0
    outer loop
      vertex 95.1541637697965 3.0536749203800353 29
      vertex 94.97370465025386 2.458780928473947 0
      vertex 95.1541637697965 3.0536749203800353 0
    endloop
  endfacet
  facet normal 0.9359059267573216 -0.35225004792124415 0
    outer loop
      vertex 95.37314444114278 3.635492607468353 29
      vertex 95.1541637697965 3.0536749203800353 0
      vertex 95.37314444114278 3.635492607468353 0
    endloop
  endfacet
  facet normal 0.9108638249211763 -0.41270702980439333 0
    outer loop
      vertex 95.62970895543947 4.201742557080513 29
      vertex 95.37314444114278 3.635492607468353 0
      vertex 95.62970895543947 4.201742557080513 0
    endloop
  endfacet
  facet normal 0.8819212643483596 -0.4713967368259893 0
    outer loop
      vertex 95.92275866404783 4.75 29
      vertex 95.62970895543947 4.201742557080513 0
      vertex 95.92275866404783 4.75 0
    endloop
  endfacet
  facet normal 0.8492021815265743 -0.5280678506503754 0
    outer loop
      vertex 96.25103868312583 5.277917213686221 29
      vertex 95.92275866404783 4.75 0
      vertex 96.25103868312583 5.277917213686221 0
    endloop
  endfacet
  facet normal 0.8128466845916182 -0.5824776968677979 0
    outer loop
      vertex 96.61314326723327 5.783233575582846 29
      vertex 96.25103868312583 5.277917213686221 0
      vertex 96.61314326723327 5.783233575582846 0
    endloop
  endfacet
  facet normal 0.7730104533627349 -0.6343932841636479 0
    outer loop
      vertex 97.00752182894972 6.263785243450654 29
      vertex 96.61314326723327 5.783233575582846 0
      vertex 97.00752182894972 6.263785243450654 0
    endloop
  endfacet
  facet normal 0.7298640726978337 -0.6835923020228734 0
    outer loop
      vertex 97.4324855787278 6.7175144212722016 29
      vertex 97.00752182894972 6.263785243450654 0
      vertex 97.4324855787278 6.7175144212722016 0
    endloop
  endfacet
  facet normal 0.6835923020228746 -0.7298640726978324 0
    outer loop
      vertex 97.88621475654935 7.142478171050286 28.957516634482204
      vertex 97.4324855787278 6.7175144212722016 0
      vertex 97.88621475654935 7.142478171050286 0
    endloop
  endfacet
  facet normal 0.6343932841636398 -0.7730104533627417 0
    outer loop
      vertex 98.36676642441716 7.536856732766734 28.698398630470198
      vertex 97.88621475654935 7.142478171050286 0
      vertex 98.36676642441716 7.536856732766734 0
    endloop
  endfacet
  facet normal 0.582477696867808 -0.8128466845916109 0
    outer loop
      vertex 98.87208278631378 7.89896131687418 28.550602661504996
      vertex 98.36676642441716 7.536856732766734 0
      vertex 98.87208278631378 7.89896131687418 0
    endloop
  endfacet
  facet normal 0.5280678506503659 -0.8492021815265802 0
    outer loop
      vertex 99.4 8.227241335952167 28.5
      vertex 98.87208278631378 7.89896131687418 0
      vertex 99.4 8.227241335952167 0
    endloop
  endfacet
  facet normal 0.47139673682599464 -0.8819212643483567 -3.442327477365363e-17
    outer loop
      vertex 99.86070196349407 8.473491665794134 28.534220554504756
      vertex 99.4 8.227241335952167 0
      vertex 99.9482574429195 8.520291044560539 0
    endloop
  endfacet
  facet normal 0.41270702980439733 -0.9108638249211747 5.067129737903625e-17
    outer loop
      vertex 100.32713067030643 8.691956270546212 28.63629669484373
      vertex 99.9482574429195 8.520291044560539 0
      vertex 100.51450739253166 8.776855558857225 0
    endloop
  endfacet
  facet normal 0.35225004792123416 -0.9359059267573255 -5.298611732338451e-17
    outer loop
      vertex 101.01645187382469 8.965774084249912 28.91250903386925
      vertex 100.51450739253166 8.776855558857225 0
      vertex 101.09632507961997 8.995836230203505 0
    endloop
  endfacet
  facet normal 0.2902846772544588 -0.95694033573221 0
    outer loop
      vertex 101.09632507961997 8.995836230203505 28.957516634482204
      vertex 101.09632507961997 8.995836230203505 0
      vertex 101.69121907152606 9.176295349746148 0
    endloop
  endfacet
  facet normal 0.22707626303437584 -0.9738769792773331 0
    outer loop
      vertex 102.29664194084678 9.317460163830688 29
      vertex 101.69121907152606 9.176295349746148 0
      vertex 102.29664194084678 9.317460163830688 0
    endloop
  endfacet
  facet normal 0.16289547339458743 -0.9866433320848794 0
    outer loop
      vertex 102.91000117390952 9.418726183051199 29
      vertex 102.29664194084678 9.317460163830688 0
      vertex 102.91000117390952 9.418726183051199 0
    endloop
  endfacet
  facet normal 0.09801714032956267 -0.9951847266721966 0
    outer loop
      vertex 103.52867027231365 9.479659770766734 29
      vertex 102.91000117390952 9.418726183051199 0
      vertex 103.52867027231365 9.479659770766734 0
    endloop
  endfacet
  facet normal 0.032719082821775346 -0.9994645874763656 0
    outer loop
      vertex 104.15 9.5 29
      vertex 103.52867027231365 9.479659770766734 0
      vertex 104.15 9.5 0
    endloop
  endfacet
  facet normal 0.9994645874763655 -0.03271908282178102 0
    outer loop
      vertex 94.65 0 29
      vertex 94.65 0 0
      vertex 94.67034022923328 0.6213297276863591 29
    endloop
  endfacet
  facet normal 0.9951847266721984 -0.09801714032954499 0
    outer loop
      vertex 94.67034022923328 0.6213297276863591 29
      vertex 94.67034022923328 0.6213297276863591 0
      vertex 94.7312738169488 1.23999882609049 29
    endloop
  endfacet
  facet normal 0.9866433320848771 -0.16289547339460103 0
    outer loop
      vertex 94.7312738169488 1.23999882609049 29
      vertex 94.7312738169488 1.23999882609049 0
      vertex 94.83253983616932 1.8533580591532184 29
    endloop
  endfacet
  facet normal 0.9738769792773312 -0.22707626303438333 0
    outer loop
      vertex 94.83253983616932 1.8533580591532184 29
      vertex 94.83253983616932 1.8533580591532184 0
      vertex 94.97370465025386 2.458780928473947 29
    endloop
  endfacet
  facet normal 0.9569403357322144 -0.290284677254444 0
    outer loop
      vertex 94.97370465025386 2.458780928473947 29
      vertex 94.97370465025386 2.458780928473947 0
      vertex 95.1541637697965 3.0536749203800353 29
    endloop
  endfacet
  facet normal 0.9359059267573216 -0.35225004792124415 0
    outer loop
      vertex 95.1541637697965 3.0536749203800353 29
      vertex 95.1541637697965 3.0536749203800353 0
      vertex 95.37314444114278 3.635492607468353 29
    endloop
  endfacet
  facet normal 0.9108638249211763 -0.41270702980439333 0
    outer loop
      vertex 95.37314444114278 3.635492607468353 29
      vertex 95.37314444114278 3.635492607468353 0
      vertex 95.62970895543947 4.201742557080513 29
    endloop
  endfacet
  facet normal 0.8819212643483596 -0.4713967368259893 0
    outer loop
      vertex 95.62970895543947 4.201742557080513 29
      vertex 95.62970895543947 4.201742557080513 0
      vertex 95.92275866404783 4.75 29
    endloop
  endfacet
  facet normal 0.8492021815265743 -0.5280678506503754 0
    outer loop
      vertex 95.92275866404783 4.75 29
      vertex 95.92275866404783 4.75 0
      vertex 96.25103868312583 5.277917213686221 29
    endloop
  endfacet
  facet normal 0.8128466845916182 -0.5824776968677979 0
    outer loop
      vertex 96.25103868312583 5.277917213686221 29
      vertex 96.25103868312583 5.277917213686221 0
      vertex 96.61314326723327 5.783233575582846 29
    endloop
  endfacet
  facet normal 0.7730104533627349 -0.6343932841636479 0
    outer loop
      vertex 96.61314326723327 5.783233575582846 29
      vertex 96.61314326723327 5.783233575582846 0
      vertex 97.00752182894972 6.263785243450654 29
    endloop
  endfacet
  facet normal 0.7298640726978337 -0.6835923020228734 0
    outer loop
      vertex 97.00752182894972 6.263785243450654 29
      vertex 97.00752182894972 6.263785243450654 0
      vertex 97.4324855787278 6.7175144212722016 29
    endloop
  endfacet
  facet normal 0.6343932841636406 -0.7730104533627409 0
    outer loop
      vertex 98.13898287573862 7.349919605466567 28.804481869954852
      vertex 97.95218594153508 7.1966193233739055 28.91250903386925
      vertex 97.88621475654935 7.142478171050286 0
    endloop
  endfacet
  facet normal 0.6835923020228762 -0.729864072697831 0
    outer loop
      vertex 97.4324855787278 6.7175144212722016 29
      vertex 97.4324855787278 6.7175144212722016 0
      vertex 97.8266485363549 7.086688317694419 29
    endloop
  endfacet
  facet normal 0.6835923020228645 -0.7298640726978419 2.9762427022932947e-16
    outer loop
      vertex 97.8266485363549 7.086688317694419 29
      vertex 97.4324855787278 6.7175144212722016 0
      vertex 97.88621475654935 7.142478171050286 28.957516634482204
    endloop
  endfacet
  facet normal 0.6343932841636406 -0.7730104533627411 0
    outer loop
      vertex 97.88621475654935 7.142478171050286 28.957516634482204
      vertex 97.88621475654935 7.142478171050286 0
      vertex 97.95218594153508 7.1966193233739055 28.91250903386925
    endloop
  endfacet
  facet normal 0.6343932841636447 -0.7730104533627377 -6.086682659402729e-17
    outer loop
      vertex 98.13898287573862 7.349919605466567 28.804481869954852
      vertex 97.88621475654935 7.142478171050286 0
      vertex 98.33091536118596 7.5074345255442285 28.712279482019575
    endloop
  endfacet
  facet normal 0.6343932841636086 -0.7730104533627671 8.727889510476419e-16
    outer loop
      vertex 98.33091536118596 7.5074345255442285 28.712279482019575
      vertex 97.88621475654935 7.142478171050286 0
      vertex 98.36676642441716 7.536856732766734 28.698398630470198
    endloop
  endfacet
  facet normal 0.5824776968678133 -0.8128466845916074 0
    outer loop
      vertex 98.36676642441716 7.536856732766734 28.698398630470198
      vertex 98.36676642441716 7.536856732766734 0
      vertex 98.53397972597033 7.656680090136129 28.63629669484373
    endloop
  endfacet
  facet normal 0.5824776968678134 -0.8128466845916071 -9.444055991117106e-19
    outer loop
      vertex 98.74218903580268 7.80588077158877 28.57685887838708
      vertex 98.53397972597033 7.656680090136129 28.63629669484373
      vertex 98.36676642441716 7.536856732766734 0
    endloop
  endfacet
  facet normal 0.582477696867793 -0.8128466845916216 4.0311227779830616e-16
    outer loop
      vertex 98.74218903580268 7.80588077158877 28.57685887838708
      vertex 98.36676642441716 7.536856732766734 0
      vertex 98.87208278631378 7.89896131687418 28.550602661504996
    endloop
  endfacet
  facet normal 0.5280678506503506 -0.8492021815265897 0
    outer loop
      vertex 98.87208278631378 7.89896131687418 28.550602661504996
      vertex 98.87208278631378 7.89896131687418 0
      vertex 98.95638997691954 7.951386896913928 28.534220554504756
    endloop
  endfacet
  facet normal 0.5280678506503624 -0.8492021815265823 -4.826790734570073e-17
    outer loop
      vertex 98.95638997691954 7.951386896913928 28.534220554504756
      vertex 98.87208278631378 7.89896131687418 0
      vertex 99.1777190679216 8.089018170024593 28.508564307045585
    endloop
  endfacet
  facet normal 0.5280678506503751 -0.8492021815265745 -2.370197946181877e-16
    outer loop
      vertex 99.1777190679216 8.089018170024593 28.508564307045585
      vertex 98.87208278631378 7.89896131687418 0
      vertex 99.4 8.227241335952167 28.5
    endloop
  endfacet
  facet normal 0.4713967368260018 -0.8819212643483527 0
    outer loop
      vertex 99.4 8.227241335952167 28.5
      vertex 99.4 8.227241335952167 0
      vertex 99.630845239124 8.350630686945166 28.508564307045585
    endloop
  endfacet
  facet normal 0.471396736825984 -0.8819212643483624 1.8600870907510942e-16
    outer loop
      vertex 99.630845239124 8.350630686945166 28.508564307045585
      vertex 99.4 8.227241335952167 0
      vertex 99.86070196349407 8.473491665794134 28.534220554504756
    endloop
  endfacet
  facet normal 0.4713967368260033 -0.8819212643483519 0
    outer loop
      vertex 99.86070196349407 8.473491665794134 28.534220554504756
      vertex 99.9482574429195 8.520291044560539 0
      vertex 99.9482574429195 8.520291044560539 28.550602661504996
    endloop
  endfacet
  facet normal 0.41270702980439883 -0.9108638249211741 0
    outer loop
      vertex 99.9482574429195 8.520291044560539 28.550602661504996
      vertex 99.9482574429195 8.520291044560539 0
      vertex 100.09381443499032 8.586242059653284 28.57685887838708
    endloop
  endfacet
  facet normal 0.41270702980440166 -0.9108638249211727 -1.755981274380918e-17
    outer loop
      vertex 100.09381443499032 8.586242059653284 28.57685887838708
      vertex 99.9482574429195 8.520291044560539 0
      vertex 100.32713067030643 8.691956270546212 28.63629669484373
    endloop
  endfacet
  facet normal 0.41270702980439083 -0.9108638249211775 0
    outer loop
      vertex 100.32713067030643 8.691956270546212 28.63629669484373
      vertex 100.51450739253166 8.776855558857225 0
      vertex 100.51450739253166 8.776855558857225 28.698398630470198
    endloop
  endfacet
  facet normal 0.3522500479212386 -0.9359059267573239 0
    outer loop
      vertex 100.51450739253166 8.776855558857225 28.698398630470198
      vertex 100.51450739253166 8.776855558857225 0
      vertex 100.55791330303735 8.793192386756875 28.712279482019575
    endloop
  endfacet
  facet normal 0.35225004792123366 -0.9359059267573256 8.39999715040528e-18
    outer loop
      vertex 100.55791330303735 8.793192386756875 28.712279482019575
      vertex 100.51450739253166 8.776855558857225 0
      vertex 100.79029146802336 8.880653334926928 28.804481869954852
    endloop
  endfacet
  facet normal 0.3522500479212278 -0.9359059267573279 7.160486650930152e-17
    outer loop
      vertex 100.79029146802336 8.880653334926928 28.804481869954852
      vertex 100.51450739253166 8.776855558857225 0
      vertex 101.01645187382469 8.965774084249912 28.91250903386925
    endloop
  endfacet
  facet normal 0.352250047921251 -0.9359059267573192 0
    outer loop
      vertex 101.01645187382469 8.965774084249912 28.91250903386925
      vertex 101.09632507961997 8.995836230203505 0
      vertex 101.09632507961997 8.995836230203505 28.957516634482204
    endloop
  endfacet
  facet normal 0.2902846772544587 -0.95694033573221 0
    outer loop
      vertex 101.09632507961997 8.995836230203505 28.957516634482204
      vertex 101.69121907152606 9.176295349746148 0
      vertex 101.69121907152606 9.176295349746148 29
    endloop
  endfacet
  facet normal 0.22707626303437584 -0.9738769792773331 0
    outer loop
      vertex 101.69121907152606 9.176295349746148 29
      vertex 101.69121907152606 9.176295349746148 0
      vertex 102.29664194084678 9.317460163830688 29
    endloop
  endfacet
  facet normal 0.16289547339458743 -0.9866433320848794 0
    outer loop
      vertex 102.29664194084678 9.317460163830688 29
      vertex 102.29664194084678 9.317460163830688 0
      vertex 102.91000117390952 9.418726183051199 29
    endloop
  endfacet
  facet normal 0.09801714032956267 -0.9951847266721966 0
    outer loop
      vertex 102.91000117390952 9.418726183051199 29
      vertex 102.91000117390952 9.418726183051199 0
      vertex 103.52867027231365 9.479659770766734 29
    endloop
  endfacet
  facet normal 0.032719082821775346 -0.9994645874763656 0
    outer loop
      vertex 103.52867027231365 9.479659770766734 29
      vertex 103.52867027231365 9.479659770766734 0
      vertex 104.15 9.5 29
    endloop
  endfacet
  facet normal 0.2902846772544592 -0.9569403357322098 -8.014628291891755e-15
    outer loop
      vertex 101.09632507961997 8.995836230203505 28.957516634482204
      vertex 101.69121907152606 9.176295349746148 29
      vertex 101.17442361999679 9.019527163421385 29
    endloop
  endfacet
  facet normal -0.032719082821775346 0.9994645874763656 0
    outer loop
      vertex 104.15 -9.5 29
      vertex 104.77132972768636 -9.479659770766734 0
      vertex 104.15 -9.5 0
    endloop
  endfacet
  facet normal -0.09801714032956267 0.9951847266721966 0
    outer loop
      vertex 104.77132972768636 -9.479659770766734 29
      vertex 105.38999882609049 -9.418726183051199 0
      vertex 104.77132972768636 -9.479659770766734 0
    endloop
  endfacet
  facet normal -0.16289547339458743 0.9866433320848794 0
    outer loop
      vertex 105.38999882609049 -9.418726183051199 29
      vertex 106.00335805915323 -9.317460163830688 0
      vertex 105.38999882609049 -9.418726183051199 0
    endloop
  endfacet
  facet normal -0.22707626303437584 0.9738769792773331 0
    outer loop
      vertex 106.00335805915323 -9.317460163830688 29
      vertex 106.60878092847395 -9.176295349746148 0
      vertex 106.00335805915323 -9.317460163830688 0
    endloop
  endfacet
  facet normal -0.2902846772544587 0.95694033573221 0
    outer loop
      vertex 106.60878092847395 -9.176295349746148 29
      vertex 107.20367492038004 -8.995836230203505 0
      vertex 106.60878092847395 -9.176295349746148 0
    endloop
  endfacet
  facet normal -0.3522500479212341 0.9359059267573253 0
    outer loop
      vertex 107.20367492038004 -8.995836230203505 29
      vertex 107.78549260746836 -8.776855558857225 0
      vertex 107.20367492038004 -8.995836230203505 0
    endloop
  endfacet
  facet normal -0.4127070298043974 0.9108638249211748 0
    outer loop
      vertex 107.78549260746836 -8.776855558857225 29
      vertex 108.35174255708051 -8.520291044560539 0
      vertex 107.78549260746836 -8.776855558857225 0
    endloop
  endfacet
  facet normal -0.4713967368259946 0.8819212643483567 0
    outer loop
      vertex 108.35174255708051 -8.520291044560539 29
      vertex 108.9 -8.227241335952167 0
      vertex 108.35174255708051 -8.520291044560539 0
    endloop
  endfacet
  facet normal -0.5280678506503659 0.8492021815265802 0
    outer loop
      vertex 108.9 -8.227241335952167 29
      vertex 109.42791721368623 -7.89896131687418 0
      vertex 108.9 -8.227241335952167 0
    endloop
  endfacet
  facet normal -0.582477696867808 0.8128466845916109 0
    outer loop
      vertex 109.42791721368623 -7.89896131687418 29
      vertex 109.93323357558285 -7.536856732766734 0
      vertex 109.42791721368623 -7.89896131687418 0
    endloop
  endfacet
  facet normal -0.6343932841636397 0.7730104533627415 0
    outer loop
      vertex 109.93323357558285 -7.536856732766734 29
      vertex 110.41378524345066 -7.142478171050286 0
      vertex 109.93323357558285 -7.536856732766734 0
    endloop
  endfacet
  facet normal -0.6835923020228746 0.7298640726978325 0
    outer loop
      vertex 110.41378524345066 -7.142478171050286 29
      vertex 110.8675144212722 -6.7175144212722016 0
      vertex 110.41378524345066 -7.142478171050286 0
    endloop
  endfacet
  facet normal -0.7298640726978337 0.6835923020228734 0
    outer loop
      vertex 110.8675144212722 -6.7175144212722016 29
      vertex 111.29247817105029 -6.263785243450654 0
      vertex 110.8675144212722 -6.7175144212722016 0
    endloop
  endfacet
  facet normal -0.7730104533627349 0.6343932841636479 0
    outer loop
      vertex 111.29247817105029 -6.263785243450654 29
      vertex 111.68685673276674 -5.783233575582846 0
      vertex 111.29247817105029 -6.263785243450654 0
    endloop
  endfacet
  facet normal -0.8128466845916182 0.5824776968677979 0
    outer loop
      vertex 111.68685673276674 -5.783233575582846 29
      vertex 112.04896131687418 -5.277917213686221 0
      vertex 111.68685673276674 -5.783233575582846 0
    endloop
  endfacet
  facet normal -0.8492021815265743 0.5280678506503754 0
    outer loop
      vertex 112.04896131687418 -5.277917213686221 29
      vertex 112.37724133595218 -4.75 0
      vertex 112.04896131687418 -5.277917213686221 0
    endloop
  endfacet
  facet normal -0.8819212643483596 0.4713967368259893 0
    outer loop
      vertex 112.37724133595218 -4.75 29
      vertex 112.67029104456054 -4.201742557080513 0
      vertex 112.37724133595218 -4.75 0
    endloop
  endfacet
  facet normal -0.9108638249211763 0.41270702980439333 0
    outer loop
      vertex 112.67029104456054 -4.201742557080513 29
      vertex 112.92685555885723 -3.635492607468353 0
      vertex 112.67029104456054 -4.201742557080513 0
    endloop
  endfacet
  facet normal -0.9359059267573216 0.35225004792124415 0
    outer loop
      vertex 112.92685555885723 -3.635492607468353 29
      vertex 113.14583623020351 -3.0536749203800353 0
      vertex 112.92685555885723 -3.635492607468353 0
    endloop
  endfacet
  facet normal -0.9569403357322144 0.290284677254444 0
    outer loop
      vertex 113.14583623020351 -3.0536749203800353 29
      vertex 113.32629534974615 -2.458780928473947 0
      vertex 113.14583623020351 -3.0536749203800353 0
    endloop
  endfacet
  facet normal -0.9738769792773312 0.22707626303438333 0
    outer loop
      vertex 113.32629534974615 -2.458780928473947 29
      vertex 113.4674601638307 -1.8533580591532184 0
      vertex 113.32629534974615 -2.458780928473947 0
    endloop
  endfacet
  facet normal -0.986643332084877 0.162895473394601 -9.381148640861501e-17
    outer loop
      vertex 113.48136218464025 -1.7691547608760052 28.91250903386925
      vertex 113.56872618305121 -1.23999882609049 0
      vertex 113.4674601638307 -1.8533580591532184 0
    endloop
  endfacet
  facet normal -0.9951847266721984 0.09801714032954498 -1.0709183811453992e-16
    outer loop
      vertex 113.58888960372326 -1.035276180410083 28.63629669484373
      vertex 113.62965977076674 -0.6213297276863591 0
      vertex 113.56872618305121 -1.23999882609049 0
    endloop
  endfacet
  facet normal -0.9994645874763654 0.03271908282178102 -1.4023572734494213e-16
    outer loop
      vertex 113.63290805958641 -0.5221047688802063 28.534220554504756
      vertex 113.65 0 0
      vertex 113.62965977076674 -0.6213297276863591 0
    endloop
  endfacet
  facet normal -0.032719082821775346 0.9994645874763656 0
    outer loop
      vertex 104.15 -9.5 29
      vertex 104.77132972768636 -9.479659770766734 29
      vertex 104.77132972768636 -9.479659770766734 0
    endloop
  endfacet
  facet normal -0.09801714032956267 0.9951847266721966 0
    outer loop
      vertex 104.77132972768636 -9.479659770766734 29
      vertex 105.38999882609049 -9.418726183051199 29
      vertex 105.38999882609049 -9.418726183051199 0
    endloop
  endfacet
  facet normal -0.16289547339458743 0.9866433320848794 0
    outer loop
      vertex 105.38999882609049 -9.418726183051199 29
      vertex 106.00335805915323 -9.317460163830688 29
      vertex 106.00335805915323 -9.317460163830688 0
    endloop
  endfacet
  facet normal -0.22707626303437584 0.9738769792773331 0
    outer loop
      vertex 106.00335805915323 -9.317460163830688 29
      vertex 106.60878092847395 -9.176295349746148 29
      vertex 106.60878092847395 -9.176295349746148 0
    endloop
  endfacet
  facet normal -0.2902846772544587 0.95694033573221 0
    outer loop
      vertex 106.60878092847395 -9.176295349746148 29
      vertex 107.20367492038004 -8.995836230203505 29
      vertex 107.20367492038004 -8.995836230203505 0
    endloop
  endfacet
  facet normal -0.3522500479212341 0.9359059267573253 0
    outer loop
      vertex 107.20367492038004 -8.995836230203505 29
      vertex 107.78549260746836 -8.776855558857225 29
      vertex 107.78549260746836 -8.776855558857225 0
    endloop
  endfacet
  facet normal -0.4127070298043974 0.9108638249211748 0
    outer loop
      vertex 107.78549260746836 -8.776855558857225 29
      vertex 108.35174255708051 -8.520291044560539 29
      vertex 108.35174255708051 -8.520291044560539 0
    endloop
  endfacet
  facet normal -0.4713967368259946 0.8819212643483567 0
    outer loop
      vertex 108.35174255708051 -8.520291044560539 29
      vertex 108.9 -8.227241335952167 29
      vertex 108.9 -8.227241335952167 0
    endloop
  endfacet
  facet normal -0.5280678506503659 0.8492021815265802 0
    outer loop
      vertex 108.9 -8.227241335952167 29
      vertex 109.42791721368623 -7.89896131687418 29
      vertex 109.42791721368623 -7.89896131687418 0
    endloop
  endfacet
  facet normal -0.582477696867808 0.8128466845916109 0
    outer loop
      vertex 109.42791721368623 -7.89896131687418 29
      vertex 109.93323357558285 -7.536856732766734 29
      vertex 109.93323357558285 -7.536856732766734 0
    endloop
  endfacet
  facet normal -0.6343932841636397 0.7730104533627415 0
    outer loop
      vertex 109.93323357558285 -7.536856732766734 29
      vertex 110.41378524345066 -7.142478171050286 29
      vertex 110.41378524345066 -7.142478171050286 0
    endloop
  endfacet
  facet normal -0.6835923020228746 0.7298640726978325 0
    outer loop
      vertex 110.41378524345066 -7.142478171050286 29
      vertex 110.8675144212722 -6.7175144212722016 29
      vertex 110.8675144212722 -6.7175144212722016 0
    endloop
  endfacet
  facet normal -0.7298640726978337 0.6835923020228734 0
    outer loop
      vertex 110.8675144212722 -6.7175144212722016 29
      vertex 111.29247817105029 -6.263785243450654 29
      vertex 111.29247817105029 -6.263785243450654 0
    endloop
  endfacet
  facet normal -0.7730104533627349 0.6343932841636479 0
    outer loop
      vertex 111.29247817105029 -6.263785243450654 29
      vertex 111.68685673276674 -5.783233575582846 29
      vertex 111.68685673276674 -5.783233575582846 0
    endloop
  endfacet
  facet normal -0.8128466845916182 0.5824776968677979 0
    outer loop
      vertex 111.68685673276674 -5.783233575582846 29
      vertex 112.04896131687418 -5.277917213686221 29
      vertex 112.04896131687418 -5.277917213686221 0
    endloop
  endfacet
  facet normal -0.8492021815265743 0.5280678506503754 0
    outer loop
      vertex 112.04896131687418 -5.277917213686221 29
      vertex 112.37724133595218 -4.75 29
      vertex 112.37724133595218 -4.75 0
    endloop
  endfacet
  facet normal -0.8819212643483596 0.4713967368259893 0
    outer loop
      vertex 112.37724133595218 -4.75 29
      vertex 112.67029104456054 -4.201742557080513 29
      vertex 112.67029104456054 -4.201742557080513 0
    endloop
  endfacet
  facet normal -0.9108638249211763 0.41270702980439333 0
    outer loop
      vertex 112.67029104456054 -4.201742557080513 29
      vertex 112.92685555885723 -3.635492607468353 29
      vertex 112.92685555885723 -3.635492607468353 0
    endloop
  endfacet
  facet normal -0.9359059267573216 0.35225004792124415 0
    outer loop
      vertex 112.92685555885723 -3.635492607468353 29
      vertex 113.14583623020351 -3.0536749203800353 29
      vertex 113.14583623020351 -3.0536749203800353 0
    endloop
  endfacet
  facet normal -0.9569403357322144 0.290284677254444 0
    outer loop
      vertex 113.14583623020351 -3.0536749203800353 29
      vertex 113.32629534974615 -2.458780928473947 29
      vertex 113.32629534974615 -2.458780928473947 0
    endloop
  endfacet
  facet normal -0.9738769792773313 0.22707626303438333 0
    outer loop
      vertex 113.32629534974615 -2.458780928473947 29
      vertex 113.4674601638307 -1.8533580591532184 28.957516634482207
      vertex 113.4674601638307 -1.8533580591532184 0
    endloop
  endfacet
  facet normal -0.9866433320848773 0.16289547339459948 -2.33008616606897e-16
    outer loop
      vertex 113.52072565623804 -1.5307337294603591 28.804481869954852
      vertex 113.5611713357767 -1.2857578612126463 28.712279482019575
      vertex 113.56872618305121 -1.23999882609049 0
    endloop
  endfacet
  facet normal -0.9866433320848794 0.16289547339458638 -3.6853973252340133e-16
    outer loop
      vertex 113.52072565623804 -1.5307337294603591 28.804481869954852
      vertex 113.56872618305121 -1.23999882609049 0
      vertex 113.48136218464025 -1.7691547608760052 28.91250903386925
    endloop
  endfacet
  facet normal -0.9866433320848822 0.16289547339456967 0
    outer loop
      vertex 113.4674601638307 -1.8533580591532184 28.957516634482207
      vertex 113.48136218464025 -1.7691547608760052 28.91250903386925
      vertex 113.4674601638307 -1.8533580591532184 0
    endloop
  endfacet
  facet normal -0.9951847266721999 0.09801714032953014 0
    outer loop
      vertex 113.56872618305121 -1.23999882609049 28.698398630470198
      vertex 113.58888960372326 -1.035276180410083 28.63629669484373
      vertex 113.56872618305121 -1.23999882609049 0
    endloop
  endfacet
  facet normal -0.9866433320848538 0.1628954733947419 0
    outer loop
      vertex 113.5611713357767 -1.2857578612126463 28.712279482019575
      vertex 113.56872618305121 -1.23999882609049 28.698398630470198
      vertex 113.56872618305121 -1.23999882609049 0
    endloop
  endfacet
  facet normal -0.9951847266721984 0.09801714032954548 0
    outer loop
      vertex 113.61399652920701 -0.780361288064513 28.57685887838708
      vertex 113.62965977076674 -0.6213297276863591 28.550602661504996
      vertex 113.62965977076674 -0.6213297276863591 0
    endloop
  endfacet
  facet normal -0.9951847266721973 0.0980171403295566 6.228987628715939e-17
    outer loop
      vertex 113.61399652920701 -0.780361288064513 28.57685887838708
      vertex 113.62965977076674 -0.6213297276863591 0
      vertex 113.58888960372326 -1.035276180410083 28.63629669484373
    endloop
  endfacet
  facet normal -0.9994645874763669 0.03271908282174074 0
    outer loop
      vertex 113.62965977076674 -0.6213297276863591 28.550602661504996
      vertex 113.63290805958641 -0.5221047688802063 28.534220554504756
      vertex 113.62965977076674 -0.6213297276863591 0
    endloop
  endfacet
  facet normal -0.9994645874763652 0.032719082821790646 3.5986609544682595e-17
    outer loop
      vertex 113.63290805958641 -0.5221047688802063 28.534220554504756
      vertex 113.64143569295442 -0.26161251692057225 28.508564307045585
      vertex 113.65 0 0
    endloop
  endfacet
  facet normal -0.9994645874763654 0.03271908282178673 0
    outer loop
      vertex 113.64143569295442 -0.26161251692057225 28.508564307045585
      vertex 113.65 0 28.5
      vertex 113.65 0 0
    endloop
  endfacet
  facet normal -0.9738769792773301 0.22707626303438835 7.500482325997413e-14
    outer loop
      vertex 113.32629534974615 -2.458780928473947 29
      vertex 113.44892784364833 -1.9328388457269623 29
      vertex 113.4674601638307 -1.8533580591532184 28.957516634482207
    endloop
  endfacet
  facet normal -0.09801714032956267 -0.9951847266721966 0
    outer loop
      vertex 105.38999882609049 9.418726183051199 29
      vertex 104.77132972768636 9.479659770766734 0
      vertex 105.38999882609049 9.418726183051199 0
    endloop
  endfacet
  facet normal -0.032719082821775346 -0.9994645874763656 0
    outer loop
      vertex 104.77132972768636 9.479659770766734 29
      vertex 104.15 9.5 0
      vertex 104.77132972768636 9.479659770766734 0
    endloop
  endfacet
  facet normal -0.16289547339458743 -0.9866433320848794 0
    outer loop
      vertex 106.00335805915323 9.317460163830688 29
      vertex 105.38999882609049 9.418726183051199 0
      vertex 106.00335805915323 9.317460163830688 0
    endloop
  endfacet
  facet normal -0.22707626303437584 -0.9738769792773331 0
    outer loop
      vertex 106.60878092847395 9.176295349746148 29
      vertex 106.00335805915323 9.317460163830688 0
      vertex 106.60878092847395 9.176295349746148 0
    endloop
  endfacet
  facet normal -0.5280678506503659 -0.8492021815265802 0
    outer loop
      vertex 109.42791721368623 7.89896131687418 29
      vertex 108.9 8.227241335952167 0
      vertex 109.42791721368623 7.89896131687418 0
    endloop
  endfacet
  facet normal -0.2902846772544587 -0.95694033573221 0
    outer loop
      vertex 107.20367492038004 8.995836230203505 29
      vertex 106.60878092847395 9.176295349746148 0
      vertex 107.20367492038004 8.995836230203505 0
    endloop
  endfacet
  facet normal -0.4127070298043974 -0.9108638249211748 0
    outer loop
      vertex 108.35174255708051 8.520291044560539 29
      vertex 107.78549260746836 8.776855558857225 0
      vertex 108.35174255708051 8.520291044560539 0
    endloop
  endfacet
  facet normal -0.3522500479212341 -0.9359059267573253 0
    outer loop
      vertex 107.78549260746836 8.776855558857225 29
      vertex 107.20367492038004 8.995836230203505 0
      vertex 107.78549260746836 8.776855558857225 0
    endloop
  endfacet
  facet normal -0.4713967368259946 -0.8819212643483567 0
    outer loop
      vertex 108.9 8.227241335952167 29
      vertex 108.35174255708051 8.520291044560539 0
      vertex 108.9 8.227241335952167 0
    endloop
  endfacet
  facet normal -0.9866433320848771 -0.162895473394601 0
    outer loop
      vertex 113.56872618305121 1.23999882609049 28.698398630470198
      vertex 113.4674601638307 1.8533580591532184 0
      vertex 113.56872618305121 1.23999882609049 0
    endloop
  endfacet
  facet normal -0.9738769792773313 -0.22707626303438339 0
    outer loop
      vertex 113.4674601638307 1.8533580591532184 28.957516634482204
      vertex 113.32629534974615 2.458780928473947 0
      vertex 113.4674601638307 1.8533580591532184 0
    endloop
  endfacet
  facet normal -0.9569403357322144 -0.290284677254444 0
    outer loop
      vertex 113.32629534974615 2.458780928473947 29
      vertex 113.14583623020351 3.0536749203800353 0
      vertex 113.32629534974615 2.458780928473947 0
    endloop
  endfacet
  facet normal -0.9994645874763655 -0.03271908282178103 0
    outer loop
      vertex 113.65 0 28.5
      vertex 113.62965977076674 0.6213297276863591 0
      vertex 113.65 0 0
    endloop
  endfacet
  facet normal -0.9951847266721985 -0.098017140329545 0
    outer loop
      vertex 113.62965977076674 0.6213297276863591 28.550602661504996
      vertex 113.56872618305121 1.23999882609049 0
      vertex 113.62965977076674 0.6213297276863591 0
    endloop
  endfacet
  facet normal -0.9108638249211763 -0.41270702980439333 0
    outer loop
      vertex 112.92685555885723 3.635492607468353 29
      vertex 112.67029104456054 4.201742557080513 0
      vertex 112.92685555885723 3.635492607468353 0
    endloop
  endfacet
  facet normal -0.9359059267573216 -0.35225004792124415 0
    outer loop
      vertex 113.14583623020351 3.0536749203800353 29
      vertex 112.92685555885723 3.635492607468353 0
      vertex 113.14583623020351 3.0536749203800353 0
    endloop
  endfacet
  facet normal -0.8819212643483596 -0.4713967368259893 0
    outer loop
      vertex 112.67029104456054 4.201742557080513 29
      vertex 112.37724133595218 4.75 0
      vertex 112.67029104456054 4.201742557080513 0
    endloop
  endfacet
  facet normal -0.8492021815265743 -0.5280678506503754 0
    outer loop
      vertex 112.37724133595218 4.75 29
      vertex 112.04896131687418 5.277917213686221 0
      vertex 112.37724133595218 4.75 0
    endloop
  endfacet
  facet normal -0.582477696867808 -0.8128466845916109 0
    outer loop
      vertex 109.93323357558285 7.536856732766734 29
      vertex 109.42791721368623 7.89896131687418 0
      vertex 109.93323357558285 7.536856732766734 0
    endloop
  endfacet
  facet normal -0.6343932841636397 -0.7730104533627415 0
    outer loop
      vertex 110.41378524345066 7.142478171050286 29
      vertex 109.93323357558285 7.536856732766734 0
      vertex 110.41378524345066 7.142478171050286 0
    endloop
  endfacet
  facet normal -0.6835923020228746 -0.7298640726978325 0
    outer loop
      vertex 110.8675144212722 6.7175144212722016 29
      vertex 110.41378524345066 7.142478171050286 0
      vertex 110.8675144212722 6.7175144212722016 0
    endloop
  endfacet
  facet normal -0.7730104533627349 -0.6343932841636479 0
    outer loop
      vertex 111.68685673276674 5.783233575582846 29
      vertex 111.29247817105029 6.263785243450654 0
      vertex 111.68685673276674 5.783233575582846 0
    endloop
  endfacet
  facet normal -0.7298640726978337 -0.6835923020228734 0
    outer loop
      vertex 111.29247817105029 6.263785243450654 29
      vertex 110.8675144212722 6.7175144212722016 0
      vertex 111.29247817105029 6.263785243450654 0
    endloop
  endfacet
  facet normal -0.8128466845916182 -0.5824776968677979 0
    outer loop
      vertex 112.04896131687418 5.277917213686221 29
      vertex 111.68685673276674 5.783233575582846 0
      vertex 112.04896131687418 5.277917213686221 0
    endloop
  endfacet
  facet normal -0.032719082821775346 -0.9994645874763656 0
    outer loop
      vertex 104.15 9.5 29
      vertex 104.15 9.5 0
      vertex 104.77132972768636 9.479659770766734 29
    endloop
  endfacet
  facet normal -0.09801714032956267 -0.9951847266721966 0
    outer loop
      vertex 104.77132972768636 9.479659770766734 29
      vertex 104.77132972768636 9.479659770766734 0
      vertex 105.38999882609049 9.418726183051199 29
    endloop
  endfacet
  facet normal -0.16289547339458743 -0.9866433320848794 0
    outer loop
      vertex 106.00335805915323 9.317460163830688 29
      vertex 105.38999882609049 9.418726183051199 29
      vertex 105.38999882609049 9.418726183051199 0
    endloop
  endfacet
  facet normal -0.22707626303437584 -0.9738769792773331 0
    outer loop
      vertex 106.00335805915323 9.317460163830688 29
      vertex 106.00335805915323 9.317460163830688 0
      vertex 106.60878092847395 9.176295349746148 29
    endloop
  endfacet
  facet normal -0.2902846772544587 -0.95694033573221 0
    outer loop
      vertex 106.60878092847395 9.176295349746148 29
      vertex 106.60878092847395 9.176295349746148 0
      vertex 107.20367492038004 8.995836230203505 29
    endloop
  endfacet
  facet normal -0.3522500479212341 -0.9359059267573253 0
    outer loop
      vertex 107.20367492038004 8.995836230203505 29
      vertex 107.20367492038004 8.995836230203505 0
      vertex 107.78549260746836 8.776855558857225 29
    endloop
  endfacet
  facet normal -0.4127070298043974 -0.9108638249211748 0
    outer loop
      vertex 107.78549260746836 8.776855558857225 29
      vertex 107.78549260746836 8.776855558857225 0
      vertex 108.35174255708051 8.520291044560539 29
    endloop
  endfacet
  facet normal -0.4713967368259946 -0.8819212643483567 0
    outer loop
      vertex 108.35174255708051 8.520291044560539 29
      vertex 108.35174255708051 8.520291044560539 0
      vertex 108.9 8.227241335952167 29
    endloop
  endfacet
  facet normal -0.5280678506503659 -0.8492021815265802 0
    outer loop
      vertex 109.42791721368623 7.89896131687418 29
      vertex 108.9 8.227241335952167 29
      vertex 108.9 8.227241335952167 0
    endloop
  endfacet
  facet normal -0.8492021815265743 -0.5280678506503754 0
    outer loop
      vertex 112.04896131687418 5.277917213686221 29
      vertex 112.04896131687418 5.277917213686221 0
      vertex 112.37724133595218 4.75 29
    endloop
  endfacet
  facet normal -0.9951847266721999 -0.09801714032953016 0
    outer loop
      vertex 113.58888960372326 1.035276180410083 28.63629669484373
      vertex 113.56872618305121 1.23999882609049 28.698398630470198
      vertex 113.56872618305121 1.23999882609049 0
    endloop
  endfacet
  facet normal -0.9866433320848539 -0.16289547339474097 -3.072890476017978e-15
    outer loop
      vertex 113.56872618305121 1.23999882609049 28.698398630470198
      vertex 113.5611713357767 1.2857578612126463 28.712279482019575
      vertex 113.4674601638307 1.8533580591532184 0
    endloop
  endfacet
  facet normal -0.9866433320848772 -0.16289547339459945 -1.9950793161375588e-16
    outer loop
      vertex 113.5611713357767 1.2857578612126463 28.712279482019575
      vertex 113.52072565623804 1.5307337294603591 28.804481869954852
      vertex 113.4674601638307 1.8533580591532184 0
    endloop
  endfacet
  facet normal -0.9866433320848794 -0.16289547339458654 -5.058451161178001e-17
    outer loop
      vertex 113.52072565623804 1.5307337294603591 28.804481869954852
      vertex 113.48136218464025 1.7691547608760052 28.91250903386925
      vertex 113.4674601638307 1.8533580591532184 0
    endloop
  endfacet
  facet normal -0.9866433320848822 -0.1628954733945697 0
    outer loop
      vertex 113.48136218464025 1.7691547608760052 28.91250903386925
      vertex 113.4674601638307 1.8533580591532184 28.957516634482204
      vertex 113.4674601638307 1.8533580591532184 0
    endloop
  endfacet
  facet normal -0.9738769792773407 -0.22707626303434286 8.92146897833799e-16
    outer loop
      vertex 113.4674601638307 1.8533580591532184 28.957516634482204
      vertex 113.44892784364833 1.9328388457269652 29
      vertex 113.32629534974615 2.458780928473947 0
    endloop
  endfacet
  facet normal -0.9738769792773299 -0.22707626303438955 0
    outer loop
      vertex 113.44892784364833 1.9328388457269652 29
      vertex 113.32629534974615 2.458780928473947 29
      vertex 113.32629534974615 2.458780928473947 0
    endloop
  endfacet
  facet normal -0.9994645874763654 -0.03271908282178673 -1.245515783483795e-16
    outer loop
      vertex 113.65 0 28.5
      vertex 113.64143569295442 0.26161251692057225 28.508564307045585
      vertex 113.62965977076674 0.6213297276863591 0
    endloop
  endfacet
  facet normal -0.9994645874763651 -0.03271908282179062 -1.7365953621116332e-16
    outer loop
      vertex 113.64143569295442 0.26161251692057225 28.508564307045585
      vertex 113.63290805958641 0.5221047688802063 28.534220554504756
      vertex 113.62965977076674 0.6213297276863591 0
    endloop
  endfacet
  facet normal -0.9994645874763669 -0.03271908282174074 0
    outer loop
      vertex 113.63290805958641 0.5221047688802063 28.534220554504756
      vertex 113.62965977076674 0.6213297276863591 28.550602661504996
      vertex 113.62965977076674 0.6213297276863591 0
    endloop
  endfacet
  facet normal -0.9951847266721983 -0.0980171403295455 -1.09870827595405e-17
    outer loop
      vertex 113.62965977076674 0.6213297276863591 28.550602661504996
      vertex 113.61399652920701 0.780361288064513 28.57685887838708
      vertex 113.56872618305121 1.23999882609049 0
    endloop
  endfacet
  facet normal -0.9951847266721974 -0.09801714032955654 -1.9053382962078437e-16
    outer loop
      vertex 113.61399652920701 0.780361288064513 28.57685887838708
      vertex 113.58888960372326 1.035276180410083 28.63629669484373
      vertex 113.56872618305121 1.23999882609049 0
    endloop
  endfacet
  facet normal -0.9108638249211763 -0.41270702980439333 0
    outer loop
      vertex 112.92685555885723 3.635492607468353 29
      vertex 112.67029104456054 4.201742557080513 29
      vertex 112.67029104456054 4.201742557080513 0
    endloop
  endfacet
  facet normal -0.9569403357322144 -0.290284677254444 0
    outer loop
      vertex 113.14583623020351 3.0536749203800353 29
      vertex 113.14583623020351 3.0536749203800353 0
      vertex 113.32629534974615 2.458780928473947 29
    endloop
  endfacet
  facet normal -0.9359059267573216 -0.35225004792124415 0
    outer loop
      vertex 113.14583623020351 3.0536749203800353 29
      vertex 112.92685555885723 3.635492607468353 29
      vertex 112.92685555885723 3.635492607468353 0
    endloop
  endfacet
  facet normal -0.8819212643483596 -0.4713967368259893 0
    outer loop
      vertex 112.37724133595218 4.75 29
      vertex 112.37724133595218 4.75 0
      vertex 112.67029104456054 4.201742557080513 29
    endloop
  endfacet
  facet normal -0.6343932841636397 -0.7730104533627415 0
    outer loop
      vertex 109.93323357558285 7.536856732766734 29
      vertex 109.93323357558285 7.536856732766734 0
      vertex 110.41378524345066 7.142478171050286 29
    endloop
  endfacet
  facet normal -0.582477696867808 -0.8128466845916109 0
    outer loop
      vertex 109.42791721368623 7.89896131687418 29
      vertex 109.42791721368623 7.89896131687418 0
      vertex 109.93323357558285 7.536856732766734 29
    endloop
  endfacet
  facet normal -0.6835923020228746 -0.7298640726978325 0
    outer loop
      vertex 110.41378524345066 7.142478171050286 29
      vertex 110.41378524345066 7.142478171050286 0
      vertex 110.8675144212722 6.7175144212722016 29
    endloop
  endfacet
  facet normal -0.7298640726978337 -0.6835923020228734 0
    outer loop
      vertex 111.29247817105029 6.263785243450654 29
      vertex 110.8675144212722 6.7175144212722016 29
      vertex 110.8675144212722 6.7175144212722016 0
    endloop
  endfacet
  facet normal -0.7730104533627349 -0.6343932841636479 0
    outer loop
      vertex 111.29247817105029 6.263785243450654 29
      vertex 111.29247817105029 6.263785243450654 0
      vertex 111.68685673276674 5.783233575582846 29
    endloop
  endfacet
  facet normal -0.8128466845916182 -0.5824776968677979 0
    outer loop
      vertex 112.04896131687418 5.277917213686221 29
      vertex 111.68685673276674 5.783233575582846 29
      vertex 111.68685673276674 5.783233575582846 0
    endloop
  endfacet
  facet normal 0.812846684591615 0.5824776968678022 0
    outer loop
      vertex 80.03738124322619 -16.111536757568462 29
      vertex 80.03738124322619 -16.111536757568462 32
      vertex 81.14275313155419 -17.6540814412529 29
    endloop
  endfacet
  facet normal 0.7730104533627369 0.6343932841636457 0
    outer loop
      vertex 81.14275313155419 -17.6540814412529 29
      vertex 81.14275313155419 -17.6540814412529 32
      vertex 82.34664558310966 -19.121028637901997 29
    endloop
  endfacet
  facet normal 0.812846684591615 0.5824776968678022 0
    outer loop
      vertex 81.14275313155419 -17.6540814412529 29
      vertex 80.03738124322619 -16.111536757568462 32
      vertex 81.14275313155419 -17.6540814412529 32
    endloop
  endfacet
  facet normal 0.7730104533627369 0.6343932841636457 0
    outer loop
      vertex 82.34664558310966 -19.121028637901997 29
      vertex 81.14275313155419 -17.6540814412529 32
      vertex 82.34664558310966 -19.121028637901997 32
    endloop
  endfacet
  facet normal 0.8492021815265809 0.5280678506503649 0
    outer loop
      vertex 79.0352632902513 -14.5 29
      vertex 79.0352632902513 -14.5 32
      vertex 80.03738124322619 -16.111536757568462 29
    endloop
  endfacet
  facet normal 0.8492021815265809 0.5280678506503649 0
    outer loop
      vertex 80.03738124322619 -16.111536757568462 29
      vertex 79.0352632902513 -14.5 32
      vertex 80.03738124322619 -16.111536757568462 32
    endloop
  endfacet
  facet normal 0.8819212643483543 0.47139673682599903 0
    outer loop
      vertex 79.0352632902513 -14.5 29
      vertex 78.14069049555205 -12.826372016351037 32
      vertex 79.0352632902513 -14.5 32
    endloop
  endfacet
  facet normal 0.8819212643483543 0.47139673682599903 0
    outer loop
      vertex 79.0352632902513 -14.5 29
      vertex 78.14069049555205 -12.826372016351037 29
      vertex 78.14069049555205 -12.826372016351037 32
    endloop
  endfacet
  facet normal 0.9108638249211743 0.41270702980439794 0
    outer loop
      vertex 77.35749355717269 -11.097819538587604 29
      vertex 77.35749355717269 -11.097819538587604 32
      vertex 78.14069049555205 -12.826372016351037 29
    endloop
  endfacet
  facet normal 0.9108638249211743 0.41270702980439794 0
    outer loop
      vertex 78.14069049555205 -12.826372016351037 29
      vertex 77.35749355717269 -11.097819538587604 32
      vertex 78.14069049555205 -12.826372016351037 32
    endloop
  endfacet
  facet normal 0.9359059267573253 0.35225004792123465 0
    outer loop
      vertex 77.35749355717269 -11.097819538587604 29
      vertex 76.68902624464194 -9.321744493791686 29
      vertex 76.68902624464194 -9.321744493791686 32
    endloop
  endfacet
  facet normal 0.9569403357322089 0.2902846772544622 0
    outer loop
      vertex 76.68902624464194 -9.321744493791686 29
      vertex 76.13815103761702 -7.5057523079731014 29
      vertex 76.13815103761702 -7.5057523079731014 32
    endloop
  endfacet
  facet normal 0.9359059267573253 0.35225004792123465 0
    outer loop
      vertex 77.35749355717269 -11.097819538587604 29
      vertex 76.68902624464194 -9.321744493791686 32
      vertex 77.35749355717269 -11.097819538587604 32
    endloop
  endfacet
  facet normal 0.9569403357322089 0.2902846772544622 0
    outer loop
      vertex 76.68902624464194 -9.321744493791686 29
      vertex 76.13815103761702 -7.5057523079731014 32
      vertex 76.68902624464194 -9.321744493791686 32
    endloop
  endfacet
  facet normal 0.973876979277334 0.22707626303437173 0
    outer loop
      vertex 76.13815103761702 -7.5057523079731014 29
      vertex 75.70722686830632 -5.657619338467719 29
      vertex 75.70722686830632 -5.657619338467719 32
    endloop
  endfacet
  facet normal 0.973876979277334 0.22707626303437173 0
    outer loop
      vertex 76.13815103761702 -7.5057523079731014 29
      vertex 75.70722686830632 -5.657619338467719 32
      vertex 76.13815103761702 -7.5057523079731014 32
    endloop
  endfacet
  facet normal 0 0 1
    outer loop
      vertex 77.35749355717269 -11.097819538587604 29
      vertex 77.35749355717269 11.097819538587604 29
      vertex 76.68902624464194 -9.321744493791686 29
    endloop
  endfacet
  facet normal 0 0 1
    outer loop
      vertex 75.70722686830632 -5.657619338467719 29
      vertex 75.70722686830632 5.657619338467719 29
      vertex 75.3980990201595 -3.7852595743814956 29
    endloop
  endfacet
  facet normal 0 0 1
    outer loop
      vertex 75.3980990201595 -3.7852595743814956 29
      vertex 75.3980990201595 3.7852595743814956 29
      vertex 75.2120912260805 -1.8966907476741488 29
    endloop
  endfacet
  facet normal 0 0 1
    outer loop
      vertex 76.68902624464194 -9.321744493791686 29
      vertex 76.68902624464194 9.321744493791686 29
      vertex 76.13815103761702 -7.5057523079731014 29
    endloop
  endfacet
  facet normal 0 0 1
    outer loop
      vertex 76.13815103761702 -7.5057523079731014 29
      vertex 76.13815103761702 7.5057523079731014 29
      vertex 75.70722686830632 -5.657619338467719 29
    endloop
  endfacet
  facet normal 0.9866433320848794 0.16289547339458682 0
    outer loop
      vertex 75.70722686830632 -5.657619338467719 29
      vertex 75.3980990201595 -3.7852595743814956 29
      vertex 75.3980990201595 -3.7852595743814956 32
    endloop
  endfacet
  facet normal 0.9866433320848794 0.16289547339458682 0
    outer loop
      vertex 75.70722686830632 -5.657619338467719 29
      vertex 75.3980990201595 -3.7852595743814956 32
      vertex 75.70722686830632 -5.657619338467719 32
    endloop
  endfacet
  facet normal 0.9951847266721966 0.09801714032956256 0
    outer loop
      vertex 75.3980990201595 -3.7852595743814956 29
      vertex 75.2120912260805 -1.8966907476741488 32
      vertex 75.3980990201595 -3.7852595743814956 32
    endloop
  endfacet
  facet normal 0.9951847266721966 0.09801714032956256 0
    outer loop
      vertex 75.3980990201595 -3.7852595743814956 29
      vertex 75.2120912260805 -1.8966907476741488 29
      vertex 75.2120912260805 -1.8966907476741488 32
    endloop
  endfacet
  facet normal 0.9994645874763656 0.03271908282177551 0
    outer loop
      vertex 75.2120912260805 -1.8966907476741488 29
      vertex 75.15 0 29
      vertex 75.15 0 32
    endloop
  endfacet
  facet normal 0.9994645874763656 0.03271908282177551 0
    outer loop
      vertex 75.2120912260805 -1.8966907476741488 29
      vertex 75.15 0 32
      vertex 75.2120912260805 -1.8966907476741488 32
    endloop
  endfacet
  facet normal 0 0 1
    outer loop
      vertex 81.14275313155419 -17.6540814412529 29
      vertex 82.34664558310966 -19.121028637901997 29
      vertex 82.34664558310966 19.121028637901997 29
    endloop
  endfacet
  facet normal 0 0 1
    outer loop
      vertex 77.35749355717269 -11.097819538587604 29
      vertex 78.14069049555205 -12.826372016351037 29
      vertex 78.14069049555205 12.826372016351037 29
    endloop
  endfacet
  facet normal 0 0 1
    outer loop
      vertex 79.0352632902513 -14.5 29
      vertex 79.0352632902513 14.5 29
      vertex 78.14069049555205 -12.826372016351037 29
    endloop
  endfacet
  facet normal 0 0 1
    outer loop
      vertex 79.0352632902513 -14.5 29
      vertex 80.03738124322619 -16.111536757568462 29
      vertex 80.03738124322619 16.111536757568462 29
    endloop
  endfacet
  facet normal 0 0 1
    outer loop
      vertex 80.03738124322619 -16.111536757568462 29
      vertex 81.14275313155419 -17.6540814412529 29
      vertex 81.14275313155419 17.6540814412529 29
    endloop
  endfacet
  facet normal 0.6343932841636448 0.7730104533627375 0
    outer loop
      vertex 85.028971362098 -21.803354416890343 29
      vertex 86.4959185587471 -23.00724686844582 31.207703568492636
      vertex 86.4959185587471 -23.00724686844582 29
    endloop
  endfacet
  facet normal 0.5824776968677982 0.8128466845916181 2.0865920145728288e-14
    outer loop
      vertex 86.4959185587471 -23.00724686844582 29
      vertex 87.59874583174665 -23.7975217163312 29.32658663883506
      vertex 87.77252778860525 -23.922052105526333 29.17412155078982
    endloop
  endfacet
  facet normal 0.5824776968677996 0.8128466845916171 1.3702044166847291e-14
    outer loop
      vertex 86.4959185587471 -23.00724686844582 29
      vertex 87.43348063253505 -23.67909434935789 29.49264077008409
      vertex 87.59874583174665 -23.7975217163312 29.32658663883506
    endloop
  endfacet
  facet normal 0.582477696867805 0.8128466845916131 -2.582281942667623e-15
    outer loop
      vertex 86.4959185587471 -23.00724686844582 29
      vertex 87.27743988192545 -23.567277128773085 29.67157287525381
      vertex 87.43348063253505 -23.67909434935789 29.49264077008409
    endloop
  endfacet
  facet normal 0.5824776968678032 0.8128466845916144 -3.556511645656663e-14
    outer loop
      vertex 86.4959185587471 -23.00724686844582 29
      vertex 87.77252778860525 -23.922052105526333 29.17412155078982
      vertex 87.95408234209205 -24.052152258698506 29.035898384862247
    endloop
  endfacet
  facet normal 0.5824776968678012 0.812846684591616 8.639781001094242e-14
    outer loop
      vertex 86.4959185587471 -23.00724686844582 29
      vertex 87.95408234209205 -24.052152258698506 29.035898384862247
      vertex 88.00893820967227 -24.09146141750237 29
    endloop
  endfacet
  facet normal 0.5824776968677893 0.8128466845916245 1.3230320507338814e-14
    outer loop
      vertex 86.4959185587471 -23.00724686844582 29
      vertex 86.99566212651271 -23.365358044753144 30.06495428396512
      vertex 87.13129177036775 -23.462548873081822 29.862616739599723
    endloop
  endfacet
  facet normal 0.582477696867808 0.812846684591611 -7.658500640628292e-15
    outer loop
      vertex 86.4959185587471 -23.00724686844582 29
      vertex 87.13129177036775 -23.462548873081822 29.862616739599723
      vertex 87.27743988192545 -23.567277128773085 29.67157287525381
    endloop
  endfacet
  facet normal 0.5824776968678061 0.8128466845916124 1.3218595830051355e-15
    outer loop
      vertex 86.4959185587471 -23.00724686844582 29
      vertex 86.87113173731758 -23.276120829834966 30.27771906792159
      vertex 86.99566212651271 -23.365358044753144 30.06495428396512
    endloop
  endfacet
  facet normal 0.5824776968678262 0.8128466845915978 -7.779510769059448e-15
    outer loop
      vertex 86.4959185587471 -23.00724686844582 29
      vertex 86.75823386102714 -23.195219355781504 30.5
      vertex 86.87113173731758 -23.276120829834966 30.27771906792159
    endloop
  endfacet
  facet normal 0.5824776968678339 0.8128466845915924 -2.7945712013630615e-15
    outer loop
      vertex 86.4959185587471 -23.00724686844582 29
      vertex 86.5692175489187 -23.059772181997825 30.96926627053964
      vertex 86.65745194368003 -23.123000055124884 30.730845239123994
    endloop
  endfacet
  facet normal 0.5824776968677844 0.812846684591628 0
    outer loop
      vertex 86.4959185587471 -23.00724686844582 29
      vertex 86.4959185587471 -23.00724686844582 31.207703568492636
      vertex 86.5692175489187 -23.059772181997825 30.96926627053964
    endloop
  endfacet
  facet normal 0.6343932841636905 0.7730104533627 -4.957771256700589e-14
    outer loop
      vertex 85.028971362098 -21.803354416890343 29
      vertex 86.49399047078944 -23.00566452755211 31.214242138787355
      vertex 86.4959185587471 -23.00724686844582 31.207703568492636
    endloop
  endfacet
  facet normal 0.6343932841636222 0.7730104533627561 1.7094252402132424e-14
    outer loop
      vertex 85.028971362098 -21.803354416890343 29
      vertex 86.35448574014613 -22.891175953892883 31.977895231119795
      vertex 86.38789180392124 -22.918591601918173 31.719638711935488
    endloop
  endfacet
  facet normal 0.6343932841636456 0.7730104533627369 0
    outer loop
      vertex 85.028971362098 -21.803354416890343 29
      vertex 85.028971362098 -21.803354416890343 32
      vertex 86.35448574014613 -22.891175953892883 31.977895231119795
    endloop
  endfacet
  facet normal 0.6343932841636506 0.7730104533627328 -6.882565298322216e-15
    outer loop
      vertex 85.028971362098 -21.803354416890343 29
      vertex 86.43445985131173 -22.956809010741857 31.464723819589917
      vertex 86.49399047078944 -23.00566452755211 31.214242138787355
    endloop
  endfacet
  facet normal 0.6343932841636476 0.7730104533627353 -3.628372134531955e-15
    outer loop
      vertex 85.028971362098 -21.803354416890343 29
      vertex 86.38789180392124 -22.918591601918173 31.719638711935488
      vertex 86.43445985131173 -22.956809010741857 31.464723819589917
    endloop
  endfacet
  facet normal 0.5824776968677774 0.812846684591633 5.194658690425401e-15
    outer loop
      vertex 86.4959185587471 -23.00724686844582 29
      vertex 86.65745194368003 -23.123000055124884 30.730845239123994
      vertex 86.75823386102714 -23.195219355781504 30.5
    endloop
  endfacet
  facet normal 0.6343932841636435 0.7730104533627387 -2.1226808401877313e-13
    outer loop
      vertex 86.35448574014613 -22.891175953892883 31.977895231119795
      vertex 85.028971362098 -21.803354416890343 32
      vertex 86.35278001329652 -22.889776100044458 32
    endloop
  endfacet
  facet normal 0.41270702980439594 0.9108638249211755 1.9937956156371265e-14
    outer loop
      vertex 93.0521804614124 -26.792506442827314 29
      vertex 91.35671329331416 -26.024300263229335 29
      vertex 91.41818395722981 -26.052152258698506 29.035898384862247
    endloop
  endfacet
  facet normal 0.41270702980439566 0.9108638249211755 8.674418647943074e-15
    outer loop
      vertex 93.0521804614124 -26.792506442827314 29
      vertex 91.41818395722981 -26.052152258698506 29.035898384862247
      vertex 91.62163127165657 -26.144333037604742 29.17412155078982
    endloop
  endfacet
  facet normal 0.4127070298043952 0.9108638249211757 4.413944646211777e-15
    outer loop
      vertex 93.0521804614124 -26.792506442827314 29
      vertex 91.62163127165657 -26.144333037604742 29.17412155078982
      vertex 91.81636873067201 -26.232567432366082 29.32658663883506
    endloop
  endfacet
  facet normal 0.41270702980439256 0.9108638249211768 -7.612246759359699e-15
    outer loop
      vertex 93.0521804614124 -26.792506442827314 29
      vertex 91.81636873067201 -26.232567432366082 29.32658663883506
      vertex 92.00156243858 -26.316477609758163 29.49264077008409
    endloop
  endfacet
  facet normal 0.41270702980439833 0.9108638249211741 6.824602277050147e-15
    outer loop
      vertex 93.0521804614124 -26.792506442827314 29
      vertex 92.00156243858 -26.316477609758163 29.49264077008409
      vertex 92.1764193674918 -26.395704253519273 29.67157287525381
    endloop
  endfacet
  facet normal 0 0 1
    outer loop
      vertex 93.0521804614124 -26.792506442827314 29
      vertex 94.82825550620832 -27.460973755358065 29
      vertex 91.35671329331416 -26.024300263229335 29
    endloop
  endfacet
  facet normal 0.4127070298043903 0.9108638249211779 -5.470357600448616e-15
    outer loop
      vertex 93.0521804614124 -26.792506442827314 29
      vertex 92.1764193674918 -26.395704253519273 29.67157287525381
      vertex 92.34019075319333 -26.46990810299773 29.862616739599723
    endloop
  endfacet
  facet normal 0.41270702980439916 0.9108638249211739 3.3075801268348502e-15
    outer loop
      vertex 93.0521804614124 -26.792506442827314 29
      vertex 92.34019075319333 -26.46990810299773 29.862616739599723
      vertex 92.49217530146832 -26.538771405918084 30.06495428396512
    endloop
  endfacet
  facet normal 0.4127070298044094 0.9108638249211692 9.772319060073528e-15
    outer loop
      vertex 93.0521804614124 -26.792506442827314 29
      vertex 92.49217530146832 -26.538771405918084 30.06495428396512
      vertex 92.631722191148 -26.601999279045145 30.27771906792159
    endloop
  endfacet
  facet normal 0.4127070298043669 0.9108638249211884 -7.110571944968057e-15
    outer loop
      vertex 93.0521804614124 -26.792506442827314 29
      vertex 92.631722191148 -26.601999279045145 30.27771906792159
      vertex 92.75823386102714 -26.659320970919257 30.5
    endloop
  endfacet
  facet normal 0.41270702980440827 0.9108638249211697 2.6772471712193936e-15
    outer loop
      vertex 93.0521804614124 -26.792506442827314 29
      vertex 92.75823386102714 -26.659320970919257 30.5
      vertex 92.87116856871286 -26.71049102125564 30.730845239123994
    endloop
  endfacet
  facet normal 0.412707029804395 0.9108638249211757 9.880541978433316e-16
    outer loop
      vertex 93.0521804614124 -26.792506442827314 29
      vertex 92.87116856871286 -26.71049102125564 30.730845239123994
      vertex 92.97004271044882 -26.755290312042973 30.96926627053964
    endloop
  endfacet
  facet normal 0.41270702980437535 0.9108638249211846 0
    outer loop
      vertex 93.0521804614124 -26.792506442827314 29
      vertex 92.97004271044882 -26.755290312042973 30.96926627053964
      vertex 93.0521804614124 -26.792506442827314 31.20770356849264
    endloop
  endfacet
  facet normal 0 0 1
    outer loop
      vertex 91.35671329331416 -26.024300263229335 29
      vertex 94.82825550620832 -27.460973755358065 29
      vertex 96.64424769202691 -28.01184896238298 29
    endloop
  endfacet
  facet normal 0 0 1
    outer loop
      vertex 91.35671329331416 -26.024300263229335 29
      vertex 96.64424769202691 -28.01184896238298 29
      vertex 98.49238066153228 -28.442773131693684 29
    endloop
  endfacet
  facet normal 0 0 1
    outer loop
      vertex 91.35671329331416 -26.024300263229335 29
      vertex 98.49238066153228 -28.442773131693684 29
      vertex 100.3647404256185 -28.7519009798405 29
    endloop
  endfacet
  facet normal 0.35225004792123493 0.9359059267573251 0
    outer loop
      vertex 93.0521804614124 -26.792506442827314 29
      vertex 94.82825550620832 -27.460973755358065 32
      vertex 94.82825550620832 -27.460973755358065 29
    endloop
  endfacet
  facet normal 0.35225004792123493 0.9359059267573251 0
    outer loop
      vertex 93.0521804614124 -26.792506442827314 29
      vertex 93.0521804614124 -26.792506442827314 31.20770356849264
      vertex 94.82825550620832 -27.460973755358065 32
    endloop
  endfacet
  facet normal 0.29028467725446183 0.956940335732209 0
    outer loop
      vertex 94.82825550620832 -27.460973755358065 29
      vertex 94.82825550620832 -27.460973755358065 32
      vertex 96.64424769202691 -28.01184896238298 29
    endloop
  endfacet
  facet normal 0.35225004792118014 0.9359059267573457 1.4015926302659554e-13
    outer loop
      vertex 93.05451485280264 -26.79338504553253 31.214242138787355
      vertex 94.82825550620832 -27.460973755358065 32
      vertex 93.0521804614124 -26.792506442827314 31.20770356849264
    endloop
  endfacet
  facet normal 0.3522500479212385 0.9359059267573239 -1.0101679289410214e-14
    outer loop
      vertex 93.05451485280264 -26.79338504553253 31.214242138787355
      vertex 93.12659028121419 -26.820512315898128 31.464723819589917
      vertex 94.82825550620832 -27.460973755358065 32
    endloop
  endfacet
  facet normal 0.35225004792123127 0.9359059267573265 1.6283641171516295e-14
    outer loop
      vertex 93.12659028121419 -26.820512315898128 31.464723819589917
      vertex 93.18297155181756 -26.841732723531095 31.719638711935488
      vertex 94.82825550620832 -27.460973755358065 32
    endloop
  endfacet
  facet normal 0.3522500479212351 0.9359059267573252 -9.437396238561385e-15
    outer loop
      vertex 93.18297155181756 -26.841732723531095 31.719638711935488
      vertex 93.22341723135622 -26.856955399388124 31.977895231119795
      vertex 94.82825550620832 -27.460973755358065 32
    endloop
  endfacet
  facet normal 0.35225004792123404 0.9359059267573254 7.261003948031302e-14
    outer loop
      vertex 93.22341723135622 -26.856955399388124 31.977895231119795
      vertex 93.22548240377535 -26.857732675247593 32
      vertex 94.82825550620832 -27.460973755358065 32
    endloop
  endfacet
  facet normal 0.29028467725446183 0.956940335732209 0
    outer loop
      vertex 96.64424769202691 -28.01184896238298 29
      vertex 94.82825550620832 -27.460973755358065 32
      vertex 96.64424769202691 -28.01184896238298 32
    endloop
  endfacet
  facet normal 0.22707626303437478 0.9738769792773334 0
    outer loop
      vertex 96.64424769202691 -28.01184896238298 29
      vertex 96.64424769202691 -28.01184896238298 32
      vertex 98.49238066153228 -28.442773131693684 29
    endloop
  endfacet
  facet normal 0.22707626303437478 0.9738769792773334 0
    outer loop
      vertex 98.49238066153228 -28.442773131693684 29
      vertex 96.64424769202691 -28.01184896238298 32
      vertex 98.49238066153228 -28.442773131693684 32
    endloop
  endfacet
  facet normal 0.16289547339458657 0.9866433320848794 0
    outer loop
      vertex 98.49238066153228 -28.442773131693684 29
      vertex 98.49238066153228 -28.442773131693684 32
      vertex 100.3647404256185 -28.7519009798405 29
    endloop
  endfacet
  facet normal 0.09801714032956022 0.9951847266721968 0
    outer loop
      vertex 100.3647404256185 -28.7519009798405 29
      vertex 100.3647404256185 -28.7519009798405 32
      vertex 102.25330925232586 -28.9379087739195 29
    endloop
  endfacet
  facet normal 0.16289547339458657 0.9866433320848794 0
    outer loop
      vertex 100.3647404256185 -28.7519009798405 29
      vertex 98.49238066153228 -28.442773131693684 32
      vertex 100.3647404256185 -28.7519009798405 32
    endloop
  endfacet
  facet normal 0.03271908282177749 0.9994645874763656 0
    outer loop
      vertex 102.25330925232586 -28.9379087739195 29
      vertex 102.25330925232586 -28.9379087739195 32
      vertex 104.15 -29 29
    endloop
  endfacet
  facet normal 0.09801714032956022 0.9951847266721968 0
    outer loop
      vertex 102.25330925232586 -28.9379087739195 29
      vertex 100.3647404256185 -28.7519009798405 32
      vertex 102.25330925232586 -28.9379087739195 32
    endloop
  endfacet
  facet normal 0.03271908282177749 0.9994645874763656 0
    outer loop
      vertex 104.15 -29 29
      vertex 102.25330925232586 -28.9379087739195 32
      vertex 104.15 -29 32
    endloop
  endfacet
  facet normal 0 0 1
    outer loop
      vertex 100.3647404256185 -28.7519009798405 29
      vertex 102.25330925232586 -28.9379087739195 29
      vertex 101.69121907152606 -9.176295349746148 29
    endloop
  endfacet
  facet normal 0 0 1
    outer loop
      vertex 102.25330925232586 -28.9379087739195 29
      vertex 104.15 -29 29
      vertex 104.15 -9.5 29
    endloop
  endfacet
  facet normal 0.7298640726978353 0.6835923020228717 0
    outer loop
      vertex 82.34664558310966 -19.121028637901997 29
      vertex 82.34664558310966 -19.121028637901997 32
      vertex 83.64390334559013 -20.50609665440988 29
    endloop
  endfacet
  facet normal 0.6835923020228725 0.7298640726978346 0
    outer loop
      vertex 85.028971362098 -21.803354416890343 29
      vertex 83.64390334559013 -20.50609665440988 29
      vertex 83.64390334559013 -20.50609665440988 32
    endloop
  endfacet
  facet normal 0.7298640726978353 0.6835923020228717 0
    outer loop
      vertex 83.64390334559013 -20.50609665440988 29
      vertex 82.34664558310966 -19.121028637901997 32
      vertex 83.64390334559013 -20.50609665440988 32
    endloop
  endfacet
  facet normal 0.6835923020228725 0.7298640726978346 0
    outer loop
      vertex 85.028971362098 -21.803354416890343 29
      vertex 83.64390334559013 -20.50609665440988 32
      vertex 85.028971362098 -21.803354416890343 32
    endloop
  endfacet
  facet normal 0 0 1
    outer loop
      vertex 88.00893820967227 -24.09146141750237 29
      vertex 95.92275866404783 -4.75 29
      vertex 95.62970895543947 -4.201742557080513 29
    endloop
  endfacet
  facet normal 0 0 1
    outer loop
      vertex 82.34664558310966 -19.121028637901997 29
      vertex 83.64390334559013 -20.50609665440988 29
      vertex 83.64390334559013 20.50609665440988 29
    endloop
  endfacet
  facet normal 0 0 1
    outer loop
      vertex 85.028971362098 -21.803354416890343 29
      vertex 85.028971362098 21.803354416890343 29
      vertex 83.64390334559013 -20.50609665440988 29
    endloop
  endfacet
  facet normal 0 0 1
    outer loop
      vertex 85.028971362098 -21.803354416890343 29
      vertex 86.4959185587471 -23.00724686844582 29
      vertex 86.4959185587471 23.00724686844582 29
    endloop
  endfacet
  facet normal 0 0 1
    outer loop
      vertex 86.4959185587471 -23.00724686844582 29
      vertex 88.00893820967227 -24.09146141750237 29
      vertex 88.00893820967227 24.091461417502373 29
    endloop
  endfacet
  facet normal 0 0 1
    outer loop
      vertex 88.00893820967227 -24.09146141750237 29
      vertex 94.97370465025386 -2.458780928473947 29
      vertex 94.83253983616932 -1.8533580591532184 29
    endloop
  endfacet
  facet normal 0 0 1
    outer loop
      vertex 88.00893820967227 -24.09146141750237 29
      vertex 95.62970895543947 -4.201742557080513 29
      vertex 95.37314444114278 -3.635492607468353 29
    endloop
  endfacet
  facet normal 0 0 1
    outer loop
      vertex 88.00893820967227 -24.09146141750237 29
      vertex 95.37314444114278 -3.635492607468353 29
      vertex 95.1541637697965 -3.0536749203800353 29
    endloop
  endfacet
  facet normal 0 0 1
    outer loop
      vertex 88.00893820967227 -24.09146141750237 29
      vertex 95.1541637697965 -3.0536749203800353 29
      vertex 94.97370465025386 -2.458780928473947 29
    endloop
  endfacet
  facet normal 0 0 1
    outer loop
      vertex 88.00893820967227 -24.09146141750237 29
      vertex 94.83253983616932 -1.8533580591532184 29
      vertex 94.7312738169488 -1.23999882609049 29
    endloop
  endfacet
  facet normal 0 0 1
    outer loop
      vertex 88.00893820967227 -24.09146141750237 29
      vertex 94.7312738169488 -1.23999882609049 29
      vertex 94.67034022923328 -0.6213297276863591 29
    endloop
  endfacet
  facet normal 0 0 1
    outer loop
      vertex 88.00893820967227 -24.09146141750237 29
      vertex 94.67034022923328 -0.6213297276863591 29
      vertex 94.65 0 29
    endloop
  endfacet
  facet normal 0 0 1
    outer loop
      vertex 88.00893820967227 -24.09146141750237 29
      vertex 94.65 0 29
      vertex 94.67034022923328 0.6213297276863591 29
    endloop
  endfacet
  facet normal 0 0 1
    outer loop
      vertex 91.35671329331416 -26.024300263229335 29
      vertex 100.3647404256185 -28.7519009798405 29
      vertex 101.17442361999679 -9.019527163421385 29
    endloop
  endfacet
  facet normal 0 0 1
    outer loop
      vertex 88.00893820967227 -24.09146141750237 29
      vertex 97.4324855787278 -6.7175144212722016 29
      vertex 97.00752182894972 -6.263785243450654 29
    endloop
  endfacet
  facet normal 0 0 1
    outer loop
      vertex 88.00893820967227 -24.09146141750237 29
      vertex 97.8266485363549 -7.086688317694419 29
      vertex 97.4324855787278 -6.7175144212722016 29
    endloop
  endfacet
  facet normal 0 0 1
    outer loop
      vertex 88.00893820967227 -24.09146141750237 29
      vertex 96.61314326723327 -5.783233575582846 29
      vertex 96.25103868312583 -5.277917213686221 29
    endloop
  endfacet
  facet normal 0 0 1
    outer loop
      vertex 88.00893820967227 -24.09146141750237 29
      vertex 97.00752182894972 -6.263785243450654 29
      vertex 96.61314326723327 -5.783233575582846 29
    endloop
  endfacet
  facet normal 0 0 1
    outer loop
      vertex 88.00893820967227 -24.09146141750237 29
      vertex 96.25103868312583 -5.277917213686221 29
      vertex 95.92275866404783 -4.75 29
    endloop
  endfacet
  facet normal 0 0 1
    outer loop
      vertex 100.3647404256185 -28.7519009798405 29
      vertex 101.69121907152606 -9.176295349746148 29
      vertex 101.17442361999679 -9.019527163421385 29
    endloop
  endfacet
  facet normal 0 0 1
    outer loop
      vertex 102.25330925232586 -28.9379087739195 29
      vertex 102.29664194084678 -9.317460163830688 29
      vertex 101.69121907152606 -9.176295349746148 29
    endloop
  endfacet
  facet normal 0 0 1
    outer loop
      vertex 102.25330925232586 -28.9379087739195 29
      vertex 102.91000117390952 -9.418726183051199 29
      vertex 102.29664194084678 -9.317460163830688 29
    endloop
  endfacet
  facet normal 0 0 1
    outer loop
      vertex 102.25330925232586 -28.9379087739195 29
      vertex 103.52867027231365 -9.479659770766734 29
      vertex 102.91000117390952 -9.418726183051199 29
    endloop
  endfacet
  facet normal 0 0 1
    outer loop
      vertex 102.25330925232586 -28.9379087739195 29
      vertex 104.15 -9.5 29
      vertex 103.52867027231365 -9.479659770766734 29
    endloop
  endfacet
  facet normal 0 0 1
    outer loop
      vertex 75.2120912260805 -1.8966907476741488 29
      vertex 75.2120912260805 1.8966907476741488 29
      vertex 75.15 0 29
    endloop
  endfacet
  facet normal 0 0 1
    outer loop
      vertex 75.2120912260805 -1.8966907476741488 29
      vertex 75.3980990201595 3.7852595743814956 29
      vertex 75.2120912260805 1.8966907476741488 29
    endloop
  endfacet
  facet normal 0 0 1
    outer loop
      vertex 75.3980990201595 -3.7852595743814956 29
      vertex 75.70722686830632 5.657619338467719 29
      vertex 75.3980990201595 3.7852595743814956 29
    endloop
  endfacet
  facet normal 0 0 1
    outer loop
      vertex 75.70722686830632 -5.657619338467719 29
      vertex 76.13815103761702 7.5057523079731014 29
      vertex 75.70722686830632 5.657619338467719 29
    endloop
  endfacet
  facet normal 0 0 1
    outer loop
      vertex 76.13815103761702 -7.5057523079731014 29
      vertex 76.68902624464194 9.321744493791686 29
      vertex 76.13815103761702 7.5057523079731014 29
    endloop
  endfacet
  facet normal 0 0 1
    outer loop
      vertex 76.68902624464194 -9.321744493791686 29
      vertex 77.35749355717269 11.097819538587604 29
      vertex 76.68902624464194 9.321744493791686 29
    endloop
  endfacet
  facet normal 0.9994645874763656 -0.03271908282177551 0
    outer loop
      vertex 75.15 0 29
      vertex 75.2120912260805 1.8966907476741488 29
      vertex 75.2120912260805 1.8966907476741488 32
    endloop
  endfacet
  facet normal 0.9994645874763656 -0.03271908282177551 0
    outer loop
      vertex 75.15 0 29
      vertex 75.2120912260805 1.8966907476741488 32
      vertex 75.15 0 32
    endloop
  endfacet
  facet normal 0.9951847266721966 -0.09801714032956256 0
    outer loop
      vertex 75.2120912260805 1.8966907476741488 29
      vertex 75.3980990201595 3.7852595743814956 32
      vertex 75.2120912260805 1.8966907476741488 32
    endloop
  endfacet
  facet normal 0.9951847266721966 -0.09801714032956256 0
    outer loop
      vertex 75.2120912260805 1.8966907476741488 29
      vertex 75.3980990201595 3.7852595743814956 29
      vertex 75.3980990201595 3.7852595743814956 32
    endloop
  endfacet
  facet normal 0.9866433320848794 -0.16289547339458682 0
    outer loop
      vertex 75.3980990201595 3.7852595743814956 29
      vertex 75.70722686830632 5.657619338467719 29
      vertex 75.70722686830632 5.657619338467719 32
    endloop
  endfacet
  facet normal 0.9866433320848794 -0.16289547339458682 0
    outer loop
      vertex 75.3980990201595 3.7852595743814956 29
      vertex 75.70722686830632 5.657619338467719 32
      vertex 75.3980990201595 3.7852595743814956 32
    endloop
  endfacet
  facet normal 0.973876979277334 -0.22707626303437173 0
    outer loop
      vertex 75.70722686830632 5.657619338467719 29
      vertex 76.13815103761702 7.5057523079731014 29
      vertex 76.13815103761702 7.5057523079731014 32
    endloop
  endfacet
  facet normal 0.973876979277334 -0.22707626303437173 0
    outer loop
      vertex 75.70722686830632 5.657619338467719 29
      vertex 76.13815103761702 7.5057523079731014 32
      vertex 75.70722686830632 5.657619338467719 32
    endloop
  endfacet
  facet normal 0.9569403357322089 -0.2902846772544622 0
    outer loop
      vertex 76.13815103761702 7.5057523079731014 29
      vertex 76.68902624464194 9.321744493791686 29
      vertex 76.68902624464194 9.321744493791686 32
    endloop
  endfacet
  facet normal 0.9359059267573253 -0.35225004792123465 0
    outer loop
      vertex 76.68902624464194 9.321744493791686 29
      vertex 77.35749355717269 11.097819538587604 29
      vertex 77.35749355717269 11.097819538587604 32
    endloop
  endfacet
  facet normal 0.9569403357322089 -0.2902846772544622 0
    outer loop
      vertex 76.13815103761702 7.5057523079731014 29
      vertex 76.68902624464194 9.321744493791686 32
      vertex 76.13815103761702 7.5057523079731014 32
    endloop
  endfacet
  facet normal 0.9359059267573253 -0.35225004792123465 0
    outer loop
      vertex 76.68902624464194 9.321744493791686 29
      vertex 77.35749355717269 11.097819538587604 32
      vertex 76.68902624464194 9.321744493791686 32
    endloop
  endfacet
  facet normal 0 0 1
    outer loop
      vertex 77.35749355717269 -11.097819538587604 29
      vertex 78.14069049555205 12.826372016351037 29
      vertex 77.35749355717269 11.097819538587604 29
    endloop
  endfacet
  facet normal 0 0 1
    outer loop
      vertex 78.14069049555205 -12.826372016351037 29
      vertex 79.0352632902513 14.5 29
      vertex 78.14069049555205 12.826372016351037 29
    endloop
  endfacet
  facet normal 0 0 1
    outer loop
      vertex 79.0352632902513 -14.5 29
      vertex 80.03738124322619 16.111536757568462 29
      vertex 79.0352632902513 14.5 29
    endloop
  endfacet
  facet normal 0 0 1
    outer loop
      vertex 80.03738124322619 -16.111536757568462 29
      vertex 81.14275313155419 17.6540814412529 29
      vertex 80.03738124322619 16.111536757568462 29
    endloop
  endfacet
  facet normal 0 0 1
    outer loop
      vertex 81.14275313155419 -17.6540814412529 29
      vertex 82.34664558310966 19.121028637901997 29
      vertex 81.14275313155419 17.6540814412529 29
    endloop
  endfacet
  facet normal 0.9108638249211743 -0.41270702980439794 0
    outer loop
      vertex 77.35749355717269 11.097819538587604 29
      vertex 78.14069049555205 12.826372016351037 29
      vertex 78.14069049555205 12.826372016351037 32
    endloop
  endfacet
  facet normal 0.9108638249211743 -0.41270702980439794 0
    outer loop
      vertex 77.35749355717269 11.097819538587604 29
      vertex 78.14069049555205 12.826372016351037 32
      vertex 77.35749355717269 11.097819538587604 32
    endloop
  endfacet
  facet normal 0.8819212643483543 -0.47139673682599903 0
    outer loop
      vertex 78.14069049555205 12.826372016351037 29
      vertex 79.0352632902513 14.5 32
      vertex 78.14069049555205 12.826372016351037 32
    endloop
  endfacet
  facet normal 0.8819212643483543 -0.47139673682599903 0
    outer loop
      vertex 78.14069049555205 12.826372016351037 29
      vertex 79.0352632902513 14.5 29
      vertex 79.0352632902513 14.5 32
    endloop
  endfacet
  facet normal 0.8492021815265809 -0.5280678506503649 0
    outer loop
      vertex 79.0352632902513 14.5 29
      vertex 80.03738124322619 16.111536757568462 29
      vertex 80.03738124322619 16.111536757568462 32
    endloop
  endfacet
  facet normal 0.8492021815265809 -0.5280678506503649 0
    outer loop
      vertex 79.0352632902513 14.5 29
      vertex 80.03738124322619 16.111536757568462 32
      vertex 79.0352632902513 14.5 32
    endloop
  endfacet
  facet normal 0.812846684591615 -0.5824776968678022 0
    outer loop
      vertex 80.03738124322619 16.111536757568462 29
      vertex 81.14275313155419 17.6540814412529 29
      vertex 81.14275313155419 17.6540814412529 32
    endloop
  endfacet
  facet normal 0.7730104533627369 -0.6343932841636457 0
    outer loop
      vertex 81.14275313155419 17.6540814412529 29
      vertex 82.34664558310966 19.121028637901997 29
      vertex 82.34664558310966 19.121028637901997 32
    endloop
  endfacet
  facet normal 0.812846684591615 -0.5824776968678022 0
    outer loop
      vertex 80.03738124322619 16.111536757568462 29
      vertex 81.14275313155419 17.6540814412529 32
      vertex 80.03738124322619 16.111536757568462 32
    endloop
  endfacet
  facet normal 0.7730104533627369 -0.6343932841636457 0
    outer loop
      vertex 81.14275313155419 17.6540814412529 29
      vertex 82.34664558310966 19.121028637901997 32
      vertex 81.14275313155419 17.6540814412529 32
    endloop
  endfacet
  facet normal 0 0 1
    outer loop
      vertex 82.34664558310966 -19.121028637901997 29
      vertex 83.64390334559013 20.50609665440988 29
      vertex 82.34664558310966 19.121028637901997 29
    endloop
  endfacet
  facet normal 0 0 1
    outer loop
      vertex 83.64390334559013 -20.50609665440988 29
      vertex 85.028971362098 21.803354416890343 29
      vertex 83.64390334559013 20.50609665440988 29
    endloop
  endfacet
  facet normal 0 0 1
    outer loop
      vertex 85.028971362098 -21.803354416890343 29
      vertex 86.4959185587471 23.00724686844582 29
      vertex 85.028971362098 21.803354416890343 29
    endloop
  endfacet
  facet normal 0 0 1
    outer loop
      vertex 86.4959185587471 -23.00724686844582 29
      vertex 88.00893820967227 24.091461417502373 29
      vertex 86.4959185587471 23.00724686844582 29
    endloop
  endfacet
  facet normal 0 0 1
    outer loop
      vertex 88.00893820967227 -24.09146141750237 29
      vertex 94.67034022923328 0.6213297276863591 29
      vertex 88.00893820967227 24.091461417502373 29
    endloop
  endfacet
  facet normal 0 0 1
    outer loop
      vertex 88.00893820967227 24.091461417502373 29
      vertex 94.67034022923328 0.6213297276863591 29
      vertex 94.7312738169488 1.23999882609049 29
    endloop
  endfacet
  facet normal 0 0 1
    outer loop
      vertex 88.00893820967227 24.091461417502373 29
      vertex 94.7312738169488 1.23999882609049 29
      vertex 94.83253983616932 1.8533580591532184 29
    endloop
  endfacet
  facet normal 0 0 1
    outer loop
      vertex 88.00893820967227 24.091461417502373 29
      vertex 94.83253983616932 1.8533580591532184 29
      vertex 94.97370465025386 2.458780928473947 29
    endloop
  endfacet
  facet normal 0 0 1
    outer loop
      vertex 88.00893820967227 24.091461417502373 29
      vertex 94.97370465025386 2.458780928473947 29
      vertex 95.1541637697965 3.0536749203800353 29
    endloop
  endfacet
  facet normal 0 0 1
    outer loop
      vertex 88.00893820967227 24.091461417502373 29
      vertex 95.1541637697965 3.0536749203800353 29
      vertex 95.37314444114278 3.635492607468353 29
    endloop
  endfacet
  facet normal 0 0 1
    outer loop
      vertex 88.00893820967227 24.091461417502373 29
      vertex 95.37314444114278 3.635492607468353 29
      vertex 95.62970895543947 4.201742557080513 29
    endloop
  endfacet
  facet normal 0.7298640726978353 -0.6835923020228717 0
    outer loop
      vertex 82.34664558310966 19.121028637901997 29
      vertex 83.64390334559013 20.50609665440988 29
      vertex 83.64390334559013 20.50609665440988 32
    endloop
  endfacet
  facet normal 0.6835923020228725 -0.7298640726978346 0
    outer loop
      vertex 83.64390334559013 20.50609665440988 29
      vertex 85.028971362098 21.803354416890343 29
      vertex 85.028971362098 21.803354416890343 32
    endloop
  endfacet
  facet normal 0.7298640726978353 -0.6835923020228717 0
    outer loop
      vertex 82.34664558310966 19.121028637901997 29
      vertex 83.64390334559013 20.50609665440988 32
      vertex 82.34664558310966 19.121028637901997 32
    endloop
  endfacet
  facet normal 0.6835923020228725 -0.7298640726978346 0
    outer loop
      vertex 83.64390334559013 20.50609665440988 29
      vertex 85.028971362098 21.803354416890343 32
      vertex 83.64390334559013 20.50609665440988 32
    endloop
  endfacet
  facet normal 0 0 1
    outer loop
      vertex 88.00893820967227 24.091461417502373 29
      vertex 95.62970895543947 4.201742557080513 29
      vertex 95.92275866404783 4.75 29
    endloop
  endfacet
  facet normal 0 0 1
    outer loop
      vertex 88.00893820967227 24.091461417502373 29
      vertex 95.92275866404783 4.75 29
      vertex 96.25103868312583 5.277917213686221 29
    endloop
  endfacet
  facet normal 0 0 1
    outer loop
      vertex 88.00893820967227 24.091461417502373 29
      vertex 96.25103868312583 5.277917213686221 29
      vertex 96.61314326723327 5.783233575582846 29
    endloop
  endfacet
  facet normal 0 0 1
    outer loop
      vertex 88.00893820967227 24.091461417502373 29
      vertex 96.61314326723327 5.783233575582846 29
      vertex 97.00752182894972 6.263785243450654 29
    endloop
  endfacet
  facet normal 0 0 1
    outer loop
      vertex 88.00893820967227 24.091461417502373 29
      vertex 97.00752182894972 6.263785243450654 29
      vertex 97.4324855787278 6.7175144212722016 29
    endloop
  endfacet
  facet normal 0 0 1
    outer loop
      vertex 88.00893820967227 24.091461417502373 29
      vertex 97.4324855787278 6.7175144212722016 29
      vertex 97.8266485363549 7.086688317694419 29
    endloop
  endfacet
  facet normal 0 0 1
    outer loop
      vertex 91.35671329331416 26.024300263229335 29
      vertex 101.17442361999679 9.019527163421385 29
      vertex 93.0521804614124 26.792506442827314 29
    endloop
  endfacet
  facet normal 0 0 1
    outer loop
      vertex 93.0521804614124 26.792506442827314 29
      vertex 101.17442361999679 9.019527163421385 29
      vertex 94.82825550620832 27.460973755358065 29
    endloop
  endfacet
  facet normal 0 0 1
    outer loop
      vertex 101.17442361999679 9.019527163421385 29
      vertex 96.64424769202691 28.01184896238298 29
      vertex 94.82825550620832 27.460973755358065 29
    endloop
  endfacet
  facet normal 0 0 1
    outer loop
      vertex 101.17442361999679 9.019527163421385 29
      vertex 101.69121907152606 9.176295349746148 29
      vertex 102.25330925232586 28.9379087739195 29
    endloop
  endfacet
  facet normal 0 0 1
    outer loop
      vertex 101.69121907152606 9.176295349746148 29
      vertex 102.29664194084678 9.317460163830688 29
      vertex 102.25330925232586 28.9379087739195 29
    endloop
  endfacet
  facet normal 0 0 1
    outer loop
      vertex 102.29664194084678 9.317460163830688 29
      vertex 102.91000117390952 9.418726183051199 29
      vertex 102.25330925232586 28.9379087739195 29
    endloop
  endfacet
  facet normal 0 0 1
    outer loop
      vertex 102.91000117390952 9.418726183051199 29
      vertex 103.52867027231365 9.479659770766734 29
      vertex 102.25330925232586 28.9379087739195 29
    endloop
  endfacet
  facet normal 0 0 1
    outer loop
      vertex 103.52867027231365 9.479659770766734 29
      vertex 104.15 9.5 29
      vertex 104.15 29 29
    endloop
  endfacet
  facet normal 0.5824776968677982 -0.8128466845916181 2.0865920145728288e-14
    outer loop
      vertex 86.4959185587471 23.00724686844582 29
      vertex 87.77252778860525 23.922052105526333 29.17412155078982
      vertex 87.59874583174665 23.7975217163312 29.32658663883506
    endloop
  endfacet
  facet normal 0.5824776968677996 -0.8128466845916171 1.3702044166847291e-14
    outer loop
      vertex 86.4959185587471 23.00724686844582 29
      vertex 87.59874583174665 23.7975217163312 29.32658663883506
      vertex 87.43348063253505 23.67909434935789 29.49264077008409
    endloop
  endfacet
  facet normal 0.582477696867805 -0.8128466845916131 -2.582281942667623e-15
    outer loop
      vertex 86.4959185587471 23.00724686844582 29
      vertex 87.43348063253505 23.67909434935789 29.49264077008409
      vertex 87.27743988192545 23.567277128773085 29.67157287525381
    endloop
  endfacet
  facet normal 0.5824776968678032 -0.8128466845916144 -3.556511645656663e-14
    outer loop
      vertex 86.4959185587471 23.00724686844582 29
      vertex 87.95408234209205 24.052152258698506 29.035898384862247
      vertex 87.77252778860525 23.922052105526333 29.17412155078982
    endloop
  endfacet
  facet normal 0.5824776968678025 -0.812846684591615 9.968978078185652e-15
    outer loop
      vertex 86.4959185587471 23.00724686844582 29
      vertex 88.00893820967227 24.091461417502373 29
      vertex 87.95408234209205 24.052152258698506 29.035898384862247
    endloop
  endfacet
  facet normal 0.5824776968677893 -0.8128466845916245 1.3230320507338814e-14
    outer loop
      vertex 86.4959185587471 23.00724686844582 29
      vertex 87.13129177036775 23.462548873081822 29.862616739599723
      vertex 86.99566212651271 23.365358044753144 30.06495428396512
    endloop
  endfacet
  facet normal 0.582477696867808 -0.812846684591611 -7.658500640628292e-15
    outer loop
      vertex 86.4959185587471 23.00724686844582 29
      vertex 87.27743988192545 23.567277128773085 29.67157287525381
      vertex 87.13129177036775 23.462548873081822 29.862616739599723
    endloop
  endfacet
  facet normal 0.5824776968678061 -0.8128466845916124 1.3218595830051355e-15
    outer loop
      vertex 86.4959185587471 23.00724686844582 29
      vertex 86.99566212651271 23.365358044753144 30.06495428396512
      vertex 86.87113173731758 23.276120829834966 30.27771906792159
    endloop
  endfacet
  facet normal 0.5824776968678262 -0.8128466845915978 -7.779510769059448e-15
    outer loop
      vertex 86.4959185587471 23.00724686844582 29
      vertex 86.87113173731758 23.276120829834966 30.27771906792159
      vertex 86.75823386102714 23.195219355781504 30.5
    endloop
  endfacet
  facet normal 0.6343932841636447 -0.7730104533627375 -9.750566863842946e-16
    outer loop
      vertex 85.028971362098 21.803354416890343 29
      vertex 86.4959185587471 23.00724686844582 29
      vertex 86.35278001329652 22.889776100044458 32
    endloop
  endfacet
  facet normal 0.5824776968678339 -0.8128466845915924 -2.7945712013630615e-15
    outer loop
      vertex 86.4959185587471 23.00724686844582 29
      vertex 86.65745194368003 23.123000055124884 30.730845239123994
      vertex 86.5692175489187 23.059772181997825 30.96926627053964
    endloop
  endfacet
  facet normal 0.5824776968677844 -0.812846684591628 0
    outer loop
      vertex 86.4959185587471 23.00724686844582 29
      vertex 86.5692175489187 23.059772181997825 30.96926627053964
      vertex 86.4959185587471 23.00724686844582 31.207703568492636
    endloop
  endfacet
  facet normal 0.6343932841637759 -0.7730104533626299 0
    outer loop
      vertex 86.4959185587471 23.00724686844582 29
      vertex 86.4959185587471 23.00724686844582 31.207703568492636
      vertex 86.49399047078944 23.00566452755211 31.214242138787355
    endloop
  endfacet
  facet normal 0.6343932841636672 -0.773010453362719 -1.5826173336612233e-16
    outer loop
      vertex 86.4959185587471 23.00724686844582 29
      vertex 86.49399047078944 23.00566452755211 31.214242138787355
      vertex 86.43445985131173 22.956809010741857 31.464723819589917
    endloop
  endfacet
  facet normal 0.634393284163658 -0.7730104533627268 -5.479619261034069e-16
    outer loop
      vertex 86.4959185587471 23.00724686844582 29
      vertex 86.43445985131173 22.956809010741857 31.464723819589917
      vertex 86.38789180392124 22.918591601918173 31.719638711935488
    endloop
  endfacet
  facet normal 0.6343932841634892 -0.7730104533628653 -1.1779279613094433e-14
    outer loop
      vertex 86.4959185587471 23.00724686844582 29
      vertex 86.38789180392124 22.918591601918173 31.719638711935488
      vertex 86.35448574014613 22.891175953892883 31.977895231119795
    endloop
  endfacet
  facet normal 0.6343932841679296 -0.7730104533592211 3.4053738411110806e-13
    outer loop
      vertex 86.4959185587471 23.00724686844582 29
      vertex 86.35448574014613 22.891175953892883 31.977895231119795
      vertex 86.35278001329652 22.889776100044458 32
    endloop
  endfacet
  facet normal 0.5824776968677774 -0.812846684591633 5.194658690425401e-15
    outer loop
      vertex 86.4959185587471 23.00724686844582 29
      vertex 86.75823386102714 23.195219355781504 30.5
      vertex 86.65745194368003 23.123000055124884 30.730845239123994
    endloop
  endfacet
  facet normal 0.6343932841636435 -0.7730104533627387 0
    outer loop
      vertex 85.028971362098 21.803354416890343 29
      vertex 86.35278001329652 22.889776100044458 32
      vertex 85.028971362098 21.803354416890343 32
    endloop
  endfacet
  facet normal 0.41270702980439594 -0.9108638249211755 2.222251363262214e-14
    outer loop
      vertex 91.35671329331416 26.024300263229335 29
      vertex 93.0521804614124 26.792506442827314 29
      vertex 91.41818395722981 26.052152258698506 29.035898384862247
    endloop
  endfacet
  facet normal 0.41270702980439566 -0.9108638249211755 8.24069771554592e-15
    outer loop
      vertex 91.41818395722981 26.052152258698506 29.035898384862247
      vertex 93.0521804614124 26.792506442827314 29
      vertex 91.62163127165657 26.144333037604742 29.17412155078982
    endloop
  endfacet
  facet normal 0.4127070298043952 -0.9108638249211757 4.413944646211777e-15
    outer loop
      vertex 91.62163127165657 26.144333037604742 29.17412155078982
      vertex 93.0521804614124 26.792506442827314 29
      vertex 91.81636873067201 26.232567432366082 29.32658663883506
    endloop
  endfacet
  facet normal 0.4127070298043926 -0.9108638249211768 -7.659823301605699e-15
    outer loop
      vertex 91.81636873067201 26.232567432366082 29.32658663883506
      vertex 93.0521804614124 26.792506442827314 29
      vertex 92.00156243858 26.316477609758163 29.49264077008409
    endloop
  endfacet
  facet normal 0.4127070298043983 -0.9108638249211743 6.870714454597784e-15
    outer loop
      vertex 92.00156243858 26.316477609758163 29.49264077008409
      vertex 93.0521804614124 26.792506442827314 29
      vertex 92.1764193674918 26.395704253519273 29.67157287525381
    endloop
  endfacet
  facet normal 0.4127070298043904 -0.9108638249211778 -5.515943913785688e-15
    outer loop
      vertex 92.1764193674918 26.395704253519273 29.67157287525381
      vertex 93.0521804614124 26.792506442827314 29
      vertex 92.34019075319333 26.46990810299773 29.862616739599723
    endloop
  endfacet
  facet normal 0.4127070298043992 -0.9108638249211738 3.2846108203984964e-15
    outer loop
      vertex 92.34019075319333 26.46990810299773 29.862616739599723
      vertex 93.0521804614124 26.792506442827314 29
      vertex 92.49217530146832 26.538771405918084 30.06495428396512
    endloop
  endfacet
  facet normal 0.4127070298044094 -0.910863824921169 9.772319060073526e-15
    outer loop
      vertex 92.49217530146832 26.538771405918084 30.06495428396512
      vertex 93.0521804614124 26.792506442827314 29
      vertex 92.631722191148 26.601999279045145 30.27771906792159
    endloop
  endfacet
  facet normal 0.4127070298043669 -0.9108638249211884 -7.110571944968057e-15
    outer loop
      vertex 92.631722191148 26.601999279045145 30.27771906792159
      vertex 93.0521804614124 26.792506442827314 29
      vertex 92.75823386102714 26.659320970919257 30.5
    endloop
  endfacet
  facet normal 0.4127070298044083 -0.9108638249211697 2.6705873523855145e-15
    outer loop
      vertex 92.75823386102714 26.659320970919257 30.5
      vertex 93.0521804614124 26.792506442827314 29
      vertex 92.87116856871286 26.71049102125564 30.730845239123994
    endloop
  endfacet
  facet normal 0.41270702980439494 -0.9108638249211758 9.880541978433316e-16
    outer loop
      vertex 92.87116856871286 26.71049102125564 30.730845239123994
      vertex 93.0521804614124 26.792506442827314 29
      vertex 92.97004271044882 26.755290312042973 30.96926627053964
    endloop
  endfacet
  facet normal 0.41270702980437535 -0.9108638249211847 0
    outer loop
      vertex 92.97004271044882 26.755290312042973 30.96926627053964
      vertex 93.0521804614124 26.792506442827314 29
      vertex 93.0521804614124 26.792506442827314 31.207703568492636
    endloop
  endfacet
  facet normal 0.35225004792123493 -0.9359059267573251 0
    outer loop
      vertex 93.0521804614124 26.792506442827314 29
      vertex 94.82825550620832 27.460973755358065 29
      vertex 93.0521804614124 26.792506442827314 31.207703568492636
    endloop
  endfacet
  facet normal 0.35225004792132386 -0.9359059267572918 8.161682515604134e-14
    outer loop
      vertex 93.05451485280264 26.79338504553253 31.214242138787355
      vertex 93.0521804614124 26.792506442827314 31.207703568492636
      vertex 94.82825550620832 27.460973755358065 29
    endloop
  endfacet
  facet normal 0.3522500479212275 -0.9359059267573281 -6.484666992013012e-15
    outer loop
      vertex 93.05451485280264 26.79338504553253 31.214242138787355
      vertex 94.82825550620832 27.460973755358065 29
      vertex 93.12659028121419 26.820512315898128 31.464723819589917
    endloop
  endfacet
  facet normal 0.3522500479212503 -0.9359059267573193 1.147472687545751e-14
    outer loop
      vertex 93.12659028121419 26.820512315898128 31.464723819589917
      vertex 94.82825550620832 27.460973755358065 29
      vertex 93.18297155181756 26.841732723531095 31.719638711935488
    endloop
  endfacet
  facet normal 0.35225004792122305 -0.9359059267573296 -7.296623361989949e-15
    outer loop
      vertex 93.18297155181756 26.841732723531095 31.719638711935488
      vertex 94.82825550620832 27.460973755358065 29
      vertex 93.22341723135622 26.856955399388124 31.977895231119795
    endloop
  endfacet
  facet normal 0.352250047921235 -0.9359059267573252 0
    outer loop
      vertex 93.22341723135622 26.856955399388124 31.977895231119795
      vertex 94.82825550620832 27.460973755358065 29
      vertex 94.82825550620832 27.460973755358065 32
    endloop
  endfacet
  facet normal 0.29028467725446183 -0.956940335732209 0
    outer loop
      vertex 94.82825550620832 27.460973755358065 29
      vertex 96.64424769202691 28.01184896238298 29
      vertex 96.64424769202691 28.01184896238298 32
    endloop
  endfacet
  facet normal 0.35225004792123404 -0.9359059267573254 7.261003948031302e-14
    outer loop
      vertex 93.22341723135622 26.856955399388124 31.977895231119795
      vertex 94.82825550620832 27.460973755358065 32
      vertex 93.22548240377535 26.857732675247593 32
    endloop
  endfacet
  facet normal 0.29028467725446183 -0.956940335732209 0
    outer loop
      vertex 94.82825550620832 27.460973755358065 29
      vertex 96.64424769202691 28.01184896238298 32
      vertex 94.82825550620832 27.460973755358065 32
    endloop
  endfacet
  facet normal 0.22707626303437478 -0.9738769792773334 0
    outer loop
      vertex 96.64424769202691 28.01184896238298 29
      vertex 98.49238066153228 28.442773131693684 29
      vertex 98.49238066153228 28.442773131693684 32
    endloop
  endfacet
  facet normal 0.22707626303437478 -0.9738769792773334 0
    outer loop
      vertex 96.64424769202691 28.01184896238298 29
      vertex 98.49238066153228 28.442773131693684 32
      vertex 96.64424769202691 28.01184896238298 32
    endloop
  endfacet
  facet normal 0 0 1
    outer loop
      vertex 101.17442361999679 9.019527163421385 29
      vertex 98.49238066153228 28.442773131693684 29
      vertex 96.64424769202691 28.01184896238298 29
    endloop
  endfacet
  facet normal 0 0 1
    outer loop
      vertex 101.17442361999679 9.019527163421385 29
      vertex 100.3647404256185 28.7519009798405 29
      vertex 98.49238066153228 28.442773131693684 29
    endloop
  endfacet
  facet normal 0 0 1
    outer loop
      vertex 101.17442361999679 9.019527163421385 29
      vertex 102.25330925232586 28.9379087739195 29
      vertex 100.3647404256185 28.7519009798405 29
    endloop
  endfacet
  facet normal 0 0 1
    outer loop
      vertex 103.52867027231365 9.479659770766734 29
      vertex 104.15 29 29
      vertex 102.25330925232586 28.9379087739195 29
    endloop
  endfacet
  facet normal 0.16289547339458657 -0.9866433320848794 0
    outer loop
      vertex 98.49238066153228 28.442773131693684 29
      vertex 100.3647404256185 28.7519009798405 29
      vertex 100.3647404256185 28.7519009798405 32
    endloop
  endfacet
  facet normal 0.16289547339458657 -0.9866433320848794 0
    outer loop
      vertex 98.49238066153228 28.442773131693684 29
      vertex 100.3647404256185 28.7519009798405 32
      vertex 98.49238066153228 28.442773131693684 32
    endloop
  endfacet
  facet normal 0.09801714032956022 -0.9951847266721968 0
    outer loop
      vertex 100.3647404256185 28.7519009798405 29
      vertex 102.25330925232586 28.9379087739195 32
      vertex 100.3647404256185 28.7519009798405 32
    endloop
  endfacet
  facet normal 0.09801714032956022 -0.9951847266721968 0
    outer loop
      vertex 100.3647404256185 28.7519009798405 29
      vertex 102.25330925232586 28.9379087739195 29
      vertex 102.25330925232586 28.9379087739195 32
    endloop
  endfacet
  facet normal 0.03271908282177749 -0.9994645874763656 0
    outer loop
      vertex 102.25330925232586 28.9379087739195 29
      vertex 104.15 29 29
      vertex 104.15 29 32
    endloop
  endfacet
  facet normal 0.03271908282177749 -0.9994645874763656 0
    outer loop
      vertex 102.25330925232586 28.9379087739195 29
      vertex 104.15 29 32
      vertex 102.25330925232586 28.9379087739195 32
    endloop
  endfacet
  facet normal -0.03271908282177749 0.9994645874763656 0
    outer loop
      vertex 104.15 -29 29
      vertex 104.15 -29 32
      vertex 106.04669074767415 -28.9379087739195 29
    endloop
  endfacet
  facet normal -0.09801714032956022 0.9951847266721968 0
    outer loop
      vertex 106.04669074767415 -28.9379087739195 29
      vertex 106.04669074767415 -28.9379087739195 32
      vertex 107.9352595743815 -28.7519009798405 29
    endloop
  endfacet
  facet normal -0.03271908282177749 0.9994645874763656 0
    outer loop
      vertex 106.04669074767415 -28.9379087739195 29
      vertex 104.15 -29 32
      vertex 106.04669074767415 -28.9379087739195 32
    endloop
  endfacet
  facet normal -0.16289547339458657 0.9866433320848794 0
    outer loop
      vertex 107.9352595743815 -28.7519009798405 29
      vertex 107.9352595743815 -28.7519009798405 32
      vertex 109.80761933846773 -28.442773131693684 29
    endloop
  endfacet
  facet normal -0.09801714032956022 0.9951847266721968 0
    outer loop
      vertex 107.9352595743815 -28.7519009798405 29
      vertex 106.04669074767415 -28.9379087739195 32
      vertex 107.9352595743815 -28.7519009798405 32
    endloop
  endfacet
  facet normal -0.16289547339458657 0.9866433320848794 0
    outer loop
      vertex 109.80761933846773 -28.442773131693684 29
      vertex 107.9352595743815 -28.7519009798405 32
      vertex 109.80761933846773 -28.442773131693684 32
    endloop
  endfacet
  facet normal 0 0 1
    outer loop
      vertex 104.15 -29 29
      vertex 106.04669074767415 -28.9379087739195 29
      vertex 104.77132972768636 -9.479659770766734 29
    endloop
  endfacet
  facet normal 0 0 1
    outer loop
      vertex 106.04669074767415 -28.9379087739195 29
      vertex 107.9352595743815 -28.7519009798405 29
      vertex 106.60878092847395 -9.176295349746148 29
    endloop
  endfacet
  facet normal 0 0 1
    outer loop
      vertex 107.9352595743815 -28.7519009798405 29
      vertex 109.80761933846773 -28.442773131693684 29
      vertex 108.35174255708051 -8.520291044560539 29
    endloop
  endfacet
  facet normal -0.22707626303437478 0.9738769792773334 0
    outer loop
      vertex 109.80761933846773 -28.442773131693684 29
      vertex 109.80761933846773 -28.442773131693684 32
      vertex 111.6557523079731 -28.01184896238298 29
    endloop
  endfacet
  facet normal -0.22707626303437478 0.9738769792773334 0
    outer loop
      vertex 111.6557523079731 -28.01184896238298 29
      vertex 109.80761933846773 -28.442773131693684 32
      vertex 111.6557523079731 -28.01184896238298 32
    endloop
  endfacet
  facet normal -0.29028467725446183 0.956940335732209 0
    outer loop
      vertex 111.6557523079731 -28.01184896238298 29
      vertex 111.6557523079731 -28.01184896238298 32
      vertex 113.47174449379169 -27.460973755358065 29
    endloop
  endfacet
  facet normal -0.35225004792123493 0.9359059267573251 0
    outer loop
      vertex 113.47174449379169 -27.460973755358065 29
      vertex 113.47174449379169 -27.460973755358065 32
      vertex 115.2478195385876 -26.792506442827314 29
    endloop
  endfacet
  facet normal -0.29028467725446183 0.956940335732209 0
    outer loop
      vertex 113.47174449379169 -27.460973755358065 29
      vertex 111.6557523079731 -28.01184896238298 32
      vertex 113.47174449379169 -27.460973755358065 32
    endloop
  endfacet
  facet normal -0.35225004792123493 0.9359059267573251 0
    outer loop
      vertex 115.2478195385876 -26.792506442827314 29
      vertex 113.47174449379169 -27.460973755358065 32
      vertex 115.2478195385876 -26.792506442827314 32
    endloop
  endfacet
  facet normal -0.41270702980439555 0.9108638249211755 0
    outer loop
      vertex 115.2478195385876 -26.792506442827314 29
      vertex 115.2478195385876 -26.792506442827314 32
      vertex 116.97637201635104 -26.00930950444796 29
    endloop
  endfacet
  facet normal -0.47139673682599603 0.8819212643483559 0
    outer loop
      vertex 116.97637201635104 -26.00930950444796 29
      vertex 116.97637201635104 -26.00930950444796 32
      vertex 118.65 -25.11473670974872 29
    endloop
  endfacet
  facet normal -0.41270702980439555 0.9108638249211755 0
    outer loop
      vertex 116.97637201635104 -26.00930950444796 29
      vertex 115.2478195385876 -26.792506442827314 32
      vertex 116.97637201635104 -26.00930950444796 32
    endloop
  endfacet
  facet normal -0.5280678506503683 0.8492021815265787 0
    outer loop
      vertex 118.65 -25.11473670974872 29
      vertex 118.65 -25.11473670974872 32
      vertex 120.26153675756846 -24.112618756773813 29
    endloop
  endfacet
  facet normal -0.47139673682599603 0.8819212643483559 0
    outer loop
      vertex 118.65 -25.11473670974872 29
      vertex 116.97637201635104 -26.00930950444796 32
      vertex 118.65 -25.11473670974872 32
    endloop
  endfacet
  facet normal -0.5280678506503683 0.8492021815265787 0
    outer loop
      vertex 120.26153675756846 -24.112618756773813 29
      vertex 118.65 -25.11473670974872 32
      vertex 120.26153675756846 -24.112618756773813 32
    endloop
  endfacet
  facet normal -0.5824776968678014 0.8128466845916158 0
    outer loop
      vertex 120.26153675756846 -24.112618756773813 29
      vertex 120.26153675756846 -24.112618756773813 32
      vertex 121.8040814412529 -23.00724686844582 29
    endloop
  endfacet
  facet normal -0.6343932841636447 0.7730104533627375 0
    outer loop
      vertex 121.8040814412529 -23.00724686844582 29
      vertex 121.8040814412529 -23.00724686844582 32
      vertex 123.271028637902 -21.803354416890343 29
    endloop
  endfacet
  facet normal -0.5824776968678014 0.8128466845916158 0
    outer loop
      vertex 121.8040814412529 -23.00724686844582 29
      vertex 120.26153675756846 -24.112618756773813 32
      vertex 121.8040814412529 -23.00724686844582 32
    endloop
  endfacet
  facet normal -0.6343932841636447 0.7730104533627375 0
    outer loop
      vertex 123.271028637902 -21.803354416890343 29
      vertex 121.8040814412529 -23.00724686844582 32
      vertex 123.271028637902 -21.803354416890343 32
    endloop
  endfacet
  facet normal 0 0 1
    outer loop
      vertex 104.15 -29 29
      vertex 104.77132972768636 -9.479659770766734 29
      vertex 104.15 -9.5 29
    endloop
  endfacet
  facet normal 0 0 1
    outer loop
      vertex 106.04669074767415 -28.9379087739195 29
      vertex 105.38999882609049 -9.418726183051199 29
      vertex 104.77132972768636 -9.479659770766734 29
    endloop
  endfacet
  facet normal 0 0 1
    outer loop
      vertex 106.04669074767415 -28.9379087739195 29
      vertex 106.00335805915323 -9.317460163830688 29
      vertex 105.38999882609049 -9.418726183051199 29
    endloop
  endfacet
  facet normal 0 0 1
    outer loop
      vertex 106.04669074767415 -28.9379087739195 29
      vertex 106.60878092847395 -9.176295349746148 29
      vertex 106.00335805915323 -9.317460163830688 29
    endloop
  endfacet
  facet normal 0 0 1
    outer loop
      vertex 107.9352595743815 -28.7519009798405 29
      vertex 107.20367492038004 -8.995836230203505 29
      vertex 106.60878092847395 -9.176295349746148 29
    endloop
  endfacet
  facet normal 0 0 1
    outer loop
      vertex 107.9352595743815 -28.7519009798405 29
      vertex 107.78549260746836 -8.776855558857225 29
      vertex 107.20367492038004 -8.995836230203505 29
    endloop
  endfacet
  facet normal 0 0 1
    outer loop
      vertex 107.9352595743815 -28.7519009798405 29
      vertex 108.35174255708051 -8.520291044560539 29
      vertex 107.78549260746836 -8.776855558857225 29
    endloop
  endfacet
  facet normal 0 0 1
    outer loop
      vertex 109.80761933846773 -28.442773131693684 29
      vertex 108.9 -8.227241335952167 29
      vertex 108.35174255708051 -8.520291044560539 29
    endloop
  endfacet
  facet normal 0 0 1
    outer loop
      vertex 109.80761933846773 -28.442773131693684 29
      vertex 109.42791721368623 -7.89896131687418 29
      vertex 108.9 -8.227241335952167 29
    endloop
  endfacet
  facet normal 0 0 1
    outer loop
      vertex 109.80761933846773 -28.442773131693684 29
      vertex 111.6557523079731 -28.01184896238298 29
      vertex 110.41378524345066 -7.142478171050286 29
    endloop
  endfacet
  facet normal 0 0 1
    outer loop
      vertex 111.6557523079731 -28.01184896238298 29
      vertex 113.47174449379169 -27.460973755358065 29
      vertex 112.37724133595218 -4.75 29
    endloop
  endfacet
  facet normal 0 0 1
    outer loop
      vertex 113.47174449379169 -27.460973755358065 29
      vertex 115.2478195385876 -26.792506442827314 29
      vertex 113.44892784364833 -1.9328388457269623 29
    endloop
  endfacet
  facet normal 0 0 1
    outer loop
      vertex 109.80761933846773 -28.442773131693684 29
      vertex 109.93323357558285 -7.536856732766734 29
      vertex 109.42791721368623 -7.89896131687418 29
    endloop
  endfacet
  facet normal 0 0 1
    outer loop
      vertex 109.80761933846773 -28.442773131693684 29
      vertex 110.41378524345066 -7.142478171050286 29
      vertex 109.93323357558285 -7.536856732766734 29
    endloop
  endfacet
  facet normal 0 0 1
    outer loop
      vertex 111.6557523079731 -28.01184896238298 29
      vertex 110.8675144212722 -6.7175144212722016 29
      vertex 110.41378524345066 -7.142478171050286 29
    endloop
  endfacet
  facet normal 0 0 1
    outer loop
      vertex 111.6557523079731 -28.01184896238298 29
      vertex 111.29247817105029 -6.263785243450654 29
      vertex 110.8675144212722 -6.7175144212722016 29
    endloop
  endfacet
  facet normal 0 0 1
    outer loop
      vertex 111.6557523079731 -28.01184896238298 29
      vertex 111.68685673276674 -5.783233575582846 29
      vertex 111.29247817105029 -6.263785243450654 29
    endloop
  endfacet
  facet normal 0 0 1
    outer loop
      vertex 111.6557523079731 -28.01184896238298 29
      vertex 112.04896131687418 -5.277917213686221 29
      vertex 111.68685673276674 -5.783233575582846 29
    endloop
  endfacet
  facet normal 0 0 1
    outer loop
      vertex 111.6557523079731 -28.01184896238298 29
      vertex 112.37724133595218 -4.75 29
      vertex 112.04896131687418 -5.277917213686221 29
    endloop
  endfacet
  facet normal 0 0 1
    outer loop
      vertex 112.37724133595218 -4.75 29
      vertex 113.47174449379169 -27.460973755358065 29
      vertex 112.67029104456054 -4.201742557080513 29
    endloop
  endfacet
  facet normal 0 0 1
    outer loop
      vertex 112.67029104456054 -4.201742557080513 29
      vertex 113.47174449379169 -27.460973755358065 29
      vertex 112.92685555885723 -3.635492607468353 29
    endloop
  endfacet
  facet normal 0 0 1
    outer loop
      vertex 112.92685555885723 -3.635492607468353 29
      vertex 113.47174449379169 -27.460973755358065 29
      vertex 113.14583623020351 -3.0536749203800353 29
    endloop
  endfacet
  facet normal 0 0 1
    outer loop
      vertex 113.14583623020351 -3.0536749203800353 29
      vertex 113.47174449379169 -27.460973755358065 29
      vertex 113.32629534974615 -2.458780928473947 29
    endloop
  endfacet
  facet normal 0 0 1
    outer loop
      vertex 113.47174449379169 -27.460973755358065 29
      vertex 113.44892784364833 -1.9328388457269623 29
      vertex 113.32629534974615 -2.458780928473947 29
    endloop
  endfacet
  facet normal 0 0 1
    outer loop
      vertex 115.2478195385876 -26.792506442827314 29
      vertex 116.97637201635104 -26.00930950444796 29
      vertex 113.44892784364833 -1.9328388457269623 29
    endloop
  endfacet
  facet normal 0 0 1
    outer loop
      vertex 116.97637201635104 -26.00930950444796 29
      vertex 118.65 -25.11473670974872 29
      vertex 113.44892784364833 -1.9328388457269623 29
    endloop
  endfacet
  facet normal 0 0 1
    outer loop
      vertex 118.65 -25.11473670974872 29
      vertex 120.26153675756846 -24.112618756773813 29
      vertex 113.44892784364833 -1.9328388457269623 29
    endloop
  endfacet
  facet normal 0 0 1
    outer loop
      vertex 120.26153675756846 -24.112618756773813 29
      vertex 121.8040814412529 -23.00724686844582 29
      vertex 113.44892784364833 -1.9328388457269623 29
    endloop
  endfacet
  facet normal 0 0 1
    outer loop
      vertex 121.8040814412529 -23.00724686844582 29
      vertex 123.271028637902 -21.803354416890343 29
      vertex 113.44892784364833 -1.9328388457269623 29
    endloop
  endfacet
  facet normal -0.6835923020228725 0.7298640726978346 0
    outer loop
      vertex 123.271028637902 -21.803354416890343 29
      vertex 123.271028637902 -21.803354416890343 32
      vertex 124.65609665440988 -20.50609665440988 29
    endloop
  endfacet
  facet normal -0.7298640726978353 0.6835923020228717 0
    outer loop
      vertex 124.65609665440988 -20.50609665440988 29
      vertex 124.65609665440988 -20.50609665440988 32
      vertex 125.95335441689035 -19.121028637901997 29
    endloop
  endfacet
  facet normal -0.6835923020228725 0.7298640726978346 0
    outer loop
      vertex 124.65609665440988 -20.50609665440988 29
      vertex 123.271028637902 -21.803354416890343 32
      vertex 124.65609665440988 -20.50609665440988 32
    endloop
  endfacet
  facet normal -0.7298640726978353 0.6835923020228717 0
    outer loop
      vertex 125.95335441689035 -19.121028637901997 29
      vertex 124.65609665440988 -20.50609665440988 32
      vertex 125.95335441689035 -19.121028637901997 32
    endloop
  endfacet
  facet normal 0 0 1
    outer loop
      vertex 123.271028637902 -21.803354416890343 29
      vertex 124.65609665440988 -20.50609665440988 29
      vertex 113.44892784364833 -1.9328388457269623 29
    endloop
  endfacet
  facet normal 0 0 1
    outer loop
      vertex 113.44892784364833 -1.9328388457269623 29
      vertex 124.65609665440988 -20.50609665440988 29
      vertex 125.95335441689035 -19.121028637901997 29
    endloop
  endfacet
  facet normal 0 0 1
    outer loop
      vertex 113.44892784364833 -1.9328388457269623 29
      vertex 125.95335441689035 -19.121028637901997 29
      vertex 127.15724686844582 -17.6540814412529 29
    endloop
  endfacet
  facet normal 0 0 1
    outer loop
      vertex 113.44892784364833 -1.9328388457269623 29
      vertex 127.15724686844582 -17.6540814412529 29
      vertex 128.2626187567738 -16.111536757568462 29
    endloop
  endfacet
  facet normal 0 0 1
    outer loop
      vertex 113.44892784364833 -1.9328388457269623 29
      vertex 128.2626187567738 -16.111536757568462 29
      vertex 129.26473670974872 -14.5 29
    endloop
  endfacet
  facet normal 0 0 1
    outer loop
      vertex 113.44892784364833 -1.9328388457269623 29
      vertex 129.26473670974872 -14.5 29
      vertex 130.15930950444798 -12.826372016351037 29
    endloop
  endfacet
  facet normal 0 0 1
    outer loop
      vertex 113.44892784364833 -1.9328388457269623 29
      vertex 130.15930950444798 -12.826372016351037 29
      vertex 130.94250644282732 -11.097819538587604 29
    endloop
  endfacet
  facet normal 0 0 1
    outer loop
      vertex 113.44892784364833 -1.9328388457269623 29
      vertex 130.94250644282732 -11.097819538587604 29
      vertex 131.61097375535806 -9.321744493791686 29
    endloop
  endfacet
  facet normal -0.7730104533627369 0.6343932841636457 0
    outer loop
      vertex 125.95335441689035 -19.121028637901997 29
      vertex 125.95335441689035 -19.121028637901997 32
      vertex 127.15724686844582 -17.6540814412529 29
    endloop
  endfacet
  facet normal -0.8128466845916187 0.5824776968677973 0
    outer loop
      vertex 127.15724686844582 -17.6540814412529 29
      vertex 127.15724686844582 -17.6540814412529 32
      vertex 128.2626187567738 -16.111536757568462 29
    endloop
  endfacet
  facet normal -0.7730104533627369 0.6343932841636457 0
    outer loop
      vertex 127.15724686844582 -17.6540814412529 29
      vertex 125.95335441689035 -19.121028637901997 32
      vertex 127.15724686844582 -17.6540814412529 32
    endloop
  endfacet
  facet normal -0.8128466845916187 0.5824776968677973 0
    outer loop
      vertex 128.2626187567738 -16.111536757568462 29
      vertex 127.15724686844582 -17.6540814412529 32
      vertex 128.2626187567738 -16.111536757568462 32
    endloop
  endfacet
  facet normal -0.8492021815265774 0.5280678506503702 0
    outer loop
      vertex 128.2626187567738 -16.111536757568462 29
      vertex 128.2626187567738 -16.111536757568462 32
      vertex 129.26473670974872 -14.5 29
    endloop
  endfacet
  facet normal -0.8819212643483513 0.47139673682600486 0
    outer loop
      vertex 129.26473670974872 -14.5 29
      vertex 129.26473670974872 -14.5 32
      vertex 130.15930950444798 -12.826372016351037 29
    endloop
  endfacet
  facet normal -0.8492021815265774 0.5280678506503702 0
    outer loop
      vertex 129.26473670974872 -14.5 29
      vertex 128.2626187567738 -16.111536757568462 32
      vertex 129.26473670974872 -14.5 32
    endloop
  endfacet
  facet normal -0.9108638249211772 0.4127070298043917 0
    outer loop
      vertex 130.15930950444798 -12.826372016351037 29
      vertex 130.15930950444798 -12.826372016351037 32
      vertex 130.94250644282732 -11.097819538587604 29
    endloop
  endfacet
  facet normal -0.8819212643483513 0.47139673682600486 0
    outer loop
      vertex 130.15930950444798 -12.826372016351037 29
      vertex 129.26473670974872 -14.5 32
      vertex 130.15930950444798 -12.826372016351037 32
    endloop
  endfacet
  facet normal -0.9108638249211772 0.4127070298043917 0
    outer loop
      vertex 130.94250644282732 -11.097819538587604 29
      vertex 130.15930950444798 -12.826372016351037 32
      vertex 130.94250644282732 -11.097819538587604 32
    endloop
  endfacet
  facet normal 0 0 1
    outer loop
      vertex 113.44892784364833 -1.9328388457269623 29
      vertex 131.61097375535806 -9.321744493791686 29
      vertex 132.16184896238298 -7.5057523079731014 29
    endloop
  endfacet
  facet normal 0 0 1
    outer loop
      vertex 113.44892784364833 -1.9328388457269623 29
      vertex 132.16184896238298 -7.5057523079731014 29
      vertex 132.5927731316937 -5.657619338467719 29
    endloop
  endfacet
  facet normal 0 0 1
    outer loop
      vertex 113.44892784364833 -1.9328388457269623 29
      vertex 132.5927731316937 -5.657619338467719 29
      vertex 132.9019009798405 -3.7852595743814956 29
    endloop
  endfacet
  facet normal 0 0 1
    outer loop
      vertex 113.44892784364833 -1.9328388457269623 29
      vertex 132.9019009798405 -3.7852595743814956 29
      vertex 133.0843484970136 -1.9328388457269634 29
    endloop
  endfacet
  facet normal -0.9359059267573278 0.3522500479212281 0
    outer loop
      vertex 130.94250644282732 -11.097819538587604 29
      vertex 130.94250644282732 -11.097819538587604 32
      vertex 131.61097375535806 -9.321744493791686 29
    endloop
  endfacet
  facet normal -0.9569403357322089 0.2902846772544622 0
    outer loop
      vertex 131.61097375535806 -9.321744493791686 29
      vertex 131.61097375535806 -9.321744493791686 32
      vertex 132.16184896238298 -7.5057523079731014 29
    endloop
  endfacet
  facet normal -0.9359059267573278 0.3522500479212281 0
    outer loop
      vertex 131.61097375535806 -9.321744493791686 29
      vertex 130.94250644282732 -11.097819538587604 32
      vertex 131.61097375535806 -9.321744493791686 32
    endloop
  endfacet
  facet normal -0.9569403357322089 0.2902846772544622 0
    outer loop
      vertex 132.16184896238298 -7.5057523079731014 29
      vertex 131.61097375535806 -9.321744493791686 32
      vertex 132.16184896238298 -7.5057523079731014 32
    endloop
  endfacet
  facet normal -0.9738769792773323 0.22707626303437883 0
    outer loop
      vertex 132.16184896238298 -7.5057523079731014 29
      vertex 132.16184896238298 -7.5057523079731014 32
      vertex 132.5927731316937 -5.657619338467719 29
    endloop
  endfacet
  facet normal -0.9738769792773323 0.22707626303437883 0
    outer loop
      vertex 132.5927731316937 -5.657619338467719 29
      vertex 132.16184896238298 -7.5057523079731014 32
      vertex 132.5927731316937 -5.657619338467719 32
    endloop
  endfacet
  facet normal -0.9951847266721968 0.09801714032956099 3.340553561792094e-14
    outer loop
      vertex 132.9019009798405 -3.7852595743814956 29
      vertex 133.03488543758135 -2.4350457160348826 29.32658663883506
      vertex 133.0558409397382 -2.2222809320784087 29.17412155078982
    endloop
  endfacet
  facet normal -0.9951847266721938 0.09801714032959173 -3.223241210579735e-14
    outer loop
      vertex 132.9019009798405 -3.7852595743814956 29
      vertex 132.99614075058275 -2.8284271247461903 29.67157287525381
      vertex 133.01495692888497 -2.6373832604002754 29.49264077008409
    endloop
  endfacet
  facet normal -0.9951847266721973 0.09801714032955729 4.8813532344393943e-14
    outer loop
      vertex 132.9019009798405 -3.7852595743814956 29
      vertex 133.01495692888497 -2.6373832604002754 29.49264077008409
      vertex 133.03488543758135 -2.4350457160348826 29.32658663883506
    endloop
  endfacet
  facet normal -0.9951847266721912 0.09801714032961943 -2.2672252312078418e-14
    outer loop
      vertex 132.9019009798405 -3.7852595743814956 29
      vertex 132.9471460715344 -3.325878449210181 30.27771906792159
      vertex 132.96216257201897 -3.1734133611649407 30.06495428396512
    endloop
  endfacet
  facet normal -0.9951847266722041 0.098017140329487 2.540109368145915e-14
    outer loop
      vertex 132.9019009798405 -3.7852595743814956 29
      vertex 132.93353227794574 -3.4641016151377544 30.5
      vertex 132.9471460715344 -3.325878449210181 30.27771906792159
    endloop
  endfacet
  facet normal -0.9951847266721998 0.09801714032953099 5.515943913785828e-14
    outer loop
      vertex 132.9019009798405 -3.7852595743814956 29
      vertex 132.97851747643895 -3.0073592299159095 29.862616739599723
      vertex 132.99614075058275 -2.8284271247461903 29.67157287525381
    endloop
  endfacet
  facet normal -0.9951847266721919 0.09801714032961122 -1.7939028326791337e-14
    outer loop
      vertex 132.9019009798405 -3.7852595743814956 29
      vertex 132.96216257201897 -3.1734133611649407 30.06495428396512
      vertex 132.97851747643895 -3.0073592299159095 29.862616739599723
    endloop
  endfacet
  facet normal -0.995184726672196 0.0980171403295695 -5.732162394956733e-14
    outer loop
      vertex 132.9019009798405 -3.7852595743814956 29
      vertex 133.07773370067815 -2 29.035898384862247
      vertex 133.0843484970136 -1.9328388457269634 29
    endloop
  endfacet
  facet normal -0.995184726672196 0.09801714032956918 -4.0986628111530914e-14
    outer loop
      vertex 132.9019009798405 -3.7852595743814956 29
      vertex 133.0558409397382 -2.2222809320784087 29.17412155078982
      vertex 133.07773370067815 -2 29.035898384862247
    endloop
  endfacet
  facet normal -0.9866433320848806 0.16289547339457955 0
    outer loop
      vertex 132.5927731316937 -5.657619338467719 29
      vertex 132.5927731316937 -5.657619338467719 32
      vertex 132.9019009798405 -3.7852595743814956 29
    endloop
  endfacet
  facet normal -0.9866433320848804 0.16289547339457952 0
    outer loop
      vertex 132.9019009798405 -3.7852595743814956 29
      vertex 132.5927731316937 -5.657619338467719 32
      vertex 132.9019009798405 -3.7852595743814956 31.207703568492636
    endloop
  endfacet
  facet normal -0.9951847266721946 0.09801714032958522 4.165716680591338e-15
    outer loop
      vertex 132.9019009798405 -3.7852595743814956 29
      vertex 132.9213794876071 -3.587490966130753 30.730845239123994
      vertex 132.93353227794574 -3.4641016151377544 30.5
    endloop
  endfacet
  facet normal -0.995184726672199 0.09801714032953915 9.483292576128809e-15
    outer loop
      vertex 132.9019009798405 -3.7852595743814956 29
      vertex 132.9107397406325 -3.695518130045147 30.96926627053964
      vertex 132.9213794876071 -3.587490966130753 30.730845239123994
    endloop
  endfacet
  facet normal -0.9951847266721787 0.09801714032974523 0
    outer loop
      vertex 132.9019009798405 -3.7852595743814956 29
      vertex 132.9019009798405 -3.7852595743814956 31.207703568492636
      vertex 132.9107397406325 -3.695518130045147 30.96926627053964
    endloop
  endfacet
  facet normal -0.9866433320847496 0.16289547339537214 1.924149930055031e-12
    outer loop
      vertex 132.90149467640794 -3.7877205179804228 31.214242138787355
      vertex 132.9019009798405 -3.7852595743814956 31.207703568492636
      vertex 132.5927731316937 -5.657619338467719 32
    endloop
  endfacet
  facet normal -0.9866433320848756 0.16289547339460936 5.940390507503911e-14
    outer loop
      vertex 132.90149467640794 -3.7877205179804228 31.214242138787355
      vertex 132.5927731316937 -5.657619338467719 32
      vertex 132.8889498674741 -3.8637033051562732 31.464723819589917
    endloop
  endfacet
  facet normal -0.9866433320848804 0.16289547339458052 -3.983216770759774e-14
    outer loop
      vertex 132.8889498674741 -3.8637033051562732 31.464723819589917
      vertex 132.5927731316937 -5.657619338467719 32
      vertex 132.87913664426122 -3.9231411216129217 31.719638711935488
    endloop
  endfacet
  facet normal -0.9866433320848802 0.16289547339458188 -3.118580520762558e-14
    outer loop
      vertex 132.87913664426122 -3.9231411216129217 31.719638711935488
      vertex 132.5927731316937 -5.657619338467719 32
      vertex 132.87209702849765 -3.9657794454952415 31.977895231119795
    endloop
  endfacet
  facet normal -0.9866433320848786 0.1628954733945902 6.259780470533399e-13
    outer loop
      vertex 132.87209702849765 -3.9657794454952415 31.977895231119795
      vertex 132.5927731316937 -5.657619338467719 32
      vertex 132.87173758292815 -3.9679565752031385 32
    endloop
  endfacet
  facet normal 0 0 1
    outer loop
      vertex 113.44892784364833 1.9328388457269652 29
      vertex 113.47174449379169 27.460973755358065 29
      vertex 113.32629534974615 2.458780928473947 29
    endloop
  endfacet
  facet normal 0 0 1
    outer loop
      vertex 104.15 9.5 29
      vertex 104.77132972768636 9.479659770766734 29
      vertex 106.04669074767415 28.9379087739195 29
    endloop
  endfacet
  facet normal 0 0 1
    outer loop
      vertex 104.77132972768636 9.479659770766734 29
      vertex 105.38999882609049 9.418726183051199 29
      vertex 106.04669074767415 28.9379087739195 29
    endloop
  endfacet
  facet normal 0 0 1
    outer loop
      vertex 106.00335805915323 9.317460163830688 29
      vertex 106.04669074767415 28.9379087739195 29
      vertex 105.38999882609049 9.418726183051199 29
    endloop
  endfacet
  facet normal 0 0 1
    outer loop
      vertex 106.00335805915323 9.317460163830688 29
      vertex 106.60878092847395 9.176295349746148 29
      vertex 106.04669074767415 28.9379087739195 29
    endloop
  endfacet
  facet normal 0 0 1
    outer loop
      vertex 106.60878092847395 9.176295349746148 29
      vertex 107.20367492038004 8.995836230203505 29
      vertex 107.9352595743815 28.7519009798405 29
    endloop
  endfacet
  facet normal 0 0 1
    outer loop
      vertex 107.78549260746836 8.776855558857225 29
      vertex 108.35174255708051 8.520291044560539 29
      vertex 107.9352595743815 28.7519009798405 29
    endloop
  endfacet
  facet normal 0 0 1
    outer loop
      vertex 107.20367492038004 8.995836230203505 29
      vertex 107.78549260746836 8.776855558857225 29
      vertex 107.9352595743815 28.7519009798405 29
    endloop
  endfacet
  facet normal 0 0 1
    outer loop
      vertex 108.35174255708051 8.520291044560539 29
      vertex 108.9 8.227241335952167 29
      vertex 109.80761933846773 28.442773131693684 29
    endloop
  endfacet
  facet normal 0 0 1
    outer loop
      vertex 109.42791721368623 7.89896131687418 29
      vertex 109.80761933846773 28.442773131693684 29
      vertex 108.9 8.227241335952167 29
    endloop
  endfacet
  facet normal 0 0 1
    outer loop
      vertex 111.29247817105029 6.263785243450654 29
      vertex 111.68685673276674 5.783233575582846 29
      vertex 111.6557523079731 28.01184896238298 29
    endloop
  endfacet
  facet normal 0 0 1
    outer loop
      vertex 109.42791721368623 7.89896131687418 29
      vertex 109.93323357558285 7.536856732766734 29
      vertex 109.80761933846773 28.442773131693684 29
    endloop
  endfacet
  facet normal 0 0 1
    outer loop
      vertex 109.93323357558285 7.536856732766734 29
      vertex 110.41378524345066 7.142478171050286 29
      vertex 111.6557523079731 28.01184896238298 29
    endloop
  endfacet
  facet normal 0 0 1
    outer loop
      vertex 110.41378524345066 7.142478171050286 29
      vertex 110.8675144212722 6.7175144212722016 29
      vertex 111.6557523079731 28.01184896238298 29
    endloop
  endfacet
  facet normal 0 0 1
    outer loop
      vertex 111.29247817105029 6.263785243450654 29
      vertex 111.6557523079731 28.01184896238298 29
      vertex 110.8675144212722 6.7175144212722016 29
    endloop
  endfacet
  facet normal 0 0 1
    outer loop
      vertex 113.14583623020351 3.0536749203800353 29
      vertex 113.47174449379169 27.460973755358065 29
      vertex 112.92685555885723 3.635492607468353 29
    endloop
  endfacet
  facet normal 0 0 1
    outer loop
      vertex 113.14583623020351 3.0536749203800353 29
      vertex 113.32629534974615 2.458780928473947 29
      vertex 113.47174449379169 27.460973755358065 29
    endloop
  endfacet
  facet normal 0 0 1
    outer loop
      vertex 112.92685555885723 3.635492607468353 29
      vertex 113.47174449379169 27.460973755358065 29
      vertex 112.67029104456054 4.201742557080513 29
    endloop
  endfacet
  facet normal 0 0 1
    outer loop
      vertex 112.37724133595218 4.75 29
      vertex 112.67029104456054 4.201742557080513 29
      vertex 113.47174449379169 27.460973755358065 29
    endloop
  endfacet
  facet normal 0 0 1
    outer loop
      vertex 112.04896131687418 5.277917213686221 29
      vertex 112.37724133595218 4.75 29
      vertex 113.47174449379169 27.460973755358065 29
    endloop
  endfacet
  facet normal 0 0 1
    outer loop
      vertex 112.04896131687418 5.277917213686221 29
      vertex 113.47174449379169 27.460973755358065 29
      vertex 111.68685673276674 5.783233575582846 29
    endloop
  endfacet
  facet normal 0 0 1
    outer loop
      vertex 109.93323357558285 7.536856732766734 29
      vertex 111.6557523079731 28.01184896238298 29
      vertex 109.80761933846773 28.442773131693684 29
    endloop
  endfacet
  facet normal 0 0 1
    outer loop
      vertex 111.68685673276674 5.783233575582846 29
      vertex 113.47174449379169 27.460973755358065 29
      vertex 111.6557523079731 28.01184896238298 29
    endloop
  endfacet
  facet normal 0 0 1
    outer loop
      vertex 113.44892784364833 1.9328388457269652 29
      vertex 133.0843484970136 1.9328388457269634 29
      vertex 113.47174449379169 27.460973755358065 29
    endloop
  endfacet
  facet normal 0 0 1
    outer loop
      vertex 113.47174449379169 27.460973755358065 29
      vertex 133.0843484970136 1.9328388457269634 29
      vertex 115.2478195385876 26.792506442827314 29
    endloop
  endfacet
  facet normal 0 0 1
    outer loop
      vertex 116.97637201635104 26.00930950444796 29
      vertex 115.2478195385876 26.792506442827314 29
      vertex 133.0843484970136 1.9328388457269634 29
    endloop
  endfacet
  facet normal 0 0 1
    outer loop
      vertex 116.97637201635104 26.00930950444796 29
      vertex 133.0843484970136 1.9328388457269634 29
      vertex 118.65 25.11473670974872 29
    endloop
  endfacet
  facet normal 0 0 1
    outer loop
      vertex 118.65 25.11473670974872 29
      vertex 133.0843484970136 1.9328388457269634 29
      vertex 120.26153675756846 24.112618756773813 29
    endloop
  endfacet
  facet normal 0 0 1
    outer loop
      vertex 120.26153675756846 24.112618756773813 29
      vertex 133.0843484970136 1.9328388457269634 29
      vertex 121.8040814412529 23.00724686844582 29
    endloop
  endfacet
  facet normal -0.6835923020228725 -0.7298640726978346 0
    outer loop
      vertex 124.65609665440988 20.50609665440988 29
      vertex 124.65609665440988 20.50609665440988 32
      vertex 123.271028637902 21.803354416890343 29
    endloop
  endfacet
  facet normal -0.7298640726978353 -0.6835923020228717 0
    outer loop
      vertex 124.65609665440988 20.50609665440988 29
      vertex 125.95335441689035 19.121028637901997 29
      vertex 125.95335441689035 19.121028637901997 32
    endloop
  endfacet
  facet normal -0.6835923020228725 -0.7298640726978346 0
    outer loop
      vertex 123.271028637902 21.803354416890343 29
      vertex 124.65609665440988 20.50609665440988 32
      vertex 123.271028637902 21.803354416890343 32
    endloop
  endfacet
  facet normal -0.7298640726978353 -0.6835923020228717 0
    outer loop
      vertex 124.65609665440988 20.50609665440988 29
      vertex 125.95335441689035 19.121028637901997 32
      vertex 124.65609665440988 20.50609665440988 32
    endloop
  endfacet
  facet normal 0 0 1
    outer loop
      vertex 104.15 9.5 29
      vertex 106.04669074767415 28.9379087739195 29
      vertex 104.15 29 29
    endloop
  endfacet
  facet normal 0 0 1
    outer loop
      vertex 106.60878092847395 9.176295349746148 29
      vertex 107.9352595743815 28.7519009798405 29
      vertex 106.04669074767415 28.9379087739195 29
    endloop
  endfacet
  facet normal 0 0 1
    outer loop
      vertex 108.35174255708051 8.520291044560539 29
      vertex 109.80761933846773 28.442773131693684 29
      vertex 107.9352595743815 28.7519009798405 29
    endloop
  endfacet
  facet normal -0.03271908282177749 -0.9994645874763656 0
    outer loop
      vertex 104.15 29 29
      vertex 106.04669074767415 28.9379087739195 29
      vertex 106.04669074767415 28.9379087739195 32
    endloop
  endfacet
  facet normal -0.03271908282177749 -0.9994645874763656 0
    outer loop
      vertex 104.15 29 29
      vertex 106.04669074767415 28.9379087739195 32
      vertex 104.15 29 32
    endloop
  endfacet
  facet normal -0.09801714032956022 -0.9951847266721968 0
    outer loop
      vertex 106.04669074767415 28.9379087739195 29
      vertex 107.9352595743815 28.7519009798405 32
      vertex 106.04669074767415 28.9379087739195 32
    endloop
  endfacet
  facet normal -0.09801714032956022 -0.9951847266721968 0
    outer loop
      vertex 106.04669074767415 28.9379087739195 29
      vertex 107.9352595743815 28.7519009798405 29
      vertex 107.9352595743815 28.7519009798405 32
    endloop
  endfacet
  facet normal -0.16289547339458657 -0.9866433320848794 0
    outer loop
      vertex 107.9352595743815 28.7519009798405 29
      vertex 109.80761933846773 28.442773131693684 29
      vertex 109.80761933846773 28.442773131693684 32
    endloop
  endfacet
  facet normal -0.16289547339458657 -0.9866433320848794 0
    outer loop
      vertex 107.9352595743815 28.7519009798405 29
      vertex 109.80761933846773 28.442773131693684 32
      vertex 107.9352595743815 28.7519009798405 32
    endloop
  endfacet
  facet normal -0.22707626303437478 -0.9738769792773334 0
    outer loop
      vertex 109.80761933846773 28.442773131693684 29
      vertex 111.6557523079731 28.01184896238298 29
      vertex 111.6557523079731 28.01184896238298 32
    endloop
  endfacet
  facet normal -0.22707626303437478 -0.9738769792773334 0
    outer loop
      vertex 109.80761933846773 28.442773131693684 29
      vertex 111.6557523079731 28.01184896238298 32
      vertex 109.80761933846773 28.442773131693684 32
    endloop
  endfacet
  facet normal -0.29028467725446183 -0.956940335732209 0
    outer loop
      vertex 111.6557523079731 28.01184896238298 29
      vertex 113.47174449379169 27.460973755358065 29
      vertex 113.47174449379169 27.460973755358065 32
    endloop
  endfacet
  facet normal -0.35225004792123493 -0.9359059267573251 0
    outer loop
      vertex 113.47174449379169 27.460973755358065 29
      vertex 115.2478195385876 26.792506442827314 29
      vertex 115.2478195385876 26.792506442827314 32
    endloop
  endfacet
  facet normal -0.29028467725446183 -0.956940335732209 0
    outer loop
      vertex 111.6557523079731 28.01184896238298 29
      vertex 113.47174449379169 27.460973755358065 32
      vertex 111.6557523079731 28.01184896238298 32
    endloop
  endfacet
  facet normal -0.35225004792123493 -0.9359059267573251 0
    outer loop
      vertex 113.47174449379169 27.460973755358065 29
      vertex 115.2478195385876 26.792506442827314 32
      vertex 113.47174449379169 27.460973755358065 32
    endloop
  endfacet
  facet normal -0.41270702980439555 -0.9108638249211755 0
    outer loop
      vertex 116.97637201635104 26.00930950444796 29
      vertex 116.97637201635104 26.00930950444796 32
      vertex 115.2478195385876 26.792506442827314 29
    endloop
  endfacet
  facet normal -0.41270702980439555 -0.9108638249211755 0
    outer loop
      vertex 115.2478195385876 26.792506442827314 29
      vertex 116.97637201635104 26.00930950444796 32
      vertex 115.2478195385876 26.792506442827314 32
    endloop
  endfacet
  facet normal -0.47139673682599603 -0.8819212643483559 0
    outer loop
      vertex 116.97637201635104 26.00930950444796 29
      vertex 118.65 25.11473670974872 32
      vertex 116.97637201635104 26.00930950444796 32
    endloop
  endfacet
  facet normal -0.47139673682599603 -0.8819212643483559 0
    outer loop
      vertex 116.97637201635104 26.00930950444796 29
      vertex 118.65 25.11473670974872 29
      vertex 118.65 25.11473670974872 32
    endloop
  endfacet
  facet normal -0.5280678506503683 -0.8492021815265787 0
    outer loop
      vertex 118.65 25.11473670974872 29
      vertex 120.26153675756846 24.112618756773813 29
      vertex 120.26153675756846 24.112618756773813 32
    endloop
  endfacet
  facet normal -0.5280678506503683 -0.8492021815265787 0
    outer loop
      vertex 118.65 25.11473670974872 29
      vertex 120.26153675756846 24.112618756773813 32
      vertex 118.65 25.11473670974872 32
    endloop
  endfacet
  facet normal -0.5824776968678014 -0.8128466845916158 0
    outer loop
      vertex 120.26153675756846 24.112618756773813 29
      vertex 121.8040814412529 23.00724686844582 29
      vertex 121.8040814412529 23.00724686844582 32
    endloop
  endfacet
  facet normal -0.6343932841636447 -0.7730104533627375 0
    outer loop
      vertex 121.8040814412529 23.00724686844582 29
      vertex 123.271028637902 21.803354416890343 29
      vertex 123.271028637902 21.803354416890343 32
    endloop
  endfacet
  facet normal -0.5824776968678014 -0.8128466845916158 0
    outer loop
      vertex 120.26153675756846 24.112618756773813 29
      vertex 121.8040814412529 23.00724686844582 32
      vertex 120.26153675756846 24.112618756773813 32
    endloop
  endfacet
  facet normal -0.6343932841636447 -0.7730104533627375 0
    outer loop
      vertex 121.8040814412529 23.00724686844582 29
      vertex 123.271028637902 21.803354416890343 32
      vertex 121.8040814412529 23.00724686844582 32
    endloop
  endfacet
  facet normal 0 0 1
    outer loop
      vertex 129.26473670974872 14.5 29
      vertex 133.0843484970136 1.9328388457269634 29
      vertex 130.15930950444798 12.826372016351037 29
    endloop
  endfacet
  facet normal -0.995184726672196 -0.0980171403295695 -5.690624986297626e-14
    outer loop
      vertex 133.0843484970136 1.9328388457269634 29
      vertex 133.07773370067815 2 29.035898384862247
      vertex 132.9019009798405 3.7852595743814956 29
    endloop
  endfacet
  facet normal -0.995184726672196 -0.09801714032956918 -4.1122165902905025e-14
    outer loop
      vertex 133.07773370067815 2 29.035898384862247
      vertex 133.0558409397382 2.2222809320784087 29.17412155078982
      vertex 132.9019009798405 3.7852595743814956 29
    endloop
  endfacet
  facet normal -0.9951847266721968 -0.09801714032956096 3.343061484886532e-14
    outer loop
      vertex 133.0558409397382 2.2222809320784087 29.17412155078982
      vertex 133.03488543758135 2.4350457160348826 29.32658663883506
      vertex 132.9019009798405 3.7852595743814956 29
    endloop
  endfacet
  facet normal -0.9951847266721973 -0.09801714032955729 4.8813532344393943e-14
    outer loop
      vertex 133.03488543758135 2.4350457160348826 29.32658663883506
      vertex 133.01495692888497 2.6373832604002754 29.49264077008409
      vertex 132.9019009798405 3.7852595743814956 29
    endloop
  endfacet
  facet normal -0.9951847266721938 -0.09801714032959173 -3.223241210579735e-14
    outer loop
      vertex 132.9019009798405 3.7852595743814956 29
      vertex 133.01495692888497 2.6373832604002754 29.49264077008409
      vertex 132.99614075058275 2.8284271247461903 29.67157287525381
    endloop
  endfacet
  facet normal 0 0 1
    outer loop
      vertex 133.0843484970136 1.9328388457269634 29
      vertex 132.9019009798405 3.7852595743814956 29
      vertex 132.5927731316937 5.657619338467719 29
    endloop
  endfacet
  facet normal -0.9951847266721998 -0.09801714032953099 5.515943913785828e-14
    outer loop
      vertex 132.9019009798405 3.7852595743814956 29
      vertex 132.99614075058275 2.8284271247461903 29.67157287525381
      vertex 132.97851747643895 3.0073592299159095 29.862616739599723
    endloop
  endfacet
  facet normal -0.9951847266721919 -0.09801714032961122 -1.7939028326791337e-14
    outer loop
      vertex 132.9019009798405 3.7852595743814956 29
      vertex 132.97851747643895 3.0073592299159095 29.862616739599723
      vertex 132.96216257201897 3.1734133611649407 30.06495428396512
    endloop
  endfacet
  facet normal -0.9951847266721912 -0.09801714032961943 -2.2672252312078418e-14
    outer loop
      vertex 132.9019009798405 3.7852595743814956 29
      vertex 132.96216257201897 3.1734133611649407 30.06495428396512
      vertex 132.9471460715344 3.325878449210181 30.27771906792159
    endloop
  endfacet
  facet normal -0.9951847266722041 -0.098017140329487 2.540109368145915e-14
    outer loop
      vertex 132.9019009798405 3.7852595743814956 29
      vertex 132.9471460715344 3.325878449210181 30.27771906792159
      vertex 132.93353227794574 3.4641016151377544 30.5
    endloop
  endfacet
  facet normal 0 0 1
    outer loop
      vertex 132.16184896238298 7.5057523079731014 29
      vertex 133.0843484970136 1.9328388457269634 29
      vertex 132.5927731316937 5.657619338467719 29
    endloop
  endfacet
  facet normal -0.9866433320848804 -0.16289547339457952 0
    outer loop
      vertex 132.9019009798405 3.7852595743814956 29
      vertex 132.9019009798405 3.7852595743814956 31.207703568492636
      vertex 132.5927731316937 5.657619338467719 29
    endloop
  endfacet
  facet normal -0.9951847266721946 -0.09801714032958522 4.165716680591338e-15
    outer loop
      vertex 132.9019009798405 3.7852595743814956 29
      vertex 132.93353227794574 3.4641016151377544 30.5
      vertex 132.9213794876071 3.587490966130753 30.730845239123994
    endloop
  endfacet
  facet normal -0.995184726672199 -0.09801714032953915 9.483292576128809e-15
    outer loop
      vertex 132.9019009798405 3.7852595743814956 29
      vertex 132.9213794876071 3.587490966130753 30.730845239123994
      vertex 132.9107397406325 3.695518130045147 30.96926627053964
    endloop
  endfacet
  facet normal -0.9951847266721787 -0.09801714032974523 0
    outer loop
      vertex 132.9019009798405 3.7852595743814956 29
      vertex 132.9107397406325 3.695518130045147 30.96926627053964
      vertex 132.9019009798405 3.7852595743814956 31.207703568492636
    endloop
  endfacet
  facet normal -0.9866433320850928 -0.16289547339329347 1.1204611455875934e-12
    outer loop
      vertex 132.90149467640794 3.7877205179804228 31.214242138787355
      vertex 132.5927731316937 5.657619338467719 29
      vertex 132.9019009798405 3.7852595743814956 31.207703568492636
    endloop
  endfacet
  facet normal -0.9866433320848869 -0.16289547339454108 3.81337133560169e-14
    outer loop
      vertex 132.90149467640794 3.7877205179804228 31.214242138787355
      vertex 132.8889498674741 3.8637033051562732 31.464723819589917
      vertex 132.5927731316937 5.657619338467719 29
    endloop
  endfacet
  facet normal -0.9866433320848722 -0.16289547339462962 -2.8068860059480555e-14
    outer loop
      vertex 132.8889498674741 3.8637033051562732 31.464723819589917
      vertex 132.87913664426122 3.9231411216129217 31.719638711935488
      vertex 132.5927731316937 5.657619338467719 29
    endloop
  endfacet
  facet normal -0.9866433320848732 -0.16289547339462357 -2.4111637266076766e-14
    outer loop
      vertex 132.87913664426122 3.9231411216129217 31.719638711935488
      vertex 132.87209702849765 3.9657794454952415 31.977895231119795
      vertex 132.5927731316937 5.657619338467719 29
    endloop
  endfacet
  facet normal -0.9866433320850304 -0.16289547339367183 5.329565913456599e-13
    outer loop
      vertex 132.5927731316937 5.657619338467719 29
      vertex 132.87209702849765 3.9657794454952415 31.977895231119795
      vertex 132.87173758292815 3.9679565752031385 32
    endloop
  endfacet
  facet normal -0.9866433320848788 -0.16289547339459023 0
    outer loop
      vertex 132.5927731316937 5.657619338467719 29
      vertex 132.87173758292815 3.9679565752031385 32
      vertex 132.5927731316937 5.657619338467719 32
    endloop
  endfacet
  facet normal 0 0 1
    outer loop
      vertex 132.16184896238298 7.5057523079731014 29
      vertex 131.61097375535806 9.321744493791686 29
      vertex 133.0843484970136 1.9328388457269634 29
    endloop
  endfacet
  facet normal 0 0 1
    outer loop
      vertex 131.61097375535806 9.321744493791686 29
      vertex 130.94250644282732 11.097819538587604 29
      vertex 133.0843484970136 1.9328388457269634 29
    endloop
  endfacet
  facet normal 0 0 1
    outer loop
      vertex 130.94250644282732 11.097819538587604 29
      vertex 130.15930950444798 12.826372016351037 29
      vertex 133.0843484970136 1.9328388457269634 29
    endloop
  endfacet
  facet normal -0.9738769792773323 -0.22707626303437883 0
    outer loop
      vertex 132.16184896238298 7.5057523079731014 29
      vertex 132.5927731316937 5.657619338467719 29
      vertex 132.5927731316937 5.657619338467719 32
    endloop
  endfacet
  facet normal -0.9738769792773323 -0.22707626303437883 0
    outer loop
      vertex 132.16184896238298 7.5057523079731014 29
      vertex 132.5927731316937 5.657619338467719 32
      vertex 132.16184896238298 7.5057523079731014 32
    endloop
  endfacet
  facet normal -0.9569403357322089 -0.2902846772544622 0
    outer loop
      vertex 132.16184896238298 7.5057523079731014 29
      vertex 132.16184896238298 7.5057523079731014 32
      vertex 131.61097375535806 9.321744493791686 29
    endloop
  endfacet
  facet normal -0.9359059267573278 -0.3522500479212281 0
    outer loop
      vertex 131.61097375535806 9.321744493791686 29
      vertex 131.61097375535806 9.321744493791686 32
      vertex 130.94250644282732 11.097819538587604 29
    endloop
  endfacet
  facet normal -0.9569403357322089 -0.2902846772544622 0
    outer loop
      vertex 131.61097375535806 9.321744493791686 29
      vertex 132.16184896238298 7.5057523079731014 32
      vertex 131.61097375535806 9.321744493791686 32
    endloop
  endfacet
  facet normal -0.9359059267573278 -0.3522500479212281 0
    outer loop
      vertex 130.94250644282732 11.097819538587604 29
      vertex 131.61097375535806 9.321744493791686 32
      vertex 130.94250644282732 11.097819538587604 32
    endloop
  endfacet
  facet normal 0 0 1
    outer loop
      vertex 124.65609665440988 20.50609665440988 29
      vertex 123.271028637902 21.803354416890343 29
      vertex 133.0843484970136 1.9328388457269634 29
    endloop
  endfacet
  facet normal 0 0 1
    outer loop
      vertex 121.8040814412529 23.00724686844582 29
      vertex 133.0843484970136 1.9328388457269634 29
      vertex 123.271028637902 21.803354416890343 29
    endloop
  endfacet
  facet normal 0 0 1
    outer loop
      vertex 124.65609665440988 20.50609665440988 29
      vertex 133.0843484970136 1.9328388457269634 29
      vertex 125.95335441689035 19.121028637901997 29
    endloop
  endfacet
  facet normal 0 0 1
    outer loop
      vertex 127.15724686844582 17.6540814412529 29
      vertex 133.0843484970136 1.9328388457269634 29
      vertex 128.2626187567738 16.111536757568462 29
    endloop
  endfacet
  facet normal 0 0 1
    outer loop
      vertex 127.15724686844582 17.6540814412529 29
      vertex 125.95335441689035 19.121028637901997 29
      vertex 133.0843484970136 1.9328388457269634 29
    endloop
  endfacet
  facet normal 0 0 1
    outer loop
      vertex 129.26473670974872 14.5 29
      vertex 128.2626187567738 16.111536757568462 29
      vertex 133.0843484970136 1.9328388457269634 29
    endloop
  endfacet
  facet normal -0.9108638249211772 -0.4127070298043917 0
    outer loop
      vertex 130.94250644282732 11.097819538587604 29
      vertex 130.94250644282732 11.097819538587604 32
      vertex 130.15930950444798 12.826372016351037 29
    endloop
  endfacet
  facet normal -0.8819212643483513 -0.47139673682600486 0
    outer loop
      vertex 129.26473670974872 14.5 29
      vertex 130.15930950444798 12.826372016351037 29
      vertex 130.15930950444798 12.826372016351037 32
    endloop
  endfacet
  facet normal -0.9108638249211772 -0.4127070298043917 0
    outer loop
      vertex 130.15930950444798 12.826372016351037 29
      vertex 130.94250644282732 11.097819538587604 32
      vertex 130.15930950444798 12.826372016351037 32
    endloop
  endfacet
  facet normal -0.8492021815265774 -0.5280678506503702 0
    outer loop
      vertex 129.26473670974872 14.5 29
      vertex 129.26473670974872 14.5 32
      vertex 128.2626187567738 16.111536757568462 29
    endloop
  endfacet
  facet normal -0.8819212643483513 -0.47139673682600486 0
    outer loop
      vertex 129.26473670974872 14.5 29
      vertex 130.15930950444798 12.826372016351037 32
      vertex 129.26473670974872 14.5 32
    endloop
  endfacet
  facet normal -0.8492021815265774 -0.5280678506503702 0
    outer loop
      vertex 128.2626187567738 16.111536757568462 29
      vertex 129.26473670974872 14.5 32
      vertex 128.2626187567738 16.111536757568462 32
    endloop
  endfacet
  facet normal -0.7730104533627369 -0.6343932841636457 0
    outer loop
      vertex 127.15724686844582 17.6540814412529 29
      vertex 127.15724686844582 17.6540814412529 32
      vertex 125.95335441689035 19.121028637901997 29
    endloop
  endfacet
  facet normal -0.8128466845916187 -0.5824776968677973 0
    outer loop
      vertex 127.15724686844582 17.6540814412529 29
      vertex 128.2626187567738 16.111536757568462 29
      vertex 128.2626187567738 16.111536757568462 32
    endloop
  endfacet
  facet normal -0.7730104533627369 -0.6343932841636457 0
    outer loop
      vertex 125.95335441689035 19.121028637901997 29
      vertex 127.15724686844582 17.6540814412529 32
      vertex 125.95335441689035 19.121028637901997 32
    endloop
  endfacet
  facet normal -0.8128466845916187 -0.5824776968677973 0
    outer loop
      vertex 127.15724686844582 17.6540814412529 29
      vertex 128.2626187567738 16.111536757568462 32
      vertex 127.15724686844582 17.6540814412529 32
    endloop
  endfacet
endsolid OpenSCAD_Model
