solid OpenSCAD_Model
  facet normal -0.7298640726978399 -0.6835923020228668 0
    outer loop
      vertex 97.64461761308377 99.79461761308376 0
      vertex 97.64461761308377 99.79461761308376 8
      vertex 97.23307377119342 100.23401850107936 8
    endloop
  endfacet
  facet normal -0.6835923020228668 -0.7298640726978399 0
    outer loop
      vertex 97.64461761308377 99.79461761308376 0
      vertex 98.08401850107937 99.38307377119341 8
      vertex 97.64461761308377 99.79461761308376 8
    endloop
  endfacet
  facet normal -0.8492021815265761 -0.5280678506503725 0
    outer loop
      vertex 96.18256628518317 101.7 0
      vertex 96.5004795668166 101.18875385621966 0
      vertex 96.18256628518317 101.7 8
    endloop
  endfacet
  facet normal -0.9359059267573206 -0.3522500479212465 0
    outer loop
      vertex 95.65030830089617 102.77931242224118 0
      vertex 95.43824280864503 103.34275691921091 8
      vertex 95.43824280864503 103.34275691921091 0
    endloop
  endfacet
  facet normal -0.8819212643483513 -0.47139673682600464 0
    outer loop
      vertex 95.89877077789927 102.23094404998518 0
      vertex 96.18256628518317 101.7 0
      vertex 95.89877077789927 102.23094404998518 8
    endloop
  endfacet
  facet normal -0.9108638249211802 -0.41270702980438484 0
    outer loop
      vertex 95.89877077789927 102.23094404998518 0
      vertex 95.65030830089617 102.77931242224118 8
      vertex 95.65030830089617 102.77931242224118 0
    endloop
  endfacet
  facet normal -0.7730104533627379 -0.6343932841636444 0
    outer loop
      vertex 96.85114926932064 100.69939485311977 0
      vertex 97.23307377119342 100.23401850107936 0
      vertex 96.85114926932064 100.69939485311977 8
    endloop
  endfacet
  facet normal -0.8128466845916192 -0.5824776968677964 0
    outer loop
      vertex 96.85114926932064 100.69939485311977 0
      vertex 96.5004795668166 101.18875385621966 8
      vertex 96.5004795668166 101.18875385621966 0
    endloop
  endfacet
  facet normal -0.7298640726978399 -0.6835923020228668 0
    outer loop
      vertex 97.64461761308377 99.79461761308376 0
      vertex 97.23307377119342 100.23401850107936 8
      vertex 97.23307377119342 100.23401850107936 0
    endloop
  endfacet
  facet normal -0.8819212643483513 -0.47139673682600464 0
    outer loop
      vertex 96.18256628518317 101.7 0
      vertex 96.18256628518317 101.7 8
      vertex 95.89877077789927 102.23094404998518 8
    endloop
  endfacet
  facet normal -0.9108638249211802 -0.41270702980438484 0
    outer loop
      vertex 95.89877077789927 102.23094404998518 0
      vertex 95.89877077789927 102.23094404998518 8
      vertex 95.65030830089617 102.77931242224118 8
    endloop
  endfacet
  facet normal -0.9359059267573206 -0.3522500479212465 0
    outer loop
      vertex 95.65030830089617 102.77931242224118 0
      vertex 95.65030830089617 102.77931242224118 8
      vertex 95.43824280864503 103.34275691921091 8
    endloop
  endfacet
  facet normal -0.7730104533627379 -0.6343932841636444 0
    outer loop
      vertex 97.23307377119342 100.23401850107936 0
      vertex 97.23307377119342 100.23401850107936 8
      vertex 96.85114926932064 100.69939485311977 8
    endloop
  endfacet
  facet normal -0.8492021815265761 -0.5280678506503725 0
    outer loop
      vertex 96.5004795668166 101.18875385621966 0
      vertex 96.5004795668166 101.18875385621966 8
      vertex 96.18256628518317 101.7 8
    endloop
  endfacet
  facet normal -0.8128466845916192 -0.5824776968677964 0
    outer loop
      vertex 96.85114926932064 100.69939485311977 0
      vertex 96.85114926932064 100.69939485311977 8
      vertex 96.5004795668166 101.18875385621966 8
    endloop
  endfacet
  facet normal -0.9569403357322134 -0.2902846772544477 0
    outer loop
      vertex 95.43824280864503 103.34275691921091 0
      vertex 95.26348239814058 103.91886478505681 8
      vertex 95.26348239814058 103.91886478505681 0
    endloop
  endfacet
  facet normal -0.9738769792773324 -0.22707626303437836 0
    outer loop
      vertex 95.26348239814058 103.91886478505681 0
      vertex 95.12677542029029 104.50516903745162 8
      vertex 95.12677542029029 104.50516903745162 0
    endloop
  endfacet
  facet normal 0 0 -1
    outer loop
      vertex 95.43824280864503 103.34275691921091 0
      vertex 95.26348239814058 103.91886478505681 0
      vertex 95.43824280864503 109.25724308078908 0
    endloop
  endfacet
  facet normal 0 0 -1
    outer loop
      vertex 95.12677542029029 104.50516903745162 0
      vertex 95.02870727536094 105.09915903157552 0
      vertex 95.12677542029029 108.09483096254837 0
    endloop
  endfacet
  facet normal 0 0 -1
    outer loop
      vertex 95.02870727536094 105.09915903157552 0
      vertex 94.96969790620486 105.69829121108268 0
      vertex 95.02870727536094 107.50084096842447 0
    endloop
  endfacet
  facet normal 0 0 -1
    outer loop
      vertex 95.26348239814058 103.91886478505681 0
      vertex 95.12677542029029 104.50516903745162 0
      vertex 95.26348239814058 108.68113521494318 0
    endloop
  endfacet
  facet normal 0 0 -1
    outer loop
      vertex 95.89877077789927 102.23094404998518 0
      vertex 95.65030830089617 102.77931242224118 0
      vertex 95.89877077789927 110.36905595001481 0
    endloop
  endfacet
  facet normal 0 0 -1
    outer loop
      vertex 95.65030830089617 102.77931242224118 0
      vertex 95.43824280864503 103.34275691921091 0
      vertex 95.65030830089617 109.82068757775882 0
    endloop
  endfacet
  facet normal 0 0 -1
    outer loop
      vertex 95.89877077789927 102.23094404998518 0
      vertex 96.18256628518317 110.89999999999999 0
      vertex 96.18256628518317 101.7 0
    endloop
  endfacet
  facet normal -0.9866433320848769 -0.1628954733946012 0
    outer loop
      vertex 95.12677542029029 104.50516903745162 0
      vertex 95.02870727536094 105.09915903157552 8
      vertex 95.02870727536094 105.09915903157552 0
    endloop
  endfacet
  facet normal -0.9951847266721984 -0.09801714032954562 0
    outer loop
      vertex 95.02870727536094 105.09915903157552 0
      vertex 94.96969790620486 105.69829121108268 8
      vertex 94.96969790620486 105.69829121108268 0
    endloop
  endfacet
  facet normal -0.9994645874763654 -0.03271908282178647 0
    outer loop
      vertex 94.96969790620486 105.69829121108268 0
      vertex 94.95 106.3 8
      vertex 94.95 106.3 0
    endloop
  endfacet
  facet normal 0 0 -1
    outer loop
      vertex 96.85114926932064 100.69939485311977 0
      vertex 96.5004795668166 101.18875385621966 0
      vertex 96.85114926932064 111.90060514688022 0
    endloop
  endfacet
  facet normal 0 0 -1
    outer loop
      vertex 96.85114926932064 100.69939485311977 0
      vertex 97.23307377119342 112.36598149892063 0
      vertex 97.23307377119342 100.23401850107936 0
    endloop
  endfacet
  facet normal 0 0 -1
    outer loop
      vertex 97.64461761308377 99.79461761308376 0
      vertex 97.23307377119342 100.23401850107936 0
      vertex 97.64461761308377 112.80538238691624 0
    endloop
  endfacet
  facet normal 0 0 -1
    outer loop
      vertex 96.18256628518317 101.7 0
      vertex 96.5004795668166 111.41124614378033 0
      vertex 96.5004795668166 101.18875385621966 0
    endloop
  endfacet
  facet normal -0.9569403357322134 -0.2902846772544477 0
    outer loop
      vertex 95.43824280864503 103.34275691921091 0
      vertex 95.43824280864503 103.34275691921091 8
      vertex 95.26348239814058 103.91886478505681 8
    endloop
  endfacet
  facet normal -0.9866433320848769 -0.1628954733946012 0
    outer loop
      vertex 95.12677542029029 104.50516903745162 0
      vertex 95.12677542029029 104.50516903745162 8
      vertex 95.02870727536094 105.09915903157552 8
    endloop
  endfacet
  facet normal -0.9738769792773324 -0.22707626303437836 0
    outer loop
      vertex 95.26348239814058 103.91886478505681 0
      vertex 95.26348239814058 103.91886478505681 8
      vertex 95.12677542029029 104.50516903745162 8
    endloop
  endfacet
  facet normal -0.9951847266721984 -0.09801714032954562 0
    outer loop
      vertex 95.02870727536094 105.09915903157552 0
      vertex 95.02870727536094 105.09915903157552 8
      vertex 94.96969790620486 105.69829121108268 8
    endloop
  endfacet
  facet normal -0.9994645874763654 -0.03271908282178647 0
    outer loop
      vertex 94.96969790620486 105.69829121108268 0
      vertex 94.96969790620486 105.69829121108268 8
      vertex 94.95 106.3 8
    endloop
  endfacet
  facet normal -0.5280678506503725 -0.8492021815265761 0
    outer loop
      vertex 99.03875385621967 98.65047956681659 0
      vertex 99.55000000000001 98.33256628518316 0
      vertex 99.55000000000001 98.33256628518316 8
    endloop
  endfacet
  facet normal -0.6343932841636444 -0.7730104533627379 0
    outer loop
      vertex 98.54939485311978 99.00114926932063 0
      vertex 98.54939485311978 99.00114926932063 8
      vertex 98.08401850107937 99.38307377119341 0
    endloop
  endfacet
  facet normal -0.6835923020228668 -0.7298640726978399 0
    outer loop
      vertex 97.64461761308377 99.79461761308376 0
      vertex 98.08401850107937 99.38307377119341 0
      vertex 98.08401850107937 99.38307377119341 8
    endloop
  endfacet
  facet normal -0.5824776968677964 -0.8128466845916192 0
    outer loop
      vertex 98.54939485311978 99.00114926932063 0
      vertex 99.03875385621967 98.65047956681659 0
      vertex 99.03875385621967 98.65047956681659 8
    endloop
  endfacet
  facet normal -0.47139673682600464 -0.8819212643483513 0
    outer loop
      vertex 99.55000000000001 98.33256628518316 0
      vertex 100.08094404998519 98.04877077789926 0
      vertex 100.08094404998519 98.04877077789926 8
    endloop
  endfacet
  facet normal -0.3522500479212465 -0.9359059267573206 0
    outer loop
      vertex 100.62931242224118 97.80030830089616 0
      vertex 101.19275691921092 97.58824280864502 0
      vertex 101.19275691921092 97.58824280864502 8
    endloop
  endfacet
  facet normal -0.41270702980438484 -0.9108638249211802 0
    outer loop
      vertex 100.08094404998519 98.04877077789926 0
      vertex 100.62931242224118 97.80030830089616 0
      vertex 100.62931242224118 97.80030830089616 8
    endloop
  endfacet
  facet normal -0.6343932841636444 -0.7730104533627379 0
    outer loop
      vertex 98.08401850107937 99.38307377119341 0
      vertex 98.54939485311978 99.00114926932063 8
      vertex 98.08401850107937 99.38307377119341 8
    endloop
  endfacet
  facet normal -0.5824776968677964 -0.8128466845916192 0
    outer loop
      vertex 98.54939485311978 99.00114926932063 0
      vertex 99.03875385621967 98.65047956681659 8
      vertex 98.54939485311978 99.00114926932063 8
    endloop
  endfacet
  facet normal -0.5280678506503725 -0.8492021815265761 0
    outer loop
      vertex 99.03875385621967 98.65047956681659 0
      vertex 99.55000000000001 98.33256628518316 8
      vertex 99.03875385621967 98.65047956681659 8
    endloop
  endfacet
  facet normal -0.47139673682600464 -0.8819212643483513 0
    outer loop
      vertex 99.55000000000001 98.33256628518316 0
      vertex 100.08094404998519 98.04877077789926 8
      vertex 99.55000000000001 98.33256628518316 8
    endloop
  endfacet
  facet normal -0.41270702980438484 -0.9108638249211802 0
    outer loop
      vertex 100.08094404998519 98.04877077789926 0
      vertex 100.62931242224118 97.80030830089616 8
      vertex 100.08094404998519 98.04877077789926 8
    endloop
  endfacet
  facet normal -0.3522500479212465 -0.9359059267573206 0
    outer loop
      vertex 100.62931242224118 97.80030830089616 0
      vertex 101.19275691921092 97.58824280864502 8
      vertex 100.62931242224118 97.80030830089616 8
    endloop
  endfacet
  facet normal -0.2902846772544477 -0.9569403357322134 0
    outer loop
      vertex 101.19275691921092 97.58824280864502 0
      vertex 101.76886478505682 97.41348239814057 0
      vertex 101.76886478505682 97.41348239814057 8
    endloop
  endfacet
  facet normal -0.22707626303437836 -0.9738769792773324 0
    outer loop
      vertex 101.76886478505682 97.41348239814057 0
      vertex 102.35516903745163 97.27677542029028 0
      vertex 102.35516903745163 97.27677542029028 8
    endloop
  endfacet
  facet normal -0.16289547339457822 -0.9866433320848806 0
    outer loop
      vertex 102.35516903745163 97.27677542029028 0
      vertex 102.94915903157553 97.17870727536095 0
      vertex 102.94915903157553 97.17870727536095 8
    endloop
  endfacet
  facet normal -0.098017140329569 -0.9951847266721962 0
    outer loop
      vertex 102.94915903157553 97.17870727536095 0
      vertex 103.54829121108268 97.11969790620485 0
      vertex 103.54829121108268 97.11969790620485 8
    endloop
  endfacet
  facet normal -0.03271908282178647 -0.9994645874763654 0
    outer loop
      vertex 103.54829121108268 97.11969790620485 0
      vertex 104.15 97.1 0
      vertex 104.15 97.1 8
    endloop
  endfacet
  facet normal -0.2902846772544477 -0.9569403357322134 0
    outer loop
      vertex 101.19275691921092 97.58824280864502 0
      vertex 101.76886478505682 97.41348239814057 8
      vertex 101.19275691921092 97.58824280864502 8
    endloop
  endfacet
  facet normal -0.22707626303437836 -0.9738769792773324 0
    outer loop
      vertex 101.76886478505682 97.41348239814057 0
      vertex 102.35516903745163 97.27677542029028 8
      vertex 101.76886478505682 97.41348239814057 8
    endloop
  endfacet
  facet normal -0.16289547339457822 -0.9866433320848806 0
    outer loop
      vertex 102.35516903745163 97.27677542029028 0
      vertex 102.94915903157553 97.17870727536095 8
      vertex 102.35516903745163 97.27677542029028 8
    endloop
  endfacet
  facet normal -0.098017140329569 -0.9951847266721962 0
    outer loop
      vertex 102.94915903157553 97.17870727536095 0
      vertex 103.54829121108268 97.11969790620485 8
      vertex 102.94915903157553 97.17870727536095 8
    endloop
  endfacet
  facet normal -0.03271908282178647 -0.9994645874763654 0
    outer loop
      vertex 103.54829121108268 97.11969790620485 0
      vertex 104.15 97.1 8
      vertex 103.54829121108268 97.11969790620485 8
    endloop
  endfacet
  facet normal 0 0 -1
    outer loop
      vertex 97.64461761308377 99.79461761308376 0
      vertex 98.08401850107937 113.21692622880659 0
      vertex 98.08401850107937 99.38307377119341 0
    endloop
  endfacet
  facet normal 0 0 -1
    outer loop
      vertex 98.54939485311978 99.00114926932063 0
      vertex 98.08401850107937 99.38307377119341 0
      vertex 98.54939485311978 113.59885073067936 0
    endloop
  endfacet
  facet normal 0 0 -1
    outer loop
      vertex 98.54939485311978 99.00114926932063 0
      vertex 99.03875385621967 113.94952043318341 0
      vertex 99.03875385621967 98.65047956681659 0
    endloop
  endfacet
  facet normal 0 0 -1
    outer loop
      vertex 99.03875385621967 98.65047956681659 0
      vertex 99.55000000000001 114.26743371481683 0
      vertex 99.55000000000001 98.33256628518316 0
    endloop
  endfacet
  facet normal 0 0 -1
    outer loop
      vertex 99.55000000000001 98.33256628518316 0
      vertex 100.08094404998519 114.55122922210073 0
      vertex 100.08094404998519 98.04877077789926 0
    endloop
  endfacet
  facet normal 0 0 -1
    outer loop
      vertex 100.08094404998519 98.04877077789926 0
      vertex 100.62931242224118 114.79969169910383 0
      vertex 100.62931242224118 97.80030830089616 0
    endloop
  endfacet
  facet normal 0 0 -1
    outer loop
      vertex 100.62931242224118 97.80030830089616 0
      vertex 101.19275691921092 115.01175719135497 0
      vertex 101.19275691921092 97.58824280864502 0
    endloop
  endfacet
  facet normal 0 0 -1
    outer loop
      vertex 101.19275691921092 97.58824280864502 0
      vertex 101.76886478505682 115.18651760185942 0
      vertex 101.76886478505682 97.41348239814057 0
    endloop
  endfacet
  facet normal 0 0 -1
    outer loop
      vertex 101.76886478505682 97.41348239814057 0
      vertex 102.35516903745163 115.32322457970972 0
      vertex 102.35516903745163 97.27677542029028 0
    endloop
  endfacet
  facet normal 0 0 -1
    outer loop
      vertex 102.35516903745163 97.27677542029028 0
      vertex 102.94915903157553 115.42129272463904 0
      vertex 102.94915903157553 97.17870727536095 0
    endloop
  endfacet
  facet normal 0 0 -1
    outer loop
      vertex 102.94915903157553 97.17870727536095 0
      vertex 103.54829121108268 115.48030209379515 0
      vertex 103.54829121108268 97.11969790620485 0
    endloop
  endfacet
  facet normal 0 0 -1
    outer loop
      vertex 103.54829121108268 97.11969790620485 0
      vertex 104.15 115.5 0
      vertex 104.15 97.1 0
    endloop
  endfacet
  facet normal 0 0 -1
    outer loop
      vertex 94.96969790620486 105.69829121108268 0
      vertex 94.95 106.3 0
      vertex 94.96969790620486 106.90170878891732 0
    endloop
  endfacet
  facet normal 0 0 -1
    outer loop
      vertex 94.96969790620486 105.69829121108268 0
      vertex 94.96969790620486 106.90170878891732 0
      vertex 95.02870727536094 107.50084096842447 0
    endloop
  endfacet
  facet normal 0 0 -1
    outer loop
      vertex 95.02870727536094 105.09915903157552 0
      vertex 95.02870727536094 107.50084096842447 0
      vertex 95.12677542029029 108.09483096254837 0
    endloop
  endfacet
  facet normal 0 0 -1
    outer loop
      vertex 95.12677542029029 104.50516903745162 0
      vertex 95.12677542029029 108.09483096254837 0
      vertex 95.26348239814058 108.68113521494318 0
    endloop
  endfacet
  facet normal 0 0 -1
    outer loop
      vertex 95.26348239814058 103.91886478505681 0
      vertex 95.26348239814058 108.68113521494318 0
      vertex 95.43824280864503 109.25724308078908 0
    endloop
  endfacet
  facet normal 0 0 -1
    outer loop
      vertex 95.43824280864503 103.34275691921091 0
      vertex 95.43824280864503 109.25724308078908 0
      vertex 95.65030830089617 109.82068757775882 0
    endloop
  endfacet
  facet normal 0 0 -1
    outer loop
      vertex 95.65030830089617 102.77931242224118 0
      vertex 95.65030830089617 109.82068757775882 0
      vertex 95.89877077789927 110.36905595001481 0
    endloop
  endfacet
  facet normal 0 0 -1
    outer loop
      vertex 95.89877077789927 102.23094404998518 0
      vertex 95.89877077789927 110.36905595001481 0
      vertex 96.18256628518317 110.89999999999999 0
    endloop
  endfacet
  facet normal -0.9994645874763654 0.03271908282178647 0
    outer loop
      vertex 94.95 106.3 0
      vertex 94.96969790620486 106.90170878891732 8
      vertex 94.96969790620486 106.90170878891732 0
    endloop
  endfacet
  facet normal -0.9951847266721984 0.09801714032954562 0
    outer loop
      vertex 94.96969790620486 106.90170878891732 0
      vertex 95.02870727536094 107.50084096842447 8
      vertex 95.02870727536094 107.50084096842447 0
    endloop
  endfacet
  facet normal 0 0 -1
    outer loop
      vertex 96.18256628518317 101.7 0
      vertex 96.18256628518317 110.89999999999999 0
      vertex 96.5004795668166 111.41124614378033 0
    endloop
  endfacet
  facet normal -0.9866433320848769 0.1628954733946012 0
    outer loop
      vertex 95.02870727536094 107.50084096842447 0
      vertex 95.12677542029029 108.09483096254837 8
      vertex 95.12677542029029 108.09483096254837 0
    endloop
  endfacet
  facet normal -0.9738769792773324 0.22707626303437836 0
    outer loop
      vertex 95.12677542029029 108.09483096254837 0
      vertex 95.26348239814058 108.68113521494318 8
      vertex 95.26348239814058 108.68113521494318 0
    endloop
  endfacet
  facet normal -0.9569403357322134 0.2902846772544477 0
    outer loop
      vertex 95.26348239814058 108.68113521494318 0
      vertex 95.43824280864503 109.25724308078908 8
      vertex 95.43824280864503 109.25724308078908 0
    endloop
  endfacet
  facet normal 0 0 -1
    outer loop
      vertex 96.5004795668166 101.18875385621966 0
      vertex 96.5004795668166 111.41124614378033 0
      vertex 96.85114926932064 111.90060514688022 0
    endloop
  endfacet
  facet normal 0 0 -1
    outer loop
      vertex 96.85114926932064 100.69939485311977 0
      vertex 96.85114926932064 111.90060514688022 0
      vertex 97.23307377119342 112.36598149892063 0
    endloop
  endfacet
  facet normal 0 0 -1
    outer loop
      vertex 97.23307377119342 100.23401850107936 0
      vertex 97.23307377119342 112.36598149892063 0
      vertex 97.64461761308377 112.80538238691624 0
    endloop
  endfacet
  facet normal 0 0 -1
    outer loop
      vertex 97.64461761308377 99.79461761308376 0
      vertex 97.64461761308377 112.80538238691624 0
      vertex 98.08401850107937 113.21692622880659 0
    endloop
  endfacet
  facet normal -0.9994645874763654 0.03271908282178647 0
    outer loop
      vertex 94.95 106.3 0
      vertex 94.95 106.3 8
      vertex 94.96969790620486 106.90170878891732 8
    endloop
  endfacet
  facet normal -0.9951847266721984 0.09801714032954562 0
    outer loop
      vertex 94.96969790620486 106.90170878891732 0
      vertex 94.96969790620486 106.90170878891732 8
      vertex 95.02870727536094 107.50084096842447 8
    endloop
  endfacet
  facet normal -0.9866433320848769 0.1628954733946012 0
    outer loop
      vertex 95.02870727536094 107.50084096842447 0
      vertex 95.02870727536094 107.50084096842447 8
      vertex 95.12677542029029 108.09483096254837 8
    endloop
  endfacet
  facet normal -0.9738769792773324 0.22707626303437836 0
    outer loop
      vertex 95.12677542029029 108.09483096254837 0
      vertex 95.12677542029029 108.09483096254837 8
      vertex 95.26348239814058 108.68113521494318 8
    endloop
  endfacet
  facet normal -0.9569403357322134 0.2902846772544477 0
    outer loop
      vertex 95.26348239814058 108.68113521494318 0
      vertex 95.26348239814058 108.68113521494318 8
      vertex 95.43824280864503 109.25724308078908 8
    endloop
  endfacet
  facet normal -0.9359059267573206 0.3522500479212465 0
    outer loop
      vertex 95.43824280864503 109.25724308078908 0
      vertex 95.65030830089617 109.82068757775882 8
      vertex 95.65030830089617 109.82068757775882 0
    endloop
  endfacet
  facet normal -0.9108638249211802 0.41270702980438484 0
    outer loop
      vertex 95.65030830089617 109.82068757775882 0
      vertex 95.89877077789927 110.36905595001481 8
      vertex 95.89877077789927 110.36905595001481 0
    endloop
  endfacet
  facet normal -0.8819212643483513 0.47139673682600464 0
    outer loop
      vertex 95.89877077789927 110.36905595001481 0
      vertex 96.18256628518317 110.89999999999999 8
      vertex 96.18256628518317 110.89999999999999 0
    endloop
  endfacet
  facet normal -0.8492021815265761 0.5280678506503725 0
    outer loop
      vertex 96.18256628518317 110.89999999999999 0
      vertex 96.5004795668166 111.41124614378033 8
      vertex 96.5004795668166 111.41124614378033 0
    endloop
  endfacet
  facet normal -0.8128466845916192 0.5824776968677964 0
    outer loop
      vertex 96.5004795668166 111.41124614378033 0
      vertex 96.85114926932064 111.90060514688022 8
      vertex 96.85114926932064 111.90060514688022 0
    endloop
  endfacet
  facet normal -0.7730104533627379 0.6343932841636444 0
    outer loop
      vertex 96.85114926932064 111.90060514688022 0
      vertex 97.23307377119342 112.36598149892063 8
      vertex 97.23307377119342 112.36598149892063 0
    endloop
  endfacet
  facet normal -0.9359059267573206 0.3522500479212465 0
    outer loop
      vertex 95.43824280864503 109.25724308078908 0
      vertex 95.43824280864503 109.25724308078908 8
      vertex 95.65030830089617 109.82068757775882 8
    endloop
  endfacet
  facet normal -0.9108638249211802 0.41270702980438484 0
    outer loop
      vertex 95.65030830089617 109.82068757775882 0
      vertex 95.65030830089617 109.82068757775882 8
      vertex 95.89877077789927 110.36905595001481 8
    endloop
  endfacet
  facet normal -0.8819212643483513 0.47139673682600464 0
    outer loop
      vertex 95.89877077789927 110.36905595001481 0
      vertex 95.89877077789927 110.36905595001481 8
      vertex 96.18256628518317 110.89999999999999 8
    endloop
  endfacet
  facet normal -0.8492021815265761 0.5280678506503725 0
    outer loop
      vertex 96.18256628518317 110.89999999999999 0
      vertex 96.18256628518317 110.89999999999999 8
      vertex 96.5004795668166 111.41124614378033 8
    endloop
  endfacet
  facet normal -0.8128466845916192 0.5824776968677964 0
    outer loop
      vertex 96.5004795668166 111.41124614378033 0
      vertex 96.5004795668166 111.41124614378033 8
      vertex 96.85114926932064 111.90060514688022 8
    endloop
  endfacet
  facet normal -0.7730104533627379 0.6343932841636444 0
    outer loop
      vertex 96.85114926932064 111.90060514688022 0
      vertex 96.85114926932064 111.90060514688022 8
      vertex 97.23307377119342 112.36598149892063 8
    endloop
  endfacet
  facet normal -0.7298640726978399 0.6835923020228668 0
    outer loop
      vertex 97.23307377119342 112.36598149892063 0
      vertex 97.23307377119342 112.36598149892063 8
      vertex 97.64461761308377 112.80538238691624 8
    endloop
  endfacet
  facet normal -0.7298640726978399 0.6835923020228668 0
    outer loop
      vertex 97.23307377119342 112.36598149892063 0
      vertex 97.64461761308377 112.80538238691624 8
      vertex 97.64461761308377 112.80538238691624 0
    endloop
  endfacet
  facet normal -0.6835923020228668 0.7298640726978399 0
    outer loop
      vertex 97.64461761308377 112.80538238691624 0
      vertex 97.64461761308377 112.80538238691624 8
      vertex 98.08401850107937 113.21692622880659 0
    endloop
  endfacet
  facet normal 0 0 -1
    outer loop
      vertex 98.08401850107937 99.38307377119341 0
      vertex 98.08401850107937 113.21692622880659 0
      vertex 98.54939485311978 113.59885073067936 0
    endloop
  endfacet
  facet normal 0 0 -1
    outer loop
      vertex 98.54939485311978 99.00114926932063 0
      vertex 98.54939485311978 113.59885073067936 0
      vertex 99.03875385621967 113.94952043318341 0
    endloop
  endfacet
  facet normal 0 0 -1
    outer loop
      vertex 99.03875385621967 98.65047956681659 0
      vertex 99.03875385621967 113.94952043318341 0
      vertex 99.55000000000001 114.26743371481683 0
    endloop
  endfacet
  facet normal 0 0 -1
    outer loop
      vertex 99.55000000000001 98.33256628518316 0
      vertex 99.55000000000001 114.26743371481683 0
      vertex 100.08094404998519 114.55122922210073 0
    endloop
  endfacet
  facet normal 0 0 -1
    outer loop
      vertex 100.08094404998519 98.04877077789926 0
      vertex 100.08094404998519 114.55122922210073 0
      vertex 100.62931242224118 114.79969169910383 0
    endloop
  endfacet
  facet normal 0 0 -1
    outer loop
      vertex 100.62931242224118 97.80030830089616 0
      vertex 100.62931242224118 114.79969169910383 0
      vertex 101.19275691921092 115.01175719135497 0
    endloop
  endfacet
  facet normal 0 0 -1
    outer loop
      vertex 101.19275691921092 97.58824280864502 0
      vertex 101.19275691921092 115.01175719135497 0
      vertex 101.76886478505682 115.18651760185942 0
    endloop
  endfacet
  facet normal 0 0 -1
    outer loop
      vertex 101.76886478505682 97.41348239814057 0
      vertex 101.76886478505682 115.18651760185942 0
      vertex 102.35516903745163 115.32322457970972 0
    endloop
  endfacet
  facet normal 0 0 -1
    outer loop
      vertex 102.35516903745163 97.27677542029028 0
      vertex 102.35516903745163 115.32322457970972 0
      vertex 102.94915903157553 115.42129272463904 0
    endloop
  endfacet
  facet normal 0 0 -1
    outer loop
      vertex 102.94915903157553 97.17870727536095 0
      vertex 102.94915903157553 115.42129272463904 0
      vertex 103.54829121108268 115.48030209379515 0
    endloop
  endfacet
  facet normal 0 0 -1
    outer loop
      vertex 103.54829121108268 97.11969790620485 0
      vertex 103.54829121108268 115.48030209379515 0
      vertex 104.15 115.5 0
    endloop
  endfacet
  facet normal -0.6343932841636444 0.7730104533627379 0
    outer loop
      vertex 98.08401850107937 113.21692622880659 0
      vertex 98.08401850107937 113.21692622880659 8
      vertex 98.54939485311978 113.59885073067936 0
    endloop
  endfacet
  facet normal -0.5824776968677964 0.8128466845916192 0
    outer loop
      vertex 98.54939485311978 113.59885073067936 0
      vertex 98.54939485311978 113.59885073067936 8
      vertex 99.03875385621967 113.94952043318341 0
    endloop
  endfacet
  facet normal -0.5280678506503725 0.8492021815265761 0
    outer loop
      vertex 99.03875385621967 113.94952043318341 0
      vertex 99.03875385621967 113.94952043318341 8
      vertex 99.55000000000001 114.26743371481683 0
    endloop
  endfacet
  facet normal -0.47139673682600464 0.8819212643483513 0
    outer loop
      vertex 99.55000000000001 114.26743371481683 0
      vertex 99.55000000000001 114.26743371481683 8
      vertex 100.08094404998519 114.55122922210073 0
    endloop
  endfacet
  facet normal -0.41270702980438484 0.9108638249211802 0
    outer loop
      vertex 100.08094404998519 114.55122922210073 0
      vertex 100.08094404998519 114.55122922210073 8
      vertex 100.62931242224118 114.79969169910383 0
    endloop
  endfacet
  facet normal -0.3522500479212465 0.9359059267573206 0
    outer loop
      vertex 100.62931242224118 114.79969169910383 0
      vertex 100.62931242224118 114.79969169910383 8
      vertex 101.19275691921092 115.01175719135497 0
    endloop
  endfacet
  facet normal -0.6835923020228668 0.7298640726978399 0
    outer loop
      vertex 97.64461761308377 112.80538238691624 8
      vertex 98.08401850107937 113.21692622880659 8
      vertex 98.08401850107937 113.21692622880659 0
    endloop
  endfacet
  facet normal -0.6343932841636444 0.7730104533627379 0
    outer loop
      vertex 98.54939485311978 113.59885073067936 0
      vertex 98.08401850107937 113.21692622880659 8
      vertex 98.54939485311978 113.59885073067936 8
    endloop
  endfacet
  facet normal -0.5824776968677964 0.8128466845916192 0
    outer loop
      vertex 99.03875385621967 113.94952043318341 0
      vertex 98.54939485311978 113.59885073067936 8
      vertex 99.03875385621967 113.94952043318341 8
    endloop
  endfacet
  facet normal -0.5280678506503725 0.8492021815265761 0
    outer loop
      vertex 99.55000000000001 114.26743371481683 0
      vertex 99.03875385621967 113.94952043318341 8
      vertex 99.55000000000001 114.26743371481683 8
    endloop
  endfacet
  facet normal -0.47139673682600464 0.8819212643483513 0
    outer loop
      vertex 100.08094404998519 114.55122922210073 0
      vertex 99.55000000000001 114.26743371481683 8
      vertex 100.08094404998519 114.55122922210073 8
    endloop
  endfacet
  facet normal -0.41270702980438484 0.9108638249211802 0
    outer loop
      vertex 100.62931242224118 114.79969169910383 0
      vertex 100.08094404998519 114.55122922210073 8
      vertex 100.62931242224118 114.79969169910383 8
    endloop
  endfacet
  facet normal -0.3522500479212465 0.9359059267573206 0
    outer loop
      vertex 101.19275691921092 115.01175719135497 0
      vertex 100.62931242224118 114.79969169910383 8
      vertex 101.19275691921092 115.01175719135497 8
    endloop
  endfacet
  facet normal -0.2902846772544477 0.9569403357322134 0
    outer loop
      vertex 101.19275691921092 115.01175719135497 0
      vertex 101.19275691921092 115.01175719135497 8
      vertex 101.76886478505682 115.18651760185942 0
    endloop
  endfacet
  facet normal -0.22707626303437836 0.9738769792773324 0
    outer loop
      vertex 101.76886478505682 115.18651760185942 0
      vertex 101.76886478505682 115.18651760185942 8
      vertex 102.35516903745163 115.32322457970972 0
    endloop
  endfacet
  facet normal -0.16289547339457822 0.9866433320848806 0
    outer loop
      vertex 102.35516903745163 115.32322457970972 0
      vertex 102.35516903745163 115.32322457970972 8
      vertex 102.94915903157553 115.42129272463904 0
    endloop
  endfacet
  facet normal -0.098017140329569 0.9951847266721962 0
    outer loop
      vertex 102.94915903157553 115.42129272463904 0
      vertex 102.94915903157553 115.42129272463904 8
      vertex 103.54829121108268 115.48030209379515 0
    endloop
  endfacet
  facet normal -0.03271908282178647 0.9994645874763654 0
    outer loop
      vertex 103.54829121108268 115.48030209379515 0
      vertex 103.54829121108268 115.48030209379515 8
      vertex 104.15 115.5 0
    endloop
  endfacet
  facet normal -0.2902846772544477 0.9569403357322134 0
    outer loop
      vertex 101.76886478505682 115.18651760185942 0
      vertex 101.19275691921092 115.01175719135497 8
      vertex 101.76886478505682 115.18651760185942 8
    endloop
  endfacet
  facet normal -0.22707626303437836 0.9738769792773324 0
    outer loop
      vertex 102.35516903745163 115.32322457970972 0
      vertex 101.76886478505682 115.18651760185942 8
      vertex 102.35516903745163 115.32322457970972 8
    endloop
  endfacet
  facet normal -0.16289547339457822 0.9866433320848806 0
    outer loop
      vertex 102.94915903157553 115.42129272463904 0
      vertex 102.35516903745163 115.32322457970972 8
      vertex 102.94915903157553 115.42129272463904 8
    endloop
  endfacet
  facet normal -0.098017140329569 0.9951847266721962 0
    outer loop
      vertex 103.54829121108268 115.48030209379515 0
      vertex 102.94915903157553 115.42129272463904 8
      vertex 103.54829121108268 115.48030209379515 8
    endloop
  endfacet
  facet normal -0.03271908282178647 0.9994645874763654 0
    outer loop
      vertex 103.54829121108268 115.48030209379515 8
      vertex 104.15 115.5 8
      vertex 104.15 115.5 0
    endloop
  endfacet
  facet normal 0.03271908282178647 -0.9994645874763654 0
    outer loop
      vertex 104.15 97.1 0
      vertex 104.75170878891733 97.11969790620485 0
      vertex 104.75170878891733 97.11969790620485 8
    endloop
  endfacet
  facet normal 0.098017140329569 -0.9951847266721962 0
    outer loop
      vertex 104.75170878891733 97.11969790620485 0
      vertex 105.35084096842448 97.17870727536095 0
      vertex 105.35084096842448 97.17870727536095 8
    endloop
  endfacet
  facet normal 0.16289547339457822 -0.9866433320848806 0
    outer loop
      vertex 105.35084096842448 97.17870727536095 0
      vertex 105.94483096254838 97.27677542029028 0
      vertex 105.94483096254838 97.27677542029028 8
    endloop
  endfacet
  facet normal 0.22707626303437836 -0.9738769792773324 0
    outer loop
      vertex 105.94483096254838 97.27677542029028 0
      vertex 106.53113521494319 97.41348239814057 0
      vertex 106.53113521494319 97.41348239814057 8
    endloop
  endfacet
  facet normal 0.2902846772544477 -0.9569403357322134 0
    outer loop
      vertex 106.53113521494319 97.41348239814057 0
      vertex 107.10724308078909 97.58824280864502 0
      vertex 107.10724308078909 97.58824280864502 8
    endloop
  endfacet
  facet normal 0.03271908282178647 -0.9994645874763654 0
    outer loop
      vertex 104.15 97.1 0
      vertex 104.75170878891733 97.11969790620485 8
      vertex 104.15 97.1 8
    endloop
  endfacet
  facet normal 0.098017140329569 -0.9951847266721962 0
    outer loop
      vertex 104.75170878891733 97.11969790620485 0
      vertex 105.35084096842448 97.17870727536095 8
      vertex 104.75170878891733 97.11969790620485 8
    endloop
  endfacet
  facet normal 0.16289547339457822 -0.9866433320848806 0
    outer loop
      vertex 105.35084096842448 97.17870727536095 0
      vertex 105.94483096254838 97.27677542029028 8
      vertex 105.35084096842448 97.17870727536095 8
    endloop
  endfacet
  facet normal 0.22707626303437836 -0.9738769792773324 0
    outer loop
      vertex 105.94483096254838 97.27677542029028 0
      vertex 106.53113521494319 97.41348239814057 8
      vertex 105.94483096254838 97.27677542029028 8
    endloop
  endfacet
  facet normal 0.2902846772544477 -0.9569403357322134 0
    outer loop
      vertex 106.53113521494319 97.41348239814057 0
      vertex 107.10724308078909 97.58824280864502 8
      vertex 106.53113521494319 97.41348239814057 8
    endloop
  endfacet
  facet normal 0.3522500479212465 -0.9359059267573206 0
    outer loop
      vertex 107.10724308078909 97.58824280864502 0
      vertex 107.67068757775883 97.80030830089616 0
      vertex 107.67068757775883 97.80030830089616 8
    endloop
  endfacet
  facet normal 0.41270702980438484 -0.9108638249211802 0
    outer loop
      vertex 107.67068757775883 97.80030830089616 0
      vertex 108.21905595001482 98.04877077789926 0
      vertex 108.21905595001482 98.04877077789926 8
    endloop
  endfacet
  facet normal 0.47139673682600464 -0.8819212643483513 0
    outer loop
      vertex 108.21905595001482 98.04877077789926 0
      vertex 108.75 98.33256628518316 0
      vertex 108.75 98.33256628518316 8
    endloop
  endfacet
  facet normal 0.5280678506503725 -0.8492021815265761 0
    outer loop
      vertex 108.75 98.33256628518316 0
      vertex 109.26124614378034 98.65047956681659 0
      vertex 109.26124614378034 98.65047956681659 8
    endloop
  endfacet
  facet normal 0.5824776968677964 -0.8128466845916192 0
    outer loop
      vertex 109.26124614378034 98.65047956681659 0
      vertex 109.75060514688023 99.00114926932063 0
      vertex 109.75060514688023 99.00114926932063 8
    endloop
  endfacet
  facet normal 0.6343932841636444 -0.7730104533627379 0
    outer loop
      vertex 109.75060514688023 99.00114926932063 0
      vertex 110.21598149892064 99.38307377119341 0
      vertex 110.21598149892064 99.38307377119341 8
    endloop
  endfacet
  facet normal 0.3522500479212465 -0.9359059267573206 0
    outer loop
      vertex 107.10724308078909 97.58824280864502 0
      vertex 107.67068757775883 97.80030830089616 8
      vertex 107.10724308078909 97.58824280864502 8
    endloop
  endfacet
  facet normal 0.41270702980438484 -0.9108638249211802 0
    outer loop
      vertex 107.67068757775883 97.80030830089616 0
      vertex 108.21905595001482 98.04877077789926 8
      vertex 107.67068757775883 97.80030830089616 8
    endloop
  endfacet
  facet normal 0.47139673682600464 -0.8819212643483513 0
    outer loop
      vertex 108.21905595001482 98.04877077789926 0
      vertex 108.75 98.33256628518316 8
      vertex 108.21905595001482 98.04877077789926 8
    endloop
  endfacet
  facet normal 0.5280678506503725 -0.8492021815265761 0
    outer loop
      vertex 108.75 98.33256628518316 0
      vertex 109.26124614378034 98.65047956681659 8
      vertex 108.75 98.33256628518316 8
    endloop
  endfacet
  facet normal 0.5824776968677964 -0.8128466845916192 0
    outer loop
      vertex 109.26124614378034 98.65047956681659 0
      vertex 109.75060514688023 99.00114926932063 8
      vertex 109.26124614378034 98.65047956681659 8
    endloop
  endfacet
  facet normal 0.6343932841636444 -0.7730104533627379 0
    outer loop
      vertex 109.75060514688023 99.00114926932063 0
      vertex 110.21598149892064 99.38307377119341 8
      vertex 109.75060514688023 99.00114926932063 8
    endloop
  endfacet
  facet normal 0.6835923020228668 -0.7298640726978399 0
    outer loop
      vertex 110.21598149892064 99.38307377119341 0
      vertex 110.65538238691624 99.79461761308376 8
      vertex 110.21598149892064 99.38307377119341 8
    endloop
  endfacet
  facet normal 0 0 -1
    outer loop
      vertex 104.15 97.1 0
      vertex 104.75170878891733 115.48030209379515 0
      vertex 104.75170878891733 97.11969790620485 0
    endloop
  endfacet
  facet normal 0 0 -1
    outer loop
      vertex 104.75170878891733 97.11969790620485 0
      vertex 105.35084096842448 115.42129272463904 0
      vertex 105.35084096842448 97.17870727536095 0
    endloop
  endfacet
  facet normal 0 0 -1
    outer loop
      vertex 105.35084096842448 97.17870727536095 0
      vertex 105.94483096254838 115.32322457970972 0
      vertex 105.94483096254838 97.27677542029028 0
    endloop
  endfacet
  facet normal 0 0 -1
    outer loop
      vertex 105.94483096254838 97.27677542029028 0
      vertex 106.53113521494319 115.18651760185942 0
      vertex 106.53113521494319 97.41348239814057 0
    endloop
  endfacet
  facet normal 0 0 -1
    outer loop
      vertex 106.53113521494319 97.41348239814057 0
      vertex 107.10724308078909 115.01175719135497 0
      vertex 107.10724308078909 97.58824280864502 0
    endloop
  endfacet
  facet normal 0 0 -1
    outer loop
      vertex 107.10724308078909 97.58824280864502 0
      vertex 107.67068757775883 114.79969169910383 0
      vertex 107.67068757775883 97.80030830089616 0
    endloop
  endfacet
  facet normal 0 0 -1
    outer loop
      vertex 107.67068757775883 97.80030830089616 0
      vertex 108.21905595001482 114.55122922210073 0
      vertex 108.21905595001482 98.04877077789926 0
    endloop
  endfacet
  facet normal 0 0 -1
    outer loop
      vertex 108.21905595001482 98.04877077789926 0
      vertex 108.75 114.26743371481683 0
      vertex 108.75 98.33256628518316 0
    endloop
  endfacet
  facet normal 0 0 -1
    outer loop
      vertex 108.75 98.33256628518316 0
      vertex 109.26124614378034 113.94952043318341 0
      vertex 109.26124614378034 98.65047956681659 0
    endloop
  endfacet
  facet normal 0 0 -1
    outer loop
      vertex 109.26124614378034 98.65047956681659 0
      vertex 109.75060514688023 113.59885073067936 0
      vertex 109.75060514688023 99.00114926932063 0
    endloop
  endfacet
  facet normal 0 0 -1
    outer loop
      vertex 109.75060514688023 99.00114926932063 0
      vertex 110.21598149892064 113.21692622880659 0
      vertex 110.21598149892064 99.38307377119341 0
    endloop
  endfacet
  facet normal 0.6835923020228668 -0.7298640726978399 0
    outer loop
      vertex 110.21598149892064 99.38307377119341 0
      vertex 110.65538238691624 99.79461761308376 0
      vertex 110.65538238691624 99.79461761308376 8
    endloop
  endfacet
  facet normal 0.7298640726978399 -0.6835923020228668 0
    outer loop
      vertex 110.65538238691624 99.79461761308376 0
      vertex 111.0669262288066 100.23401850107936 0
      vertex 110.65538238691624 99.79461761308376 8
    endloop
  endfacet
  facet normal 0.7730104533627379 -0.6343932841636444 0
    outer loop
      vertex 111.0669262288066 100.23401850107936 0
      vertex 111.44885073067937 100.69939485311977 0
      vertex 111.0669262288066 100.23401850107936 8
    endloop
  endfacet
  facet normal 0.8128466845916192 -0.5824776968677964 0
    outer loop
      vertex 111.44885073067937 100.69939485311977 0
      vertex 111.79952043318342 101.18875385621966 0
      vertex 111.44885073067937 100.69939485311977 8
    endloop
  endfacet
  facet normal 0.8492021815265761 -0.5280678506503725 0
    outer loop
      vertex 111.79952043318342 101.18875385621966 0
      vertex 112.11743371481684 101.7 0
      vertex 111.79952043318342 101.18875385621966 8
    endloop
  endfacet
  facet normal 0.8819212643483513 -0.47139673682600464 0
    outer loop
      vertex 112.11743371481684 101.7 0
      vertex 112.40122922210074 102.23094404998518 0
      vertex 112.11743371481684 101.7 8
    endloop
  endfacet
  facet normal 0.9108638249211802 -0.41270702980438484 0
    outer loop
      vertex 112.40122922210074 102.23094404998518 0
      vertex 112.64969169910384 102.77931242224118 0
      vertex 112.40122922210074 102.23094404998518 8
    endloop
  endfacet
  facet normal 0.9359059267573206 -0.3522500479212465 0
    outer loop
      vertex 112.64969169910384 102.77931242224118 0
      vertex 112.86175719135498 103.34275691921091 0
      vertex 112.64969169910384 102.77931242224118 8
    endloop
  endfacet
  facet normal 0.7298640726978399 -0.6835923020228668 0
    outer loop
      vertex 110.65538238691624 99.79461761308376 8
      vertex 111.0669262288066 100.23401850107936 0
      vertex 111.0669262288066 100.23401850107936 8
    endloop
  endfacet
  facet normal 0.7730104533627379 -0.6343932841636444 0
    outer loop
      vertex 111.44885073067937 100.69939485311977 0
      vertex 111.44885073067937 100.69939485311977 8
      vertex 111.0669262288066 100.23401850107936 8
    endloop
  endfacet
  facet normal 0.8128466845916192 -0.5824776968677964 0
    outer loop
      vertex 111.79952043318342 101.18875385621966 0
      vertex 111.79952043318342 101.18875385621966 8
      vertex 111.44885073067937 100.69939485311977 8
    endloop
  endfacet
  facet normal 0.8492021815265761 -0.5280678506503725 0
    outer loop
      vertex 112.11743371481684 101.7 0
      vertex 112.11743371481684 101.7 8
      vertex 111.79952043318342 101.18875385621966 8
    endloop
  endfacet
  facet normal 0.8819212643483513 -0.47139673682600464 0
    outer loop
      vertex 112.40122922210074 102.23094404998518 0
      vertex 112.40122922210074 102.23094404998518 8
      vertex 112.11743371481684 101.7 8
    endloop
  endfacet
  facet normal 0.9108638249211802 -0.41270702980438484 0
    outer loop
      vertex 112.64969169910384 102.77931242224118 0
      vertex 112.64969169910384 102.77931242224118 8
      vertex 112.40122922210074 102.23094404998518 8
    endloop
  endfacet
  facet normal 0.9359059267573206 -0.3522500479212465 0
    outer loop
      vertex 112.86175719135498 103.34275691921091 0
      vertex 112.86175719135498 103.34275691921091 8
      vertex 112.64969169910384 102.77931242224118 8
    endloop
  endfacet
  facet normal 0 0 -1
    outer loop
      vertex 110.21598149892064 99.38307377119341 0
      vertex 110.65538238691624 112.80538238691624 0
      vertex 110.65538238691624 99.79461761308376 0
    endloop
  endfacet
  facet normal 0 0 -1
    outer loop
      vertex 110.65538238691624 99.79461761308376 0
      vertex 111.0669262288066 112.36598149892063 0
      vertex 111.0669262288066 100.23401850107936 0
    endloop
  endfacet
  facet normal 0 0 -1
    outer loop
      vertex 111.0669262288066 100.23401850107936 0
      vertex 111.44885073067937 111.90060514688022 0
      vertex 111.44885073067937 100.69939485311977 0
    endloop
  endfacet
  facet normal 0 0 -1
    outer loop
      vertex 111.44885073067937 100.69939485311977 0
      vertex 111.79952043318342 111.41124614378033 0
      vertex 111.79952043318342 101.18875385621966 0
    endloop
  endfacet
  facet normal 0 0 -1
    outer loop
      vertex 111.79952043318342 101.18875385621966 0
      vertex 112.11743371481684 110.89999999999999 0
      vertex 112.11743371481684 101.7 0
    endloop
  endfacet
  facet normal 0.9569403357322134 -0.2902846772544477 0
    outer loop
      vertex 112.86175719135498 103.34275691921091 0
      vertex 113.03651760185943 103.91886478505681 0
      vertex 112.86175719135498 103.34275691921091 8
    endloop
  endfacet
  facet normal 0.9738769792773324 -0.22707626303437836 0
    outer loop
      vertex 113.03651760185943 103.91886478505681 0
      vertex 113.17322457970972 104.50516903745162 0
      vertex 113.03651760185943 103.91886478505681 8
    endloop
  endfacet
  facet normal 0.9866433320848769 -0.1628954733946012 0
    outer loop
      vertex 113.17322457970972 104.50516903745162 0
      vertex 113.27129272463907 105.09915903157552 0
      vertex 113.17322457970972 104.50516903745162 8
    endloop
  endfacet
  facet normal 0 0 -1
    outer loop
      vertex 112.11743371481684 101.7 0
      vertex 112.40122922210074 110.36905595001481 0
      vertex 112.40122922210074 102.23094404998518 0
    endloop
  endfacet
  facet normal 0 0 -1
    outer loop
      vertex 112.40122922210074 102.23094404998518 0
      vertex 112.64969169910384 109.82068757775882 0
      vertex 112.64969169910384 102.77931242224118 0
    endloop
  endfacet
  facet normal 0 0 -1
    outer loop
      vertex 112.64969169910384 102.77931242224118 0
      vertex 112.86175719135498 109.25724308078908 0
      vertex 112.86175719135498 103.34275691921091 0
    endloop
  endfacet
  facet normal 0 0 -1
    outer loop
      vertex 112.86175719135498 103.34275691921091 0
      vertex 113.03651760185943 108.68113521494318 0
      vertex 113.03651760185943 103.91886478505681 0
    endloop
  endfacet
  facet normal 0 0 -1
    outer loop
      vertex 113.03651760185943 103.91886478505681 0
      vertex 113.17322457970972 108.09483096254837 0
      vertex 113.17322457970972 104.50516903745162 0
    endloop
  endfacet
  facet normal 0 0 -1
    outer loop
      vertex 113.17322457970972 104.50516903745162 0
      vertex 113.27129272463907 107.50084096842447 0
      vertex 113.27129272463907 105.09915903157552 0
    endloop
  endfacet
  facet normal 0 0 -1
    outer loop
      vertex 113.27129272463907 105.09915903157552 0
      vertex 113.33030209379515 106.90170878891732 0
      vertex 113.33030209379515 105.69829121108268 0
    endloop
  endfacet
  facet normal 0.9951847266721984 -0.09801714032954562 0
    outer loop
      vertex 113.27129272463907 105.09915903157552 0
      vertex 113.33030209379515 105.69829121108268 0
      vertex 113.27129272463907 105.09915903157552 8
    endloop
  endfacet
  facet normal 0.9994645874763654 -0.03271908282178647 0
    outer loop
      vertex 113.33030209379515 105.69829121108268 0
      vertex 113.35000000000001 106.3 0
      vertex 113.33030209379515 105.69829121108268 8
    endloop
  endfacet
  facet normal 0.9569403357322134 -0.2902846772544477 0
    outer loop
      vertex 113.03651760185943 103.91886478505681 0
      vertex 113.03651760185943 103.91886478505681 8
      vertex 112.86175719135498 103.34275691921091 8
    endloop
  endfacet
  facet normal 0.9738769792773324 -0.22707626303437836 0
    outer loop
      vertex 113.17322457970972 104.50516903745162 0
      vertex 113.17322457970972 104.50516903745162 8
      vertex 113.03651760185943 103.91886478505681 8
    endloop
  endfacet
  facet normal 0.9866433320848769 -0.1628954733946012 0
    outer loop
      vertex 113.27129272463907 105.09915903157552 0
      vertex 113.27129272463907 105.09915903157552 8
      vertex 113.17322457970972 104.50516903745162 8
    endloop
  endfacet
  facet normal 0.9951847266721984 -0.09801714032954562 0
    outer loop
      vertex 113.33030209379515 105.69829121108268 0
      vertex 113.33030209379515 105.69829121108268 8
      vertex 113.27129272463907 105.09915903157552 8
    endloop
  endfacet
  facet normal 0.9994645874763654 -0.03271908282178647 0
    outer loop
      vertex 113.33030209379515 105.69829121108268 8
      vertex 113.35000000000001 106.3 0
      vertex 113.35000000000001 106.3 8
    endloop
  endfacet
  facet normal 0 0 -1
    outer loop
      vertex 104.15 97.1 0
      vertex 104.15 115.5 0
      vertex 104.75170878891733 115.48030209379515 0
    endloop
  endfacet
  facet normal 0 0 -1
    outer loop
      vertex 104.75170878891733 97.11969790620485 0
      vertex 104.75170878891733 115.48030209379515 0
      vertex 105.35084096842448 115.42129272463904 0
    endloop
  endfacet
  facet normal 0 0 -1
    outer loop
      vertex 105.35084096842448 97.17870727536095 0
      vertex 105.35084096842448 115.42129272463904 0
      vertex 105.94483096254838 115.32322457970972 0
    endloop
  endfacet
  facet normal 0 0 -1
    outer loop
      vertex 105.94483096254838 97.27677542029028 0
      vertex 105.94483096254838 115.32322457970972 0
      vertex 106.53113521494319 115.18651760185942 0
    endloop
  endfacet
  facet normal 0 0 -1
    outer loop
      vertex 106.53113521494319 97.41348239814057 0
      vertex 106.53113521494319 115.18651760185942 0
      vertex 107.10724308078909 115.01175719135497 0
    endloop
  endfacet
  facet normal 0 0 -1
    outer loop
      vertex 107.10724308078909 97.58824280864502 0
      vertex 107.10724308078909 115.01175719135497 0
      vertex 107.67068757775883 114.79969169910383 0
    endloop
  endfacet
  facet normal 0 0 -1
    outer loop
      vertex 107.67068757775883 97.80030830089616 0
      vertex 107.67068757775883 114.79969169910383 0
      vertex 108.21905595001482 114.55122922210073 0
    endloop
  endfacet
  facet normal 0 0 -1
    outer loop
      vertex 108.21905595001482 98.04877077789926 0
      vertex 108.21905595001482 114.55122922210073 0
      vertex 108.75 114.26743371481683 0
    endloop
  endfacet
  facet normal 0 0 -1
    outer loop
      vertex 108.75 98.33256628518316 0
      vertex 108.75 114.26743371481683 0
      vertex 109.26124614378034 113.94952043318341 0
    endloop
  endfacet
  facet normal 0 0 -1
    outer loop
      vertex 109.26124614378034 98.65047956681659 0
      vertex 109.26124614378034 113.94952043318341 0
      vertex 109.75060514688023 113.59885073067936 0
    endloop
  endfacet
  facet normal 0 0 -1
    outer loop
      vertex 109.75060514688023 99.00114926932063 0
      vertex 109.75060514688023 113.59885073067936 0
      vertex 110.21598149892064 113.21692622880659 0
    endloop
  endfacet
  facet normal 0 0 -1
    outer loop
      vertex 110.21598149892064 99.38307377119341 0
      vertex 110.21598149892064 113.21692622880659 0
      vertex 110.65538238691624 112.80538238691624 0
    endloop
  endfacet
  facet normal 0.03271908282178647 0.9994645874763654 0
    outer loop
      vertex 104.15 115.5 0
      vertex 104.15 115.5 8
      vertex 104.75170878891733 115.48030209379515 0
    endloop
  endfacet
  facet normal 0.098017140329569 0.9951847266721962 0
    outer loop
      vertex 104.75170878891733 115.48030209379515 0
      vertex 104.75170878891733 115.48030209379515 8
      vertex 105.35084096842448 115.42129272463904 0
    endloop
  endfacet
  facet normal 0.16289547339457822 0.9866433320848806 0
    outer loop
      vertex 105.35084096842448 115.42129272463904 0
      vertex 105.35084096842448 115.42129272463904 8
      vertex 105.94483096254838 115.32322457970972 0
    endloop
  endfacet
  facet normal 0.22707626303437836 0.9738769792773324 0
    outer loop
      vertex 105.94483096254838 115.32322457970972 0
      vertex 105.94483096254838 115.32322457970972 8
      vertex 106.53113521494319 115.18651760185942 0
    endloop
  endfacet
  facet normal 0.2902846772544477 0.9569403357322134 0
    outer loop
      vertex 106.53113521494319 115.18651760185942 0
      vertex 106.53113521494319 115.18651760185942 8
      vertex 107.10724308078909 115.01175719135497 0
    endloop
  endfacet
  facet normal 0.03271908282178647 0.9994645874763654 0
    outer loop
      vertex 104.75170878891733 115.48030209379515 0
      vertex 104.15 115.5 8
      vertex 104.75170878891733 115.48030209379515 8
    endloop
  endfacet
  facet normal 0.098017140329569 0.9951847266721962 0
    outer loop
      vertex 105.35084096842448 115.42129272463904 0
      vertex 104.75170878891733 115.48030209379515 8
      vertex 105.35084096842448 115.42129272463904 8
    endloop
  endfacet
  facet normal 0.16289547339457822 0.9866433320848806 0
    outer loop
      vertex 105.94483096254838 115.32322457970972 0
      vertex 105.35084096842448 115.42129272463904 8
      vertex 105.94483096254838 115.32322457970972 8
    endloop
  endfacet
  facet normal 0.22707626303437836 0.9738769792773324 0
    outer loop
      vertex 106.53113521494319 115.18651760185942 0
      vertex 105.94483096254838 115.32322457970972 8
      vertex 106.53113521494319 115.18651760185942 8
    endloop
  endfacet
  facet normal 0.2902846772544477 0.9569403357322134 0
    outer loop
      vertex 107.10724308078909 115.01175719135497 0
      vertex 106.53113521494319 115.18651760185942 8
      vertex 107.10724308078909 115.01175719135497 8
    endloop
  endfacet
  facet normal 0.41270702980438484 0.9108638249211802 0
    outer loop
      vertex 107.67068757775883 114.79969169910383 0
      vertex 107.67068757775883 114.79969169910383 8
      vertex 108.21905595001482 114.55122922210073 0
    endloop
  endfacet
  facet normal 0.3522500479212465 0.9359059267573206 0
    outer loop
      vertex 107.10724308078909 115.01175719135497 0
      vertex 107.10724308078909 115.01175719135497 8
      vertex 107.67068757775883 114.79969169910383 0
    endloop
  endfacet
  facet normal 0.47139673682600464 0.8819212643483513 0
    outer loop
      vertex 108.21905595001482 114.55122922210073 0
      vertex 108.21905595001482 114.55122922210073 8
      vertex 108.75 114.26743371481683 0
    endloop
  endfacet
  facet normal 0.5824776968677964 0.8128466845916192 0
    outer loop
      vertex 109.26124614378034 113.94952043318341 0
      vertex 109.26124614378034 113.94952043318341 8
      vertex 109.75060514688023 113.59885073067936 0
    endloop
  endfacet
  facet normal 0.6835923020228668 0.7298640726978399 0
    outer loop
      vertex 110.21598149892064 113.21692622880659 0
      vertex 110.21598149892064 113.21692622880659 8
      vertex 110.65538238691624 112.80538238691624 0
    endloop
  endfacet
  facet normal 0.6343932841636444 0.7730104533627379 0
    outer loop
      vertex 110.21598149892064 113.21692622880659 0
      vertex 109.75060514688023 113.59885073067936 0
      vertex 109.75060514688023 113.59885073067936 8
    endloop
  endfacet
  facet normal 0.5280678506503725 0.8492021815265761 0
    outer loop
      vertex 108.75 114.26743371481683 0
      vertex 108.75 114.26743371481683 8
      vertex 109.26124614378034 113.94952043318341 0
    endloop
  endfacet
  facet normal 0.3522500479212465 0.9359059267573206 0
    outer loop
      vertex 107.67068757775883 114.79969169910383 0
      vertex 107.10724308078909 115.01175719135497 8
      vertex 107.67068757775883 114.79969169910383 8
    endloop
  endfacet
  facet normal 0.41270702980438484 0.9108638249211802 0
    outer loop
      vertex 108.21905595001482 114.55122922210073 0
      vertex 107.67068757775883 114.79969169910383 8
      vertex 108.21905595001482 114.55122922210073 8
    endloop
  endfacet
  facet normal 0.47139673682600464 0.8819212643483513 0
    outer loop
      vertex 108.75 114.26743371481683 0
      vertex 108.21905595001482 114.55122922210073 8
      vertex 108.75 114.26743371481683 8
    endloop
  endfacet
  facet normal 0.5280678506503725 0.8492021815265761 0
    outer loop
      vertex 109.26124614378034 113.94952043318341 0
      vertex 108.75 114.26743371481683 8
      vertex 109.26124614378034 113.94952043318341 8
    endloop
  endfacet
  facet normal 0.5824776968677964 0.8128466845916192 0
    outer loop
      vertex 109.75060514688023 113.59885073067936 0
      vertex 109.26124614378034 113.94952043318341 8
      vertex 109.75060514688023 113.59885073067936 8
    endloop
  endfacet
  facet normal 0.6343932841636444 0.7730104533627379 0
    outer loop
      vertex 110.21598149892064 113.21692622880659 0
      vertex 109.75060514688023 113.59885073067936 8
      vertex 110.21598149892064 113.21692622880659 8
    endloop
  endfacet
  facet normal 0 0 -1
    outer loop
      vertex 111.79952043318342 101.18875385621966 0
      vertex 111.79952043318342 111.41124614378033 0
      vertex 112.11743371481684 110.89999999999999 0
    endloop
  endfacet
  facet normal 0 0 -1
    outer loop
      vertex 110.65538238691624 99.79461761308376 0
      vertex 110.65538238691624 112.80538238691624 0
      vertex 111.0669262288066 112.36598149892063 0
    endloop
  endfacet
  facet normal 0 0 -1
    outer loop
      vertex 111.0669262288066 100.23401850107936 0
      vertex 111.0669262288066 112.36598149892063 0
      vertex 111.44885073067937 111.90060514688022 0
    endloop
  endfacet
  facet normal 0 0 -1
    outer loop
      vertex 111.44885073067937 100.69939485311977 0
      vertex 111.44885073067937 111.90060514688022 0
      vertex 111.79952043318342 111.41124614378033 0
    endloop
  endfacet
  facet normal 0 0 -1
    outer loop
      vertex 112.11743371481684 101.7 0
      vertex 112.11743371481684 110.89999999999999 0
      vertex 112.40122922210074 110.36905595001481 0
    endloop
  endfacet
  facet normal 0 0 -1
    outer loop
      vertex 112.64969169910384 102.77931242224118 0
      vertex 112.64969169910384 109.82068757775882 0
      vertex 112.86175719135498 109.25724308078908 0
    endloop
  endfacet
  facet normal 0 0 -1
    outer loop
      vertex 112.40122922210074 102.23094404998518 0
      vertex 112.40122922210074 110.36905595001481 0
      vertex 112.64969169910384 109.82068757775882 0
    endloop
  endfacet
  facet normal 0 0 -1
    outer loop
      vertex 113.03651760185943 103.91886478505681 0
      vertex 113.03651760185943 108.68113521494318 0
      vertex 113.17322457970972 108.09483096254837 0
    endloop
  endfacet
  facet normal 0 0 -1
    outer loop
      vertex 113.27129272463907 105.09915903157552 0
      vertex 113.27129272463907 107.50084096842447 0
      vertex 113.33030209379515 106.90170878891732 0
    endloop
  endfacet
  facet normal 0 0 -1
    outer loop
      vertex 113.33030209379515 105.69829121108268 0
      vertex 113.33030209379515 106.90170878891732 0
      vertex 113.35000000000001 106.3 0
    endloop
  endfacet
  facet normal 0 0 -1
    outer loop
      vertex 113.17322457970972 104.50516903745162 0
      vertex 113.17322457970972 108.09483096254837 0
      vertex 113.27129272463907 107.50084096842447 0
    endloop
  endfacet
  facet normal 0 0 -1
    outer loop
      vertex 112.86175719135498 103.34275691921091 0
      vertex 112.86175719135498 109.25724308078908 0
      vertex 113.03651760185943 108.68113521494318 0
    endloop
  endfacet
  facet normal 0.9994645874763654 0.03271908282178647 0
    outer loop
      vertex 113.35000000000001 106.3 0
      vertex 113.33030209379515 106.90170878891732 0
      vertex 113.35000000000001 106.3 8
    endloop
  endfacet
  facet normal 0.9951847266721984 0.09801714032954562 0
    outer loop
      vertex 113.33030209379515 106.90170878891732 0
      vertex 113.27129272463907 107.50084096842447 0
      vertex 113.33030209379515 106.90170878891732 8
    endloop
  endfacet
  facet normal 0.9866433320848769 0.1628954733946012 0
    outer loop
      vertex 113.27129272463907 107.50084096842447 0
      vertex 113.17322457970972 108.09483096254837 0
      vertex 113.27129272463907 107.50084096842447 8
    endloop
  endfacet
  facet normal 0.9738769792773324 0.22707626303437836 0
    outer loop
      vertex 113.17322457970972 108.09483096254837 0
      vertex 113.03651760185943 108.68113521494318 0
      vertex 113.17322457970972 108.09483096254837 8
    endloop
  endfacet
  facet normal 0.9569403357322134 0.2902846772544477 0
    outer loop
      vertex 113.03651760185943 108.68113521494318 0
      vertex 112.86175719135498 109.25724308078908 0
      vertex 113.03651760185943 108.68113521494318 8
    endloop
  endfacet
  facet normal 0.9994645874763654 0.03271908282178647 0
    outer loop
      vertex 113.33030209379515 106.90170878891732 0
      vertex 113.33030209379515 106.90170878891732 8
      vertex 113.35000000000001 106.3 8
    endloop
  endfacet
  facet normal 0.9951847266721984 0.09801714032954562 0
    outer loop
      vertex 113.27129272463907 107.50084096842447 0
      vertex 113.27129272463907 107.50084096842447 8
      vertex 113.33030209379515 106.90170878891732 8
    endloop
  endfacet
  facet normal 0.9738769792773324 0.22707626303437836 0
    outer loop
      vertex 113.03651760185943 108.68113521494318 0
      vertex 113.03651760185943 108.68113521494318 8
      vertex 113.17322457970972 108.09483096254837 8
    endloop
  endfacet
  facet normal 0.9866433320848769 0.1628954733946012 0
    outer loop
      vertex 113.17322457970972 108.09483096254837 0
      vertex 113.17322457970972 108.09483096254837 8
      vertex 113.27129272463907 107.50084096842447 8
    endloop
  endfacet
  facet normal 0.9569403357322134 0.2902846772544477 0
    outer loop
      vertex 112.86175719135498 109.25724308078908 0
      vertex 112.86175719135498 109.25724308078908 8
      vertex 113.03651760185943 108.68113521494318 8
    endloop
  endfacet
  facet normal 0.7298640726978399 0.6835923020228668 0
    outer loop
      vertex 111.0669262288066 112.36598149892063 0
      vertex 110.65538238691624 112.80538238691624 0
      vertex 111.0669262288066 112.36598149892063 8
    endloop
  endfacet
  facet normal 0.8128466845916192 0.5824776968677964 0
    outer loop
      vertex 111.79952043318342 111.41124614378033 0
      vertex 111.44885073067937 111.90060514688022 0
      vertex 111.79952043318342 111.41124614378033 8
    endloop
  endfacet
  facet normal 0.7730104533627379 0.6343932841636444 0
    outer loop
      vertex 111.0669262288066 112.36598149892063 0
      vertex 111.44885073067937 111.90060514688022 8
      vertex 111.44885073067937 111.90060514688022 0
    endloop
  endfacet
  facet normal 0.9108638249211802 0.41270702980438484 0
    outer loop
      vertex 112.64969169910384 109.82068757775882 0
      vertex 112.40122922210074 110.36905595001481 0
      vertex 112.64969169910384 109.82068757775882 8
    endloop
  endfacet
  facet normal 0.8819212643483513 0.47139673682600464 0
    outer loop
      vertex 112.11743371481684 110.89999999999999 0
      vertex 112.40122922210074 110.36905595001481 8
      vertex 112.40122922210074 110.36905595001481 0
    endloop
  endfacet
  facet normal 0.9359059267573206 0.3522500479212465 0
    outer loop
      vertex 112.86175719135498 109.25724308078908 0
      vertex 112.64969169910384 109.82068757775882 0
      vertex 112.86175719135498 109.25724308078908 8
    endloop
  endfacet
  facet normal 0.8492021815265761 0.5280678506503725 0
    outer loop
      vertex 111.79952043318342 111.41124614378033 0
      vertex 112.11743371481684 110.89999999999999 8
      vertex 112.11743371481684 110.89999999999999 0
    endloop
  endfacet
  facet normal 0.8128466845916192 0.5824776968677964 0
    outer loop
      vertex 111.44885073067937 111.90060514688022 0
      vertex 111.44885073067937 111.90060514688022 8
      vertex 111.79952043318342 111.41124614378033 8
    endloop
  endfacet
  facet normal 0.8492021815265761 0.5280678506503725 0
    outer loop
      vertex 111.79952043318342 111.41124614378033 0
      vertex 111.79952043318342 111.41124614378033 8
      vertex 112.11743371481684 110.89999999999999 8
    endloop
  endfacet
  facet normal 0.7730104533627379 0.6343932841636444 0
    outer loop
      vertex 111.0669262288066 112.36598149892063 0
      vertex 111.0669262288066 112.36598149892063 8
      vertex 111.44885073067937 111.90060514688022 8
    endloop
  endfacet
  facet normal 0.9359059267573206 0.3522500479212465 0
    outer loop
      vertex 112.64969169910384 109.82068757775882 0
      vertex 112.64969169910384 109.82068757775882 8
      vertex 112.86175719135498 109.25724308078908 8
    endloop
  endfacet
  facet normal 0.9108638249211802 0.41270702980438484 0
    outer loop
      vertex 112.40122922210074 110.36905595001481 0
      vertex 112.40122922210074 110.36905595001481 8
      vertex 112.64969169910384 109.82068757775882 8
    endloop
  endfacet
  facet normal 0.8819212643483513 0.47139673682600464 0
    outer loop
      vertex 112.11743371481684 110.89999999999999 0
      vertex 112.11743371481684 110.89999999999999 8
      vertex 112.40122922210074 110.36905595001481 8
    endloop
  endfacet
  facet normal 0.6835923020228668 0.7298640726978399 0
    outer loop
      vertex 110.21598149892064 113.21692622880659 8
      vertex 110.65538238691624 112.80538238691624 8
      vertex 110.65538238691624 112.80538238691624 0
    endloop
  endfacet
  facet normal 0.7298640726978399 0.6835923020228668 0
    outer loop
      vertex 111.0669262288066 112.36598149892063 8
      vertex 110.65538238691624 112.80538238691624 0
      vertex 110.65538238691624 112.80538238691624 8
    endloop
  endfacet
  facet normal -0.4599687646916247 -0.4911036518670315 -0.7397607306629127
    outer loop
      vertex 97.64461761308377 99.79461761308376 8
      vertex 95.90817731124915 96.90200240651278 11
      vertex 95.31116523516816 97.46116523516815 11
    endloop
  endfacet
  facet normal -0.5201355578095369 -0.426864220650121 -0.7397607306629129
    outer loop
      vertex 96.85114926932064 100.69939485311977 8
      vertex 94.75200240651279 98.05817731124914 11
      vertex 94.23308324635957 98.69048213739099 11
    endloop
  endfacet
  facet normal -0.5469401634408396 -0.3919317784824044 -0.7397607306629131
    outer loop
      vertex 96.5004795668166 101.18875385621966 8
      vertex 94.23308324635957 98.69048213739099 11
      vertex 93.75662984621819 99.35537208725498 11
    endloop
  endfacet
  facet normal -0.49110365186703125 -0.45996876469162445 -0.7397607306629128
    outer loop
      vertex 97.23307377119342 100.23401850107936 8
      vertex 95.31116523516816 97.46116523516815 11
      vertex 94.75200240651279 98.05817731124914 11
    endloop
  endfacet
  facet normal -0.5201355578095372 -0.4268642206501205 -0.7397607306629128
    outer loop
      vertex 96.85114926932064 100.69939485311977 8
      vertex 97.23307377119342 100.23401850107936 8
      vertex 94.75200240651279 98.05817731124914 11
    endloop
  endfacet
  facet normal -0.426864220650121 -0.5201355578095369 -0.7397607306629129
    outer loop
      vertex 98.08401850107937 99.38307377119341 8
      vertex 96.540482137391 96.38308324635956 11
      vertex 95.90817731124915 96.90200240651278 11
    endloop
  endfacet
  facet normal -0.39193177848241 -0.5469401634408358 -0.739760730662913
    outer loop
      vertex 98.54939485311978 99.00114926932063 8
      vertex 97.20537208725497 95.90662984621818 11
      vertex 96.540482137391 96.38308324635956 11
    endloop
  endfacet
  facet normal -0.4268642206501205 -0.5201355578095372 -0.739760730662913
    outer loop
      vertex 98.54939485311978 99.00114926932063 8
      vertex 96.540482137391 96.38308324635956 11
      vertex 98.08401850107937 99.38307377119341 8
    endloop
  endfacet
  facet normal -0.4911036518670336 -0.4599687646916226 -0.7397607306629126
    outer loop
      vertex 97.64461761308377 99.79461761308376 8
      vertex 95.31116523516816 97.46116523516815 11
      vertex 97.23307377119342 100.23401850107936 8
    endloop
  endfacet
  facet normal -0.45996876469162234 -0.49110365186703325 -0.7397607306629129
    outer loop
      vertex 97.64461761308377 99.79461761308376 8
      vertex 98.08401850107937 99.38307377119341 8
      vertex 95.90817731124915 96.90200240651278 11
    endloop
  endfacet
  facet normal -0.5714026873245021 -0.35532102426877277 -0.7397607306629135
    outer loop
      vertex 96.18256628518317 101.7 8
      vertex 93.75662984621819 99.35537208725498 11
      vertex 93.32468245269452 100.05 11
    endloop
  endfacet
  facet normal -0.593418377177715 -0.3171887308793313 -0.7397607306629127
    outer loop
      vertex 95.89877077789927 102.23094404998518 8
      vertex 93.32468245269452 100.05 11
      vertex 92.9390907308414 100.77139137226249 11
    endloop
  endfacet
  facet normal -0.6297430379544182 -0.23701849614959056 -0.7397607306629128
    outer loop
      vertex 95.43824280864503 103.34275691921091 8
      vertex 92.60150584360892 101.51645709543638 11
      vertex 92.31337338131118 102.28200668371048 11
    endloop
  endfacet
  facet normal -0.6128929584365977 -0.2776981866485761 -0.7397607306629134
    outer loop
      vertex 95.65030830089617 102.77931242224118 8
      vertex 92.9390907308414 100.77139137226249 11
      vertex 92.60150584360892 101.51645709543638 11
    endloop
  endfacet
  facet normal -0.6438964611038102 -0.1953238560623407 -0.7397607306629134
    outer loop
      vertex 95.26348239814058 103.91886478505681 8
      vertex 92.31337338131118 102.28200668371048 11
      vertex 92.07592717138665 103.06476193621849 11
    endloop
  endfacet
  facet normal -0.6297430379544153 -0.23701849614959608 -0.7397607306629134
    outer loop
      vertex 95.65030830089617 102.77931242224118 8
      vertex 92.60150584360892 101.51645709543638 11
      vertex 95.43824280864503 103.34275691921091 8
    endloop
  endfacet
  facet normal -0.6552926207539704 -0.1527928092367779 -0.7397607306629128
    outer loop
      vertex 95.12677542029029 104.50516903745162 8
      vertex 92.07592717138665 103.06476193621849 11
      vertex 91.89018399495963 103.86137097479839 11
    endloop
  endfacet
  facet normal -0.6638827167997096 -0.10960748014488361 -0.739760730662912
    outer loop
      vertex 95.02870727536094 105.09915903157552 8
      vertex 91.89018399495963 103.86137097479839 11
      vertex 91.75693923282738 104.66842259724935 11
    endloop
  endfacet
  facet normal -0.6696299651309816 -0.06595279499576247 -0.7397607306629133
    outer loop
      vertex 94.96969790620486 105.69829121108268 8
      vertex 91.75693923282738 104.66842259724935 11
      vertex 91.67676345951746 105.48246088462321 11
    endloop
  endfacet
  facet normal -0.6725097551481029 -0.022015689853205376 -0.7397607306629125
    outer loop
      vertex 91.65 106.3 11
      vertex 94.95 106.3 8
      vertex 91.67676345951746 105.48246088462321 11
    endloop
  endfacet
  facet normal -0.6438964611038127 -0.19532385606233493 -0.7397607306629126
    outer loop
      vertex 95.43824280864503 103.34275691921091 8
      vertex 92.31337338131118 102.28200668371048 11
      vertex 95.26348239814058 103.91886478505681 8
    endloop
  endfacet
  facet normal -0.6552926207539688 -0.15279280923678243 -0.7397607306629133
    outer loop
      vertex 95.26348239814058 103.91886478505681 8
      vertex 92.07592717138665 103.06476193621849 11
      vertex 95.12677542029029 104.50516903745162 8
    endloop
  endfacet
  facet normal -0.6638827167997075 -0.10960748014489106 -0.7397607306629128
    outer loop
      vertex 95.12677542029029 104.50516903745162 8
      vertex 91.89018399495963 103.86137097479839 11
      vertex 95.02870727536094 105.09915903157552 8
    endloop
  endfacet
  facet normal -0.6696299651309844 -0.06595279499574945 -0.7397607306629117
    outer loop
      vertex 95.02870727536094 105.09915903157552 8
      vertex 91.75693923282738 104.66842259724935 11
      vertex 94.96969790620486 105.69829121108268 8
    endloop
  endfacet
  facet normal -0.6725097551481015 -0.02201568985321394 -0.7397607306629134
    outer loop
      vertex 94.96969790620486 105.69829121108268 8
      vertex 91.67676345951746 105.48246088462321 11
      vertex 94.95 106.3 8
    endloop
  endfacet
  facet normal -0.5714026873245036 -0.35532102426877066 -0.7397607306629131
    outer loop
      vertex 96.18256628518317 101.7 8
      vertex 96.5004795668166 101.18875385621966 8
      vertex 93.75662984621819 99.35537208725498 11
    endloop
  endfacet
  facet normal -0.5934183771777095 -0.3171887308793389 -0.7397607306629136
    outer loop
      vertex 95.89877077789927 102.23094404998518 8
      vertex 96.18256628518317 101.7 8
      vertex 93.32468245269452 100.05 11
    endloop
  endfacet
  facet normal -0.5469401634408416 -0.39193177848240224 -0.7397607306629128
    outer loop
      vertex 96.85114926932064 100.69939485311977 8
      vertex 94.23308324635957 98.69048213739099 11
      vertex 96.5004795668166 101.18875385621966 8
    endloop
  endfacet
  facet normal -0.6128929584366015 -0.2776981866485698 -0.7397607306629125
    outer loop
      vertex 95.89877077789927 102.23094404998518 8
      vertex 92.9390907308414 100.77139137226249 11
      vertex 95.65030830089617 102.77931242224118 8
    endloop
  endfacet
  facet normal -0.3553210242687672 -0.5714026873245048 -0.7397607306629139
    outer loop
      vertex 99.03875385621967 98.65047956681659 8
      vertex 97.9 95.47468245269451 11
      vertex 97.20537208725497 95.90662984621818 11
    endloop
  endfacet
  facet normal -0.2776981866485765 -0.6128929584365985 -0.7397607306629127
    outer loop
      vertex 100.08094404998519 98.04877077789926 8
      vertex 99.36645709543639 94.75150584360891 11
      vertex 98.6213913722625 95.08909073084139 11
    endloop
  endfacet
  facet normal -0.31718873087933086 -0.5934183771777141 -0.7397607306629134
    outer loop
      vertex 99.55000000000001 98.33256628518316 8
      vertex 98.6213913722625 95.08909073084139 11
      vertex 97.9 95.47468245269451 11
    endloop
  endfacet
  facet normal -0.23701849614959034 -0.6297430379544177 -0.7397607306629134
    outer loop
      vertex 100.62931242224118 97.80030830089616 8
      vertex 100.13200668371049 94.46337338131117 11
      vertex 99.36645709543639 94.75150584360891 11
    endloop
  endfacet
  facet normal -0.27769818664856943 -0.6128929584366007 -0.7397607306629135
    outer loop
      vertex 100.08094404998519 98.04877077789926 8
      vertex 100.62931242224118 97.80030830089616 8
      vertex 99.36645709543639 94.75150584360891 11
    endloop
  endfacet
  facet normal -0.19532385606234087 -0.6438964611038107 -0.7397607306629128
    outer loop
      vertex 101.19275691921092 97.58824280864502 8
      vertex 100.9147619362185 94.22592717138664 11
      vertex 100.13200668371049 94.46337338131117 11
    endloop
  endfacet
  facet normal -0.23701849614959639 -0.6297430379544162 -0.7397607306629127
    outer loop
      vertex 100.62931242224118 97.80030830089616 8
      vertex 101.19275691921092 97.58824280864502 8
      vertex 100.13200668371049 94.46337338131117 11
    endloop
  endfacet
  facet normal -0.39193177848240146 -0.5469401634408405 -0.739760730662914
    outer loop
      vertex 98.54939485311978 99.00114926932063 8
      vertex 99.03875385621967 98.65047956681659 8
      vertex 97.20537208725497 95.90662984621818 11
    endloop
  endfacet
  facet normal -0.3553210242687705 -0.5714026873245034 -0.7397607306629135
    outer loop
      vertex 99.03875385621967 98.65047956681659 8
      vertex 99.55000000000001 98.33256628518316 8
      vertex 97.9 95.47468245269451 11
    endloop
  endfacet
  facet normal -0.3171887308793395 -0.5934183771777107 -0.7397607306629125
    outer loop
      vertex 99.55000000000001 98.33256628518316 8
      vertex 100.08094404998519 98.04877077789926 8
      vertex 98.6213913722625 95.08909073084139 11
    endloop
  endfacet
  facet normal -0.1527928092367778 -0.65529262075397 -0.7397607306629133
    outer loop
      vertex 101.76886478505682 97.41348239814057 8
      vertex 101.7113709747984 94.04018399495962 11
      vertex 100.9147619362185 94.22592717138664 11
    endloop
  endfacet
  facet normal -0.10960748014488349 -0.6638827167997088 -0.7397607306629127
    outer loop
      vertex 102.35516903745163 97.27677542029028 8
      vertex 102.51842259724936 93.90693923282737 11
      vertex 101.7113709747984 94.04018399495962 11
    endloop
  endfacet
  facet normal -0.19532385606233466 -0.6438964611038118 -0.7397607306629135
    outer loop
      vertex 101.19275691921092 97.58824280864502 8
      vertex 101.76886478505682 97.41348239814057 8
      vertex 100.9147619362185 94.22592717138664 11
    endloop
  endfacet
  facet normal -0.15279280923678257 -0.6552926207539694 -0.7397607306629126
    outer loop
      vertex 101.76886478505682 97.41348239814057 8
      vertex 102.35516903745163 97.27677542029028 8
      vertex 101.7113709747984 94.04018399495962 11
    endloop
  endfacet
  facet normal -0.06595279499576244 -0.6696299651309814 -0.7397607306629135
    outer loop
      vertex 102.94915903157553 97.17870727536095 8
      vertex 103.33246088462322 93.82676345951745 11
      vertex 102.51842259724936 93.90693923282737 11
    endloop
  endfacet
  facet normal -0.022015689853205348 -0.672509755148102 -0.7397607306629134
    outer loop
      vertex 103.54829121108268 97.11969790620485 8
      vertex 104.15 93.8 11
      vertex 103.33246088462322 93.82676345951745 11
    endloop
  endfacet
  facet normal -0.1096074801448755 -0.6638827167997093 -0.7397607306629136
    outer loop
      vertex 102.35516903745163 97.27677542029028 8
      vertex 102.94915903157553 97.17870727536095 8
      vertex 102.51842259724936 93.90693923282737 11
    endloop
  endfacet
  facet normal -0.06595279499576504 -0.6696299651309814 -0.7397607306629131
    outer loop
      vertex 102.94915903157553 97.17870727536095 8
      vertex 103.54829121108268 97.11969790620485 8
      vertex 103.33246088462322 93.82676345951745 11
    endloop
  endfacet
  facet normal -0.022015689853213977 -0.6725097551481027 -0.7397607306629124
    outer loop
      vertex 103.54829121108268 97.11969790620485 8
      vertex 104.15 97.1 8
      vertex 104.15 93.8 11
    endloop
  endfacet
  facet normal -0.6725097551481029 0.022015689853205376 -0.7397607306629125
    outer loop
      vertex 94.95 106.3 8
      vertex 91.65 106.3 11
      vertex 91.67676345951746 107.11753911537679 11
    endloop
  endfacet
  facet normal -0.6696299651309816 0.06595279499576247 -0.7397607306629133
    outer loop
      vertex 94.96969790620486 106.90170878891732 8
      vertex 91.67676345951746 107.11753911537679 11
      vertex 91.75693923282738 107.93157740275065 11
    endloop
  endfacet
  facet normal -0.6638827167997096 0.10960748014488361 -0.739760730662912
    outer loop
      vertex 95.02870727536094 107.50084096842447 8
      vertex 91.75693923282738 107.93157740275065 11
      vertex 91.89018399495963 108.7386290252016 11
    endloop
  endfacet
  facet normal -0.6552926207539704 0.1527928092367779 -0.7397607306629128
    outer loop
      vertex 95.12677542029029 108.09483096254837 8
      vertex 91.89018399495963 108.7386290252016 11
      vertex 92.07592717138665 109.5352380637815 11
    endloop
  endfacet
  facet normal -0.6725097551481015 0.02201568985321394 -0.7397607306629134
    outer loop
      vertex 94.95 106.3 8
      vertex 91.67676345951746 107.11753911537679 11
      vertex 94.96969790620486 106.90170878891732 8
    endloop
  endfacet
  facet normal -0.6696299651309844 0.06595279499574945 -0.7397607306629117
    outer loop
      vertex 94.96969790620486 106.90170878891732 8
      vertex 91.75693923282738 107.93157740275065 11
      vertex 95.02870727536094 107.50084096842447 8
    endloop
  endfacet
  facet normal -0.6638827167997075 0.10960748014489106 -0.7397607306629128
    outer loop
      vertex 95.02870727536094 107.50084096842447 8
      vertex 91.89018399495963 108.7386290252016 11
      vertex 95.12677542029029 108.09483096254837 8
    endloop
  endfacet
  facet normal -0.6552926207539688 0.15279280923678243 -0.7397607306629133
    outer loop
      vertex 95.12677542029029 108.09483096254837 8
      vertex 92.07592717138665 109.5352380637815 11
      vertex 95.26348239814058 108.68113521494318 8
    endloop
  endfacet
  facet normal -0.6438964611038127 0.19532385606233493 -0.7397607306629127
    outer loop
      vertex 95.26348239814058 108.68113521494318 8
      vertex 92.31337338131118 110.31799331628952 11
      vertex 95.43824280864503 109.25724308078908 8
    endloop
  endfacet
  facet normal -0.6438964611038102 0.1953238560623407 -0.7397607306629134
    outer loop
      vertex 95.26348239814058 108.68113521494318 8
      vertex 92.07592717138665 109.5352380637815 11
      vertex 92.31337338131118 110.31799331628952 11
    endloop
  endfacet
  facet normal -0.6297430379544182 0.23701849614959056 -0.7397607306629128
    outer loop
      vertex 95.43824280864503 109.25724308078908 8
      vertex 92.31337338131118 110.31799331628952 11
      vertex 92.60150584360892 111.08354290456361 11
    endloop
  endfacet
  facet normal -0.6128929584365977 0.2776981866485761 -0.7397607306629134
    outer loop
      vertex 95.65030830089617 109.82068757775882 8
      vertex 92.60150584360892 111.08354290456361 11
      vertex 92.9390907308414 111.82860862773751 11
    endloop
  endfacet
  facet normal -0.6297430379544153 0.23701849614959608 -0.7397607306629134
    outer loop
      vertex 95.43824280864503 109.25724308078908 8
      vertex 92.60150584360892 111.08354290456361 11
      vertex 95.65030830089617 109.82068757775882 8
    endloop
  endfacet
  facet normal -0.593418377177715 0.3171887308793313 -0.7397607306629127
    outer loop
      vertex 95.89877077789927 110.36905595001481 8
      vertex 92.9390907308414 111.82860862773751 11
      vertex 93.32468245269452 112.55 11
    endloop
  endfacet
  facet normal -0.5714026873245021 0.35532102426877277 -0.7397607306629135
    outer loop
      vertex 96.18256628518317 110.89999999999999 8
      vertex 93.32468245269452 112.55 11
      vertex 93.75662984621819 113.24462791274502 11
    endloop
  endfacet
  facet normal -0.6128929584366015 0.2776981866485698 -0.7397607306629125
    outer loop
      vertex 95.65030830089617 109.82068757775882 8
      vertex 92.9390907308414 111.82860862773751 11
      vertex 95.89877077789927 110.36905595001481 8
    endloop
  endfacet
  facet normal -0.5934183771777095 0.3171887308793389 -0.7397607306629136
    outer loop
      vertex 95.89877077789927 110.36905595001481 8
      vertex 93.32468245269452 112.55 11
      vertex 96.18256628518317 110.89999999999999 8
    endloop
  endfacet
  facet normal -0.5714026873245036 0.35532102426877066 -0.7397607306629131
    outer loop
      vertex 96.18256628518317 110.89999999999999 8
      vertex 93.75662984621819 113.24462791274502 11
      vertex 96.5004795668166 111.41124614378033 8
    endloop
  endfacet
  facet normal -0.5469401634408416 0.39193177848240224 -0.7397607306629128
    outer loop
      vertex 96.5004795668166 111.41124614378033 8
      vertex 94.23308324635957 113.90951786260901 11
      vertex 96.85114926932064 111.90060514688022 8
    endloop
  endfacet
  facet normal -0.5469401634408396 0.3919317784824044 -0.7397607306629131
    outer loop
      vertex 96.5004795668166 111.41124614378033 8
      vertex 93.75662984621819 113.24462791274502 11
      vertex 94.23308324635957 113.90951786260901 11
    endloop
  endfacet
  facet normal -0.5201355578095369 0.426864220650121 -0.7397607306629129
    outer loop
      vertex 96.85114926932064 111.90060514688022 8
      vertex 94.23308324635957 113.90951786260901 11
      vertex 94.75200240651279 114.54182268875086 11
    endloop
  endfacet
  facet normal -0.5201355578095372 0.4268642206501205 -0.7397607306629128
    outer loop
      vertex 96.85114926932064 111.90060514688022 8
      vertex 94.75200240651279 114.54182268875086 11
      vertex 97.23307377119342 112.36598149892063 8
    endloop
  endfacet
  facet normal -0.49110365186703125 0.45996876469162445 -0.7397607306629128
    outer loop
      vertex 97.23307377119342 112.36598149892063 8
      vertex 94.75200240651279 114.54182268875086 11
      vertex 95.31116523516816 115.13883476483184 11
    endloop
  endfacet
  facet normal -0.4599687646916247 0.4911036518670315 -0.7397607306629127
    outer loop
      vertex 97.64461761308377 112.80538238691624 8
      vertex 95.31116523516816 115.13883476483184 11
      vertex 95.90817731124915 115.69799759348722 11
    endloop
  endfacet
  facet normal -0.4911036518670336 0.4599687646916226 -0.7397607306629126
    outer loop
      vertex 97.23307377119342 112.36598149892063 8
      vertex 95.31116523516816 115.13883476483184 11
      vertex 97.64461761308377 112.80538238691624 8
    endloop
  endfacet
  facet normal -0.45996876469162234 0.49110365186703325 -0.7397607306629129
    outer loop
      vertex 97.64461761308377 112.80538238691624 8
      vertex 95.90817731124915 115.69799759348722 11
      vertex 98.08401850107937 113.21692622880659 8
    endloop
  endfacet
  facet normal -0.426864220650121 0.5201355578095369 -0.7397607306629129
    outer loop
      vertex 98.08401850107937 113.21692622880659 8
      vertex 95.90817731124915 115.69799759348722 11
      vertex 96.540482137391 116.21691675364043 11
    endloop
  endfacet
  facet normal -0.4268642206501204 0.5201355578095371 -0.7397607306629129
    outer loop
      vertex 98.08401850107937 113.21692622880659 8
      vertex 96.540482137391 116.21691675364043 11
      vertex 98.54939485311978 113.59885073067936 8
    endloop
  endfacet
  facet normal -0.39193177848241 0.5469401634408358 -0.739760730662913
    outer loop
      vertex 98.54939485311978 113.59885073067936 8
      vertex 96.540482137391 116.21691675364043 11
      vertex 97.20537208725497 116.69337015378181 11
    endloop
  endfacet
  facet normal -0.39193177848240146 0.5469401634408405 -0.739760730662914
    outer loop
      vertex 98.54939485311978 113.59885073067936 8
      vertex 97.20537208725497 116.69337015378181 11
      vertex 99.03875385621967 113.94952043318341 8
    endloop
  endfacet
  facet normal -0.3553210242687705 0.5714026873245034 -0.7397607306629135
    outer loop
      vertex 99.03875385621967 113.94952043318341 8
      vertex 97.9 117.12531754730549 11
      vertex 99.55000000000001 114.26743371481683 8
    endloop
  endfacet
  facet normal -0.3171887308793395 0.5934183771777107 -0.7397607306629125
    outer loop
      vertex 99.55000000000001 114.26743371481683 8
      vertex 98.6213913722625 117.5109092691586 11
      vertex 100.08094404998519 114.55122922210073 8
    endloop
  endfacet
  facet normal -0.3553210242687672 0.5714026873245048 -0.7397607306629139
    outer loop
      vertex 99.03875385621967 113.94952043318341 8
      vertex 97.20537208725497 116.69337015378181 11
      vertex 97.9 117.12531754730549 11
    endloop
  endfacet
  facet normal -0.31718873087933086 0.5934183771777141 -0.7397607306629134
    outer loop
      vertex 99.55000000000001 114.26743371481683 8
      vertex 97.9 117.12531754730549 11
      vertex 98.6213913722625 117.5109092691586 11
    endloop
  endfacet
  facet normal -0.2776981866485765 0.6128929584365985 -0.7397607306629127
    outer loop
      vertex 100.08094404998519 114.55122922210073 8
      vertex 98.6213913722625 117.5109092691586 11
      vertex 99.36645709543639 117.84849415639108 11
    endloop
  endfacet
  facet normal -0.27769818664856943 0.6128929584366007 -0.7397607306629135
    outer loop
      vertex 100.08094404998519 114.55122922210073 8
      vertex 99.36645709543639 117.84849415639108 11
      vertex 100.62931242224118 114.79969169910383 8
    endloop
  endfacet
  facet normal -0.23701849614959034 0.6297430379544177 -0.7397607306629134
    outer loop
      vertex 100.62931242224118 114.79969169910383 8
      vertex 99.36645709543639 117.84849415639108 11
      vertex 100.13200668371049 118.13662661868882 11
    endloop
  endfacet
  facet normal -0.23701849614959639 0.6297430379544162 -0.7397607306629127
    outer loop
      vertex 100.62931242224118 114.79969169910383 8
      vertex 100.13200668371049 118.13662661868882 11
      vertex 101.19275691921092 115.01175719135497 8
    endloop
  endfacet
  facet normal -0.19532385606234087 0.6438964611038107 -0.7397607306629128
    outer loop
      vertex 101.19275691921092 115.01175719135497 8
      vertex 100.13200668371049 118.13662661868882 11
      vertex 100.9147619362185 118.37407282861335 11
    endloop
  endfacet
  facet normal -0.19532385606233466 0.6438964611038118 -0.7397607306629135
    outer loop
      vertex 101.19275691921092 115.01175719135497 8
      vertex 100.9147619362185 118.37407282861335 11
      vertex 101.76886478505682 115.18651760185942 8
    endloop
  endfacet
  facet normal -0.15279280923678257 0.6552926207539694 -0.7397607306629126
    outer loop
      vertex 101.76886478505682 115.18651760185942 8
      vertex 101.7113709747984 118.55981600504037 11
      vertex 102.35516903745163 115.32322457970972 8
    endloop
  endfacet
  facet normal -0.1527928092367778 0.65529262075397 -0.7397607306629133
    outer loop
      vertex 101.76886478505682 115.18651760185942 8
      vertex 100.9147619362185 118.37407282861335 11
      vertex 101.7113709747984 118.55981600504037 11
    endloop
  endfacet
  facet normal -0.10960748014488349 0.6638827167997088 -0.7397607306629127
    outer loop
      vertex 102.35516903745163 115.32322457970972 8
      vertex 101.7113709747984 118.55981600504037 11
      vertex 102.51842259724936 118.69306076717262 11
    endloop
  endfacet
  facet normal -0.1096074801448755 0.6638827167997093 -0.7397607306629136
    outer loop
      vertex 102.35516903745163 115.32322457970972 8
      vertex 102.51842259724936 118.69306076717262 11
      vertex 102.94915903157553 115.42129272463904 8
    endloop
  endfacet
  facet normal -0.06595279499576504 0.6696299651309814 -0.7397607306629131
    outer loop
      vertex 102.94915903157553 115.42129272463904 8
      vertex 103.33246088462322 118.77323654048254 11
      vertex 103.54829121108268 115.48030209379515 8
    endloop
  endfacet
  facet normal -0.022015689853213977 0.6725097551481027 -0.7397607306629124
    outer loop
      vertex 103.54829121108268 115.48030209379515 8
      vertex 104.15 118.8 11
      vertex 104.15 115.5 8
    endloop
  endfacet
  facet normal -0.06595279499576244 0.6696299651309814 -0.7397607306629135
    outer loop
      vertex 102.94915903157553 115.42129272463904 8
      vertex 102.51842259724936 118.69306076717262 11
      vertex 103.33246088462322 118.77323654048254 11
    endloop
  endfacet
  facet normal -0.022015689853205348 0.672509755148102 -0.7397607306629134
    outer loop
      vertex 103.54829121108268 115.48030209379515 8
      vertex 103.33246088462322 118.77323654048254 11
      vertex 104.15 118.8 11
    endloop
  endfacet
  facet normal 0.022015689853205348 -0.672509755148102 -0.7397607306629134
    outer loop
      vertex 104.75170878891733 97.11969790620485 8
      vertex 104.9675391153768 93.82676345951745 11
      vertex 104.15 93.8 11
    endloop
  endfacet
  facet normal 0.06595279499576244 -0.6696299651309814 -0.7397607306629135
    outer loop
      vertex 105.35084096842448 97.17870727536095 8
      vertex 105.78157740275066 93.90693923282737 11
      vertex 104.9675391153768 93.82676345951745 11
    endloop
  endfacet
  facet normal 0.022015689853213977 -0.6725097551481027 -0.7397607306629124
    outer loop
      vertex 104.15 97.1 8
      vertex 104.75170878891733 97.11969790620485 8
      vertex 104.15 93.8 11
    endloop
  endfacet
  facet normal 0.06595279499576504 -0.6696299651309814 -0.7397607306629133
    outer loop
      vertex 104.75170878891733 97.11969790620485 8
      vertex 105.35084096842448 97.17870727536095 8
      vertex 104.9675391153768 93.82676345951745 11
    endloop
  endfacet
  facet normal 0.10960748014487548 -0.6638827167997092 -0.7397607306629136
    outer loop
      vertex 105.35084096842448 97.17870727536095 8
      vertex 105.94483096254838 97.27677542029028 8
      vertex 105.78157740275066 93.90693923282737 11
    endloop
  endfacet
  facet normal 0.10960748014488349 -0.6638827167997088 -0.7397607306629127
    outer loop
      vertex 105.94483096254838 97.27677542029028 8
      vertex 106.58862902520161 94.04018399495962 11
      vertex 105.78157740275066 93.90693923282737 11
    endloop
  endfacet
  facet normal 0.1527928092367778 -0.65529262075397 -0.7397607306629133
    outer loop
      vertex 106.53113521494319 97.41348239814057 8
      vertex 107.38523806378151 94.22592717138664 11
      vertex 106.58862902520161 94.04018399495962 11
    endloop
  endfacet
  facet normal 0.15279280923678257 -0.6552926207539694 -0.7397607306629126
    outer loop
      vertex 105.94483096254838 97.27677542029028 8
      vertex 106.53113521494319 97.41348239814057 8
      vertex 106.58862902520161 94.04018399495962 11
    endloop
  endfacet
  facet normal 0.19532385606233468 -0.6438964611038119 -0.7397607306629135
    outer loop
      vertex 106.53113521494319 97.41348239814057 8
      vertex 107.10724308078909 97.58824280864502 8
      vertex 107.38523806378151 94.22592717138664 11
    endloop
  endfacet
  facet normal 0.19532385606234087 -0.6438964611038107 -0.7397607306629128
    outer loop
      vertex 107.10724308078909 97.58824280864502 8
      vertex 108.16799331628953 94.46337338131117 11
      vertex 107.38523806378151 94.22592717138664 11
    endloop
  endfacet
  facet normal 0.2370184961495964 -0.6297430379544162 -0.7397607306629127
    outer loop
      vertex 107.10724308078909 97.58824280864502 8
      vertex 107.67068757775883 97.80030830089616 8
      vertex 108.16799331628953 94.46337338131117 11
    endloop
  endfacet
  facet normal 0.23701849614959034 -0.6297430379544177 -0.7397607306629134
    outer loop
      vertex 107.67068757775883 97.80030830089616 8
      vertex 108.93354290456362 94.75150584360891 11
      vertex 108.16799331628953 94.46337338131117 11
    endloop
  endfacet
  facet normal 0.2776981866485694 -0.6128929584366006 -0.7397607306629134
    outer loop
      vertex 107.67068757775883 97.80030830089616 8
      vertex 108.21905595001482 98.04877077789926 8
      vertex 108.93354290456362 94.75150584360891 11
    endloop
  endfacet
  facet normal 0.2776981866485765 -0.6128929584365985 -0.7397607306629127
    outer loop
      vertex 108.21905595001482 98.04877077789926 8
      vertex 109.67860862773752 95.08909073084139 11
      vertex 108.93354290456362 94.75150584360891 11
    endloop
  endfacet
  facet normal 0.31718873087933086 -0.5934183771777141 -0.7397607306629134
    outer loop
      vertex 108.75 98.33256628518316 8
      vertex 110.4 95.47468245269451 11
      vertex 109.67860862773752 95.08909073084139 11
    endloop
  endfacet
  facet normal 0.3553210242687672 -0.5714026873245048 -0.7397607306629139
    outer loop
      vertex 109.26124614378034 98.65047956681659 8
      vertex 111.09462791274504 95.90662984621818 11
      vertex 110.4 95.47468245269451 11
    endloop
  endfacet
  facet normal 0.3171887308793395 -0.5934183771777107 -0.7397607306629125
    outer loop
      vertex 108.21905595001482 98.04877077789926 8
      vertex 108.75 98.33256628518316 8
      vertex 109.67860862773752 95.08909073084139 11
    endloop
  endfacet
  facet normal 0.3553210242687705 -0.5714026873245034 -0.7397607306629135
    outer loop
      vertex 108.75 98.33256628518316 8
      vertex 109.26124614378034 98.65047956681659 8
      vertex 110.4 95.47468245269451 11
    endloop
  endfacet
  facet normal 0.39193177848240146 -0.5469401634408405 -0.739760730662914
    outer loop
      vertex 109.26124614378034 98.65047956681659 8
      vertex 109.75060514688023 99.00114926932063 8
      vertex 111.09462791274504 95.90662984621818 11
    endloop
  endfacet
  facet normal 0.39193177848241 -0.5469401634408358 -0.739760730662913
    outer loop
      vertex 109.75060514688023 99.00114926932063 8
      vertex 111.75951786260902 96.38308324635956 11
      vertex 111.09462791274504 95.90662984621818 11
    endloop
  endfacet
  facet normal 0.4268642206501205 -0.5201355578095372 -0.739760730662913
    outer loop
      vertex 109.75060514688023 99.00114926932063 8
      vertex 110.21598149892064 99.38307377119341 8
      vertex 111.75951786260902 96.38308324635956 11
    endloop
  endfacet
  facet normal 0.426864220650121 -0.5201355578095369 -0.7397607306629129
    outer loop
      vertex 110.21598149892064 99.38307377119341 8
      vertex 112.39182268875086 96.90200240651278 11
      vertex 111.75951786260902 96.38308324635956 11
    endloop
  endfacet
  facet normal 0.45996876469162234 -0.49110365186703325 -0.7397607306629129
    outer loop
      vertex 110.21598149892064 99.38307377119341 8
      vertex 110.65538238691624 99.79461761308376 8
      vertex 112.39182268875086 96.90200240651278 11
    endloop
  endfacet
  facet normal 0.4911036518670336 -0.4599687646916226 -0.7397607306629126
    outer loop
      vertex 110.65538238691624 99.79461761308376 8
      vertex 111.0669262288066 100.23401850107936 8
      vertex 112.98883476483185 97.46116523516815 11
    endloop
  endfacet
  facet normal 0.4599687646916247 -0.4911036518670315 -0.7397607306629127
    outer loop
      vertex 110.65538238691624 99.79461761308376 8
      vertex 112.98883476483185 97.46116523516815 11
      vertex 112.39182268875086 96.90200240651278 11
    endloop
  endfacet
  facet normal 0.49110365186703125 -0.45996876469162445 -0.7397607306629128
    outer loop
      vertex 111.0669262288066 100.23401850107936 8
      vertex 113.54799759348722 98.05817731124914 11
      vertex 112.98883476483185 97.46116523516815 11
    endloop
  endfacet
  facet normal 0.5201355578095372 -0.4268642206501205 -0.7397607306629128
    outer loop
      vertex 111.0669262288066 100.23401850107936 8
      vertex 111.44885073067937 100.69939485311977 8
      vertex 113.54799759348722 98.05817731124914 11
    endloop
  endfacet
  facet normal 0.5201355578095369 -0.426864220650121 -0.7397607306629129
    outer loop
      vertex 111.44885073067937 100.69939485311977 8
      vertex 114.06691675364044 98.69048213739099 11
      vertex 113.54799759348722 98.05817731124914 11
    endloop
  endfacet
  facet normal 0.5469401634408396 -0.3919317784824044 -0.7397607306629131
    outer loop
      vertex 111.79952043318342 101.18875385621966 8
      vertex 114.54337015378182 99.35537208725498 11
      vertex 114.06691675364044 98.69048213739099 11
    endloop
  endfacet
  facet normal 0.5469401634408416 -0.39193177848240224 -0.7397607306629128
    outer loop
      vertex 111.44885073067937 100.69939485311977 8
      vertex 111.79952043318342 101.18875385621966 8
      vertex 114.06691675364044 98.69048213739099 11
    endloop
  endfacet
  facet normal 0.5714026873245036 -0.35532102426877066 -0.7397607306629131
    outer loop
      vertex 111.79952043318342 101.18875385621966 8
      vertex 112.11743371481684 101.7 8
      vertex 114.54337015378182 99.35537208725498 11
    endloop
  endfacet
  facet normal 0.5934183771777095 -0.3171887308793389 -0.7397607306629136
    outer loop
      vertex 112.11743371481684 101.7 8
      vertex 112.40122922210074 102.23094404998518 8
      vertex 114.9753175473055 100.05 11
    endloop
  endfacet
  facet normal 0.6128929584366015 -0.2776981866485698 -0.7397607306629125
    outer loop
      vertex 112.40122922210074 102.23094404998518 8
      vertex 112.64969169910384 102.77931242224118 8
      vertex 115.36090926915861 100.77139137226249 11
    endloop
  endfacet
  facet normal 0.5714026873245021 -0.35532102426877277 -0.7397607306629135
    outer loop
      vertex 112.11743371481684 101.7 8
      vertex 114.9753175473055 100.05 11
      vertex 114.54337015378182 99.35537208725498 11
    endloop
  endfacet
  facet normal 0.593418377177715 -0.3171887308793313 -0.7397607306629127
    outer loop
      vertex 112.40122922210074 102.23094404998518 8
      vertex 115.36090926915861 100.77139137226249 11
      vertex 114.9753175473055 100.05 11
    endloop
  endfacet
  facet normal 0.6297430379544153 -0.23701849614959608 -0.7397607306629134
    outer loop
      vertex 112.64969169910384 102.77931242224118 8
      vertex 112.86175719135498 103.34275691921091 8
      vertex 115.69849415639109 101.51645709543638 11
    endloop
  endfacet
  facet normal 0.6128929584365977 -0.2776981866485761 -0.7397607306629134
    outer loop
      vertex 112.64969169910384 102.77931242224118 8
      vertex 115.69849415639109 101.51645709543638 11
      vertex 115.36090926915861 100.77139137226249 11
    endloop
  endfacet
  facet normal 0.6297430379544182 -0.23701849614959056 -0.7397607306629128
    outer loop
      vertex 112.86175719135498 103.34275691921091 8
      vertex 115.98662661868883 102.28200668371048 11
      vertex 115.69849415639109 101.51645709543638 11
    endloop
  endfacet
  facet normal 0.6438964611038102 -0.1953238560623407 -0.7397607306629134
    outer loop
      vertex 113.03651760185943 103.91886478505681 8
      vertex 116.22407282861336 103.06476193621849 11
      vertex 115.98662661868883 102.28200668371048 11
    endloop
  endfacet
  facet normal 0.6438964611038127 -0.19532385606233493 -0.7397607306629126
    outer loop
      vertex 112.86175719135498 103.34275691921091 8
      vertex 113.03651760185943 103.91886478505681 8
      vertex 115.98662661868883 102.28200668371048 11
    endloop
  endfacet
  facet normal 0.6552926207539688 -0.15279280923678243 -0.7397607306629133
    outer loop
      vertex 113.03651760185943 103.91886478505681 8
      vertex 113.17322457970972 104.50516903745162 8
      vertex 116.22407282861336 103.06476193621849 11
    endloop
  endfacet
  facet normal 0.6638827167997075 -0.10960748014489106 -0.7397607306629128
    outer loop
      vertex 113.17322457970972 104.50516903745162 8
      vertex 113.27129272463907 105.09915903157552 8
      vertex 116.40981600504038 103.86137097479839 11
    endloop
  endfacet
  facet normal 0.6696299651309844 -0.06595279499574945 -0.7397607306629117
    outer loop
      vertex 113.27129272463907 105.09915903157552 8
      vertex 113.33030209379515 105.69829121108268 8
      vertex 116.54306076717263 104.66842259724935 11
    endloop
  endfacet
  facet normal 0.6725097551481015 -0.02201568985321394 -0.7397607306629134
    outer loop
      vertex 113.33030209379515 105.69829121108268 8
      vertex 113.35000000000001 106.3 8
      vertex 116.62323654048255 105.48246088462321 11
    endloop
  endfacet
  facet normal 0.6552926207539704 -0.1527928092367779 -0.7397607306629128
    outer loop
      vertex 113.17322457970972 104.50516903745162 8
      vertex 116.40981600504038 103.86137097479839 11
      vertex 116.22407282861336 103.06476193621849 11
    endloop
  endfacet
  facet normal 0.6638827167997096 -0.10960748014488361 -0.739760730662912
    outer loop
      vertex 113.27129272463907 105.09915903157552 8
      vertex 116.54306076717263 104.66842259724935 11
      vertex 116.40981600504038 103.86137097479839 11
    endloop
  endfacet
  facet normal 0.6696299651309816 -0.06595279499576247 -0.7397607306629133
    outer loop
      vertex 113.33030209379515 105.69829121108268 8
      vertex 116.62323654048255 105.48246088462321 11
      vertex 116.54306076717263 104.66842259724935 11
    endloop
  endfacet
  facet normal 0.6725097551481029 -0.022015689853205376 -0.7397607306629125
    outer loop
      vertex 113.35000000000001 106.3 8
      vertex 116.65 106.3 11
      vertex 116.62323654048255 105.48246088462321 11
    endloop
  endfacet
  facet normal 0.02201568985321394 0.6725097551481015 -0.7397607306629134
    outer loop
      vertex 104.15 115.5 8
      vertex 104.9675391153768 118.77323654048254 11
      vertex 104.75170878891733 115.48030209379515 8
    endloop
  endfacet
  facet normal 0.06595279499576504 0.6696299651309814 -0.7397607306629133
    outer loop
      vertex 104.75170878891733 115.48030209379515 8
      vertex 104.9675391153768 118.77323654048254 11
      vertex 105.35084096842448 115.42129272463904 8
    endloop
  endfacet
  facet normal 0.10960748014487548 0.6638827167997092 -0.7397607306629136
    outer loop
      vertex 105.35084096842448 115.42129272463904 8
      vertex 105.78157740275066 118.69306076717262 11
      vertex 105.94483096254838 115.32322457970972 8
    endloop
  endfacet
  facet normal 0.022015689853205376 0.6725097551481029 -0.7397607306629125
    outer loop
      vertex 104.15 115.5 8
      vertex 104.15 118.8 11
      vertex 104.9675391153768 118.77323654048254 11
    endloop
  endfacet
  facet normal 0.06595279499576244 0.6696299651309814 -0.7397607306629135
    outer loop
      vertex 105.35084096842448 115.42129272463904 8
      vertex 104.9675391153768 118.77323654048254 11
      vertex 105.78157740275066 118.69306076717262 11
    endloop
  endfacet
  facet normal 0.15279280923678257 0.6552926207539694 -0.7397607306629126
    outer loop
      vertex 105.94483096254838 115.32322457970972 8
      vertex 106.58862902520161 118.55981600504037 11
      vertex 106.53113521494319 115.18651760185942 8
    endloop
  endfacet
  facet normal 0.19532385606233468 0.6438964611038119 -0.7397607306629135
    outer loop
      vertex 106.53113521494319 115.18651760185942 8
      vertex 107.38523806378151 118.37407282861335 11
      vertex 107.10724308078909 115.01175719135497 8
    endloop
  endfacet
  facet normal 0.10960748014488349 0.6638827167997088 -0.7397607306629127
    outer loop
      vertex 105.94483096254838 115.32322457970972 8
      vertex 105.78157740275066 118.69306076717262 11
      vertex 106.58862902520161 118.55981600504037 11
    endloop
  endfacet
  facet normal 0.1527928092367778 0.65529262075397 -0.7397607306629133
    outer loop
      vertex 106.53113521494319 115.18651760185942 8
      vertex 106.58862902520161 118.55981600504037 11
      vertex 107.38523806378151 118.37407282861335 11
    endloop
  endfacet
  facet normal 0.3171887308793395 0.5934183771777107 -0.7397607306629125
    outer loop
      vertex 108.21905595001482 114.55122922210073 8
      vertex 109.67860862773752 117.5109092691586 11
      vertex 108.75 114.26743371481683 8
    endloop
  endfacet
  facet normal 0.3553210242687705 0.5714026873245034 -0.7397607306629135
    outer loop
      vertex 108.75 114.26743371481683 8
      vertex 110.4 117.12531754730549 11
      vertex 109.26124614378034 113.94952043318341 8
    endloop
  endfacet
  facet normal 0.39193177848240146 0.5469401634408405 -0.739760730662914
    outer loop
      vertex 109.26124614378034 113.94952043318341 8
      vertex 111.09462791274504 116.69337015378181 11
      vertex 109.75060514688023 113.59885073067936 8
    endloop
  endfacet
  facet normal 0.2370184961495964 0.6297430379544162 -0.7397607306629127
    outer loop
      vertex 107.10724308078909 115.01175719135497 8
      vertex 108.16799331628953 118.13662661868882 11
      vertex 107.67068757775883 114.79969169910383 8
    endloop
  endfacet
  facet normal 0.19532385606234087 0.6438964611038107 -0.7397607306629128
    outer loop
      vertex 107.10724308078909 115.01175719135497 8
      vertex 107.38523806378151 118.37407282861335 11
      vertex 108.16799331628953 118.13662661868882 11
    endloop
  endfacet
  facet normal 0.2776981866485694 0.6128929584366006 -0.7397607306629134
    outer loop
      vertex 107.67068757775883 114.79969169910383 8
      vertex 108.93354290456362 117.84849415639108 11
      vertex 108.21905595001482 114.55122922210073 8
    endloop
  endfacet
  facet normal 0.23701849614959034 0.6297430379544177 -0.7397607306629134
    outer loop
      vertex 107.67068757775883 114.79969169910383 8
      vertex 108.16799331628953 118.13662661868882 11
      vertex 108.93354290456362 117.84849415639108 11
    endloop
  endfacet
  facet normal 0.31718873087933086 0.5934183771777141 -0.7397607306629134
    outer loop
      vertex 108.75 114.26743371481683 8
      vertex 109.67860862773752 117.5109092691586 11
      vertex 110.4 117.12531754730549 11
    endloop
  endfacet
  facet normal 0.2776981866485765 0.6128929584365985 -0.7397607306629127
    outer loop
      vertex 108.21905595001482 114.55122922210073 8
      vertex 108.93354290456362 117.84849415639108 11
      vertex 109.67860862773752 117.5109092691586 11
    endloop
  endfacet
  facet normal 0.3553210242687672 0.5714026873245048 -0.7397607306629139
    outer loop
      vertex 109.26124614378034 113.94952043318341 8
      vertex 110.4 117.12531754730549 11
      vertex 111.09462791274504 116.69337015378181 11
    endloop
  endfacet
  facet normal 0.6128929584366015 0.2776981866485698 -0.7397607306629125
    outer loop
      vertex 112.64969169910384 109.82068757775882 8
      vertex 112.40122922210074 110.36905595001481 8
      vertex 115.36090926915861 111.82860862773751 11
    endloop
  endfacet
  facet normal 0.5469401634408416 0.39193177848240224 -0.7397607306629128
    outer loop
      vertex 111.79952043318342 111.41124614378033 8
      vertex 111.44885073067937 111.90060514688022 8
      vertex 114.06691675364044 113.90951786260901 11
    endloop
  endfacet
  facet normal 0.5934183771777095 0.3171887308793389 -0.7397607306629136
    outer loop
      vertex 112.11743371481684 110.89999999999999 8
      vertex 114.9753175473055 112.55 11
      vertex 112.40122922210074 110.36905595001481 8
    endloop
  endfacet
  facet normal 0.5714026873245036 0.35532102426877066 -0.7397607306629131
    outer loop
      vertex 111.79952043318342 111.41124614378033 8
      vertex 114.54337015378182 113.24462791274502 11
      vertex 112.11743371481684 110.89999999999999 8
    endloop
  endfacet
  facet normal 0.6725097551481015 0.02201568985321394 -0.7397607306629134
    outer loop
      vertex 113.35000000000001 106.3 8
      vertex 113.33030209379515 106.90170878891732 8
      vertex 116.62323654048255 107.11753911537679 11
    endloop
  endfacet
  facet normal 0.6696299651309844 0.06595279499574945 -0.7397607306629117
    outer loop
      vertex 113.33030209379515 106.90170878891732 8
      vertex 113.27129272463907 107.50084096842447 8
      vertex 116.54306076717263 107.93157740275065 11
    endloop
  endfacet
  facet normal 0.6638827167997075 0.10960748014489106 -0.7397607306629128
    outer loop
      vertex 113.27129272463907 107.50084096842447 8
      vertex 113.17322457970972 108.09483096254837 8
      vertex 116.40981600504038 108.7386290252016 11
    endloop
  endfacet
  facet normal 0.6552926207539688 0.15279280923678243 -0.7397607306629133
    outer loop
      vertex 113.17322457970972 108.09483096254837 8
      vertex 113.03651760185943 108.68113521494318 8
      vertex 116.22407282861336 109.5352380637815 11
    endloop
  endfacet
  facet normal 0.6438964611038127 0.19532385606233493 -0.7397607306629127
    outer loop
      vertex 113.03651760185943 108.68113521494318 8
      vertex 112.86175719135498 109.25724308078908 8
      vertex 115.98662661868883 110.31799331628952 11
    endloop
  endfacet
  facet normal 0.6725097551481029 0.022015689853205376 -0.7397607306629125
    outer loop
      vertex 113.35000000000001 106.3 8
      vertex 116.62323654048255 107.11753911537679 11
      vertex 116.65 106.3 11
    endloop
  endfacet
  facet normal 0.6696299651309816 0.06595279499576247 -0.7397607306629133
    outer loop
      vertex 113.33030209379515 106.90170878891732 8
      vertex 116.54306076717263 107.93157740275065 11
      vertex 116.62323654048255 107.11753911537679 11
    endloop
  endfacet
  facet normal 0.6638827167997096 0.10960748014488361 -0.739760730662912
    outer loop
      vertex 113.27129272463907 107.50084096842447 8
      vertex 116.40981600504038 108.7386290252016 11
      vertex 116.54306076717263 107.93157740275065 11
    endloop
  endfacet
  facet normal 0.6552926207539704 0.1527928092367779 -0.7397607306629128
    outer loop
      vertex 113.17322457970972 108.09483096254837 8
      vertex 116.22407282861336 109.5352380637815 11
      vertex 116.40981600504038 108.7386290252016 11
    endloop
  endfacet
  facet normal 0.6297430379544153 0.23701849614959608 -0.7397607306629134
    outer loop
      vertex 112.86175719135498 109.25724308078908 8
      vertex 112.64969169910384 109.82068757775882 8
      vertex 115.69849415639109 111.08354290456361 11
    endloop
  endfacet
  facet normal 0.6438964611038102 0.1953238560623407 -0.7397607306629134
    outer loop
      vertex 113.03651760185943 108.68113521494318 8
      vertex 115.98662661868883 110.31799331628952 11
      vertex 116.22407282861336 109.5352380637815 11
    endloop
  endfacet
  facet normal 0.6128929584365977 0.2776981866485761 -0.7397607306629134
    outer loop
      vertex 112.64969169910384 109.82068757775882 8
      vertex 115.36090926915861 111.82860862773751 11
      vertex 115.69849415639109 111.08354290456361 11
    endloop
  endfacet
  facet normal 0.6297430379544182 0.23701849614959056 -0.7397607306629128
    outer loop
      vertex 112.86175719135498 109.25724308078908 8
      vertex 115.69849415639109 111.08354290456361 11
      vertex 115.98662661868883 110.31799331628952 11
    endloop
  endfacet
  facet normal 0.593418377177715 0.3171887308793313 -0.7397607306629127
    outer loop
      vertex 112.40122922210074 110.36905595001481 8
      vertex 114.9753175473055 112.55 11
      vertex 115.36090926915861 111.82860862773751 11
    endloop
  endfacet
  facet normal 0.5714026873245021 0.35532102426877277 -0.7397607306629135
    outer loop
      vertex 112.11743371481684 110.89999999999999 8
      vertex 114.54337015378182 113.24462791274502 11
      vertex 114.9753175473055 112.55 11
    endloop
  endfacet
  facet normal 0.45996876469162234 0.49110365186703325 -0.7397607306629129
    outer loop
      vertex 110.21598149892064 113.21692622880659 8
      vertex 112.39182268875086 115.69799759348722 11
      vertex 110.65538238691624 112.80538238691624 8
    endloop
  endfacet
  facet normal 0.4911036518670336 0.4599687646916226 -0.7397607306629126
    outer loop
      vertex 111.0669262288066 112.36598149892063 8
      vertex 110.65538238691624 112.80538238691624 8
      vertex 112.98883476483185 115.13883476483184 11
    endloop
  endfacet
  facet normal 0.4268642206501204 0.5201355578095371 -0.7397607306629129
    outer loop
      vertex 110.21598149892064 113.21692622880659 8
      vertex 109.75060514688023 113.59885073067936 8
      vertex 111.75951786260902 116.21691675364043 11
    endloop
  endfacet
  facet normal 0.39193177848241 0.5469401634408358 -0.739760730662913
    outer loop
      vertex 109.75060514688023 113.59885073067936 8
      vertex 111.09462791274504 116.69337015378181 11
      vertex 111.75951786260902 116.21691675364043 11
    endloop
  endfacet
  facet normal 0.426864220650121 0.5201355578095369 -0.7397607306629129
    outer loop
      vertex 110.21598149892064 113.21692622880659 8
      vertex 111.75951786260902 116.21691675364043 11
      vertex 112.39182268875086 115.69799759348722 11
    endloop
  endfacet
  facet normal 0.5201355578095372 0.4268642206501205 -0.7397607306629128
    outer loop
      vertex 111.0669262288066 112.36598149892063 8
      vertex 113.54799759348722 114.54182268875086 11
      vertex 111.44885073067937 111.90060514688022 8
    endloop
  endfacet
  facet normal 0.49110365186703125 0.45996876469162445 -0.7397607306629128
    outer loop
      vertex 111.0669262288066 112.36598149892063 8
      vertex 112.98883476483185 115.13883476483184 11
      vertex 113.54799759348722 114.54182268875086 11
    endloop
  endfacet
  facet normal 0.5469401634408396 0.3919317784824044 -0.7397607306629131
    outer loop
      vertex 111.79952043318342 111.41124614378033 8
      vertex 114.06691675364044 113.90951786260901 11
      vertex 114.54337015378182 113.24462791274502 11
    endloop
  endfacet
  facet normal 0.5201355578095369 0.426864220650121 -0.7397607306629129
    outer loop
      vertex 111.44885073067937 111.90060514688022 8
      vertex 113.54799759348722 114.54182268875086 11
      vertex 114.06691675364044 113.90951786260901 11
    endloop
  endfacet
  facet normal 0.4599687646916247 0.4911036518670315 -0.7397607306629127
    outer loop
      vertex 110.65538238691624 112.80538238691624 8
      vertex 112.39182268875086 115.69799759348722 11
      vertex 112.98883476483185 115.13883476483184 11
    endloop
  endfacet
  facet normal -0.7730104533627374 -0.634393284163645 0
    outer loop
      vertex 94.23308324635957 98.69048213739099 13
      vertex 94.23308324635957 98.69048213739099 11
      vertex 94.75200240651279 98.05817731124914 11
    endloop
  endfacet
  facet normal -0.7730104533627374 -0.634393284163645 0
    outer loop
      vertex 94.75200240651279 98.05817731124914 13
      vertex 94.23308324635957 98.69048213739099 13
      vertex 94.75200240651279 98.05817731124914 11
    endloop
  endfacet
  facet normal -0.8128466845916167 -0.5824776968677999 0
    outer loop
      vertex 93.75662984621819 99.35537208725498 13
      vertex 93.75662984621819 99.35537208725498 11
      vertex 94.23308324635957 98.69048213739099 11
    endloop
  endfacet
  facet normal -0.849202181526574 -0.5280678506503759 0
    outer loop
      vertex 93.32468245269452 100.05 13
      vertex 93.32468245269452 100.05 11
      vertex 93.75662984621819 99.35537208725498 11
    endloop
  endfacet
  facet normal -0.849202181526574 -0.5280678506503759 0
    outer loop
      vertex 93.75662984621819 99.35537208725498 13
      vertex 93.32468245269452 100.05 13
      vertex 93.75662984621819 99.35537208725498 11
    endloop
  endfacet
  facet normal -0.8128466845916167 -0.5824776968677999 0
    outer loop
      vertex 93.75662984621819 99.35537208725498 13
      vertex 94.23308324635957 98.69048213739099 11
      vertex 94.23308324635957 98.69048213739099 13
    endloop
  endfacet
  facet normal -0.634393284163645 -0.7730104533627374 0
    outer loop
      vertex 96.540482137391 96.38308324635956 13
      vertex 95.90817731124915 96.90200240651278 11
      vertex 96.540482137391 96.38308324635956 11
    endloop
  endfacet
  facet normal -0.634393284163645 -0.7730104533627374 0
    outer loop
      vertex 95.90817731124915 96.90200240651278 13
      vertex 95.90817731124915 96.90200240651278 11
      vertex 96.540482137391 96.38308324635956 13
    endloop
  endfacet
  facet normal -0.5824776968678081 -0.8128466845916108 0
    outer loop
      vertex 97.20537208725497 95.90662984621818 13
      vertex 96.540482137391 96.38308324635956 11
      vertex 97.20537208725497 95.90662984621818 11
    endloop
  endfacet
  facet normal -0.5824776968678081 -0.8128466845916108 0
    outer loop
      vertex 96.540482137391 96.38308324635956 13
      vertex 96.540482137391 96.38308324635956 11
      vertex 97.20537208725497 95.90662984621818 13
    endloop
  endfacet
  facet normal -0.5280678506503681 -0.8492021815265789 0
    outer loop
      vertex 97.9 95.47468245269451 13
      vertex 97.20537208725497 95.90662984621818 11
      vertex 97.9 95.47468245269451 11
    endloop
  endfacet
  facet normal -0.5280678506503681 -0.8492021815265789 0
    outer loop
      vertex 97.20537208725497 95.90662984621818 13
      vertex 97.20537208725497 95.90662984621818 11
      vertex 97.9 95.47468245269451 13
    endloop
  endfacet
  facet normal -0.7298640726978369 -0.6835923020228699 0
    outer loop
      vertex 94.75200240651279 98.05817731124914 13
      vertex 95.31116523516816 97.46116523516815 11
      vertex 95.31116523516816 97.46116523516815 13
    endloop
  endfacet
  facet normal -0.6835923020228699 -0.7298640726978369 0
    outer loop
      vertex 95.90817731124915 96.90200240651278 13
      vertex 95.31116523516816 97.46116523516815 13
      vertex 95.31116523516816 97.46116523516815 11
    endloop
  endfacet
  facet normal -0.7298640726978369 -0.6835923020228699 0
    outer loop
      vertex 94.75200240651279 98.05817731124914 13
      vertex 94.75200240651279 98.05817731124914 11
      vertex 95.31116523516816 97.46116523516815 11
    endloop
  endfacet
  facet normal -0.6835923020228699 -0.7298640726978369 0
    outer loop
      vertex 95.90817731124915 96.90200240651278 13
      vertex 95.31116523516816 97.46116523516815 11
      vertex 95.90817731124915 96.90200240651278 11
    endloop
  endfacet
  facet normal -0.8819212643483578 -0.47139673682599254 0
    outer loop
      vertex 92.9390907308414 100.77139137226249 13
      vertex 92.9390907308414 100.77139137226249 11
      vertex 93.32468245269452 100.05 11
    endloop
  endfacet
  facet normal -0.8819212643483578 -0.47139673682599254 0
    outer loop
      vertex 92.9390907308414 100.77139137226249 13
      vertex 93.32468245269452 100.05 11
      vertex 93.32468245269452 100.05 13
    endloop
  endfacet
  facet normal -0.9108638249211758 -0.4127070298043948 0
    outer loop
      vertex 92.60150584360892 101.51645709543638 13
      vertex 92.60150584360892 101.51645709543638 11
      vertex 92.9390907308414 100.77139137226249 11
    endloop
  endfacet
  facet normal -0.9108638249211758 -0.4127070298043948 0
    outer loop
      vertex 92.9390907308414 100.77139137226249 13
      vertex 92.60150584360892 101.51645709543638 13
      vertex 92.9390907308414 100.77139137226249 11
    endloop
  endfacet
  facet normal -0.9359059267573241 -0.352250047921238 0
    outer loop
      vertex 92.31337338131118 102.28200668371048 13
      vertex 92.31337338131118 102.28200668371048 11
      vertex 92.60150584360892 101.51645709543638 11
    endloop
  endfacet
  facet normal -0.9569403357322107 -0.2902846772544566 0
    outer loop
      vertex 92.07592717138665 103.06476193621849 13
      vertex 92.07592717138665 103.06476193621849 11
      vertex 92.31337338131118 102.28200668371048 11
    endloop
  endfacet
  facet normal -0.9569403357322107 -0.2902846772544566 0
    outer loop
      vertex 92.31337338131118 102.28200668371048 13
      vertex 92.07592717138665 103.06476193621849 13
      vertex 92.31337338131118 102.28200668371048 11
    endloop
  endfacet
  facet normal -0.9359059267573241 -0.352250047921238 0
    outer loop
      vertex 92.60150584360892 101.51645709543638 13
      vertex 92.31337338131118 102.28200668371048 13
      vertex 92.60150584360892 101.51645709543638 11
    endloop
  endfacet
  facet normal -0.9738769792773341 -0.22707626303437145 0
    outer loop
      vertex 91.89018399495963 103.86137097479839 13
      vertex 91.89018399495963 103.86137097479839 11
      vertex 92.07592717138665 103.06476193621849 11
    endloop
  endfacet
  facet normal -0.9738769792773341 -0.22707626303437145 0
    outer loop
      vertex 92.07592717138665 103.06476193621849 13
      vertex 91.89018399495963 103.86137097479839 13
      vertex 92.07592717138665 103.06476193621849 11
    endloop
  endfacet
  facet normal -0.9866433320848789 -0.16289547339458993 0
    outer loop
      vertex 91.75693923282738 104.66842259724935 13
      vertex 91.75693923282738 104.66842259724935 11
      vertex 91.89018399495963 103.86137097479839 11
    endloop
  endfacet
  facet normal -0.9866433320848789 -0.16289547339458993 0
    outer loop
      vertex 91.89018399495963 103.86137097479839 13
      vertex 91.75693923282738 104.66842259724935 13
      vertex 91.89018399495963 103.86137097479839 11
    endloop
  endfacet
  facet normal 0 0 1
    outer loop
      vertex 92.60150584360892 101.51645709543638 13
      vertex 92.31337338131118 110.31799331628952 13
      vertex 92.31337338131118 102.28200668371048 13
    endloop
  endfacet
  facet normal 0 0 1
    outer loop
      vertex 92.9390907308414 100.77139137226249 13
      vertex 92.60150584360892 111.08354290456361 13
      vertex 92.60150584360892 101.51645709543638 13
    endloop
  endfacet
  facet normal 0 0 1
    outer loop
      vertex 92.9390907308414 100.77139137226249 13
      vertex 93.32468245269452 100.05 13
      vertex 92.9390907308414 111.82860862773751 13
    endloop
  endfacet
  facet normal -0.9951847266721964 -0.09801714032956518 0
    outer loop
      vertex 91.67676345951746 105.48246088462321 13
      vertex 91.67676345951746 105.48246088462321 11
      vertex 91.75693923282738 104.66842259724935 11
    endloop
  endfacet
  facet normal -0.9951847266721964 -0.09801714032956518 0
    outer loop
      vertex 91.75693923282738 104.66842259724935 13
      vertex 91.67676345951746 105.48246088462321 13
      vertex 91.75693923282738 104.66842259724935 11
    endloop
  endfacet
  facet normal -0.9994645874763658 -0.03271908282177369 0
    outer loop
      vertex 91.65 106.3 13
      vertex 91.65 106.3 11
      vertex 91.67676345951746 105.48246088462321 11
    endloop
  endfacet
  facet normal -0.9994645874763658 -0.03271908282177369 0
    outer loop
      vertex 91.67676345951746 105.48246088462321 13
      vertex 91.65 106.3 13
      vertex 91.67676345951746 105.48246088462321 11
    endloop
  endfacet
  facet normal 0 0 1
    outer loop
      vertex 91.89018399495963 103.86137097479839 13
      vertex 91.75693923282738 107.93157740275065 13
      vertex 91.75693923282738 104.66842259724935 13
    endloop
  endfacet
  facet normal 0 0 1
    outer loop
      vertex 92.07592717138665 103.06476193621849 13
      vertex 91.89018399495963 108.7386290252016 13
      vertex 91.89018399495963 103.86137097479839 13
    endloop
  endfacet
  facet normal 0 0 1
    outer loop
      vertex 92.31337338131118 102.28200668371048 13
      vertex 92.07592717138665 109.5352380637815 13
      vertex 92.07592717138665 103.06476193621849 13
    endloop
  endfacet
  facet normal 0 0 1
    outer loop
      vertex 91.75693923282738 104.66842259724935 13
      vertex 91.67676345951746 107.11753911537679 13
      vertex 91.67676345951746 105.48246088462321 13
    endloop
  endfacet
  facet normal 0 0 1
    outer loop
      vertex 93.75662984621819 99.35537208725498 13
      vertex 94.23308324635957 98.69048213739099 13
      vertex 93.75662984621819 113.24462791274502 13
    endloop
  endfacet
  facet normal 0 0 1
    outer loop
      vertex 93.75662984621819 99.35537208725498 13
      vertex 93.32468245269452 112.55 13
      vertex 93.32468245269452 100.05 13
    endloop
  endfacet
  facet normal 0 0 1
    outer loop
      vertex 94.75200240651279 98.05817731124914 13
      vertex 94.23308324635957 113.90951786260901 13
      vertex 94.23308324635957 98.69048213739099 13
    endloop
  endfacet
  facet normal 0 0 1
    outer loop
      vertex 95.90817731124915 96.90200240651278 13
      vertex 95.31116523516816 115.13883476483184 13
      vertex 95.31116523516816 97.46116523516815 13
    endloop
  endfacet
  facet normal 0 0 1
    outer loop
      vertex 95.90817731124915 96.90200240651278 13
      vertex 96.540482137391 96.38308324635956 13
      vertex 95.90817731124915 115.69799759348722 13
    endloop
  endfacet
  facet normal 0 0 1
    outer loop
      vertex 96.540482137391 96.38308324635956 13
      vertex 97.20537208725497 95.90662984621818 13
      vertex 96.540482137391 116.21691675364043 13
    endloop
  endfacet
  facet normal 0 0 1
    outer loop
      vertex 97.20537208725497 95.90662984621818 13
      vertex 97.9 95.47468245269451 13
      vertex 97.20537208725497 116.69337015378181 13
    endloop
  endfacet
  facet normal 0 0 1
    outer loop
      vertex 94.75200240651279 98.05817731124914 13
      vertex 95.31116523516816 97.46116523516815 13
      vertex 94.75200240651279 114.54182268875086 13
    endloop
  endfacet
  facet normal -0.47139673682599254 -0.8819212643483578 0
    outer loop
      vertex 98.6213913722625 95.08909073084139 13
      vertex 97.9 95.47468245269451 11
      vertex 98.6213913722625 95.08909073084139 11
    endloop
  endfacet
  facet normal -0.47139673682599254 -0.8819212643483578 0
    outer loop
      vertex 98.6213913722625 95.08909073084139 13
      vertex 97.9 95.47468245269451 13
      vertex 97.9 95.47468245269451 11
    endloop
  endfacet
  facet normal -0.4127070298043948 -0.9108638249211758 0
    outer loop
      vertex 99.36645709543639 94.75150584360891 13
      vertex 98.6213913722625 95.08909073084139 11
      vertex 99.36645709543639 94.75150584360891 11
    endloop
  endfacet
  facet normal -0.4127070298043948 -0.9108638249211758 0
    outer loop
      vertex 98.6213913722625 95.08909073084139 13
      vertex 98.6213913722625 95.08909073084139 11
      vertex 99.36645709543639 94.75150584360891 13
    endloop
  endfacet
  facet normal -0.352250047921238 -0.9359059267573241 0
    outer loop
      vertex 100.13200668371049 94.46337338131117 13
      vertex 99.36645709543639 94.75150584360891 11
      vertex 100.13200668371049 94.46337338131117 11
    endloop
  endfacet
  facet normal -0.352250047921238 -0.9359059267573241 0
    outer loop
      vertex 99.36645709543639 94.75150584360891 13
      vertex 99.36645709543639 94.75150584360891 11
      vertex 100.13200668371049 94.46337338131117 13
    endloop
  endfacet
  facet normal -0.2902846772544566 -0.9569403357322107 0
    outer loop
      vertex 100.9147619362185 94.22592717138664 13
      vertex 100.13200668371049 94.46337338131117 11
      vertex 100.9147619362185 94.22592717138664 11
    endloop
  endfacet
  facet normal -0.2902846772544566 -0.9569403357322107 0
    outer loop
      vertex 100.13200668371049 94.46337338131117 13
      vertex 100.13200668371049 94.46337338131117 11
      vertex 100.9147619362185 94.22592717138664 13
    endloop
  endfacet
  facet normal -0.22707626303437145 -0.9738769792773341 0
    outer loop
      vertex 101.7113709747984 94.04018399495962 13
      vertex 100.9147619362185 94.22592717138664 11
      vertex 101.7113709747984 94.04018399495962 11
    endloop
  endfacet
  facet normal -0.22707626303437145 -0.9738769792773341 0
    outer loop
      vertex 100.9147619362185 94.22592717138664 13
      vertex 100.9147619362185 94.22592717138664 11
      vertex 101.7113709747984 94.04018399495962 13
    endloop
  endfacet
  facet normal -0.16289547339458993 -0.9866433320848789 0
    outer loop
      vertex 102.51842259724936 93.90693923282737 13
      vertex 101.7113709747984 94.04018399495962 11
      vertex 102.51842259724936 93.90693923282737 11
    endloop
  endfacet
  facet normal -0.16289547339458993 -0.9866433320848789 0
    outer loop
      vertex 101.7113709747984 94.04018399495962 13
      vertex 101.7113709747984 94.04018399495962 11
      vertex 102.51842259724936 93.90693923282737 13
    endloop
  endfacet
  facet normal -0.09801714032956518 -0.9951847266721964 0
    outer loop
      vertex 103.33246088462322 93.82676345951745 13
      vertex 102.51842259724936 93.90693923282737 11
      vertex 103.33246088462322 93.82676345951745 11
    endloop
  endfacet
  facet normal -0.09801714032956518 -0.9951847266721964 0
    outer loop
      vertex 102.51842259724936 93.90693923282737 13
      vertex 102.51842259724936 93.90693923282737 11
      vertex 103.33246088462322 93.82676345951745 13
    endloop
  endfacet
  facet normal -0.03271908282177369 -0.9994645874763658 0
    outer loop
      vertex 104.15 93.8 13
      vertex 103.33246088462322 93.82676345951745 11
      vertex 104.15 93.8 11
    endloop
  endfacet
  facet normal -0.03271908282177369 -0.9994645874763658 0
    outer loop
      vertex 103.33246088462322 93.82676345951745 13
      vertex 103.33246088462322 93.82676345951745 11
      vertex 104.15 93.8 13
    endloop
  endfacet
  facet normal 0 0 1
    outer loop
      vertex 98.6213913722625 95.08909073084139 13
      vertex 110.15 103.8 13
      vertex 97.9 95.47468245269451 13
    endloop
  endfacet
  facet normal 0 0 1
    outer loop
      vertex 99.36645709543639 94.75150584360891 13
      vertex 100.13200668371049 94.46337338131117 13
      vertex 110.15 103.8 13
    endloop
  endfacet
  facet normal 0 0 1
    outer loop
      vertex 98.6213913722625 95.08909073084139 13
      vertex 99.36645709543639 94.75150584360891 13
      vertex 110.15 103.8 13
    endloop
  endfacet
  facet normal 0 0 1
    outer loop
      vertex 100.13200668371049 94.46337338131117 13
      vertex 100.9147619362185 94.22592717138664 13
      vertex 110.15 103.8 13
    endloop
  endfacet
  facet normal 0 0 1
    outer loop
      vertex 97.9 95.47468245269451 13
      vertex 98.15 103.8 13
      vertex 98.15 108.8 13
    endloop
  endfacet
  facet normal 0 0 1
    outer loop
      vertex 97.9 95.47468245269451 13
      vertex 110.15 103.8 13
      vertex 98.15 103.8 13
    endloop
  endfacet
  facet normal -0.9994645874763658 0.03271908282177369 0
    outer loop
      vertex 91.67676345951746 107.11753911537679 13
      vertex 91.67676345951746 107.11753911537679 11
      vertex 91.65 106.3 11
    endloop
  endfacet
  facet normal -0.9994645874763658 0.03271908282177369 0
    outer loop
      vertex 91.65 106.3 13
      vertex 91.67676345951746 107.11753911537679 13
      vertex 91.65 106.3 11
    endloop
  endfacet
  facet normal -0.9951847266721964 0.09801714032956518 0
    outer loop
      vertex 91.75693923282738 107.93157740275065 13
      vertex 91.75693923282738 107.93157740275065 11
      vertex 91.67676345951746 107.11753911537679 11
    endloop
  endfacet
  facet normal -0.9951847266721964 0.09801714032956518 0
    outer loop
      vertex 91.67676345951746 107.11753911537679 13
      vertex 91.75693923282738 107.93157740275065 13
      vertex 91.67676345951746 107.11753911537679 11
    endloop
  endfacet
  facet normal 0 0 1
    outer loop
      vertex 91.67676345951746 105.48246088462321 13
      vertex 91.67676345951746 107.11753911537679 13
      vertex 91.65 106.3 13
    endloop
  endfacet
  facet normal 0 0 1
    outer loop
      vertex 91.75693923282738 104.66842259724935 13
      vertex 91.75693923282738 107.93157740275065 13
      vertex 91.67676345951746 107.11753911537679 13
    endloop
  endfacet
  facet normal 0 0 1
    outer loop
      vertex 91.89018399495963 103.86137097479839 13
      vertex 91.89018399495963 108.7386290252016 13
      vertex 91.75693923282738 107.93157740275065 13
    endloop
  endfacet
  facet normal 0 0 1
    outer loop
      vertex 92.07592717138665 103.06476193621849 13
      vertex 92.07592717138665 109.5352380637815 13
      vertex 91.89018399495963 108.7386290252016 13
    endloop
  endfacet
  facet normal 0 0 1
    outer loop
      vertex 92.31337338131118 102.28200668371048 13
      vertex 92.31337338131118 110.31799331628952 13
      vertex 92.07592717138665 109.5352380637815 13
    endloop
  endfacet
  facet normal 0 0 1
    outer loop
      vertex 92.60150584360892 101.51645709543638 13
      vertex 92.60150584360892 111.08354290456361 13
      vertex 92.31337338131118 110.31799331628952 13
    endloop
  endfacet
  facet normal -0.9866433320848789 0.16289547339458993 0
    outer loop
      vertex 91.89018399495963 108.7386290252016 13
      vertex 91.89018399495963 108.7386290252016 11
      vertex 91.75693923282738 107.93157740275065 11
    endloop
  endfacet
  facet normal -0.9866433320848789 0.16289547339458993 0
    outer loop
      vertex 91.75693923282738 107.93157740275065 13
      vertex 91.89018399495963 108.7386290252016 13
      vertex 91.75693923282738 107.93157740275065 11
    endloop
  endfacet
  facet normal -0.9738769792773341 0.22707626303437145 0
    outer loop
      vertex 92.07592717138665 109.5352380637815 13
      vertex 92.07592717138665 109.5352380637815 11
      vertex 91.89018399495963 108.7386290252016 11
    endloop
  endfacet
  facet normal -0.9738769792773341 0.22707626303437145 0
    outer loop
      vertex 91.89018399495963 108.7386290252016 13
      vertex 92.07592717138665 109.5352380637815 13
      vertex 91.89018399495963 108.7386290252016 11
    endloop
  endfacet
  facet normal 0 0 1
    outer loop
      vertex 92.9390907308414 100.77139137226249 13
      vertex 92.9390907308414 111.82860862773751 13
      vertex 92.60150584360892 111.08354290456361 13
    endloop
  endfacet
  facet normal 0 0 1
    outer loop
      vertex 93.32468245269452 100.05 13
      vertex 93.32468245269452 112.55 13
      vertex 92.9390907308414 111.82860862773751 13
    endloop
  endfacet
  facet normal 0 0 1
    outer loop
      vertex 93.75662984621819 99.35537208725498 13
      vertex 93.75662984621819 113.24462791274502 13
      vertex 93.32468245269452 112.55 13
    endloop
  endfacet
  facet normal 0 0 1
    outer loop
      vertex 94.23308324635957 98.69048213739099 13
      vertex 94.23308324635957 113.90951786260901 13
      vertex 93.75662984621819 113.24462791274502 13
    endloop
  endfacet
  facet normal 0 0 1
    outer loop
      vertex 94.75200240651279 98.05817731124914 13
      vertex 94.75200240651279 114.54182268875086 13
      vertex 94.23308324635957 113.90951786260901 13
    endloop
  endfacet
  facet normal -0.9569403357322107 0.2902846772544566 0
    outer loop
      vertex 92.31337338131118 110.31799331628952 13
      vertex 92.31337338131118 110.31799331628952 11
      vertex 92.07592717138665 109.5352380637815 11
    endloop
  endfacet
  facet normal -0.9569403357322107 0.2902846772544566 0
    outer loop
      vertex 92.07592717138665 109.5352380637815 13
      vertex 92.31337338131118 110.31799331628952 13
      vertex 92.07592717138665 109.5352380637815 11
    endloop
  endfacet
  facet normal -0.9359059267573241 0.352250047921238 0
    outer loop
      vertex 92.31337338131118 110.31799331628952 13
      vertex 92.60150584360892 111.08354290456361 13
      vertex 92.31337338131118 110.31799331628952 11
    endloop
  endfacet
  facet normal -0.9359059267573241 0.352250047921238 0
    outer loop
      vertex 92.60150584360892 111.08354290456361 13
      vertex 92.60150584360892 111.08354290456361 11
      vertex 92.31337338131118 110.31799331628952 11
    endloop
  endfacet
  facet normal -0.9108638249211758 0.4127070298043948 0
    outer loop
      vertex 92.9390907308414 111.82860862773751 13
      vertex 92.9390907308414 111.82860862773751 11
      vertex 92.60150584360892 111.08354290456361 11
    endloop
  endfacet
  facet normal -0.9108638249211758 0.4127070298043948 0
    outer loop
      vertex 92.60150584360892 111.08354290456361 13
      vertex 92.9390907308414 111.82860862773751 13
      vertex 92.60150584360892 111.08354290456361 11
    endloop
  endfacet
  facet normal -0.8819212643483578 0.47139673682599254 0
    outer loop
      vertex 93.32468245269452 112.55 13
      vertex 93.32468245269452 112.55 11
      vertex 92.9390907308414 111.82860862773751 11
    endloop
  endfacet
  facet normal -0.8819212643483578 0.47139673682599254 0
    outer loop
      vertex 92.9390907308414 111.82860862773751 13
      vertex 93.32468245269452 112.55 13
      vertex 92.9390907308414 111.82860862773751 11
    endloop
  endfacet
  facet normal 0 0 1
    outer loop
      vertex 95.31116523516816 97.46116523516815 13
      vertex 95.31116523516816 115.13883476483184 13
      vertex 94.75200240651279 114.54182268875086 13
    endloop
  endfacet
  facet normal 0 0 1
    outer loop
      vertex 95.90817731124915 96.90200240651278 13
      vertex 95.90817731124915 115.69799759348722 13
      vertex 95.31116523516816 115.13883476483184 13
    endloop
  endfacet
  facet normal 0 0 1
    outer loop
      vertex 96.540482137391 96.38308324635956 13
      vertex 96.540482137391 116.21691675364043 13
      vertex 95.90817731124915 115.69799759348722 13
    endloop
  endfacet
  facet normal 0 0 1
    outer loop
      vertex 97.20537208725497 95.90662984621818 13
      vertex 97.20537208725497 116.69337015378181 13
      vertex 96.540482137391 116.21691675364043 13
    endloop
  endfacet
  facet normal 0 0 1
    outer loop
      vertex 97.9 95.47468245269451 13
      vertex 97.9 117.12531754730549 13
      vertex 97.20537208725497 116.69337015378181 13
    endloop
  endfacet
  facet normal -0.849202181526574 0.5280678506503759 0
    outer loop
      vertex 93.75662984621819 113.24462791274502 13
      vertex 93.75662984621819 113.24462791274502 11
      vertex 93.32468245269452 112.55 11
    endloop
  endfacet
  facet normal -0.849202181526574 0.5280678506503759 0
    outer loop
      vertex 93.32468245269452 112.55 13
      vertex 93.75662984621819 113.24462791274502 13
      vertex 93.32468245269452 112.55 11
    endloop
  endfacet
  facet normal -0.8128466845916167 0.5824776968677999 0
    outer loop
      vertex 93.75662984621819 113.24462791274502 13
      vertex 94.23308324635957 113.90951786260901 13
      vertex 93.75662984621819 113.24462791274502 11
    endloop
  endfacet
  facet normal -0.8128466845916167 0.5824776968677999 0
    outer loop
      vertex 94.23308324635957 113.90951786260901 13
      vertex 94.23308324635957 113.90951786260901 11
      vertex 93.75662984621819 113.24462791274502 11
    endloop
  endfacet
  facet normal -0.7730104533627374 0.634393284163645 0
    outer loop
      vertex 94.75200240651279 114.54182268875086 13
      vertex 94.75200240651279 114.54182268875086 11
      vertex 94.23308324635957 113.90951786260901 11
    endloop
  endfacet
  facet normal -0.7730104533627374 0.634393284163645 0
    outer loop
      vertex 94.23308324635957 113.90951786260901 13
      vertex 94.75200240651279 114.54182268875086 13
      vertex 94.23308324635957 113.90951786260901 11
    endloop
  endfacet
  facet normal -0.7298640726978369 0.6835923020228699 0
    outer loop
      vertex 94.75200240651279 114.54182268875086 13
      vertex 95.31116523516816 115.13883476483184 13
      vertex 94.75200240651279 114.54182268875086 11
    endloop
  endfacet
  facet normal -0.7298640726978369 0.6835923020228699 0
    outer loop
      vertex 95.31116523516816 115.13883476483184 13
      vertex 95.31116523516816 115.13883476483184 11
      vertex 94.75200240651279 114.54182268875086 11
    endloop
  endfacet
  facet normal -0.6835923020228699 0.7298640726978369 0
    outer loop
      vertex 95.31116523516816 115.13883476483184 13
      vertex 95.90817731124915 115.69799759348722 11
      vertex 95.31116523516816 115.13883476483184 11
    endloop
  endfacet
  facet normal -0.6835923020228699 0.7298640726978369 0
    outer loop
      vertex 95.31116523516816 115.13883476483184 13
      vertex 95.90817731124915 115.69799759348722 13
      vertex 95.90817731124915 115.69799759348722 11
    endloop
  endfacet
  facet normal -0.634393284163645 0.7730104533627374 0
    outer loop
      vertex 95.90817731124915 115.69799759348722 13
      vertex 96.540482137391 116.21691675364043 11
      vertex 95.90817731124915 115.69799759348722 11
    endloop
  endfacet
  facet normal -0.634393284163645 0.7730104533627374 0
    outer loop
      vertex 95.90817731124915 115.69799759348722 13
      vertex 96.540482137391 116.21691675364043 13
      vertex 96.540482137391 116.21691675364043 11
    endloop
  endfacet
  facet normal -0.5824776968678081 0.8128466845916108 0
    outer loop
      vertex 96.540482137391 116.21691675364043 13
      vertex 97.20537208725497 116.69337015378181 11
      vertex 96.540482137391 116.21691675364043 11
    endloop
  endfacet
  facet normal -0.5824776968678081 0.8128466845916108 0
    outer loop
      vertex 96.540482137391 116.21691675364043 13
      vertex 97.20537208725497 116.69337015378181 13
      vertex 97.20537208725497 116.69337015378181 11
    endloop
  endfacet
  facet normal -0.5280678506503681 0.8492021815265789 0
    outer loop
      vertex 97.20537208725497 116.69337015378181 13
      vertex 97.9 117.12531754730549 11
      vertex 97.20537208725497 116.69337015378181 11
    endloop
  endfacet
  facet normal -0.5280678506503681 0.8492021815265789 0
    outer loop
      vertex 97.20537208725497 116.69337015378181 13
      vertex 97.9 117.12531754730549 13
      vertex 97.9 117.12531754730549 11
    endloop
  endfacet
  facet normal 0 0 1
    outer loop
      vertex 97.9 95.47468245269451 13
      vertex 98.15 108.8 13
      vertex 97.9 117.12531754730549 13
    endloop
  endfacet
  facet normal 0 0 1
    outer loop
      vertex 97.9 117.12531754730549 13
      vertex 98.15 108.8 13
      vertex 98.6213913722625 117.5109092691586 13
    endloop
  endfacet
  facet normal 0 0 1
    outer loop
      vertex 98.6213913722625 117.5109092691586 13
      vertex 98.15 108.8 13
      vertex 99.36645709543639 117.84849415639108 13
    endloop
  endfacet
  facet normal 0 0 1
    outer loop
      vertex 99.36645709543639 117.84849415639108 13
      vertex 98.15 108.8 13
      vertex 100.13200668371049 118.13662661868882 13
    endloop
  endfacet
  facet normal 0 0 1
    outer loop
      vertex 100.13200668371049 118.13662661868882 13
      vertex 98.15 108.8 13
      vertex 100.9147619362185 118.37407282861335 13
    endloop
  endfacet
  facet normal 0 0 1
    outer loop
      vertex 100.9147619362185 118.37407282861335 13
      vertex 98.15 108.8 13
      vertex 101.7113709747984 118.55981600504037 13
    endloop
  endfacet
  facet normal 0 0 1
    outer loop
      vertex 101.7113709747984 118.55981600504037 13
      vertex 98.15 108.8 13
      vertex 102.51842259724936 118.69306076717262 13
    endloop
  endfacet
  facet normal -0.47139673682599254 0.8819212643483578 0
    outer loop
      vertex 97.9 117.12531754730549 13
      vertex 98.6213913722625 117.5109092691586 11
      vertex 97.9 117.12531754730549 11
    endloop
  endfacet
  facet normal -0.47139673682599254 0.8819212643483578 0
    outer loop
      vertex 97.9 117.12531754730549 13
      vertex 98.6213913722625 117.5109092691586 13
      vertex 98.6213913722625 117.5109092691586 11
    endloop
  endfacet
  facet normal -0.4127070298043948 0.9108638249211758 0
    outer loop
      vertex 98.6213913722625 117.5109092691586 13
      vertex 99.36645709543639 117.84849415639108 11
      vertex 98.6213913722625 117.5109092691586 11
    endloop
  endfacet
  facet normal -0.4127070298043948 0.9108638249211758 0
    outer loop
      vertex 98.6213913722625 117.5109092691586 13
      vertex 99.36645709543639 117.84849415639108 13
      vertex 99.36645709543639 117.84849415639108 11
    endloop
  endfacet
  facet normal -0.352250047921238 0.9359059267573241 0
    outer loop
      vertex 99.36645709543639 117.84849415639108 13
      vertex 100.13200668371049 118.13662661868882 11
      vertex 99.36645709543639 117.84849415639108 11
    endloop
  endfacet
  facet normal -0.352250047921238 0.9359059267573241 0
    outer loop
      vertex 99.36645709543639 117.84849415639108 13
      vertex 100.13200668371049 118.13662661868882 13
      vertex 100.13200668371049 118.13662661868882 11
    endloop
  endfacet
  facet normal -0.2902846772544566 0.9569403357322107 0
    outer loop
      vertex 100.13200668371049 118.13662661868882 13
      vertex 100.9147619362185 118.37407282861335 11
      vertex 100.13200668371049 118.13662661868882 11
    endloop
  endfacet
  facet normal -0.2902846772544566 0.9569403357322107 0
    outer loop
      vertex 100.13200668371049 118.13662661868882 13
      vertex 100.9147619362185 118.37407282861335 13
      vertex 100.9147619362185 118.37407282861335 11
    endloop
  endfacet
  facet normal 0 0 1
    outer loop
      vertex 102.51842259724936 118.69306076717262 13
      vertex 98.15 108.8 13
      vertex 103.33246088462322 118.77323654048254 13
    endloop
  endfacet
  facet normal 0 0 1
    outer loop
      vertex 103.33246088462322 118.77323654048254 13
      vertex 98.15 108.8 13
      vertex 104.15 118.8 13
    endloop
  endfacet
  facet normal 0 0 1
    outer loop
      vertex 104.15 118.8 13
      vertex 98.15 108.8 13
      vertex 104.9675391153768 118.77323654048254 13
    endloop
  endfacet
  facet normal 0 0 1
    outer loop
      vertex 104.9675391153768 118.77323654048254 13
      vertex 98.15 108.8 13
      vertex 105.78157740275066 118.69306076717262 13
    endloop
  endfacet
  facet normal 0 0 1
    outer loop
      vertex 105.78157740275066 118.69306076717262 13
      vertex 98.15 108.8 13
      vertex 106.58862902520161 118.55981600504037 13
    endloop
  endfacet
  facet normal 0 0 1
    outer loop
      vertex 106.58862902520161 118.55981600504037 13
      vertex 98.15 108.8 13
      vertex 107.38523806378151 118.37407282861335 13
    endloop
  endfacet
  facet normal -0.22707626303437145 0.9738769792773341 0
    outer loop
      vertex 100.9147619362185 118.37407282861335 13
      vertex 101.7113709747984 118.55981600504037 11
      vertex 100.9147619362185 118.37407282861335 11
    endloop
  endfacet
  facet normal -0.22707626303437145 0.9738769792773341 0
    outer loop
      vertex 100.9147619362185 118.37407282861335 13
      vertex 101.7113709747984 118.55981600504037 13
      vertex 101.7113709747984 118.55981600504037 11
    endloop
  endfacet
  facet normal -0.16289547339458993 0.9866433320848789 0
    outer loop
      vertex 101.7113709747984 118.55981600504037 13
      vertex 102.51842259724936 118.69306076717262 11
      vertex 101.7113709747984 118.55981600504037 11
    endloop
  endfacet
  facet normal -0.16289547339458993 0.9866433320848789 0
    outer loop
      vertex 101.7113709747984 118.55981600504037 13
      vertex 102.51842259724936 118.69306076717262 13
      vertex 102.51842259724936 118.69306076717262 11
    endloop
  endfacet
  facet normal -0.09801714032956518 0.9951847266721964 0
    outer loop
      vertex 102.51842259724936 118.69306076717262 13
      vertex 103.33246088462322 118.77323654048254 11
      vertex 102.51842259724936 118.69306076717262 11
    endloop
  endfacet
  facet normal -0.09801714032956518 0.9951847266721964 0
    outer loop
      vertex 102.51842259724936 118.69306076717262 13
      vertex 103.33246088462322 118.77323654048254 13
      vertex 103.33246088462322 118.77323654048254 11
    endloop
  endfacet
  facet normal -0.03271908282177369 0.9994645874763658 0
    outer loop
      vertex 103.33246088462322 118.77323654048254 13
      vertex 104.15 118.8 11
      vertex 103.33246088462322 118.77323654048254 11
    endloop
  endfacet
  facet normal -0.03271908282177369 0.9994645874763658 0
    outer loop
      vertex 103.33246088462322 118.77323654048254 13
      vertex 104.15 118.8 13
      vertex 104.15 118.8 11
    endloop
  endfacet
  facet normal 0.03271908282177369 -0.9994645874763658 0
    outer loop
      vertex 104.9675391153768 93.82676345951745 13
      vertex 104.15 93.8 11
      vertex 104.9675391153768 93.82676345951745 11
    endloop
  endfacet
  facet normal 0.03271908282177369 -0.9994645874763658 0
    outer loop
      vertex 104.15 93.8 13
      vertex 104.15 93.8 11
      vertex 104.9675391153768 93.82676345951745 13
    endloop
  endfacet
  facet normal 0.09801714032956518 -0.9951847266721964 0
    outer loop
      vertex 105.78157740275066 93.90693923282737 13
      vertex 104.9675391153768 93.82676345951745 11
      vertex 105.78157740275066 93.90693923282737 11
    endloop
  endfacet
  facet normal 0.09801714032956518 -0.9951847266721964 0
    outer loop
      vertex 104.9675391153768 93.82676345951745 13
      vertex 104.9675391153768 93.82676345951745 11
      vertex 105.78157740275066 93.90693923282737 13
    endloop
  endfacet
  facet normal 0.16289547339458993 -0.9866433320848789 0
    outer loop
      vertex 106.58862902520161 94.04018399495962 13
      vertex 105.78157740275066 93.90693923282737 11
      vertex 106.58862902520161 94.04018399495962 11
    endloop
  endfacet
  facet normal 0.16289547339458993 -0.9866433320848789 0
    outer loop
      vertex 105.78157740275066 93.90693923282737 13
      vertex 105.78157740275066 93.90693923282737 11
      vertex 106.58862902520161 94.04018399495962 13
    endloop
  endfacet
  facet normal 0.22707626303437145 -0.9738769792773341 0
    outer loop
      vertex 107.38523806378151 94.22592717138664 13
      vertex 106.58862902520161 94.04018399495962 11
      vertex 107.38523806378151 94.22592717138664 11
    endloop
  endfacet
  facet normal 0.22707626303437145 -0.9738769792773341 0
    outer loop
      vertex 106.58862902520161 94.04018399495962 13
      vertex 106.58862902520161 94.04018399495962 11
      vertex 107.38523806378151 94.22592717138664 13
    endloop
  endfacet
  facet normal 0 0 1
    outer loop
      vertex 100.9147619362185 94.22592717138664 13
      vertex 101.7113709747984 94.04018399495962 13
      vertex 110.15 103.8 13
    endloop
  endfacet
  facet normal 0 0 1
    outer loop
      vertex 101.7113709747984 94.04018399495962 13
      vertex 102.51842259724936 93.90693923282737 13
      vertex 110.15 103.8 13
    endloop
  endfacet
  facet normal 0 0 1
    outer loop
      vertex 102.51842259724936 93.90693923282737 13
      vertex 103.33246088462322 93.82676345951745 13
      vertex 110.15 103.8 13
    endloop
  endfacet
  facet normal 0 0 1
    outer loop
      vertex 103.33246088462322 93.82676345951745 13
      vertex 104.15 93.8 13
      vertex 110.15 103.8 13
    endloop
  endfacet
  facet normal 0 0 1
    outer loop
      vertex 104.15 93.8 13
      vertex 104.9675391153768 93.82676345951745 13
      vertex 110.15 103.8 13
    endloop
  endfacet
  facet normal 0 0 1
    outer loop
      vertex 104.9675391153768 93.82676345951745 13
      vertex 105.78157740275066 93.90693923282737 13
      vertex 110.15 103.8 13
    endloop
  endfacet
  facet normal 0.2902846772544566 -0.9569403357322107 0
    outer loop
      vertex 108.16799331628953 94.46337338131117 13
      vertex 107.38523806378151 94.22592717138664 11
      vertex 108.16799331628953 94.46337338131117 11
    endloop
  endfacet
  facet normal 0.2902846772544566 -0.9569403357322107 0
    outer loop
      vertex 107.38523806378151 94.22592717138664 13
      vertex 107.38523806378151 94.22592717138664 11
      vertex 108.16799331628953 94.46337338131117 13
    endloop
  endfacet
  facet normal 0.352250047921238 -0.9359059267573241 0
    outer loop
      vertex 108.16799331628953 94.46337338131117 13
      vertex 108.16799331628953 94.46337338131117 11
      vertex 108.93354290456362 94.75150584360891 13
    endloop
  endfacet
  facet normal 0.352250047921238 -0.9359059267573241 0
    outer loop
      vertex 108.93354290456362 94.75150584360891 13
      vertex 108.16799331628953 94.46337338131117 11
      vertex 108.93354290456362 94.75150584360891 11
    endloop
  endfacet
  facet normal 0.4127070298043948 -0.9108638249211758 0
    outer loop
      vertex 109.67860862773752 95.08909073084139 13
      vertex 108.93354290456362 94.75150584360891 11
      vertex 109.67860862773752 95.08909073084139 11
    endloop
  endfacet
  facet normal 0.4127070298043948 -0.9108638249211758 0
    outer loop
      vertex 108.93354290456362 94.75150584360891 13
      vertex 108.93354290456362 94.75150584360891 11
      vertex 109.67860862773752 95.08909073084139 13
    endloop
  endfacet
  facet normal 0.47139673682599254 -0.8819212643483578 0
    outer loop
      vertex 110.4 95.47468245269451 13
      vertex 109.67860862773752 95.08909073084139 11
      vertex 110.4 95.47468245269451 11
    endloop
  endfacet
  facet normal 0.47139673682599254 -0.8819212643483578 0
    outer loop
      vertex 109.67860862773752 95.08909073084139 13
      vertex 109.67860862773752 95.08909073084139 11
      vertex 110.4 95.47468245269451 13
    endloop
  endfacet
  facet normal 0 0 1
    outer loop
      vertex 105.78157740275066 93.90693923282737 13
      vertex 106.58862902520161 94.04018399495962 13
      vertex 110.15 103.8 13
    endloop
  endfacet
  facet normal 0 0 1
    outer loop
      vertex 106.58862902520161 94.04018399495962 13
      vertex 107.38523806378151 94.22592717138664 13
      vertex 110.15 103.8 13
    endloop
  endfacet
  facet normal 0 0 1
    outer loop
      vertex 107.38523806378151 94.22592717138664 13
      vertex 108.16799331628953 94.46337338131117 13
      vertex 110.15 103.8 13
    endloop
  endfacet
  facet normal 0 0 1
    outer loop
      vertex 108.16799331628953 94.46337338131117 13
      vertex 108.93354290456362 94.75150584360891 13
      vertex 110.15 103.8 13
    endloop
  endfacet
  facet normal 0 0 1
    outer loop
      vertex 108.93354290456362 94.75150584360891 13
      vertex 109.67860862773752 95.08909073084139 13
      vertex 110.15 103.8 13
    endloop
  endfacet
  facet normal 0 0 1
    outer loop
      vertex 109.67860862773752 95.08909073084139 13
      vertex 110.4 95.47468245269451 13
      vertex 110.15 103.8 13
    endloop
  endfacet
  facet normal 0 0 1
    outer loop
      vertex 110.4 95.47468245269451 13
      vertex 110.4 117.12531754730549 13
      vertex 110.15 103.8 13
    endloop
  endfacet
  facet normal 0.5280678506503681 -0.8492021815265789 0
    outer loop
      vertex 111.09462791274504 95.90662984621818 13
      vertex 110.4 95.47468245269451 11
      vertex 111.09462791274504 95.90662984621818 11
    endloop
  endfacet
  facet normal 0.5280678506503681 -0.8492021815265789 0
    outer loop
      vertex 110.4 95.47468245269451 13
      vertex 110.4 95.47468245269451 11
      vertex 111.09462791274504 95.90662984621818 13
    endloop
  endfacet
  facet normal 0.5824776968678081 -0.8128466845916108 0
    outer loop
      vertex 111.09462791274504 95.90662984621818 13
      vertex 111.09462791274504 95.90662984621818 11
      vertex 111.75951786260902 96.38308324635956 13
    endloop
  endfacet
  facet normal 0.5824776968678081 -0.8128466845916108 0
    outer loop
      vertex 111.75951786260902 96.38308324635956 13
      vertex 111.09462791274504 95.90662984621818 11
      vertex 111.75951786260902 96.38308324635956 11
    endloop
  endfacet
  facet normal 0.634393284163645 -0.7730104533627374 0
    outer loop
      vertex 112.39182268875086 96.90200240651278 13
      vertex 111.75951786260902 96.38308324635956 11
      vertex 112.39182268875086 96.90200240651278 11
    endloop
  endfacet
  facet normal 0.634393284163645 -0.7730104533627374 0
    outer loop
      vertex 111.75951786260902 96.38308324635956 13
      vertex 111.75951786260902 96.38308324635956 11
      vertex 112.39182268875086 96.90200240651278 13
    endloop
  endfacet
  facet normal 0.6835923020228699 -0.7298640726978369 0
    outer loop
      vertex 112.39182268875086 96.90200240651278 13
      vertex 112.39182268875086 96.90200240651278 11
      vertex 112.98883476483185 97.46116523516815 13
    endloop
  endfacet
  facet normal 0.6835923020228699 -0.7298640726978369 0
    outer loop
      vertex 112.98883476483185 97.46116523516815 13
      vertex 112.39182268875086 96.90200240651278 11
      vertex 112.98883476483185 97.46116523516815 11
    endloop
  endfacet
  facet normal 0.7298640726978369 -0.6835923020228699 0
    outer loop
      vertex 112.98883476483185 97.46116523516815 13
      vertex 112.98883476483185 97.46116523516815 11
      vertex 113.54799759348722 98.05817731124914 11
    endloop
  endfacet
  facet normal 0.7298640726978369 -0.6835923020228699 0
    outer loop
      vertex 112.98883476483185 97.46116523516815 13
      vertex 113.54799759348722 98.05817731124914 11
      vertex 113.54799759348722 98.05817731124914 13
    endloop
  endfacet
  facet normal 0.7730104533627374 -0.634393284163645 0
    outer loop
      vertex 113.54799759348722 98.05817731124914 13
      vertex 113.54799759348722 98.05817731124914 11
      vertex 114.06691675364044 98.69048213739099 11
    endloop
  endfacet
  facet normal 0.7730104533627374 -0.634393284163645 0
    outer loop
      vertex 113.54799759348722 98.05817731124914 13
      vertex 114.06691675364044 98.69048213739099 11
      vertex 114.06691675364044 98.69048213739099 13
    endloop
  endfacet
  facet normal 0.8128466845916167 -0.5824776968677999 0
    outer loop
      vertex 114.06691675364044 98.69048213739099 13
      vertex 114.06691675364044 98.69048213739099 11
      vertex 114.54337015378182 99.35537208725498 11
    endloop
  endfacet
  facet normal 0.8128466845916167 -0.5824776968677999 0
    outer loop
      vertex 114.06691675364044 98.69048213739099 13
      vertex 114.54337015378182 99.35537208725498 11
      vertex 114.54337015378182 99.35537208725498 13
    endloop
  endfacet
  facet normal 0.849202181526574 -0.5280678506503759 0
    outer loop
      vertex 114.54337015378182 99.35537208725498 13
      vertex 114.54337015378182 99.35537208725498 11
      vertex 114.9753175473055 100.05 11
    endloop
  endfacet
  facet normal 0.849202181526574 -0.5280678506503759 0
    outer loop
      vertex 114.54337015378182 99.35537208725498 13
      vertex 114.9753175473055 100.05 11
      vertex 114.9753175473055 100.05 13
    endloop
  endfacet
  facet normal 0 0 1
    outer loop
      vertex 110.4 95.47468245269451 13
      vertex 111.09462791274504 95.90662984621818 13
      vertex 110.4 117.12531754730549 13
    endloop
  endfacet
  facet normal 0 0 1
    outer loop
      vertex 111.09462791274504 95.90662984621818 13
      vertex 111.75951786260902 96.38308324635956 13
      vertex 111.09462791274504 116.69337015378181 13
    endloop
  endfacet
  facet normal 0 0 1
    outer loop
      vertex 111.75951786260902 96.38308324635956 13
      vertex 112.39182268875086 96.90200240651278 13
      vertex 111.75951786260902 116.21691675364043 13
    endloop
  endfacet
  facet normal 0 0 1
    outer loop
      vertex 112.39182268875086 96.90200240651278 13
      vertex 112.98883476483185 97.46116523516815 13
      vertex 112.39182268875086 115.69799759348722 13
    endloop
  endfacet
  facet normal 0 0 1
    outer loop
      vertex 112.98883476483185 97.46116523516815 13
      vertex 113.54799759348722 98.05817731124914 13
      vertex 112.98883476483185 115.13883476483184 13
    endloop
  endfacet
  facet normal 0.8819212643483578 -0.47139673682599254 0
    outer loop
      vertex 114.9753175473055 100.05 13
      vertex 114.9753175473055 100.05 11
      vertex 115.36090926915861 100.77139137226249 11
    endloop
  endfacet
  facet normal 0.8819212643483578 -0.47139673682599254 0
    outer loop
      vertex 114.9753175473055 100.05 13
      vertex 115.36090926915861 100.77139137226249 11
      vertex 115.36090926915861 100.77139137226249 13
    endloop
  endfacet
  facet normal 0.9108638249211758 -0.4127070298043948 0
    outer loop
      vertex 115.36090926915861 100.77139137226249 13
      vertex 115.36090926915861 100.77139137226249 11
      vertex 115.69849415639109 101.51645709543638 11
    endloop
  endfacet
  facet normal 0.9108638249211758 -0.4127070298043948 0
    outer loop
      vertex 115.36090926915861 100.77139137226249 13
      vertex 115.69849415639109 101.51645709543638 11
      vertex 115.69849415639109 101.51645709543638 13
    endloop
  endfacet
  facet normal 0.9359059267573241 -0.352250047921238 0
    outer loop
      vertex 115.69849415639109 101.51645709543638 13
      vertex 115.69849415639109 101.51645709543638 11
      vertex 115.98662661868883 102.28200668371048 11
    endloop
  endfacet
  facet normal 0.9359059267573241 -0.352250047921238 0
    outer loop
      vertex 115.69849415639109 101.51645709543638 13
      vertex 115.98662661868883 102.28200668371048 11
      vertex 115.98662661868883 102.28200668371048 13
    endloop
  endfacet
  facet normal 0.9569403357322107 -0.2902846772544566 0
    outer loop
      vertex 115.98662661868883 102.28200668371048 13
      vertex 115.98662661868883 102.28200668371048 11
      vertex 116.22407282861336 103.06476193621849 11
    endloop
  endfacet
  facet normal 0.9569403357322107 -0.2902846772544566 0
    outer loop
      vertex 115.98662661868883 102.28200668371048 13
      vertex 116.22407282861336 103.06476193621849 11
      vertex 116.22407282861336 103.06476193621849 13
    endloop
  endfacet
  facet normal 0 0 1
    outer loop
      vertex 113.54799759348722 98.05817731124914 13
      vertex 114.06691675364044 98.69048213739099 13
      vertex 113.54799759348722 114.54182268875086 13
    endloop
  endfacet
  facet normal 0 0 1
    outer loop
      vertex 114.06691675364044 98.69048213739099 13
      vertex 114.54337015378182 99.35537208725498 13
      vertex 114.06691675364044 113.90951786260901 13
    endloop
  endfacet
  facet normal 0 0 1
    outer loop
      vertex 114.54337015378182 99.35537208725498 13
      vertex 114.9753175473055 100.05 13
      vertex 114.54337015378182 113.24462791274502 13
    endloop
  endfacet
  facet normal 0.9738769792773341 -0.22707626303437145 0
    outer loop
      vertex 116.22407282861336 103.06476193621849 13
      vertex 116.22407282861336 103.06476193621849 11
      vertex 116.40981600504038 103.86137097479839 11
    endloop
  endfacet
  facet normal 0.9738769792773341 -0.22707626303437145 0
    outer loop
      vertex 116.22407282861336 103.06476193621849 13
      vertex 116.40981600504038 103.86137097479839 11
      vertex 116.40981600504038 103.86137097479839 13
    endloop
  endfacet
  facet normal 0.9866433320848789 -0.16289547339458993 0
    outer loop
      vertex 116.40981600504038 103.86137097479839 13
      vertex 116.40981600504038 103.86137097479839 11
      vertex 116.54306076717263 104.66842259724935 11
    endloop
  endfacet
  facet normal 0.9866433320848789 -0.16289547339458993 0
    outer loop
      vertex 116.40981600504038 103.86137097479839 13
      vertex 116.54306076717263 104.66842259724935 11
      vertex 116.54306076717263 104.66842259724935 13
    endloop
  endfacet
  facet normal 0 0 1
    outer loop
      vertex 114.9753175473055 100.05 13
      vertex 115.36090926915861 100.77139137226249 13
      vertex 114.9753175473055 112.55 13
    endloop
  endfacet
  facet normal 0 0 1
    outer loop
      vertex 115.36090926915861 100.77139137226249 13
      vertex 115.69849415639109 101.51645709543638 13
      vertex 115.36090926915861 111.82860862773751 13
    endloop
  endfacet
  facet normal 0.9951847266721964 -0.09801714032956518 0
    outer loop
      vertex 116.54306076717263 104.66842259724935 13
      vertex 116.54306076717263 104.66842259724935 11
      vertex 116.62323654048255 105.48246088462321 11
    endloop
  endfacet
  facet normal 0.9951847266721964 -0.09801714032956518 0
    outer loop
      vertex 116.54306076717263 104.66842259724935 13
      vertex 116.62323654048255 105.48246088462321 11
      vertex 116.62323654048255 105.48246088462321 13
    endloop
  endfacet
  facet normal 0.9994645874763658 -0.03271908282177369 0
    outer loop
      vertex 116.62323654048255 105.48246088462321 13
      vertex 116.62323654048255 105.48246088462321 11
      vertex 116.65 106.3 11
    endloop
  endfacet
  facet normal 0.9994645874763658 -0.03271908282177369 0
    outer loop
      vertex 116.62323654048255 105.48246088462321 13
      vertex 116.65 106.3 11
      vertex 116.65 106.3 13
    endloop
  endfacet
  facet normal 0 0 1
    outer loop
      vertex 115.69849415639109 101.51645709543638 13
      vertex 115.98662661868883 102.28200668371048 13
      vertex 115.69849415639109 111.08354290456361 13
    endloop
  endfacet
  facet normal 0 0 1
    outer loop
      vertex 115.98662661868883 102.28200668371048 13
      vertex 116.22407282861336 103.06476193621849 13
      vertex 115.98662661868883 110.31799331628952 13
    endloop
  endfacet
  facet normal 0 0 1
    outer loop
      vertex 116.22407282861336 103.06476193621849 13
      vertex 116.40981600504038 103.86137097479839 13
      vertex 116.22407282861336 109.5352380637815 13
    endloop
  endfacet
  facet normal 0 0 1
    outer loop
      vertex 116.40981600504038 103.86137097479839 13
      vertex 116.54306076717263 104.66842259724935 13
      vertex 116.40981600504038 108.7386290252016 13
    endloop
  endfacet
  facet normal 0 0 1
    outer loop
      vertex 116.54306076717263 104.66842259724935 13
      vertex 116.62323654048255 105.48246088462321 13
      vertex 116.54306076717263 107.93157740275065 13
    endloop
  endfacet
  facet normal 0 0 1
    outer loop
      vertex 110.4 117.12531754730549 13
      vertex 98.15 108.8 13
      vertex 110.15 108.8 13
    endloop
  endfacet
  facet normal 0 0 1
    outer loop
      vertex 110.4 117.12531754730549 13
      vertex 110.15 108.8 13
      vertex 110.15 103.8 13
    endloop
  endfacet
  facet normal 0 0 1
    outer loop
      vertex 107.38523806378151 118.37407282861335 13
      vertex 98.15 108.8 13
      vertex 108.16799331628953 118.13662661868882 13
    endloop
  endfacet
  facet normal 0 0 1
    outer loop
      vertex 108.93354290456362 117.84849415639108 13
      vertex 98.15 108.8 13
      vertex 109.67860862773752 117.5109092691586 13
    endloop
  endfacet
  facet normal 0 0 1
    outer loop
      vertex 108.16799331628953 118.13662661868882 13
      vertex 98.15 108.8 13
      vertex 108.93354290456362 117.84849415639108 13
    endloop
  endfacet
  facet normal 0 0 1
    outer loop
      vertex 109.67860862773752 117.5109092691586 13
      vertex 98.15 108.8 13
      vertex 110.4 117.12531754730549 13
    endloop
  endfacet
  facet normal 0.03271908282177369 0.9994645874763658 0
    outer loop
      vertex 104.15 118.8 13
      vertex 104.9675391153768 118.77323654048254 11
      vertex 104.15 118.8 11
    endloop
  endfacet
  facet normal 0.03271908282177369 0.9994645874763658 0
    outer loop
      vertex 104.15 118.8 13
      vertex 104.9675391153768 118.77323654048254 13
      vertex 104.9675391153768 118.77323654048254 11
    endloop
  endfacet
  facet normal 0.09801714032956518 0.9951847266721964 0
    outer loop
      vertex 104.9675391153768 118.77323654048254 13
      vertex 105.78157740275066 118.69306076717262 11
      vertex 104.9675391153768 118.77323654048254 11
    endloop
  endfacet
  facet normal 0.09801714032956518 0.9951847266721964 0
    outer loop
      vertex 104.9675391153768 118.77323654048254 13
      vertex 105.78157740275066 118.69306076717262 13
      vertex 105.78157740275066 118.69306076717262 11
    endloop
  endfacet
  facet normal 0.16289547339458993 0.9866433320848789 0
    outer loop
      vertex 105.78157740275066 118.69306076717262 13
      vertex 106.58862902520161 118.55981600504037 11
      vertex 105.78157740275066 118.69306076717262 11
    endloop
  endfacet
  facet normal 0.16289547339458993 0.9866433320848789 0
    outer loop
      vertex 105.78157740275066 118.69306076717262 13
      vertex 106.58862902520161 118.55981600504037 13
      vertex 106.58862902520161 118.55981600504037 11
    endloop
  endfacet
  facet normal 0.22707626303437145 0.9738769792773341 0
    outer loop
      vertex 106.58862902520161 118.55981600504037 13
      vertex 107.38523806378151 118.37407282861335 11
      vertex 106.58862902520161 118.55981600504037 11
    endloop
  endfacet
  facet normal 0.22707626303437145 0.9738769792773341 0
    outer loop
      vertex 106.58862902520161 118.55981600504037 13
      vertex 107.38523806378151 118.37407282861335 13
      vertex 107.38523806378151 118.37407282861335 11
    endloop
  endfacet
  facet normal 0.2902846772544566 0.9569403357322107 0
    outer loop
      vertex 107.38523806378151 118.37407282861335 13
      vertex 108.16799331628953 118.13662661868882 11
      vertex 107.38523806378151 118.37407282861335 11
    endloop
  endfacet
  facet normal 0.2902846772544566 0.9569403357322107 0
    outer loop
      vertex 107.38523806378151 118.37407282861335 13
      vertex 108.16799331628953 118.13662661868882 13
      vertex 108.16799331628953 118.13662661868882 11
    endloop
  endfacet
  facet normal 0.352250047921238 0.9359059267573241 0
    outer loop
      vertex 108.16799331628953 118.13662661868882 13
      vertex 108.93354290456362 117.84849415639108 13
      vertex 108.93354290456362 117.84849415639108 11
    endloop
  endfacet
  facet normal 0.352250047921238 0.9359059267573241 0
    outer loop
      vertex 108.16799331628953 118.13662661868882 13
      vertex 108.93354290456362 117.84849415639108 11
      vertex 108.16799331628953 118.13662661868882 11
    endloop
  endfacet
  facet normal 0.4127070298043948 0.9108638249211758 0
    outer loop
      vertex 108.93354290456362 117.84849415639108 13
      vertex 109.67860862773752 117.5109092691586 11
      vertex 108.93354290456362 117.84849415639108 11
    endloop
  endfacet
  facet normal 0.4127070298043948 0.9108638249211758 0
    outer loop
      vertex 108.93354290456362 117.84849415639108 13
      vertex 109.67860862773752 117.5109092691586 13
      vertex 109.67860862773752 117.5109092691586 11
    endloop
  endfacet
  facet normal 0.47139673682599254 0.8819212643483578 0
    outer loop
      vertex 109.67860862773752 117.5109092691586 13
      vertex 110.4 117.12531754730549 11
      vertex 109.67860862773752 117.5109092691586 11
    endloop
  endfacet
  facet normal 0.47139673682599254 0.8819212643483578 0
    outer loop
      vertex 109.67860862773752 117.5109092691586 13
      vertex 110.4 117.12531754730549 13
      vertex 110.4 117.12531754730549 11
    endloop
  endfacet
  facet normal 0 0 1
    outer loop
      vertex 113.54799759348722 98.05817731124914 13
      vertex 113.54799759348722 114.54182268875086 13
      vertex 112.98883476483185 115.13883476483184 13
    endloop
  endfacet
  facet normal 0 0 1
    outer loop
      vertex 111.09462791274504 95.90662984621818 13
      vertex 111.09462791274504 116.69337015378181 13
      vertex 110.4 117.12531754730549 13
    endloop
  endfacet
  facet normal 0 0 1
    outer loop
      vertex 111.75951786260902 96.38308324635956 13
      vertex 111.75951786260902 116.21691675364043 13
      vertex 111.09462791274504 116.69337015378181 13
    endloop
  endfacet
  facet normal 0 0 1
    outer loop
      vertex 112.39182268875086 96.90200240651278 13
      vertex 112.39182268875086 115.69799759348722 13
      vertex 111.75951786260902 116.21691675364043 13
    endloop
  endfacet
  facet normal 0 0 1
    outer loop
      vertex 112.98883476483185 97.46116523516815 13
      vertex 112.98883476483185 115.13883476483184 13
      vertex 112.39182268875086 115.69799759348722 13
    endloop
  endfacet
  facet normal 0 0 1
    outer loop
      vertex 114.06691675364044 98.69048213739099 13
      vertex 114.06691675364044 113.90951786260901 13
      vertex 113.54799759348722 114.54182268875086 13
    endloop
  endfacet
  facet normal 0 0 1
    outer loop
      vertex 114.9753175473055 100.05 13
      vertex 114.9753175473055 112.55 13
      vertex 114.54337015378182 113.24462791274502 13
    endloop
  endfacet
  facet normal 0 0 1
    outer loop
      vertex 114.54337015378182 99.35537208725498 13
      vertex 114.54337015378182 113.24462791274502 13
      vertex 114.06691675364044 113.90951786260901 13
    endloop
  endfacet
  facet normal 0.9994645874763658 0.03271908282177369 0
    outer loop
      vertex 116.65 106.3 13
      vertex 116.65 106.3 11
      vertex 116.62323654048255 107.11753911537679 11
    endloop
  endfacet
  facet normal 0.9994645874763658 0.03271908282177369 0
    outer loop
      vertex 116.65 106.3 13
      vertex 116.62323654048255 107.11753911537679 11
      vertex 116.62323654048255 107.11753911537679 13
    endloop
  endfacet
  facet normal 0.9951847266721964 0.09801714032956518 0
    outer loop
      vertex 116.62323654048255 107.11753911537679 13
      vertex 116.62323654048255 107.11753911537679 11
      vertex 116.54306076717263 107.93157740275065 11
    endloop
  endfacet
  facet normal 0.9951847266721964 0.09801714032956518 0
    outer loop
      vertex 116.62323654048255 107.11753911537679 13
      vertex 116.54306076717263 107.93157740275065 11
      vertex 116.54306076717263 107.93157740275065 13
    endloop
  endfacet
  facet normal 0 0 1
    outer loop
      vertex 116.62323654048255 105.48246088462321 13
      vertex 116.65 106.3 13
      vertex 116.62323654048255 107.11753911537679 13
    endloop
  endfacet
  facet normal 0 0 1
    outer loop
      vertex 116.62323654048255 105.48246088462321 13
      vertex 116.62323654048255 107.11753911537679 13
      vertex 116.54306076717263 107.93157740275065 13
    endloop
  endfacet
  facet normal 0 0 1
    outer loop
      vertex 116.22407282861336 103.06476193621849 13
      vertex 116.22407282861336 109.5352380637815 13
      vertex 115.98662661868883 110.31799331628952 13
    endloop
  endfacet
  facet normal 0 0 1
    outer loop
      vertex 116.40981600504038 103.86137097479839 13
      vertex 116.40981600504038 108.7386290252016 13
      vertex 116.22407282861336 109.5352380637815 13
    endloop
  endfacet
  facet normal 0 0 1
    outer loop
      vertex 116.54306076717263 104.66842259724935 13
      vertex 116.54306076717263 107.93157740275065 13
      vertex 116.40981600504038 108.7386290252016 13
    endloop
  endfacet
  facet normal 0.9866433320848789 0.16289547339458993 0
    outer loop
      vertex 116.54306076717263 107.93157740275065 13
      vertex 116.54306076717263 107.93157740275065 11
      vertex 116.40981600504038 108.7386290252016 11
    endloop
  endfacet
  facet normal 0.9866433320848789 0.16289547339458993 0
    outer loop
      vertex 116.54306076717263 107.93157740275065 13
      vertex 116.40981600504038 108.7386290252016 11
      vertex 116.40981600504038 108.7386290252016 13
    endloop
  endfacet
  facet normal 0.9738769792773341 0.22707626303437145 0
    outer loop
      vertex 116.40981600504038 108.7386290252016 13
      vertex 116.40981600504038 108.7386290252016 11
      vertex 116.22407282861336 109.5352380637815 11
    endloop
  endfacet
  facet normal 0.9738769792773341 0.22707626303437145 0
    outer loop
      vertex 116.40981600504038 108.7386290252016 13
      vertex 116.22407282861336 109.5352380637815 11
      vertex 116.22407282861336 109.5352380637815 13
    endloop
  endfacet
  facet normal 0 0 1
    outer loop
      vertex 115.36090926915861 100.77139137226249 13
      vertex 115.36090926915861 111.82860862773751 13
      vertex 114.9753175473055 112.55 13
    endloop
  endfacet
  facet normal 0 0 1
    outer loop
      vertex 115.69849415639109 101.51645709543638 13
      vertex 115.69849415639109 111.08354290456361 13
      vertex 115.36090926915861 111.82860862773751 13
    endloop
  endfacet
  facet normal 0 0 1
    outer loop
      vertex 115.98662661868883 102.28200668371048 13
      vertex 115.98662661868883 110.31799331628952 13
      vertex 115.69849415639109 111.08354290456361 13
    endloop
  endfacet
  facet normal 0.9359059267573241 0.352250047921238 0
    outer loop
      vertex 115.98662661868883 110.31799331628952 13
      vertex 115.69849415639109 111.08354290456361 11
      vertex 115.69849415639109 111.08354290456361 13
    endloop
  endfacet
  facet normal 0.9569403357322107 0.2902846772544566 0
    outer loop
      vertex 116.22407282861336 109.5352380637815 13
      vertex 116.22407282861336 109.5352380637815 11
      vertex 115.98662661868883 110.31799331628952 11
    endloop
  endfacet
  facet normal 0.9569403357322107 0.2902846772544566 0
    outer loop
      vertex 116.22407282861336 109.5352380637815 13
      vertex 115.98662661868883 110.31799331628952 11
      vertex 115.98662661868883 110.31799331628952 13
    endloop
  endfacet
  facet normal 0.9359059267573241 0.352250047921238 0
    outer loop
      vertex 115.98662661868883 110.31799331628952 13
      vertex 115.98662661868883 110.31799331628952 11
      vertex 115.69849415639109 111.08354290456361 11
    endloop
  endfacet
  facet normal 0.9108638249211758 0.4127070298043948 0
    outer loop
      vertex 115.69849415639109 111.08354290456361 13
      vertex 115.69849415639109 111.08354290456361 11
      vertex 115.36090926915861 111.82860862773751 11
    endloop
  endfacet
  facet normal 0.9108638249211758 0.4127070298043948 0
    outer loop
      vertex 115.69849415639109 111.08354290456361 13
      vertex 115.36090926915861 111.82860862773751 11
      vertex 115.36090926915861 111.82860862773751 13
    endloop
  endfacet
  facet normal 0.8819212643483578 0.47139673682599254 0
    outer loop
      vertex 115.36090926915861 111.82860862773751 13
      vertex 115.36090926915861 111.82860862773751 11
      vertex 114.9753175473055 112.55 11
    endloop
  endfacet
  facet normal 0.8819212643483578 0.47139673682599254 0
    outer loop
      vertex 115.36090926915861 111.82860862773751 13
      vertex 114.9753175473055 112.55 11
      vertex 114.9753175473055 112.55 13
    endloop
  endfacet
  facet normal 0.6835923020228699 0.7298640726978369 0
    outer loop
      vertex 112.39182268875086 115.69799759348722 13
      vertex 112.98883476483185 115.13883476483184 11
      vertex 112.39182268875086 115.69799759348722 11
    endloop
  endfacet
  facet normal 0.7298640726978369 0.6835923020228699 0
    outer loop
      vertex 113.54799759348722 114.54182268875086 13
      vertex 113.54799759348722 114.54182268875086 11
      vertex 112.98883476483185 115.13883476483184 11
    endloop
  endfacet
  facet normal 0.6835923020228699 0.7298640726978369 0
    outer loop
      vertex 112.98883476483185 115.13883476483184 13
      vertex 112.98883476483185 115.13883476483184 11
      vertex 112.39182268875086 115.69799759348722 13
    endloop
  endfacet
  facet normal 0.7298640726978369 0.6835923020228699 0
    outer loop
      vertex 112.98883476483185 115.13883476483184 13
      vertex 113.54799759348722 114.54182268875086 13
      vertex 112.98883476483185 115.13883476483184 11
    endloop
  endfacet
  facet normal 0.5280678506503681 0.8492021815265789 0
    outer loop
      vertex 110.4 117.12531754730549 13
      vertex 111.09462791274504 116.69337015378181 11
      vertex 110.4 117.12531754730549 11
    endloop
  endfacet
  facet normal 0.5280678506503681 0.8492021815265789 0
    outer loop
      vertex 110.4 117.12531754730549 13
      vertex 111.09462791274504 116.69337015378181 13
      vertex 111.09462791274504 116.69337015378181 11
    endloop
  endfacet
  facet normal 0.5824776968678081 0.8128466845916108 0
    outer loop
      vertex 111.09462791274504 116.69337015378181 13
      vertex 111.75951786260902 116.21691675364043 13
      vertex 111.75951786260902 116.21691675364043 11
    endloop
  endfacet
  facet normal 0.5824776968678081 0.8128466845916108 0
    outer loop
      vertex 111.09462791274504 116.69337015378181 13
      vertex 111.75951786260902 116.21691675364043 11
      vertex 111.09462791274504 116.69337015378181 11
    endloop
  endfacet
  facet normal 0.634393284163645 0.7730104533627374 0
    outer loop
      vertex 111.75951786260902 116.21691675364043 13
      vertex 112.39182268875086 115.69799759348722 11
      vertex 111.75951786260902 116.21691675364043 11
    endloop
  endfacet
  facet normal 0.634393284163645 0.7730104533627374 0
    outer loop
      vertex 111.75951786260902 116.21691675364043 13
      vertex 112.39182268875086 115.69799759348722 13
      vertex 112.39182268875086 115.69799759348722 11
    endloop
  endfacet
  facet normal 0.8128466845916167 0.5824776968677999 0
    outer loop
      vertex 114.06691675364044 113.90951786260901 13
      vertex 114.54337015378182 113.24462791274502 13
      vertex 114.06691675364044 113.90951786260901 11
    endloop
  endfacet
  facet normal 0.849202181526574 0.5280678506503759 0
    outer loop
      vertex 114.9753175473055 112.55 13
      vertex 114.9753175473055 112.55 11
      vertex 114.54337015378182 113.24462791274502 11
    endloop
  endfacet
  facet normal 0.849202181526574 0.5280678506503759 0
    outer loop
      vertex 114.54337015378182 113.24462791274502 13
      vertex 114.9753175473055 112.55 13
      vertex 114.54337015378182 113.24462791274502 11
    endloop
  endfacet
  facet normal 0.8128466845916167 0.5824776968677999 0
    outer loop
      vertex 114.54337015378182 113.24462791274502 13
      vertex 114.54337015378182 113.24462791274502 11
      vertex 114.06691675364044 113.90951786260901 11
    endloop
  endfacet
  facet normal 0.7730104533627374 0.634393284163645 0
    outer loop
      vertex 114.06691675364044 113.90951786260901 13
      vertex 114.06691675364044 113.90951786260901 11
      vertex 113.54799759348722 114.54182268875086 11
    endloop
  endfacet
  facet normal 0.7730104533627374 0.634393284163645 0
    outer loop
      vertex 114.06691675364044 113.90951786260901 13
      vertex 113.54799759348722 114.54182268875086 11
      vertex 113.54799759348722 114.54182268875086 13
    endloop
  endfacet
  facet normal 0 -1 0
    outer loop
      vertex 98.15 103.8 22.990000000000002
      vertex 98.15 103.8 13
      vertex 110.15 103.8 13
    endloop
  endfacet
  facet normal -1 0 0
    outer loop
      vertex 98.15 103.8 22.990000000000002
      vertex 98.15 108.8 22.990000000000002
      vertex 98.15 103.8 13
    endloop
  endfacet
  facet normal 0 0 1
    outer loop
      vertex 98.15 103.8 22.990000000000002
      vertex 110.15 103.8 22.990000000000002
      vertex 98.15 108.8 22.990000000000002
    endloop
  endfacet
  facet normal -1 0 0
    outer loop
      vertex 98.15 108.8 22.990000000000002
      vertex 98.15 108.8 13
      vertex 98.15 103.8 13
    endloop
  endfacet
  facet normal 0 1 0
    outer loop
      vertex 98.15 108.8 22.990000000000002
      vertex 110.15 108.8 22.990000000000002
      vertex 98.15 108.8 13
    endloop
  endfacet
  facet normal 1 0 0
    outer loop
      vertex 110.15 103.8 22.990000000000002
      vertex 110.15 103.8 13
      vertex 110.15 108.8 13
    endloop
  endfacet
  facet normal 0 -1 0
    outer loop
      vertex 98.15 103.8 22.990000000000002
      vertex 110.15 103.8 13
      vertex 110.15 103.8 22.990000000000002
    endloop
  endfacet
  facet normal 0 1 0
    outer loop
      vertex 110.15 108.8 22.990000000000002
      vertex 110.15 108.8 13
      vertex 98.15 108.8 13
    endloop
  endfacet
  facet normal 0 0 1
    outer loop
      vertex 98.15 108.8 22.990000000000002
      vertex 110.15 103.8 22.990000000000002
      vertex 110.15 108.8 22.990000000000002
    endloop
  endfacet
  facet normal 1 0 0
    outer loop
      vertex 110.15 103.8 22.990000000000002
      vertex 110.15 108.8 13
      vertex 110.15 108.8 22.990000000000002
    endloop
  endfacet
endsolid OpenSCAD_Model
