solid OpenSCAD_Model
  facet normal 0 0 -1
    outer loop
      vertex 0 216 0
      vertex 17 208 0
      vertex 9 208 0
    endloop
  endfacet
  facet normal 0 0 -1
    outer loop
      vertex 0 216 0
      vertex 9 208 0
      vertex 0 173 0
    endloop
  endfacet
  facet normal 0 0 -1
    outer loop
      vertex 0 216 0
      vertex 50.25 208 0
      vertex 17 208 0
    endloop
  endfacet
  facet normal 0 0 1
    outer loop
      vertex 3 186 3
      vertex 3 173 3
      vertex 9 183 3
    endloop
  endfacet
  facet normal 0 0 -1
    outer loop
      vertex 0 173 0
      vertex 9 208 0
      vertex 9 183 0
    endloop
  endfacet
  facet normal 0 0 1
    outer loop
      vertex 3 186 3
      vertex 9 183 3
      vertex 9 186 3
    endloop
  endfacet
  facet normal 0 0 -1
    outer loop
      vertex 0 173 0
      vertex 9 183 0
      vertex 17 183 0
    endloop
  endfacet
  facet normal 0 0 -1
    outer loop
      vertex 0 173 0
      vertex 17 165 0
      vertex 9 165 0
    endloop
  endfacet
  facet normal 0 0 -1
    outer loop
      vertex 0 173 0
      vertex 17 183 0
      vertex 50.25 183 0
    endloop
  endfacet
  facet normal 0 0 1
    outer loop
      vertex 10.5 170 3
      vertex 10.5 165 3
      vertex 17 165 3
    endloop
  endfacet
  facet normal 0 0 -1
    outer loop
      vertex 0 173 0
      vertex 50.25 165 0
      vertex 17 165 0
    endloop
  endfacet
  facet normal 0 0 -1
    outer loop
      vertex 50.25 183 0
      vertex 17 183 0
      vertex 17 208 0
    endloop
  endfacet
  facet normal 0 0 -1
    outer loop
      vertex 0 216 0
      vertex 58.25 208 0
      vertex 50.25 208 0
    endloop
  endfacet
  facet normal 0 0 -1
    outer loop
      vertex 50.25 183 0
      vertex 17 208 0
      vertex 50.25 208 0
    endloop
  endfacet
  facet normal 0 0 1
    outer loop
      vertex 17 186 3
      vertex 17 183 3
      vertex 50.25 186 3
    endloop
  endfacet
  facet normal 0 0 1
    outer loop
      vertex 10.5 170 3
      vertex 17 165 3
      vertex 50.25 165 3
    endloop
  endfacet
  facet normal 0 0 1
    outer loop
      vertex 50.25 186 3
      vertex 17 183 3
      vertex 50.25 183 3
    endloop
  endfacet
  facet normal 0 0 -1
    outer loop
      vertex 0 173 0
      vertex 58.25 165 0
      vertex 50.25 165 0
    endloop
  endfacet
  facet normal 0 0 1
    outer loop
      vertex 10.5 170 3
      vertex 50.25 165 3
      vertex 58.25 165 3
    endloop
  endfacet
  facet normal 0 0 -1
    outer loop
      vertex 0 173 0
      vertex 9 165 0
      vertex 9 105 0
    endloop
  endfacet
  facet normal 0 0 1
    outer loop
      vertex 17 105 3
      vertex 50.25 165 3
      vertex 17 165 3
    endloop
  endfacet
  facet normal 0 0 -1
    outer loop
      vertex 17 165 0
      vertex 50.25 165 0
      vertex 50.25 105 0
    endloop
  endfacet
  facet normal 0 0 -1
    outer loop
      vertex 17 165 0
      vertex 50.25 105 0
      vertex 17 105 0
    endloop
  endfacet
  facet normal 0 0 1
    outer loop
      vertex 17 105 3
      vertex 50.25 105 3
      vertex 50.25 165 3
    endloop
  endfacet
  facet normal 0 0 -1
    outer loop
      vertex 0 216 0
      vertex 89.5 210.5 0
      vertex 58.25 208 0
    endloop
  endfacet
  facet normal 0 0 1
    outer loop
      vertex 60.5 213 3
      vertex 60.5 186 3
      vertex 89.5 210.5 3
    endloop
  endfacet
  facet normal 0 0 -1
    outer loop
      vertex 58.25 208 0
      vertex 89.5 190.5 0
      vertex 58.25 183 0
    endloop
  endfacet
  facet normal 0 0 1
    outer loop
      vertex 60.5 186 3
      vertex 58.25 186 3
      vertex 58.25 183 3
    endloop
  endfacet
  facet normal 0 0 -1
    outer loop
      vertex 0 173 0
      vertex 91.5 165 0
      vertex 58.25 165 0
    endloop
  endfacet
  facet normal 0 0 1
    outer loop
      vertex 10.5 170 3
      vertex 58.25 165 3
      vertex 91.5 165 3
    endloop
  endfacet
  facet normal 0 0 1
    outer loop
      vertex 3 173 3
      vertex 188 173 3
      vertex 9 183 3
    endloop
  endfacet
  facet normal 0 0 1
    outer loop
      vertex 188 173 3
      vertex 17 183 3
      vertex 9 183 3
    endloop
  endfacet
  facet normal 0 0 -1
    outer loop
      vertex 0 173 0
      vertex 99.5 165 0
      vertex 91.5 165 0
    endloop
  endfacet
  facet normal 0 0 1
    outer loop
      vertex 10.5 170 3
      vertex 91.5 165 3
      vertex 99.5 165 3
    endloop
  endfacet
  facet normal 0 0 -1
    outer loop
      vertex 58.25 208 0
      vertex 89.5 210.5 0
      vertex 89.5 190.5 0
    endloop
  endfacet
  facet normal 0 0 1
    outer loop
      vertex 60.5 186 3
      vertex 89.5 190.5 3
      vertex 89.5 210.5 3
    endloop
  endfacet
  facet normal 0 0 -1
    outer loop
      vertex 0 216 0
      vertex 191 213 0
      vertex 89.5 210.5 0
    endloop
  endfacet
  facet normal 0 0 1
    outer loop
      vertex 60.5 213 3
      vertex 89.5 210.5 3
      vertex 130.5 213 3
    endloop
  endfacet
  facet normal 0 0 -1
    outer loop
      vertex 58.25 183 0
      vertex 89.5 190.5 0
      vertex 91.5 183 0
    endloop
  endfacet
  facet normal 0 0 1
    outer loop
      vertex 60.5 186 3
      vertex 91.5 190.5 3
      vertex 89.5 190.5 3
    endloop
  endfacet
  facet normal 0 0 1
    outer loop
      vertex 60.5 186 3
      vertex 91.5 183 3
      vertex 91.5 190.5 3
    endloop
  endfacet
  facet normal 0 0 -1
    outer loop
      vertex 0 173 0
      vertex 50.25 183 0
      vertex 191 173 0
    endloop
  endfacet
  facet normal 0 0 -1
    outer loop
      vertex 0 173 0
      vertex 132.75 165 0
      vertex 99.5 165 0
    endloop
  endfacet
  facet normal 0 0 1
    outer loop
      vertex 10.5 170 3
      vertex 99.5 165 3
      vertex 132.75 165 3
    endloop
  endfacet
  facet normal 0 0 1
    outer loop
      vertex 188 173 3
      vertex 50.25 183 3
      vertex 17 183 3
    endloop
  endfacet
  facet normal 0 0 -1
    outer loop
      vertex 89.5 190.5 0
      vertex 91.5 190.5 0
      vertex 91.5 183 0
    endloop
  endfacet
  facet normal 0 0 -1
    outer loop
      vertex 0 173 0
      vertex 140.75 165 0
      vertex 132.75 165 0
    endloop
  endfacet
  facet normal 0 0 1
    outer loop
      vertex 10.5 170 3
      vertex 132.75 165 3
      vertex 140.75 165 3
    endloop
  endfacet
  facet normal 0 0 1
    outer loop
      vertex 58.25 165 3
      vertex 58.25 105 3
      vertex 91.5 165 3
    endloop
  endfacet
  facet normal 0 0 -1
    outer loop
      vertex 58.25 165 0
      vertex 91.5 87 0
      vertex 58.25 105 0
    endloop
  endfacet
  facet normal 0 0 -1
    outer loop
      vertex 91.5 165 0
      vertex 89.5 150 0
      vertex 58.25 165 0
    endloop
  endfacet
  facet normal 0 0 -1
    outer loop
      vertex 58.25 165 0
      vertex 89.5 150 0
      vertex 89.5 130 0
    endloop
  endfacet
  facet normal 0 0 1
    outer loop
      vertex 58.25 105 3
      vertex 89.5 150 3
      vertex 91.5 165 3
    endloop
  endfacet
  facet normal 0 0 -1
    outer loop
      vertex 91.5 165 0
      vertex 91.5 150 0
      vertex 89.5 150 0
    endloop
  endfacet
  facet normal 0 0 1
    outer loop
      vertex 91.5 165 3
      vertex 89.5 150 3
      vertex 91.5 150 3
    endloop
  endfacet
  facet normal 0 0 -1
    outer loop
      vertex 58.25 165 0
      vertex 89.5 130 0
      vertex 91.5 105 0
    endloop
  endfacet
  facet normal 0 0 1
    outer loop
      vertex 58.25 105 3
      vertex 89.5 130 3
      vertex 89.5 150 3
    endloop
  endfacet
  facet normal 0 0 1
    outer loop
      vertex 58.25 105 3
      vertex 91.5 130 3
      vertex 89.5 130 3
    endloop
  endfacet
  facet normal 0 0 -1
    outer loop
      vertex 58.25 165 0
      vertex 91.5 105 0
      vertex 91.5 87 0
    endloop
  endfacet
  facet normal 0 0 1
    outer loop
      vertex 91.5 130 3
      vertex 58.25 105 3
      vertex 91.5 105 3
    endloop
  endfacet
  facet normal 0 0 -1
    outer loop
      vertex 89.5 130 0
      vertex 91.5 130 0
      vertex 91.5 105 0
    endloop
  endfacet
  facet normal 0 0 1
    outer loop
      vertex 3 108 3
      vertex 3 95 3
      vertex 9 108 3
    endloop
  endfacet
  facet normal 0 0 1
    outer loop
      vertex 3 95 3
      vertex 9 105 3
      vertex 9 108 3
    endloop
  endfacet
  facet normal 0 0 -1
    outer loop
      vertex 9 105 0
      vertex 17 105 0
      vertex 9 87 0
    endloop
  endfacet
  facet normal 0 0 -1
    outer loop
      vertex 0 173 0
      vertex 9 105 0
      vertex 0 0 0
    endloop
  endfacet
  facet normal 0 0 1
    outer loop
      vertex 3 92 3
      vertex 9 87 3
      vertex 17 87 3
    endloop
  endfacet
  facet normal 0 0 -1
    outer loop
      vertex 17 105 0
      vertex 17 87 0
      vertex 9 87 0
    endloop
  endfacet
  facet normal 0 0 1
    outer loop
      vertex 3 92 3
      vertex 17 87 3
      vertex 50.25 87 3
    endloop
  endfacet
  facet normal 0 0 1
    outer loop
      vertex 3 92 3
      vertex 9 25 3
      vertex 9 87 3
    endloop
  endfacet
  facet normal 0 0 -1
    outer loop
      vertex 0 0 0
      vertex 9 105 0
      vertex 9 87 0
    endloop
  endfacet
  facet normal 0 0 -1
    outer loop
      vertex 50.25 105 0
      vertex 17 87 0
      vertex 17 105 0
    endloop
  endfacet
  facet normal 0 0 1
    outer loop
      vertex 3 95 3
      vertex 106.63425925925925 95 3
      vertex 9 105 3
    endloop
  endfacet
  facet normal 0 0 1
    outer loop
      vertex 106.63425925925925 95 3
      vertex 17 105 3
      vertex 9 105 3
    endloop
  endfacet
  facet normal 0 0 -1
    outer loop
      vertex 50.25 105 0
      vertex 58.25 105 0
      vertex 17 87 0
    endloop
  endfacet
  facet normal 0 0 1
    outer loop
      vertex 3 92 3
      vertex 50.25 87 3
      vertex 58.25 87 3
    endloop
  endfacet
  facet normal 0 0 -1
    outer loop
      vertex 17 87 0
      vertex 58.25 105 0
      vertex 17 25 0
    endloop
  endfacet
  facet normal 0 0 1
    outer loop
      vertex 17 87 3
      vertex 17 25 3
      vertex 50.25 87 3
    endloop
  endfacet
  facet normal 0 0 -1
    outer loop
      vertex 17 25 0
      vertex 58.25 105 0
      vertex 50.25 87 0
    endloop
  endfacet
  facet normal 0 0 1
    outer loop
      vertex 3 92 3
      vertex 3 10 3
      vertex 9 25 3
    endloop
  endfacet
  facet normal 0 0 -1
    outer loop
      vertex 0 0 0
      vertex 9 87 0
      vertex 9 25 0
    endloop
  endfacet
  facet normal 0 0 -1
    outer loop
      vertex 0 0 0
      vertex 9 25 0
      vertex 17 25 0
    endloop
  endfacet
  facet normal 0 0 1
    outer loop
      vertex 3 10 3
      vertex 17 25 3
      vertex 9 25 3
    endloop
  endfacet
  facet normal 0 0 -1
    outer loop
      vertex 0 0 0
      vertex 17 25 0
      vertex 50.25 25 0
    endloop
  endfacet
  facet normal 0 0 1
    outer loop
      vertex 3 10 3
      vertex 50.25 25 3
      vertex 17 25 3
    endloop
  endfacet
  facet normal 0 0 -1
    outer loop
      vertex 17 25 0
      vertex 50.25 87 0
      vertex 50.25 25 0
    endloop
  endfacet
  facet normal 0 0 1
    outer loop
      vertex 17 25 3
      vertex 50.25 25 3
      vertex 50.25 87 3
    endloop
  endfacet
  facet normal 0 0 -1
    outer loop
      vertex 0 0 0
      vertex 50.25 25 0
      vertex 58.25 25 0
    endloop
  endfacet
  facet normal 0 0 1
    outer loop
      vertex 106.63425925925925 95 3
      vertex 50.25 105 3
      vertex 17 105 3
    endloop
  endfacet
  facet normal 0 0 1
    outer loop
      vertex 3 92 3
      vertex 58.25 87 3
      vertex 91.5 87 3
    endloop
  endfacet
  facet normal 0 0 -1
    outer loop
      vertex 58.25 105 0
      vertex 58.25 87 0
      vertex 50.25 87 0
    endloop
  endfacet
  facet normal 0 0 1
    outer loop
      vertex 3 92 3
      vertex 91.5 87 3
      vertex 99.5 87 3
    endloop
  endfacet
  facet normal 0 0 -1
    outer loop
      vertex 58.25 105 0
      vertex 91.5 87 0
      vertex 58.25 87 0
    endloop
  endfacet
  facet normal 0 0 1
    outer loop
      vertex 58.25 87 3
      vertex 58.25 25 3
      vertex 89.5 83.5 3
    endloop
  endfacet
  facet normal 0 0 1
    outer loop
      vertex 106.63425925925925 95 3
      vertex 58.25 105 3
      vertex 50.25 105 3
    endloop
  endfacet
  facet normal 0 0 1
    outer loop
      vertex 3 92 3
      vertex 99.5 87 3
      vertex 132.75 87 3
    endloop
  endfacet
  facet normal 0 0 -1
    outer loop
      vertex 58.25 87 0
      vertex 91.5 87 0
      vertex 89.5 83.5 0
    endloop
  endfacet
  facet normal 0 0 1
    outer loop
      vertex 58.25 87 3
      vertex 89.5 83.5 3
      vertex 91.5 87 3
    endloop
  endfacet
  facet normal 0 0 1
    outer loop
      vertex 106.63425925925925 95 3
      vertex 91.5 105 3
      vertex 58.25 105 3
    endloop
  endfacet
  facet normal 0 0 -1
    outer loop
      vertex 91.5 105 0
      vertex 99.5 105 0
      vertex 91.5 87 0
    endloop
  endfacet
  facet normal 0 0 1
    outer loop
      vertex 3 92 3
      vertex 132.75 87 3
      vertex 140.75 87 3
    endloop
  endfacet
  facet normal 0 0 -1
    outer loop
      vertex 91.5 87 0
      vertex 91.5 83.5 0
      vertex 89.5 83.5 0
    endloop
  endfacet
  facet normal 0 0 1
    outer loop
      vertex 89.5 83.5 3
      vertex 91.5 83.5 3
      vertex 91.5 87 3
    endloop
  endfacet
  facet normal 0 0 -1
    outer loop
      vertex 58.25 87 0
      vertex 89.5 83.5 0
      vertex 89.5 63.5 0
    endloop
  endfacet
  facet normal 0 0 -1
    outer loop
      vertex 58.25 87 0
      vertex 89.5 63.5 0
      vertex 91.5 25 0
    endloop
  endfacet
  facet normal 0 0 1
    outer loop
      vertex 58.25 25 3
      vertex 89.5 63.5 3
      vertex 89.5 83.5 3
    endloop
  endfacet
  facet normal 0 0 -1
    outer loop
      vertex 58.25 87 0
      vertex 91.5 25 0
      vertex 58.25 25 0
    endloop
  endfacet
  facet normal 0 0 -1
    outer loop
      vertex 0 0 0
      vertex 58.25 25 0
      vertex 91.5 25 0
    endloop
  endfacet
  facet normal 0 0 1
    outer loop
      vertex 58.25 25 3
      vertex 91.5 63.5 3
      vertex 89.5 63.5 3
    endloop
  endfacet
  facet normal 0 0 1
    outer loop
      vertex 58.25 25 3
      vertex 91.5 25 3
      vertex 91.5 63.5 3
    endloop
  endfacet
  facet normal 0 0 -1
    outer loop
      vertex 89.5 63.5 0
      vertex 91.5 63.5 0
      vertex 91.5 25 0
    endloop
  endfacet
  facet normal 0 0 1
    outer loop
      vertex 3 10 3
      vertex 188 10 3
      vertex 50.25 25 3
    endloop
  endfacet
  facet normal 0 0 -1
    outer loop
      vertex 0 0 0
      vertex 91.5 25 0
      vertex 191 0 0
    endloop
  endfacet
  facet normal 0 0 1
    outer loop
      vertex 130.5 213 3
      vertex 89.5 210.5 3
      vertex 101.5 210.5 3
    endloop
  endfacet
  facet normal 0 0 1
    outer loop
      vertex 130.5 213 3
      vertex 101.5 210.5 3
      vertex 101.5 190.5 3
    endloop
  endfacet
  facet normal 0 0 -1
    outer loop
      vertex 101.5 210.5 0
      vertex 132.75 183 0
      vertex 101.5 190.5 0
    endloop
  endfacet
  facet normal 0 0 -1
    outer loop
      vertex 101.5 190.5 0
      vertex 99.5 183 0
      vertex 99.5 190.5 0
    endloop
  endfacet
  facet normal 0 0 -1
    outer loop
      vertex 191 173 0
      vertex 50.25 183 0
      vertex 58.25 183 0
    endloop
  endfacet
  facet normal 0 0 1
    outer loop
      vertex 188 173 3
      vertex 58.25 183 3
      vertex 50.25 183 3
    endloop
  endfacet
  facet normal 0 0 1
    outer loop
      vertex 60.5 186 3
      vertex 58.25 183 3
      vertex 188 173 3
    endloop
  endfacet
  facet normal 0 0 1
    outer loop
      vertex 130.5 186 3
      vertex 99.5 190.5 3
      vertex 99.5 183 3
    endloop
  endfacet
  facet normal 0 0 -1
    outer loop
      vertex 101.5 190.5 0
      vertex 132.75 183 0
      vertex 99.5 183 0
    endloop
  endfacet
  facet normal 0 0 1
    outer loop
      vertex 130.5 186 3
      vertex 101.5 190.5 3
      vertex 99.5 190.5 3
    endloop
  endfacet
  facet normal 0 0 1
    outer loop
      vertex 60.5 186 3
      vertex 188 173 3
      vertex 91.5 183 3
    endloop
  endfacet
  facet normal 0 0 -1
    outer loop
      vertex 191 173 0
      vertex 58.25 183 0
      vertex 91.5 183 0
    endloop
  endfacet
  facet normal 0 0 -1
    outer loop
      vertex 0 173 0
      vertex 191 170 0
      vertex 140.75 165 0
    endloop
  endfacet
  facet normal 0 0 1
    outer loop
      vertex 10.5 170 3
      vertex 140.75 165 3
      vertex 180.5 170 3
    endloop
  endfacet
  facet normal 0 0 -1
    outer loop
      vertex 191 213 0
      vertex 101.5 210.5 0
      vertex 89.5 210.5 0
    endloop
  endfacet
  facet normal 0 0 -1
    outer loop
      vertex 101.5 210.5 0
      vertex 132.75 208 0
      vertex 132.75 183 0
    endloop
  endfacet
  facet normal 0 0 1
    outer loop
      vertex 130.5 213 3
      vertex 101.5 190.5 3
      vertex 130.5 186 3
    endloop
  endfacet
  facet normal 0 0 -1
    outer loop
      vertex 191 213 0
      vertex 132.75 208 0
      vertex 101.5 210.5 0
    endloop
  endfacet
  facet normal 0 0 1
    outer loop
      vertex 130.5 186 3
      vertex 99.5 183 3
      vertex 132.75 183 3
    endloop
  endfacet
  facet normal 0 0 -1
    outer loop
      vertex 191 173 0
      vertex 91.5 183 0
      vertex 99.5 183 0
    endloop
  endfacet
  facet normal 0 0 1
    outer loop
      vertex 188 173 3
      vertex 99.5 183 3
      vertex 91.5 183 3
    endloop
  endfacet
  facet normal 0 0 1
    outer loop
      vertex 130.5 186 3
      vertex 132.75 183 3
      vertex 132.75 186 3
    endloop
  endfacet
  facet normal 0 0 1
    outer loop
      vertex 188 173 3
      vertex 132.75 183 3
      vertex 99.5 183 3
    endloop
  endfacet
  facet normal 0 0 -1
    outer loop
      vertex 191 173 0
      vertex 99.5 183 0
      vertex 132.75 183 0
    endloop
  endfacet
  facet normal 0 0 -1
    outer loop
      vertex 99.5 165 0
      vertex 101.5 150 0
      vertex 99.5 150 0
    endloop
  endfacet
  facet normal 0 0 1
    outer loop
      vertex 99.5 165 3
      vertex 99.5 150 3
      vertex 101.5 150 3
    endloop
  endfacet
  facet normal 0 0 -1
    outer loop
      vertex 99.5 165 0
      vertex 132.75 165 0
      vertex 101.5 150 0
    endloop
  endfacet
  facet normal 0 0 1
    outer loop
      vertex 99.5 165 3
      vertex 101.5 150 3
      vertex 132.75 165 3
    endloop
  endfacet
  facet normal 0 0 -1
    outer loop
      vertex 132.75 165 0
      vertex 101.5 130 0
      vertex 101.5 150 0
    endloop
  endfacet
  facet normal 0 0 1
    outer loop
      vertex 132.75 165 3
      vertex 101.5 150 3
      vertex 101.5 130 3
    endloop
  endfacet
  facet normal 0 0 -1
    outer loop
      vertex 101.5 130 0
      vertex 99.5 105 0
      vertex 99.5 130 0
    endloop
  endfacet
  facet normal 0 0 1
    outer loop
      vertex 101.5 130 3
      vertex 99.5 130 3
      vertex 99.5 105 3
    endloop
  endfacet
  facet normal 0 0 -1
    outer loop
      vertex 132.75 165 0
      vertex 99.5 105 0
      vertex 101.5 130 0
    endloop
  endfacet
  facet normal 0 0 1
    outer loop
      vertex 132.75 165 3
      vertex 101.5 130 3
      vertex 99.5 105 3
    endloop
  endfacet
  facet normal 0 0 1
    outer loop
      vertex 106.63425925925925 95 3
      vertex 132.75 165 3
      vertex 99.5 105 3
    endloop
  endfacet
  facet normal 0 0 -1
    outer loop
      vertex 91.5 87 0
      vertex 99.5 105 0
      vertex 132.75 165 0
    endloop
  endfacet
  facet normal 0 0 -1
    outer loop
      vertex 91.5 87 0
      vertex 132.75 165 0
      vertex 132.75 105 0
    endloop
  endfacet
  facet normal 0 0 1
    outer loop
      vertex 106.63425925925925 95 3
      vertex 132.75 105 3
      vertex 132.75 165 3
    endloop
  endfacet
  facet normal 0 0 -1
    outer loop
      vertex 191 213 0
      vertex 140.75 208 0
      vertex 132.75 208 0
    endloop
  endfacet
  facet normal 0 0 -1
    outer loop
      vertex 140.75 208 0
      vertex 174 183 0
      vertex 140.75 183 0
    endloop
  endfacet
  facet normal 0 0 -1
    outer loop
      vertex 140.75 208 0
      vertex 174 208 0
      vertex 174 183 0
    endloop
  endfacet
  facet normal 0 0 1
    outer loop
      vertex 140.75 186 3
      vertex 140.75 183 3
      vertex 174 186 3
    endloop
  endfacet
  facet normal 0 0 -1
    outer loop
      vertex 191 173 0
      vertex 132.75 183 0
      vertex 140.75 183 0
    endloop
  endfacet
  facet normal 0 0 1
    outer loop
      vertex 188 173 3
      vertex 140.75 183 3
      vertex 132.75 183 3
    endloop
  endfacet
  facet normal 0 0 1
    outer loop
      vertex 174 186 3
      vertex 140.75 183 3
      vertex 174 183 3
    endloop
  endfacet
  facet normal 0 0 1
    outer loop
      vertex 180.5 170 3
      vertex 140.75 165 3
      vertex 174 165 3
    endloop
  endfacet
  facet normal 0 0 -1
    outer loop
      vertex 191 213 0
      vertex 174 208 0
      vertex 140.75 208 0
    endloop
  endfacet
  facet normal 0 0 -1
    outer loop
      vertex 191 213 0
      vertex 182 208 0
      vertex 174 208 0
    endloop
  endfacet
  facet normal 0 0 -1
    outer loop
      vertex 191 213 0
      vertex 191 173 0
      vertex 182 208 0
    endloop
  endfacet
  facet normal 0 0 -1
    outer loop
      vertex 191 173 0
      vertex 140.75 183 0
      vertex 174 183 0
    endloop
  endfacet
  facet normal 0 0 1
    outer loop
      vertex 188 173 3
      vertex 174 183 3
      vertex 140.75 183 3
    endloop
  endfacet
  facet normal 0 0 -1
    outer loop
      vertex 191 170 0
      vertex 174 165 0
      vertex 140.75 165 0
    endloop
  endfacet
  facet normal 0 0 1
    outer loop
      vertex 180.5 170 3
      vertex 174 165 3
      vertex 180.5 165 3
    endloop
  endfacet
  facet normal 0 0 -1
    outer loop
      vertex 191 173 0
      vertex 182 183 0
      vertex 182 208 0
    endloop
  endfacet
  facet normal 0 0 1
    outer loop
      vertex 188 186 3
      vertex 182 186 3
      vertex 182 183 3
    endloop
  endfacet
  facet normal 0 0 1
    outer loop
      vertex 188 173 3
      vertex 182 183 3
      vertex 174 183 3
    endloop
  endfacet
  facet normal 0 0 -1
    outer loop
      vertex 191 173 0
      vertex 174 183 0
      vertex 182 183 0
    endloop
  endfacet
  facet normal 0 0 1
    outer loop
      vertex 188 186 3
      vertex 182 183 3
      vertex 188 173 3
    endloop
  endfacet
  facet normal 0 0 -1
    outer loop
      vertex 191 170 0
      vertex 182 165 0
      vertex 174 165 0
    endloop
  endfacet
  facet normal 0 0 1
    outer loop
      vertex 174 165 3
      vertex 140.75 165 3
      vertex 140.75 105 3
    endloop
  endfacet
  facet normal 0 0 -1
    outer loop
      vertex 174 105 0
      vertex 140.75 165 0
      vertex 174 165 0
    endloop
  endfacet
  facet normal 0 0 -1
    outer loop
      vertex 140.75 165 0
      vertex 174 105 0
      vertex 140.75 105 0
    endloop
  endfacet
  facet normal 0 0 1
    outer loop
      vertex 174 105 3
      vertex 174 165 3
      vertex 140.75 105 3
    endloop
  endfacet
  facet normal 0 0 -1
    outer loop
      vertex 191 170 0
      vertex 191 0 0
      vertex 182 165 0
    endloop
  endfacet
  facet normal 0 0 1
    outer loop
      vertex 106.63425925925925 95 3
      vertex 99.5 105 3
      vertex 91.5 105 3
    endloop
  endfacet
  facet normal 0 0 1
    outer loop
      vertex 99.5 87 3
      vertex 99.5 83.5 3
      vertex 101.5 83.5 3
    endloop
  endfacet
  facet normal 0 0 -1
    outer loop
      vertex 91.5 87 0
      vertex 132.75 105 0
      vertex 99.5 87 0
    endloop
  endfacet
  facet normal 0 0 1
    outer loop
      vertex 3 92 3
      vertex 140.75 87 3
      vertex 188 92 3
    endloop
  endfacet
  facet normal 0 0 -1
    outer loop
      vertex 99.5 87 0
      vertex 132.75 87 0
      vertex 99.5 83.5 0
    endloop
  endfacet
  facet normal 0 0 -1
    outer loop
      vertex 99.5 83.5 0
      vertex 132.75 87 0
      vertex 101.5 83.5 0
    endloop
  endfacet
  facet normal 0 0 1
    outer loop
      vertex 99.5 87 3
      vertex 101.5 83.5 3
      vertex 132.75 87 3
    endloop
  endfacet
  facet normal 0 0 1
    outer loop
      vertex 101.5 83.5 3
      vertex 101.5 63.5 3
      vertex 132.75 87 3
    endloop
  endfacet
  facet normal 0 0 -1
    outer loop
      vertex 101.5 83.5 0
      vertex 132.75 25 0
      vertex 101.5 63.5 0
    endloop
  endfacet
  facet normal 0 0 1
    outer loop
      vertex 132.75 87 3
      vertex 101.5 63.5 3
      vertex 99.5 25 3
    endloop
  endfacet
  facet normal 0 0 1
    outer loop
      vertex 106.63425925925925 95 3
      vertex 140.75 105 3
      vertex 132.75 105 3
    endloop
  endfacet
  facet normal 0 0 -1
    outer loop
      vertex 132.75 105 0
      vertex 132.75 87 0
      vertex 99.5 87 0
    endloop
  endfacet
  facet normal 0 0 -1
    outer loop
      vertex 132.75 105 0
      vertex 140.75 105 0
      vertex 132.75 87 0
    endloop
  endfacet
  facet normal 0 0 1
    outer loop
      vertex 106.63425925925925 95 3
      vertex 174 105 3
      vertex 140.75 105 3
    endloop
  endfacet
  facet normal 0 0 -1
    outer loop
      vertex 140.75 105 0
      vertex 140.75 87 0
      vertex 132.75 87 0
    endloop
  endfacet
  facet normal 0 0 -1
    outer loop
      vertex 101.5 83.5 0
      vertex 132.75 87 0
      vertex 132.75 25 0
    endloop
  endfacet
  facet normal 0 0 1
    outer loop
      vertex 99.5 25 3
      vertex 101.5 63.5 3
      vertex 99.5 63.5 3
    endloop
  endfacet
  facet normal 0 0 -1
    outer loop
      vertex 101.5 63.5 0
      vertex 132.75 25 0
      vertex 99.5 63.5 0
    endloop
  endfacet
  facet normal 0 0 -1
    outer loop
      vertex 99.5 63.5 0
      vertex 132.75 25 0
      vertex 99.5 25 0
    endloop
  endfacet
  facet normal 0 0 1
    outer loop
      vertex 188 10 3
      vertex 58.25 25 3
      vertex 50.25 25 3
    endloop
  endfacet
  facet normal 0 0 1
    outer loop
      vertex 188 10 3
      vertex 91.5 25 3
      vertex 58.25 25 3
    endloop
  endfacet
  facet normal 0 0 1
    outer loop
      vertex 132.75 87 3
      vertex 99.5 25 3
      vertex 132.75 25 3
    endloop
  endfacet
  facet normal 0 0 -1
    outer loop
      vertex 191 0 0
      vertex 91.5 25 0
      vertex 99.5 25 0
    endloop
  endfacet
  facet normal 0 0 1
    outer loop
      vertex 188 10 3
      vertex 99.5 25 3
      vertex 91.5 25 3
    endloop
  endfacet
  facet normal 0 0 1
    outer loop
      vertex 188 10 3
      vertex 132.75 25 3
      vertex 99.5 25 3
    endloop
  endfacet
  facet normal 0 0 -1
    outer loop
      vertex 191 0 0
      vertex 99.5 25 0
      vertex 132.75 25 0
    endloop
  endfacet
  facet normal 0 0 1
    outer loop
      vertex 106.63425925925925 95 3
      vertex 182 105 3
      vertex 174 105 3
    endloop
  endfacet
  facet normal 0 0 -1
    outer loop
      vertex 174 105 0
      vertex 140.75 87 0
      vertex 140.75 105 0
    endloop
  endfacet
  facet normal 0 0 1
    outer loop
      vertex 106.63425925925925 95 3
      vertex 188 95 3
      vertex 182 105 3
    endloop
  endfacet
  facet normal 0 0 -1
    outer loop
      vertex 174 105 0
      vertex 174 87 0
      vertex 140.75 87 0
    endloop
  endfacet
  facet normal 0 0 1
    outer loop
      vertex 174 87 3
      vertex 140.75 87 3
      vertex 140.75 25 3
    endloop
  endfacet
  facet normal 0 0 -1
    outer loop
      vertex 140.75 87 0
      vertex 174 87 0
      vertex 174 25 0
    endloop
  endfacet
  facet normal 0 0 -1
    outer loop
      vertex 174 105 0
      vertex 182 105 0
      vertex 174 87 0
    endloop
  endfacet
  facet normal 0 0 1
    outer loop
      vertex 188 92 3
      vertex 140.75 87 3
      vertex 174 87 3
    endloop
  endfacet
  facet normal 0 0 1
    outer loop
      vertex 188 108 3
      vertex 182 108 3
      vertex 182 105 3
    endloop
  endfacet
  facet normal 0 0 1
    outer loop
      vertex 188 108 3
      vertex 182 105 3
      vertex 188 95 3
    endloop
  endfacet
  facet normal 0 0 -1
    outer loop
      vertex 182 105 0
      vertex 182 87 0
      vertex 174 87 0
    endloop
  endfacet
  facet normal 0 0 1
    outer loop
      vertex 188 92 3
      vertex 174 87 3
      vertex 182 87 3
    endloop
  endfacet
  facet normal 0 0 -1
    outer loop
      vertex 191 0 0
      vertex 182 105 0
      vertex 182 165 0
    endloop
  endfacet
  facet normal 0 0 -1
    outer loop
      vertex 191 0 0
      vertex 182 87 0
      vertex 182 105 0
    endloop
  endfacet
  facet normal 0 0 1
    outer loop
      vertex 188 92 3
      vertex 182 87 3
      vertex 188 10 3
    endloop
  endfacet
  facet normal 0 0 -1
    outer loop
      vertex 140.75 87 0
      vertex 174 25 0
      vertex 140.75 25 0
    endloop
  endfacet
  facet normal 0 0 1
    outer loop
      vertex 140.75 25 3
      vertex 174 25 3
      vertex 174 87 3
    endloop
  endfacet
  facet normal 0 0 -1
    outer loop
      vertex 191 0 0
      vertex 132.75 25 0
      vertex 140.75 25 0
    endloop
  endfacet
  facet normal 0 0 1
    outer loop
      vertex 188 10 3
      vertex 140.75 25 3
      vertex 132.75 25 3
    endloop
  endfacet
  facet normal 0 0 1
    outer loop
      vertex 188 10 3
      vertex 182 87 3
      vertex 182 25 3
    endloop
  endfacet
  facet normal 0 0 -1
    outer loop
      vertex 191 0 0
      vertex 182 25 0
      vertex 182 87 0
    endloop
  endfacet
  facet normal 0 0 -1
    outer loop
      vertex 191 0 0
      vertex 140.75 25 0
      vertex 174 25 0
    endloop
  endfacet
  facet normal 0 0 1
    outer loop
      vertex 188 10 3
      vertex 174 25 3
      vertex 140.75 25 3
    endloop
  endfacet
  facet normal 0 0 1
    outer loop
      vertex 188 10 3
      vertex 182 25 3
      vertex 174 25 3
    endloop
  endfacet
  facet normal 0 0 -1
    outer loop
      vertex 191 0 0
      vertex 174 25 0
      vertex 182 25 0
    endloop
  endfacet
  facet normal -1 0 0
    outer loop
      vertex 0 216 0
      vertex 0 196.33333333333334 17
      vertex 0 206.33333333333334 17
    endloop
  endfacet
  facet normal -1 0 0
    outer loop
      vertex 0 216 0
      vertex 0 173 0
      vertex 0 194.66666666666666 17
    endloop
  endfacet
  facet normal -1 0 0
    outer loop
      vertex 0 216 0
      vertex 0 194.66666666666666 17
      vertex 0 196.33333333333334 17
    endloop
  endfacet
  facet normal 1 0 0
    outer loop
      vertex 3 213 15
      vertex 3 206.33333333333334 17
      vertex 3 196.33333333333334 17
    endloop
  endfacet
  facet normal -1 0 0
    outer loop
      vertex 0 216 0
      vertex 0 206.33333333333334 17
      vertex 0 206.33333333333334 53.5
    endloop
  endfacet
  facet normal 1 0 0
    outer loop
      vertex 3 213 15
      vertex 3 196.33333333333334 17
      vertex 3 194.66666666666666 17
    endloop
  endfacet
  facet normal 1 0 0
    outer loop
      vertex 3 213 15
      vertex 3 194.66666666666666 17
      vertex 3 186 15
    endloop
  endfacet
  facet normal -1 0 0
    outer loop
      vertex 0 173 0
      vertex 0 184.66666666666666 17
      vertex 0 194.66666666666666 17
    endloop
  endfacet
  facet normal 1 0 0
    outer loop
      vertex 3 186 3
      vertex 3 186 15
      vertex 3 173 3
    endloop
  endfacet
  facet normal 1 0 0
    outer loop
      vertex 3 173 3
      vertex 3 186 15
      vertex 3 184.66666666666666 17
    endloop
  endfacet
  facet normal -1 0 0
    outer loop
      vertex 0 173 0
      vertex 0 161 17
      vertex 0 184.66666666666666 17
    endloop
  endfacet
  facet normal 1 0 0
    outer loop
      vertex 3 186 15
      vertex 3 194.66666666666666 17
      vertex 3 184.66666666666666 17
    endloop
  endfacet
  facet normal 1 0 0
    outer loop
      vertex 3 213 15
      vertex 3 206.33333333333334 53.5
      vertex 3 206.33333333333334 17
    endloop
  endfacet
  facet normal 1 0 0
    outer loop
      vertex 3 194.66666666666666 17
      vertex 3 196.33333333333334 17
      vertex 3 196.33333333333334 53.5
    endloop
  endfacet
  facet normal -1 0 0
    outer loop
      vertex 0 196.33333333333334 17
      vertex 0 194.66666666666666 17
      vertex 0 194.66666666666666 53.5
    endloop
  endfacet
  facet normal 1 0 0
    outer loop
      vertex 3 213 15
      vertex 3 206.33333333333334 57.5
      vertex 3 206.33333333333334 53.5
    endloop
  endfacet
  facet normal -1 0 0
    outer loop
      vertex 0 196.33333333333334 17
      vertex 0 194.66666666666666 53.5
      vertex 0 196.33333333333334 53.5
    endloop
  endfacet
  facet normal 1 0 0
    outer loop
      vertex 3 194.66666666666666 17
      vertex 3 196.33333333333334 53.5
      vertex 3 194.66666666666666 53.5
    endloop
  endfacet
  facet normal 1 0 0
    outer loop
      vertex 3 173 3
      vertex 3 184.66666666666666 17
      vertex 3 184.66666666666666 53.5
    endloop
  endfacet
  facet normal -1 0 0
    outer loop
      vertex 0 184.66666666666666 17
      vertex 0 161 17
      vertex 0 161 53.5
    endloop
  endfacet
  facet normal -1 0 0
    outer loop
      vertex 0 161 53.5
      vertex 0 184.66666666666666 53.5
      vertex 0 184.66666666666666 17
    endloop
  endfacet
  facet normal 1 0 0
    outer loop
      vertex 3 173 3
      vertex 3 184.66666666666666 53.5
      vertex 3 184.66666666666666 57.5
    endloop
  endfacet
  facet normal -1 0 0
    outer loop
      vertex 0 173 0
      vertex 0 151 17
      vertex 0 161 17
    endloop
  endfacet
  facet normal -1 0 0
    outer loop
      vertex 0 173 0
      vertex 0 147 17
      vertex 0 151 17
    endloop
  endfacet
  facet normal -1 0 0
    outer loop
      vertex 0 173 0
      vertex 0 137 17
      vertex 0 147 17
    endloop
  endfacet
  facet normal -1 0 0
    outer loop
      vertex 0 173 0
      vertex 0 133 17
      vertex 0 137 17
    endloop
  endfacet
  facet normal -1 0 0
    outer loop
      vertex 0 173 0
      vertex 0 123 17
      vertex 0 133 17
    endloop
  endfacet
  facet normal -1 0 0
    outer loop
      vertex 0 173 0
      vertex 0 119 17
      vertex 0 123 17
    endloop
  endfacet
  facet normal 1 0 0
    outer loop
      vertex 3 170 15
      vertex 3 161 17
      vertex 3 151 17
    endloop
  endfacet
  facet normal 1 0 0
    outer loop
      vertex 3 170 15
      vertex 3 151 17
      vertex 3 108 15
    endloop
  endfacet
  facet normal 1 0 0
    outer loop
      vertex 3 108 15
      vertex 3 151 17
      vertex 3 147 17
    endloop
  endfacet
  facet normal -1 0 0
    outer loop
      vertex 0 173 0
      vertex 0 109 17
      vertex 0 119 17
    endloop
  endfacet
  facet normal 1 0 0
    outer loop
      vertex 3 108 15
      vertex 3 147 17
      vertex 3 137 17
    endloop
  endfacet
  facet normal 1 0 0
    outer loop
      vertex 3 108 15
      vertex 3 137 17
      vertex 3 133 17
    endloop
  endfacet
  facet normal 1 0 0
    outer loop
      vertex 3 108 15
      vertex 3 133 17
      vertex 3 123 17
    endloop
  endfacet
  facet normal 1 0 0
    outer loop
      vertex 3 108 15
      vertex 3 123 17
      vertex 3 119 17
    endloop
  endfacet
  facet normal 1 0 0
    outer loop
      vertex 3 108 15
      vertex 3 119 17
      vertex 3 109 17
    endloop
  endfacet
  facet normal 1 0 0
    outer loop
      vertex 3 147 17
      vertex 3 151 17
      vertex 3 151 53.5
    endloop
  endfacet
  facet normal -1 0 0
    outer loop
      vertex 0 147 17
      vertex 0 147 53.5
      vertex 0 151 17
    endloop
  endfacet
  facet normal 1 0 0
    outer loop
      vertex 3 133 17
      vertex 3 137 17
      vertex 3 137 53.5
    endloop
  endfacet
  facet normal -1 0 0
    outer loop
      vertex 0 151 17
      vertex 0 147 53.5
      vertex 0 151 53.5
    endloop
  endfacet
  facet normal 1 0 0
    outer loop
      vertex 3 147 17
      vertex 3 151 53.5
      vertex 3 147 53.5
    endloop
  endfacet
  facet normal -1 0 0
    outer loop
      vertex 0 137 17
      vertex 0 133 53.5
      vertex 0 137 53.5
    endloop
  endfacet
  facet normal -1 0 0
    outer loop
      vertex 0 133 17
      vertex 0 133 53.5
      vertex 0 137 17
    endloop
  endfacet
  facet normal 1 0 0
    outer loop
      vertex 3 119 17
      vertex 3 123 17
      vertex 3 123 53.5
    endloop
  endfacet
  facet normal -1 0 0
    outer loop
      vertex 0 119 17
      vertex 0 119 53.5
      vertex 0 123 17
    endloop
  endfacet
  facet normal 1 0 0
    outer loop
      vertex 3 108 15
      vertex 3 109 17
      vertex 3 109 53.5
    endloop
  endfacet
  facet normal 1 0 0
    outer loop
      vertex 3 133 17
      vertex 3 137 53.5
      vertex 3 133 53.5
    endloop
  endfacet
  facet normal -1 0 0
    outer loop
      vertex 0 123 17
      vertex 0 119 53.5
      vertex 0 123 53.5
    endloop
  endfacet
  facet normal 1 0 0
    outer loop
      vertex 3 119 17
      vertex 3 123 53.5
      vertex 3 119 53.5
    endloop
  endfacet
  facet normal 1 0 0
    outer loop
      vertex 3 108 15
      vertex 3 109 53.5
      vertex 3 109 57.5
    endloop
  endfacet
  facet normal -1 0 0
    outer loop
      vertex 0 196.33333333333334 53.5
      vertex 0 206.33333333333334 57.5
      vertex 0 206.33333333333334 53.5
    endloop
  endfacet
  facet normal 1 0 0
    outer loop
      vertex 3 206.33333333333334 57.5
      vertex 3 196.33333333333334 57.5
      vertex 3 206.33333333333334 53.5
    endloop
  endfacet
  facet normal -1 0 0
    outer loop
      vertex 0 206.33333333333334 57.5
      vertex 0 196.33333333333334 53.5
      vertex 0 196.33333333333334 57.5
    endloop
  endfacet
  facet normal -1 0 0
    outer loop
      vertex 0 196.33333333333334 53.5
      vertex 0 194.66666666666666 57.5
      vertex 0 196.33333333333334 57.5
    endloop
  endfacet
  facet normal 1 0 0
    outer loop
      vertex 3 206.33333333333334 53.5
      vertex 3 196.33333333333334 57.5
      vertex 3 196.33333333333334 53.5
    endloop
  endfacet
  facet normal 1 0 0
    outer loop
      vertex 3 194.66666666666666 53.5
      vertex 3 196.33333333333334 53.5
      vertex 3 196.33333333333334 57.5
    endloop
  endfacet
  facet normal -1 0 0
    outer loop
      vertex 0 194.66666666666666 53.5
      vertex 0 194.66666666666666 57.5
      vertex 0 196.33333333333334 53.5
    endloop
  endfacet
  facet normal -1 0 0
    outer loop
      vertex 0 194.66666666666666 53.5
      vertex 0 184.66666666666666 53.5
      vertex 0 194.66666666666666 57.5
    endloop
  endfacet
  facet normal 1 0 0
    outer loop
      vertex 3 194.66666666666666 53.5
      vertex 3 196.33333333333334 57.5
      vertex 3 194.66666666666666 57.5
    endloop
  endfacet
  facet normal 1 0 0
    outer loop
      vertex 3 194.66666666666666 53.5
      vertex 3 194.66666666666666 57.5
      vertex 3 184.66666666666666 57.5
    endloop
  endfacet
  facet normal 1 0 0
    outer loop
      vertex 3 194.66666666666666 57.5
      vertex 3 196.33333333333334 57.5
      vertex 3 196.33333333333334 94
    endloop
  endfacet
  facet normal -1 0 0
    outer loop
      vertex 0 194.66666666666666 57.5
      vertex 0 194.66666666666666 94
      vertex 0 196.33333333333334 57.5
    endloop
  endfacet
  facet normal 1 0 0
    outer loop
      vertex 3 173 3
      vertex 3 184.66666666666666 57.5
      vertex 3 184.66666666666666 94
    endloop
  endfacet
  facet normal -1 0 0
    outer loop
      vertex 0 184.66666666666666 53.5
      vertex 0 184.66666666666666 57.5
      vertex 0 194.66666666666666 57.5
    endloop
  endfacet
  facet normal 1 0 0
    outer loop
      vertex 3 194.66666666666666 53.5
      vertex 3 184.66666666666666 57.5
      vertex 3 184.66666666666666 53.5
    endloop
  endfacet
  facet normal -1 0 0
    outer loop
      vertex 0 161 53.5
      vertex 0 161 57.5
      vertex 0 184.66666666666666 53.5
    endloop
  endfacet
  facet normal 1 0 0
    outer loop
      vertex 3 173 3
      vertex 3 184.66666666666666 94
      vertex 3 184.66666666666666 98
    endloop
  endfacet
  facet normal -1 0 0
    outer loop
      vertex 0 184.66666666666666 53.5
      vertex 0 161 94
      vertex 0 184.66666666666666 57.5
    endloop
  endfacet
  facet normal -1 0 0
    outer loop
      vertex 0 184.66666666666666 53.5
      vertex 0 161 57.5
      vertex 0 161 94
    endloop
  endfacet
  facet normal 1 0 0
    outer loop
      vertex 3 170 15
      vertex 3 170 177
      vertex 3 161 17
    endloop
  endfacet
  facet normal -1 0 0
    outer loop
      vertex 0 216 0
      vertex 0 206.33333333333334 53.5
      vertex 0 213 192
    endloop
  endfacet
  facet normal 1 0 0
    outer loop
      vertex 3 213 15
      vertex 3 213 177
      vertex 3 206.33333333333334 57.5
    endloop
  endfacet
  facet normal -1 0 0
    outer loop
      vertex 0 196.33333333333334 57.5
      vertex 0 194.66666666666666 98
      vertex 0 196.33333333333334 94
    endloop
  endfacet
  facet normal -1 0 0
    outer loop
      vertex 0 196.33333333333334 57.5
      vertex 0 194.66666666666666 94
      vertex 0 194.66666666666666 98
    endloop
  endfacet
  facet normal 1 0 0
    outer loop
      vertex 3 194.66666666666666 57.5
      vertex 3 196.33333333333334 94
      vertex 3 194.66666666666666 94
    endloop
  endfacet
  facet normal -1 0 0
    outer loop
      vertex 0 206.33333333333334 94
      vertex 0 196.33333333333334 94
      vertex 0 206.33333333333334 98
    endloop
  endfacet
  facet normal 1 0 0
    outer loop
      vertex 3 206.33333333333334 94
      vertex 3 196.33333333333334 98
      vertex 3 196.33333333333334 94
    endloop
  endfacet
  facet normal 1 0 0
    outer loop
      vertex 3 194.66666666666666 94
      vertex 3 196.33333333333334 94
      vertex 3 196.33333333333334 98
    endloop
  endfacet
  facet normal -1 0 0
    outer loop
      vertex 0 194.66666666666666 98
      vertex 0 194.66666666666666 94
      vertex 0 184.66666666666666 94
    endloop
  endfacet
  facet normal -1 0 0
    outer loop
      vertex 0 184.66666666666666 57.5
      vertex 0 161 94
      vertex 0 184.66666666666666 94
    endloop
  endfacet
  facet normal 1 0 0
    outer loop
      vertex 3 173 3
      vertex 3 184.66666666666666 98
      vertex 3 184.66666666666666 134.5
    endloop
  endfacet
  facet normal 1 0 0
    outer loop
      vertex 3 170 177
      vertex 3 161 53.5
      vertex 3 161 17
    endloop
  endfacet
  facet normal 1 0 0
    outer loop
      vertex 3 184.66666666666666 98
      vertex 3 184.66666666666666 94
      vertex 3 194.66666666666666 94
    endloop
  endfacet
  facet normal -1 0 0
    outer loop
      vertex 0 161 94
      vertex 0 184.66666666666666 98
      vertex 0 184.66666666666666 94
    endloop
  endfacet
  facet normal 1 0 0
    outer loop
      vertex 3 173 3
      vertex 3 184.66666666666666 134.5
      vertex 3 184.66666666666666 138.5
    endloop
  endfacet
  facet normal -1 0 0
    outer loop
      vertex 0 151 53.5
      vertex 0 161 57.5
      vertex 0 161 53.5
    endloop
  endfacet
  facet normal 1 0 0
    outer loop
      vertex 3 161 53.5
      vertex 3 161 57.5
      vertex 3 151 57.5
    endloop
  endfacet
  facet normal -1 0 0
    outer loop
      vertex 0 161 57.5
      vertex 0 151 53.5
      vertex 0 151 57.5
    endloop
  endfacet
  facet normal -1 0 0
    outer loop
      vertex 0 147 53.5
      vertex 0 151 57.5
      vertex 0 151 53.5
    endloop
  endfacet
  facet normal 1 0 0
    outer loop
      vertex 3 161 53.5
      vertex 3 151 57.5
      vertex 3 151 53.5
    endloop
  endfacet
  facet normal 1 0 0
    outer loop
      vertex 3 147 53.5
      vertex 3 151 53.5
      vertex 3 151 57.5
    endloop
  endfacet
  facet normal -1 0 0
    outer loop
      vertex 0 147 53.5
      vertex 0 147 57.5
      vertex 0 151 57.5
    endloop
  endfacet
  facet normal -1 0 0
    outer loop
      vertex 0 147 53.5
      vertex 0 137 53.5
      vertex 0 147 57.5
    endloop
  endfacet
  facet normal 1 0 0
    outer loop
      vertex 3 147 53.5
      vertex 3 151 57.5
      vertex 3 147 57.5
    endloop
  endfacet
  facet normal 1 0 0
    outer loop
      vertex 3 147 53.5
      vertex 3 147 57.5
      vertex 3 137 57.5
    endloop
  endfacet
  facet normal -1 0 0
    outer loop
      vertex 0 137 53.5
      vertex 0 137 57.5
      vertex 0 147 57.5
    endloop
  endfacet
  facet normal -1 0 0
    outer loop
      vertex 0 137 53.5
      vertex 0 133 57.5
      vertex 0 137 57.5
    endloop
  endfacet
  facet normal 1 0 0
    outer loop
      vertex 3 147 53.5
      vertex 3 133 57.5
      vertex 3 137 53.5
    endloop
  endfacet
  facet normal 1 0 0
    outer loop
      vertex 3 147 53.5
      vertex 3 137 57.5
      vertex 3 133 57.5
    endloop
  endfacet
  facet normal 1 0 0
    outer loop
      vertex 3 147 57.5
      vertex 3 151 57.5
      vertex 3 151 94
    endloop
  endfacet
  facet normal -1 0 0
    outer loop
      vertex 0 151 57.5
      vertex 0 147 57.5
      vertex 0 147 94
    endloop
  endfacet
  facet normal 1 0 0
    outer loop
      vertex 3 133 57.5
      vertex 3 137 57.5
      vertex 3 137 94
    endloop
  endfacet
  facet normal -1 0 0
    outer loop
      vertex 0 133 53.5
      vertex 0 133 57.5
      vertex 0 137 53.5
    endloop
  endfacet
  facet normal -1 0 0
    outer loop
      vertex 0 133 53.5
      vertex 0 123 53.5
      vertex 0 133 57.5
    endloop
  endfacet
  facet normal 1 0 0
    outer loop
      vertex 3 133 53.5
      vertex 3 137 53.5
      vertex 3 133 57.5
    endloop
  endfacet
  facet normal 1 0 0
    outer loop
      vertex 3 133 53.5
      vertex 3 133 57.5
      vertex 3 123 57.5
    endloop
  endfacet
  facet normal -1 0 0
    outer loop
      vertex 0 123 53.5
      vertex 0 123 57.5
      vertex 0 133 57.5
    endloop
  endfacet
  facet normal -1 0 0
    outer loop
      vertex 0 123 53.5
      vertex 0 119 57.5
      vertex 0 123 57.5
    endloop
  endfacet
  facet normal 1 0 0
    outer loop
      vertex 3 133 53.5
      vertex 3 123 57.5
      vertex 3 123 53.5
    endloop
  endfacet
  facet normal 1 0 0
    outer loop
      vertex 3 123 53.5
      vertex 3 123 57.5
      vertex 3 119 57.5
    endloop
  endfacet
  facet normal -1 0 0
    outer loop
      vertex 0 119 53.5
      vertex 0 109 57.5
      vertex 0 123 53.5
    endloop
  endfacet
  facet normal -1 0 0
    outer loop
      vertex 0 123 53.5
      vertex 0 109 57.5
      vertex 0 119 57.5
    endloop
  endfacet
  facet normal 1 0 0
    outer loop
      vertex 3 119 53.5
      vertex 3 123 53.5
      vertex 3 119 57.5
    endloop
  endfacet
  facet normal 1 0 0
    outer loop
      vertex 3 119 53.5
      vertex 3 119 57.5
      vertex 3 109 57.5
    endloop
  endfacet
  facet normal -1 0 0
    outer loop
      vertex 0 119 53.5
      vertex 0 109 53.5
      vertex 0 109 57.5
    endloop
  endfacet
  facet normal 1 0 0
    outer loop
      vertex 3 119 53.5
      vertex 3 109 57.5
      vertex 3 109 53.5
    endloop
  endfacet
  facet normal 1 0 0
    outer loop
      vertex 3 108 15
      vertex 3 109 57.5
      vertex 3 109 94
    endloop
  endfacet
  facet normal -1 0 0
    outer loop
      vertex 0 133 57.5
      vertex 0 133 94
      vertex 0 137 57.5
    endloop
  endfacet
  facet normal 1 0 0
    outer loop
      vertex 3 119 57.5
      vertex 3 123 57.5
      vertex 3 123 94
    endloop
  endfacet
  facet normal -1 0 0
    outer loop
      vertex 0 119 57.5
      vertex 0 119 94
      vertex 0 123 57.5
    endloop
  endfacet
  facet normal -1 0 0
    outer loop
      vertex 0 151 57.5
      vertex 0 147 94
      vertex 0 151 94
    endloop
  endfacet
  facet normal 1 0 0
    outer loop
      vertex 3 147 57.5
      vertex 3 151 94
      vertex 3 147 94
    endloop
  endfacet
  facet normal -1 0 0
    outer loop
      vertex 0 137 57.5
      vertex 0 133 94
      vertex 0 137 94
    endloop
  endfacet
  facet normal -1 0 0
    outer loop
      vertex 0 161 94
      vertex 0 151 94
      vertex 0 161 98
    endloop
  endfacet
  facet normal -1 0 0
    outer loop
      vertex 0 147 94
      vertex 0 151 98
      vertex 0 151 94
    endloop
  endfacet
  facet normal 1 0 0
    outer loop
      vertex 3 151 98
      vertex 3 151 94
      vertex 3 161 94
    endloop
  endfacet
  facet normal -1 0 0
    outer loop
      vertex 0 147 94
      vertex 0 137 94
      vertex 0 147 98
    endloop
  endfacet
  facet normal 1 0 0
    outer loop
      vertex 3 147 94
      vertex 3 151 94
      vertex 3 147 98
    endloop
  endfacet
  facet normal -1 0 0
    outer loop
      vertex 0 133 94
      vertex 0 137 98
      vertex 0 137 94
    endloop
  endfacet
  facet normal 1 0 0
    outer loop
      vertex 3 137 98
      vertex 3 137 94
      vertex 3 147 94
    endloop
  endfacet
  facet normal 1 0 0
    outer loop
      vertex 3 133 57.5
      vertex 3 137 94
      vertex 3 133 94
    endloop
  endfacet
  facet normal -1 0 0
    outer loop
      vertex 0 123 57.5
      vertex 0 119 94
      vertex 0 123 94
    endloop
  endfacet
  facet normal 1 0 0
    outer loop
      vertex 3 119 57.5
      vertex 3 123 94
      vertex 3 119 94
    endloop
  endfacet
  facet normal -1 0 0
    outer loop
      vertex 0 133 94
      vertex 0 123 94
      vertex 0 133 98
    endloop
  endfacet
  facet normal 1 0 0
    outer loop
      vertex 3 133 94
      vertex 3 137 94
      vertex 3 133 98
    endloop
  endfacet
  facet normal -1 0 0
    outer loop
      vertex 0 119 94
      vertex 0 123 98
      vertex 0 123 94
    endloop
  endfacet
  facet normal 1 0 0
    outer loop
      vertex 3 123 98
      vertex 3 123 94
      vertex 3 133 94
    endloop
  endfacet
  facet normal 1 0 0
    outer loop
      vertex 3 119 94
      vertex 3 123 94
      vertex 3 123 98
    endloop
  endfacet
  facet normal -1 0 0
    outer loop
      vertex 0 119 94
      vertex 0 109 94
      vertex 0 119 98
    endloop
  endfacet
  facet normal 1 0 0
    outer loop
      vertex 3 109 98
      vertex 3 109 94
      vertex 3 119 94
    endloop
  endfacet
  facet normal -1 0 0
    outer loop
      vertex 0 173 0
      vertex 0 0 0
      vertex 0 109 17
    endloop
  endfacet
  facet normal 1 0 0
    outer loop
      vertex 3 92 3
      vertex 3 82.6 17
      vertex 3 72.6 17
    endloop
  endfacet
  facet normal -1 0 0
    outer loop
      vertex 0 0 0
      vertex 0 82.6 17
      vertex 0 109 17
    endloop
  endfacet
  facet normal 1 0 0
    outer loop
      vertex 3 92 3
      vertex 3 72.6 17
      vertex 3 68.19999999999999 17
    endloop
  endfacet
  facet normal 1 0 0
    outer loop
      vertex 3 92 3
      vertex 3 68.19999999999999 17
      vertex 3 58.19999999999999 17
    endloop
  endfacet
  facet normal -1 0 0
    outer loop
      vertex 0 109 17
      vertex 0 82.6 17
      vertex 0 82.6 53.5
    endloop
  endfacet
  facet normal 1 0 0
    outer loop
      vertex 3 92 3
      vertex 3 82.6 53.5
      vertex 3 82.6 17
    endloop
  endfacet
  facet normal 1 0 0
    outer loop
      vertex 3 108 3
      vertex 3 95 108.875
      vertex 3 95 3
    endloop
  endfacet
  facet normal 1 0 0
    outer loop
      vertex 3 108 3
      vertex 3 108 15
      vertex 3 95 108.875
    endloop
  endfacet
  facet normal 1 0 0
    outer loop
      vertex 3 92 3
      vertex 3 82.6 57.5
      vertex 3 82.6 53.5
    endloop
  endfacet
  facet normal -1 0 0
    outer loop
      vertex 0 109 17
      vertex 0 82.6 53.5
      vertex 0 82.6 57.5
    endloop
  endfacet
  facet normal -1 0 0
    outer loop
      vertex 0 68.19999999999999 17
      vertex 0 68.19999999999999 53.5
      vertex 0 72.6 17
    endloop
  endfacet
  facet normal 1 0 0
    outer loop
      vertex 3 68.19999999999999 17
      vertex 3 72.6 17
      vertex 3 72.6 53.5
    endloop
  endfacet
  facet normal -1 0 0
    outer loop
      vertex 0 58.19999999999999 17
      vertex 0 53.80000000000001 17
      vertex 0 53.80000000000001 53.5
    endloop
  endfacet
  facet normal 1 0 0
    outer loop
      vertex 3 58.19999999999999 17
      vertex 3 58.19999999999999 53.5
      vertex 3 53.80000000000001 17
    endloop
  endfacet
  facet normal -1 0 0
    outer loop
      vertex 0 72.6 17
      vertex 0 68.19999999999999 53.5
      vertex 0 72.6 53.5
    endloop
  endfacet
  facet normal 1 0 0
    outer loop
      vertex 3 72.6 53.5
      vertex 3 68.19999999999999 53.5
      vertex 3 68.19999999999999 17
    endloop
  endfacet
  facet normal -1 0 0
    outer loop
      vertex 0 58.19999999999999 17
      vertex 0 53.80000000000001 53.5
      vertex 0 58.19999999999999 53.5
    endloop
  endfacet
  facet normal 1 0 0
    outer loop
      vertex 3 53.80000000000001 17
      vertex 3 58.19999999999999 53.5
      vertex 3 53.80000000000001 53.5
    endloop
  endfacet
  facet normal -1 0 0
    outer loop
      vertex 0 0 0
      vertex 0 72.6 17
      vertex 0 82.6 17
    endloop
  endfacet
  facet normal 1 0 0
    outer loop
      vertex 3 92 3
      vertex 3 58.19999999999999 17
      vertex 3 10 3
    endloop
  endfacet
  facet normal -1 0 0
    outer loop
      vertex 0 0 0
      vertex 0 68.19999999999999 17
      vertex 0 72.6 17
    endloop
  endfacet
  facet normal -1 0 0
    outer loop
      vertex 0 0 0
      vertex 0 58.19999999999999 17
      vertex 0 68.19999999999999 17
    endloop
  endfacet
  facet normal -1 0 0
    outer loop
      vertex 0 0 0
      vertex 0 53.80000000000001 17
      vertex 0 58.19999999999999 17
    endloop
  endfacet
  facet normal -1 0 0
    outer loop
      vertex 0 0 0
      vertex 0 43.80000000000001 17
      vertex 0 53.80000000000001 17
    endloop
  endfacet
  facet normal -1 0 0
    outer loop
      vertex 0 0 0
      vertex 0 39.400000000000006 17
      vertex 0 43.80000000000001 17
    endloop
  endfacet
  facet normal 1 0 0
    outer loop
      vertex 3 10 3
      vertex 3 58.19999999999999 17
      vertex 3 53.80000000000001 17
    endloop
  endfacet
  facet normal 1 0 0
    outer loop
      vertex 3 10 3
      vertex 3 53.80000000000001 17
      vertex 3 43.80000000000001 17
    endloop
  endfacet
  facet normal 1 0 0
    outer loop
      vertex 3 10 3
      vertex 3 43.80000000000001 17
      vertex 3 39.400000000000006 17
    endloop
  endfacet
  facet normal -1 0 0
    outer loop
      vertex 0 0 0
      vertex 0 29.400000000000006 17
      vertex 0 39.400000000000006 17
    endloop
  endfacet
  facet normal 1 0 0
    outer loop
      vertex 3 10 3
      vertex 3 39.400000000000006 17
      vertex 3 29.400000000000006 17
    endloop
  endfacet
  facet normal -1 0 0
    outer loop
      vertex 0 0 0
      vertex 0 29.400000000000006 53.5
      vertex 0 29.400000000000006 17
    endloop
  endfacet
  facet normal -1 0 0
    outer loop
      vertex 0 39.400000000000006 17
      vertex 0 39.400000000000006 53.5
      vertex 0 43.80000000000001 17
    endloop
  endfacet
  facet normal 1 0 0
    outer loop
      vertex 3 39.400000000000006 17
      vertex 3 43.80000000000001 17
      vertex 3 43.80000000000001 53.5
    endloop
  endfacet
  facet normal -1 0 0
    outer loop
      vertex 0 43.80000000000001 17
      vertex 0 39.400000000000006 53.5
      vertex 0 43.80000000000001 53.5
    endloop
  endfacet
  facet normal 1 0 0
    outer loop
      vertex 3 39.400000000000006 17
      vertex 3 43.80000000000001 53.5
      vertex 3 39.400000000000006 53.5
    endloop
  endfacet
  facet normal 1 0 0
    outer loop
      vertex 3 10 3
      vertex 3 29.400000000000006 17
      vertex 3 29.400000000000006 53.5
    endloop
  endfacet
  facet normal 1 0 0
    outer loop
      vertex 3 10 3
      vertex 3 29.400000000000006 53.5
      vertex 3 29.400000000000006 57.5
    endloop
  endfacet
  facet normal -1 0 0
    outer loop
      vertex 0 0 0
      vertex 0 29.400000000000006 57.5
      vertex 0 29.400000000000006 53.5
    endloop
  endfacet
  facet normal -1 0 0
    outer loop
      vertex 0 109 17
      vertex 0 82.6 98
      vertex 0 109 53.5
    endloop
  endfacet
  facet normal 1 0 0
    outer loop
      vertex 3 92 3
      vertex 3 82.6 94
      vertex 3 82.6 57.5
    endloop
  endfacet
  facet normal -1 0 0
    outer loop
      vertex 0 109 17
      vertex 0 82.6 57.5
      vertex 0 82.6 94
    endloop
  endfacet
  facet normal -1 0 0
    outer loop
      vertex 0 109 53.5
      vertex 0 82.6 98
      vertex 0 109 57.5
    endloop
  endfacet
  facet normal 1 0 0
    outer loop
      vertex 3 92 3
      vertex 3 82.6 98
      vertex 3 82.6 94
    endloop
  endfacet
  facet normal -1 0 0
    outer loop
      vertex 0 109 17
      vertex 0 82.6 94
      vertex 0 82.6 98
    endloop
  endfacet
  facet normal -1 0 0
    outer loop
      vertex 0 82.6 53.5
      vertex 0 72.6 53.5
      vertex 0 82.6 57.5
    endloop
  endfacet
  facet normal -1 0 0
    outer loop
      vertex 0 72.6 53.5
      vertex 0 72.6 57.5
      vertex 0 82.6 57.5
    endloop
  endfacet
  facet normal 1 0 0
    outer loop
      vertex 3 82.6 57.5
      vertex 3 72.6 57.5
      vertex 3 82.6 53.5
    endloop
  endfacet
  facet normal 1 0 0
    outer loop
      vertex 3 82.6 53.5
      vertex 3 72.6 57.5
      vertex 3 72.6 53.5
    endloop
  endfacet
  facet normal -1 0 0
    outer loop
      vertex 0 72.6 53.5
      vertex 0 68.19999999999999 57.5
      vertex 0 72.6 57.5
    endloop
  endfacet
  facet normal -1 0 0
    outer loop
      vertex 0 68.19999999999999 53.5
      vertex 0 68.19999999999999 57.5
      vertex 0 72.6 53.5
    endloop
  endfacet
  facet normal 1 0 0
    outer loop
      vertex 3 72.6 53.5
      vertex 3 72.6 57.5
      vertex 3 68.19999999999999 57.5
    endloop
  endfacet
  facet normal 1 0 0
    outer loop
      vertex 3 72.6 53.5
      vertex 3 68.19999999999999 57.5
      vertex 3 68.19999999999999 53.5
    endloop
  endfacet
  facet normal -1 0 0
    outer loop
      vertex 0 68.19999999999999 53.5
      vertex 0 58.19999999999999 53.5
      vertex 0 68.19999999999999 57.5
    endloop
  endfacet
  facet normal -1 0 0
    outer loop
      vertex 0 58.19999999999999 53.5
      vertex 0 58.19999999999999 57.5
      vertex 0 68.19999999999999 57.5
    endloop
  endfacet
  facet normal 1 0 0
    outer loop
      vertex 3 68.19999999999999 53.5
      vertex 3 68.19999999999999 57.5
      vertex 3 58.19999999999999 57.5
    endloop
  endfacet
  facet normal 1 0 0
    outer loop
      vertex 3 68.19999999999999 53.5
      vertex 3 58.19999999999999 57.5
      vertex 3 58.19999999999999 53.5
    endloop
  endfacet
  facet normal -1 0 0
    outer loop
      vertex 0 53.80000000000001 53.5
      vertex 0 58.19999999999999 57.5
      vertex 0 58.19999999999999 53.5
    endloop
  endfacet
  facet normal -1 0 0
    outer loop
      vertex 0 53.80000000000001 53.5
      vertex 0 53.80000000000001 57.5
      vertex 0 58.19999999999999 57.5
    endloop
  endfacet
  facet normal 1 0 0
    outer loop
      vertex 3 53.80000000000001 53.5
      vertex 3 58.19999999999999 53.5
      vertex 3 53.80000000000001 57.5
    endloop
  endfacet
  facet normal 1 0 0
    outer loop
      vertex 3 58.19999999999999 53.5
      vertex 3 58.19999999999999 57.5
      vertex 3 53.80000000000001 57.5
    endloop
  endfacet
  facet normal -1 0 0
    outer loop
      vertex 0 68.19999999999999 57.5
      vertex 0 68.19999999999999 94
      vertex 0 72.6 57.5
    endloop
  endfacet
  facet normal 1 0 0
    outer loop
      vertex 3 72.6 57.5
      vertex 3 72.6 94
      vertex 3 68.19999999999999 57.5
    endloop
  endfacet
  facet normal -1 0 0
    outer loop
      vertex 0 58.19999999999999 57.5
      vertex 0 53.80000000000001 57.5
      vertex 0 53.80000000000001 94
    endloop
  endfacet
  facet normal 1 0 0
    outer loop
      vertex 3 58.19999999999999 57.5
      vertex 3 58.19999999999999 94
      vertex 3 53.80000000000001 57.5
    endloop
  endfacet
  facet normal 1 0 0
    outer loop
      vertex 3 108 15
      vertex 3 109 94
      vertex 3 95 108.875
    endloop
  endfacet
  facet normal 1 0 0
    outer loop
      vertex 3 92 3
      vertex 3 82.6 134.5
      vertex 3 82.6 98
    endloop
  endfacet
  facet normal -1 0 0
    outer loop
      vertex 0 82.6 134.5
      vertex 0 109 94
      vertex 0 109 57.5
    endloop
  endfacet
  facet normal 1 0 0
    outer loop
      vertex 3 92 3
      vertex 3 82.6 138.5
      vertex 3 82.6 134.5
    endloop
  endfacet
  facet normal -1 0 0
    outer loop
      vertex 0 72.6 57.5
      vertex 0 68.19999999999999 94
      vertex 0 72.6 94
    endloop
  endfacet
  facet normal 1 0 0
    outer loop
      vertex 3 72.6 94
      vertex 3 68.19999999999999 94
      vertex 3 68.19999999999999 57.5
    endloop
  endfacet
  facet normal -1 0 0
    outer loop
      vertex 0 58.19999999999999 57.5
      vertex 0 53.80000000000001 94
      vertex 0 58.19999999999999 94
    endloop
  endfacet
  facet normal 1 0 0
    outer loop
      vertex 3 53.80000000000001 57.5
      vertex 3 58.19999999999999 94
      vertex 3 53.80000000000001 94
    endloop
  endfacet
  facet normal -1 0 0
    outer loop
      vertex 0 82.6 94
      vertex 0 72.6 94
      vertex 0 82.6 98
    endloop
  endfacet
  facet normal 1 0 0
    outer loop
      vertex 3 72.6 98
      vertex 3 72.6 94
      vertex 3 82.6 94
    endloop
  endfacet
  facet normal -1 0 0
    outer loop
      vertex 0 68.19999999999999 94
      vertex 0 68.19999999999999 98
      vertex 0 72.6 94
    endloop
  endfacet
  facet normal 1 0 0
    outer loop
      vertex 3 72.6 94
      vertex 3 68.19999999999999 98
      vertex 3 68.19999999999999 94
    endloop
  endfacet
  facet normal -1 0 0
    outer loop
      vertex 0 68.19999999999999 94
      vertex 0 58.19999999999999 94
      vertex 0 68.19999999999999 98
    endloop
  endfacet
  facet normal 1 0 0
    outer loop
      vertex 3 58.19999999999999 98
      vertex 3 58.19999999999999 94
      vertex 3 68.19999999999999 94
    endloop
  endfacet
  facet normal -1 0 0
    outer loop
      vertex 0 53.80000000000001 94
      vertex 0 53.80000000000001 98
      vertex 0 58.19999999999999 94
    endloop
  endfacet
  facet normal 1 0 0
    outer loop
      vertex 3 53.80000000000001 94
      vertex 3 58.19999999999999 94
      vertex 3 53.80000000000001 98
    endloop
  endfacet
  facet normal -1 0 0
    outer loop
      vertex 0 53.80000000000001 53.5
      vertex 0 43.80000000000001 53.5
      vertex 0 53.80000000000001 57.5
    endloop
  endfacet
  facet normal 1 0 0
    outer loop
      vertex 3 53.80000000000001 53.5
      vertex 3 53.80000000000001 57.5
      vertex 3 43.80000000000001 57.5
    endloop
  endfacet
  facet normal -1 0 0
    outer loop
      vertex 0 43.80000000000001 53.5
      vertex 0 43.80000000000001 57.5
      vertex 0 53.80000000000001 57.5
    endloop
  endfacet
  facet normal -1 0 0
    outer loop
      vertex 0 39.400000000000006 53.5
      vertex 0 43.80000000000001 57.5
      vertex 0 43.80000000000001 53.5
    endloop
  endfacet
  facet normal -1 0 0
    outer loop
      vertex 0 39.400000000000006 53.5
      vertex 0 39.400000000000006 57.5
      vertex 0 43.80000000000001 57.5
    endloop
  endfacet
  facet normal 1 0 0
    outer loop
      vertex 3 53.80000000000001 53.5
      vertex 3 43.80000000000001 57.5
      vertex 3 43.80000000000001 53.5
    endloop
  endfacet
  facet normal 1 0 0
    outer loop
      vertex 3 39.400000000000006 53.5
      vertex 3 43.80000000000001 53.5
      vertex 3 39.400000000000006 57.5
    endloop
  endfacet
  facet normal 1 0 0
    outer loop
      vertex 3 43.80000000000001 53.5
      vertex 3 43.80000000000001 57.5
      vertex 3 39.400000000000006 57.5
    endloop
  endfacet
  facet normal -1 0 0
    outer loop
      vertex 0 39.400000000000006 53.5
      vertex 0 29.400000000000006 53.5
      vertex 0 39.400000000000006 57.5
    endloop
  endfacet
  facet normal 1 0 0
    outer loop
      vertex 3 39.400000000000006 53.5
      vertex 3 39.400000000000006 57.5
      vertex 3 29.400000000000006 57.5
    endloop
  endfacet
  facet normal -1 0 0
    outer loop
      vertex 0 29.400000000000006 53.5
      vertex 0 29.400000000000006 57.5
      vertex 0 39.400000000000006 57.5
    endloop
  endfacet
  facet normal 1 0 0
    outer loop
      vertex 3 39.400000000000006 53.5
      vertex 3 29.400000000000006 57.5
      vertex 3 29.400000000000006 53.5
    endloop
  endfacet
  facet normal -1 0 0
    outer loop
      vertex 0 39.400000000000006 57.5
      vertex 0 39.400000000000006 94
      vertex 0 43.80000000000001 57.5
    endloop
  endfacet
  facet normal 1 0 0
    outer loop
      vertex 3 39.400000000000006 57.5
      vertex 3 43.80000000000001 57.5
      vertex 3 43.80000000000001 94
    endloop
  endfacet
  facet normal 1 0 0
    outer loop
      vertex 3 10 3
      vertex 3 29.400000000000006 57.5
      vertex 3 29.400000000000006 94
    endloop
  endfacet
  facet normal 1 0 0
    outer loop
      vertex 3 10 3
      vertex 3 29.400000000000006 94
      vertex 3 29.400000000000006 98
    endloop
  endfacet
  facet normal -1 0 0
    outer loop
      vertex 0 43.80000000000001 57.5
      vertex 0 39.400000000000006 94
      vertex 0 43.80000000000001 94
    endloop
  endfacet
  facet normal 1 0 0
    outer loop
      vertex 3 39.400000000000006 57.5
      vertex 3 43.80000000000001 94
      vertex 3 39.400000000000006 94
    endloop
  endfacet
  facet normal -1 0 0
    outer loop
      vertex 0 53.80000000000001 94
      vertex 0 43.80000000000001 94
      vertex 0 39.400000000000006 98
    endloop
  endfacet
  facet normal -1 0 0
    outer loop
      vertex 0 39.400000000000006 94
      vertex 0 39.400000000000006 98
      vertex 0 43.80000000000001 94
    endloop
  endfacet
  facet normal 1 0 0
    outer loop
      vertex 3 43.80000000000001 98
      vertex 3 43.80000000000001 94
      vertex 3 53.80000000000001 94
    endloop
  endfacet
  facet normal 1 0 0
    outer loop
      vertex 3 39.400000000000006 94
      vertex 3 43.80000000000001 94
      vertex 3 39.400000000000006 98
    endloop
  endfacet
  facet normal -1 0 0
    outer loop
      vertex 0 39.400000000000006 94
      vertex 0 29.400000000000006 94
      vertex 0 39.400000000000006 98
    endloop
  endfacet
  facet normal 1 0 0
    outer loop
      vertex 3 29.400000000000006 98
      vertex 3 29.400000000000006 94
      vertex 3 39.400000000000006 94
    endloop
  endfacet
  facet normal 1 0 0
    outer loop
      vertex 3 10 3
      vertex 3 29.400000000000006 98
      vertex 3 29.400000000000006 134.5
    endloop
  endfacet
  facet normal -1 0 0
    outer loop
      vertex 0 0 0
      vertex 0 0 192
      vertex 0 29.400000000000006 57.5
    endloop
  endfacet
  facet normal -1 0 0
    outer loop
      vertex 0 213 192
      vertex 0 206.33333333333334 53.5
      vertex 0 206.33333333333334 57.5
    endloop
  endfacet
  facet normal 1 0 0
    outer loop
      vertex 3 196.33333333333334 98
      vertex 3 206.33333333333334 94
      vertex 3 206.33333333333334 98
    endloop
  endfacet
  facet normal -1 0 0
    outer loop
      vertex 0 206.33333333333334 98
      vertex 0 196.33333333333334 94
      vertex 0 196.33333333333334 98
    endloop
  endfacet
  facet normal -1 0 0
    outer loop
      vertex 0 196.33333333333334 94
      vertex 0 194.66666666666666 98
      vertex 0 196.33333333333334 98
    endloop
  endfacet
  facet normal 1 0 0
    outer loop
      vertex 3 194.66666666666666 94
      vertex 3 196.33333333333334 98
      vertex 3 194.66666666666666 98
    endloop
  endfacet
  facet normal 1 0 0
    outer loop
      vertex 3 194.66666666666666 98
      vertex 3 184.66666666666666 98
      vertex 3 194.66666666666666 94
    endloop
  endfacet
  facet normal 1 0 0
    outer loop
      vertex 3 213 177
      vertex 3 206.33333333333334 94
      vertex 3 206.33333333333334 57.5
    endloop
  endfacet
  facet normal -1 0 0
    outer loop
      vertex 0 213 192
      vertex 0 206.33333333333334 57.5
      vertex 0 206.33333333333334 94
    endloop
  endfacet
  facet normal 1 0 0
    outer loop
      vertex 3 194.66666666666666 98
      vertex 3 196.33333333333334 98
      vertex 3 196.33333333333334 134.5
    endloop
  endfacet
  facet normal -1 0 0
    outer loop
      vertex 0 194.66666666666666 98
      vertex 0 194.66666666666666 134.5
      vertex 0 196.33333333333334 98
    endloop
  endfacet
  facet normal -1 0 0
    outer loop
      vertex 0 194.66666666666666 98
      vertex 0 184.66666666666666 94
      vertex 0 184.66666666666666 98
    endloop
  endfacet
  facet normal 1 0 0
    outer loop
      vertex 3 173 3
      vertex 3 184.66666666666666 138.5
      vertex 3 184.66666666666666 175
    endloop
  endfacet
  facet normal -1 0 0
    outer loop
      vertex 0 161 94
      vertex 0 161 98
      vertex 0 184.66666666666666 98
    endloop
  endfacet
  facet normal 1 0 0
    outer loop
      vertex 3 170 177
      vertex 3 161 57.5
      vertex 3 161 53.5
    endloop
  endfacet
  facet normal -1 0 0
    outer loop
      vertex 0 184.66666666666666 98
      vertex 0 161 98
      vertex 0 161 134.5
    endloop
  endfacet
  facet normal 1 0 0
    outer loop
      vertex 3 170 177
      vertex 3 161 94
      vertex 3 161 57.5
    endloop
  endfacet
  facet normal 1 0 0
    outer loop
      vertex 3 213 177
      vertex 3 206.33333333333334 98
      vertex 3 206.33333333333334 94
    endloop
  endfacet
  facet normal -1 0 0
    outer loop
      vertex 0 216 0
      vertex 0 213 192
      vertex 0 216 192
    endloop
  endfacet
  facet normal -1 0 0
    outer loop
      vertex 0 213 192
      vertex 0 206.33333333333334 94
      vertex 0 206.33333333333334 98
    endloop
  endfacet
  facet normal -1 0 0
    outer loop
      vertex 0 196.33333333333334 98
      vertex 0 194.66666666666666 134.5
      vertex 0 196.33333333333334 134.5
    endloop
  endfacet
  facet normal 1 0 0
    outer loop
      vertex 3 194.66666666666666 98
      vertex 3 196.33333333333334 134.5
      vertex 3 194.66666666666666 134.5
    endloop
  endfacet
  facet normal -1 0 0
    outer loop
      vertex 0 206.33333333333334 134.5
      vertex 0 196.33333333333334 134.5
      vertex 0 206.33333333333334 138.5
    endloop
  endfacet
  facet normal 1 0 0
    outer loop
      vertex 3 213 177
      vertex 3 206.33333333333334 134.5
      vertex 3 206.33333333333334 98
    endloop
  endfacet
  facet normal 1 0 0
    outer loop
      vertex 3 206.33333333333334 134.5
      vertex 3 206.33333333333334 138.5
      vertex 3 196.33333333333334 138.5
    endloop
  endfacet
  facet normal -1 0 0
    outer loop
      vertex 0 213 192
      vertex 0 206.33333333333334 98
      vertex 0 206.33333333333334 134.5
    endloop
  endfacet
  facet normal -1 0 0
    outer loop
      vertex 0 196.33333333333334 134.5
      vertex 0 196.33333333333334 138.5
      vertex 0 206.33333333333334 138.5
    endloop
  endfacet
  facet normal -1 0 0
    outer loop
      vertex 0 194.66666666666666 134.5
      vertex 0 196.33333333333334 138.5
      vertex 0 196.33333333333334 134.5
    endloop
  endfacet
  facet normal 1 0 0
    outer loop
      vertex 3 206.33333333333334 134.5
      vertex 3 194.66666666666666 138.5
      vertex 3 196.33333333333334 134.5
    endloop
  endfacet
  facet normal 1 0 0
    outer loop
      vertex 3 206.33333333333334 134.5
      vertex 3 196.33333333333334 138.5
      vertex 3 194.66666666666666 138.5
    endloop
  endfacet
  facet normal -1 0 0
    outer loop
      vertex 0 194.66666666666666 134.5
      vertex 0 194.66666666666666 138.5
      vertex 0 196.33333333333334 138.5
    endloop
  endfacet
  facet normal -1 0 0
    outer loop
      vertex 0 194.66666666666666 134.5
      vertex 0 184.66666666666666 134.5
      vertex 0 194.66666666666666 138.5
    endloop
  endfacet
  facet normal 1 0 0
    outer loop
      vertex 3 194.66666666666666 134.5
      vertex 3 196.33333333333334 134.5
      vertex 3 194.66666666666666 138.5
    endloop
  endfacet
  facet normal 1 0 0
    outer loop
      vertex 3 194.66666666666666 134.5
      vertex 3 194.66666666666666 138.5
      vertex 3 184.66666666666666 138.5
    endloop
  endfacet
  facet normal 1 0 0
    outer loop
      vertex 3 173 3
      vertex 3 184.66666666666666 175
      vertex 3 173 192
    endloop
  endfacet
  facet normal -1 0 0
    outer loop
      vertex 0 184.66666666666666 98
      vertex 0 161 134.5
      vertex 0 161 138.5
    endloop
  endfacet
  facet normal 1 0 0
    outer loop
      vertex 3 170 177
      vertex 3 161 98
      vertex 3 161 94
    endloop
  endfacet
  facet normal -1 0 0
    outer loop
      vertex 0 194.66666666666666 138.5
      vertex 0 184.66666666666666 134.5
      vertex 0 184.66666666666666 138.5
    endloop
  endfacet
  facet normal 1 0 0
    outer loop
      vertex 3 194.66666666666666 134.5
      vertex 3 184.66666666666666 138.5
      vertex 3 184.66666666666666 134.5
    endloop
  endfacet
  facet normal -1 0 0
    outer loop
      vertex 0 170 192
      vertex 0 184.66666666666666 134.5
      vertex 0 184.66666666666666 98
    endloop
  endfacet
  facet normal -1 0 0
    outer loop
      vertex 0 184.66666666666666 98
      vertex 0 161 138.5
      vertex 0 161 175
    endloop
  endfacet
  facet normal 1 0 0
    outer loop
      vertex 3 170 177
      vertex 3 161 134.5
      vertex 3 161 98
    endloop
  endfacet
  facet normal 1 0 0
    outer loop
      vertex 3 151 98
      vertex 3 161 94
      vertex 3 161 98
    endloop
  endfacet
  facet normal -1 0 0
    outer loop
      vertex 0 161 98
      vertex 0 151 94
      vertex 0 151 98
    endloop
  endfacet
  facet normal 1 0 0
    outer loop
      vertex 3 151 94
      vertex 3 151 98
      vertex 3 147 98
    endloop
  endfacet
  facet normal -1 0 0
    outer loop
      vertex 0 147 94
      vertex 0 147 98
      vertex 0 151 98
    endloop
  endfacet
  facet normal 1 0 0
    outer loop
      vertex 3 137 98
      vertex 3 147 94
      vertex 3 147 98
    endloop
  endfacet
  facet normal -1 0 0
    outer loop
      vertex 0 147 98
      vertex 0 137 94
      vertex 0 137 98
    endloop
  endfacet
  facet normal 1 0 0
    outer loop
      vertex 3 137 94
      vertex 3 137 98
      vertex 3 133 98
    endloop
  endfacet
  facet normal 1 0 0
    outer loop
      vertex 3 147 98
      vertex 3 151 98
      vertex 3 151 134.5
    endloop
  endfacet
  facet normal -1 0 0
    outer loop
      vertex 0 147 98
      vertex 0 147 134.5
      vertex 0 151 98
    endloop
  endfacet
  facet normal 1 0 0
    outer loop
      vertex 3 137 98
      vertex 3 137 134.5
      vertex 3 133 98
    endloop
  endfacet
  facet normal -1 0 0
    outer loop
      vertex 0 133 94
      vertex 0 133 98
      vertex 0 137 98
    endloop
  endfacet
  facet normal 1 0 0
    outer loop
      vertex 3 123 98
      vertex 3 133 94
      vertex 3 133 98
    endloop
  endfacet
  facet normal -1 0 0
    outer loop
      vertex 0 133 98
      vertex 0 123 94
      vertex 0 123 98
    endloop
  endfacet
  facet normal -1 0 0
    outer loop
      vertex 0 119 94
      vertex 0 119 98
      vertex 0 123 98
    endloop
  endfacet
  facet normal 1 0 0
    outer loop
      vertex 3 119 94
      vertex 3 123 98
      vertex 3 119 98
    endloop
  endfacet
  facet normal 1 0 0
    outer loop
      vertex 3 109 98
      vertex 3 119 94
      vertex 3 119 98
    endloop
  endfacet
  facet normal -1 0 0
    outer loop
      vertex 0 119 98
      vertex 0 109 94
      vertex 0 109 98
    endloop
  endfacet
  facet normal -1 0 0
    outer loop
      vertex 0 137 98
      vertex 0 133 98
      vertex 0 133 134.5
    endloop
  endfacet
  facet normal 1 0 0
    outer loop
      vertex 3 119 98
      vertex 3 123 98
      vertex 3 123 134.5
    endloop
  endfacet
  facet normal -1 0 0
    outer loop
      vertex 0 119 98
      vertex 0 119 134.5
      vertex 0 123 98
    endloop
  endfacet
  facet normal -1 0 0
    outer loop
      vertex 0 151 98
      vertex 0 147 134.5
      vertex 0 151 134.5
    endloop
  endfacet
  facet normal 1 0 0
    outer loop
      vertex 3 147 98
      vertex 3 151 134.5
      vertex 3 147 134.5
    endloop
  endfacet
  facet normal -1 0 0
    outer loop
      vertex 0 137 98
      vertex 0 133 134.5
      vertex 0 137 134.5
    endloop
  endfacet
  facet normal -1 0 0
    outer loop
      vertex 0 161 134.5
      vertex 0 151 134.5
      vertex 0 161 138.5
    endloop
  endfacet
  facet normal 1 0 0
    outer loop
      vertex 3 161 134.5
      vertex 3 161 138.5
      vertex 3 151 138.5
    endloop
  endfacet
  facet normal -1 0 0
    outer loop
      vertex 0 151 134.5
      vertex 0 151 138.5
      vertex 0 161 138.5
    endloop
  endfacet
  facet normal -1 0 0
    outer loop
      vertex 0 147 134.5
      vertex 0 151 138.5
      vertex 0 151 134.5
    endloop
  endfacet
  facet normal 1 0 0
    outer loop
      vertex 3 161 134.5
      vertex 3 151 138.5
      vertex 3 151 134.5
    endloop
  endfacet
  facet normal 1 0 0
    outer loop
      vertex 3 151 134.5
      vertex 3 151 138.5
      vertex 3 147 138.5
    endloop
  endfacet
  facet normal -1 0 0
    outer loop
      vertex 0 147 134.5
      vertex 0 147 138.5
      vertex 0 151 138.5
    endloop
  endfacet
  facet normal -1 0 0
    outer loop
      vertex 0 147 134.5
      vertex 0 137 134.5
      vertex 0 147 138.5
    endloop
  endfacet
  facet normal 1 0 0
    outer loop
      vertex 3 147 134.5
      vertex 3 151 134.5
      vertex 3 147 138.5
    endloop
  endfacet
  facet normal 1 0 0
    outer loop
      vertex 3 147 134.5
      vertex 3 147 138.5
      vertex 3 137 138.5
    endloop
  endfacet
  facet normal -1 0 0
    outer loop
      vertex 0 137 134.5
      vertex 0 137 138.5
      vertex 0 147 138.5
    endloop
  endfacet
  facet normal -1 0 0
    outer loop
      vertex 0 133 134.5
      vertex 0 137 138.5
      vertex 0 137 134.5
    endloop
  endfacet
  facet normal 1 0 0
    outer loop
      vertex 3 147 134.5
      vertex 3 137 138.5
      vertex 3 137 134.5
    endloop
  endfacet
  facet normal 1 0 0
    outer loop
      vertex 3 137 134.5
      vertex 3 137 138.5
      vertex 3 133 138.5
    endloop
  endfacet
  facet normal 1 0 0
    outer loop
      vertex 3 133 98
      vertex 3 137 134.5
      vertex 3 133 134.5
    endloop
  endfacet
  facet normal -1 0 0
    outer loop
      vertex 0 123 98
      vertex 0 119 134.5
      vertex 0 123 134.5
    endloop
  endfacet
  facet normal 1 0 0
    outer loop
      vertex 3 119 98
      vertex 3 123 134.5
      vertex 3 119 134.5
    endloop
  endfacet
  facet normal -1 0 0
    outer loop
      vertex 0 133 134.5
      vertex 0 133 138.5
      vertex 0 137 138.5
    endloop
  endfacet
  facet normal -1 0 0
    outer loop
      vertex 0 133 134.5
      vertex 0 123 134.5
      vertex 0 133 138.5
    endloop
  endfacet
  facet normal 1 0 0
    outer loop
      vertex 3 133 134.5
      vertex 3 137 134.5
      vertex 3 133 138.5
    endloop
  endfacet
  facet normal 1 0 0
    outer loop
      vertex 3 123 138.5
      vertex 3 133 134.5
      vertex 3 133 138.5
    endloop
  endfacet
  facet normal -1 0 0
    outer loop
      vertex 0 123 134.5
      vertex 0 123 138.5
      vertex 0 133 138.5
    endloop
  endfacet
  facet normal -1 0 0
    outer loop
      vertex 0 119 134.5
      vertex 0 123 138.5
      vertex 0 123 134.5
    endloop
  endfacet
  facet normal 1 0 0
    outer loop
      vertex 3 133 134.5
      vertex 3 123 138.5
      vertex 3 123 134.5
    endloop
  endfacet
  facet normal 1 0 0
    outer loop
      vertex 3 119 134.5
      vertex 3 123 134.5
      vertex 3 123 138.5
    endloop
  endfacet
  facet normal -1 0 0
    outer loop
      vertex 0 119 134.5
      vertex 0 119 138.5
      vertex 0 123 138.5
    endloop
  endfacet
  facet normal -1 0 0
    outer loop
      vertex 0 119 134.5
      vertex 0 109 134.5
      vertex 0 119 138.5
    endloop
  endfacet
  facet normal 1 0 0
    outer loop
      vertex 3 119 134.5
      vertex 3 123 138.5
      vertex 3 109 134.5
    endloop
  endfacet
  facet normal 1 0 0
    outer loop
      vertex 3 109 134.5
      vertex 3 123 138.5
      vertex 3 119 138.5
    endloop
  endfacet
  facet normal -1 0 0
    outer loop
      vertex 0 109 134.5
      vertex 0 109 138.5
      vertex 0 119 138.5
    endloop
  endfacet
  facet normal 1 0 0
    outer loop
      vertex 3 109 134.5
      vertex 3 119 138.5
      vertex 3 109 138.5
    endloop
  endfacet
  facet normal -1 0 0
    outer loop
      vertex 0 213 192
      vertex 0 206.33333333333334 134.5
      vertex 0 206.33333333333334 138.5
    endloop
  endfacet
  facet normal 1 0 0
    outer loop
      vertex 3 213 177
      vertex 3 206.33333333333334 138.5
      vertex 3 206.33333333333334 134.5
    endloop
  endfacet
  facet normal 1 0 0
    outer loop
      vertex 3 194.66666666666666 138.5
      vertex 3 196.33333333333334 138.5
      vertex 3 196.33333333333334 175
    endloop
  endfacet
  facet normal -1 0 0
    outer loop
      vertex 0 194.66666666666666 138.5
      vertex 0 194.66666666666666 175
      vertex 0 196.33333333333334 138.5
    endloop
  endfacet
  facet normal 1 0 0
    outer loop
      vertex 3 213 177
      vertex 3 206.33333333333334 175
      vertex 3 206.33333333333334 138.5
    endloop
  endfacet
  facet normal -1 0 0
    outer loop
      vertex 0 196.33333333333334 138.5
      vertex 0 194.66666666666666 175
      vertex 0 196.33333333333334 175
    endloop
  endfacet
  facet normal 1 0 0
    outer loop
      vertex 3 194.66666666666666 138.5
      vertex 3 196.33333333333334 175
      vertex 3 194.66666666666666 175
    endloop
  endfacet
  facet normal -1 0 0
    outer loop
      vertex 0 170 192
      vertex 0 184.66666666666666 138.5
      vertex 0 184.66666666666666 134.5
    endloop
  endfacet
  facet normal -1 0 0
    outer loop
      vertex 0 170 192
      vertex 0 184.66666666666666 98
      vertex 0 161 175
    endloop
  endfacet
  facet normal 1 0 0
    outer loop
      vertex 3 170 177
      vertex 3 161 138.5
      vertex 3 161 134.5
    endloop
  endfacet
  facet normal 1 0 0
    outer loop
      vertex 3 170 177
      vertex 3 161 175
      vertex 3 161 138.5
    endloop
  endfacet
  facet normal -1 0 0
    outer loop
      vertex 0 213 192
      vertex 0 206.33333333333334 138.5
      vertex 0 206.33333333333334 175
    endloop
  endfacet
  facet normal 1 0 0
    outer loop
      vertex 3 213 177
      vertex 3 196.33333333333334 175
      vertex 3 206.33333333333334 175
    endloop
  endfacet
  facet normal 1 0 0
    outer loop
      vertex 3 213 177
      vertex 3 186 177
      vertex 3 196.33333333333334 175
    endloop
  endfacet
  facet normal 1 0 0
    outer loop
      vertex 3 186 177
      vertex 3 194.66666666666666 175
      vertex 3 196.33333333333334 175
    endloop
  endfacet
  facet normal -1 0 0
    outer loop
      vertex 0 213 192
      vertex 0 206.33333333333334 175
      vertex 0 196.33333333333334 175
    endloop
  endfacet
  facet normal 1 0 0
    outer loop
      vertex 3 213 189
      vertex 3 213 192
      vertex 3 186 189
    endloop
  endfacet
  facet normal -1 0 0
    outer loop
      vertex 0 213 192
      vertex 0 196.33333333333334 175
      vertex 0 194.66666666666666 175
    endloop
  endfacet
  facet normal 0 0 1
    outer loop
      vertex 0 213 192
      vertex 3 173 192
      vertex 3 213 192
    endloop
  endfacet
  facet normal -1 0 0
    outer loop
      vertex 0 213 192
      vertex 0 194.66666666666666 175
      vertex 0 173 192
    endloop
  endfacet
  facet normal 1 0 0
    outer loop
      vertex 3 213 192
      vertex 3 173 192
      vertex 3 186 189
    endloop
  endfacet
  facet normal -1 0 0
    outer loop
      vertex 0 173 192
      vertex 0 184.66666666666666 175
      vertex 0 184.66666666666666 138.5
    endloop
  endfacet
  facet normal 1 0 0
    outer loop
      vertex 3 186 177
      vertex 3 184.66666666666666 175
      vertex 3 194.66666666666666 175
    endloop
  endfacet
  facet normal -1 0 0
    outer loop
      vertex 0 173 192
      vertex 0 184.66666666666666 138.5
      vertex 0 170 192
    endloop
  endfacet
  facet normal -1 0 0
    outer loop
      vertex 0 173 192
      vertex 0 194.66666666666666 175
      vertex 0 184.66666666666666 175
    endloop
  endfacet
  facet normal 1 0 0
    outer loop
      vertex 3 186 177
      vertex 3 186 189
      vertex 3 184.66666666666666 175
    endloop
  endfacet
  facet normal 1 0 0
    outer loop
      vertex 3 186 189
      vertex 3 173 192
      vertex 3 184.66666666666666 175
    endloop
  endfacet
  facet normal 0 0 1
    outer loop
      vertex 0 213 192
      vertex 0 173 192
      vertex 3 173 192
    endloop
  endfacet
  facet normal 1 0 0
    outer loop
      vertex 3 147 138.5
      vertex 3 151 138.5
      vertex 3 151 175
    endloop
  endfacet
  facet normal -1 0 0
    outer loop
      vertex 0 147 138.5
      vertex 0 147 175
      vertex 0 151 138.5
    endloop
  endfacet
  facet normal 1 0 0
    outer loop
      vertex 3 133 138.5
      vertex 3 137 138.5
      vertex 3 137 175
    endloop
  endfacet
  facet normal -1 0 0
    outer loop
      vertex 0 151 138.5
      vertex 0 147 175
      vertex 0 151 175
    endloop
  endfacet
  facet normal 1 0 0
    outer loop
      vertex 3 147 138.5
      vertex 3 151 175
      vertex 3 147 175
    endloop
  endfacet
  facet normal -1 0 0
    outer loop
      vertex 0 137 138.5
      vertex 0 133 175
      vertex 0 137 175
    endloop
  endfacet
  facet normal -1 0 0
    outer loop
      vertex 0 137 138.5
      vertex 0 133 138.5
      vertex 0 133 175
    endloop
  endfacet
  facet normal 1 0 0
    outer loop
      vertex 3 119 138.5
      vertex 3 123 138.5
      vertex 3 123 175
    endloop
  endfacet
  facet normal -1 0 0
    outer loop
      vertex 0 119 138.5
      vertex 0 119 175
      vertex 0 123 138.5
    endloop
  endfacet
  facet normal 1 0 0
    outer loop
      vertex 3 108 177
      vertex 3 109 134.5
      vertex 3 109 138.5
    endloop
  endfacet
  facet normal 1 0 0
    outer loop
      vertex 3 133 138.5
      vertex 3 137 175
      vertex 3 133 175
    endloop
  endfacet
  facet normal -1 0 0
    outer loop
      vertex 0 123 138.5
      vertex 0 119 175
      vertex 0 123 175
    endloop
  endfacet
  facet normal 1 0 0
    outer loop
      vertex 3 119 138.5
      vertex 3 123 175
      vertex 3 119 175
    endloop
  endfacet
  facet normal 1 0 0
    outer loop
      vertex 3 108 177
      vertex 3 109 138.5
      vertex 3 109 175
    endloop
  endfacet
  facet normal 1 0 0
    outer loop
      vertex 3 170 177
      vertex 3 151 175
      vertex 3 161 175
    endloop
  endfacet
  facet normal 1 0 0
    outer loop
      vertex 3 170 177
      vertex 3 108 177
      vertex 3 151 175
    endloop
  endfacet
  facet normal 1 0 0
    outer loop
      vertex 3 108 177
      vertex 3 147 175
      vertex 3 151 175
    endloop
  endfacet
  facet normal -1 0 0
    outer loop
      vertex 0 170 192
      vertex 0 161 175
      vertex 0 151 175
    endloop
  endfacet
  facet normal -1 0 0
    outer loop
      vertex 0 170 192
      vertex 0 151 175
      vertex 0 147 175
    endloop
  endfacet
  facet normal -1 0 0
    outer loop
      vertex 0 170 192
      vertex 0 147 175
      vertex 0 137 175
    endloop
  endfacet
  facet normal -1 0 0
    outer loop
      vertex 0 170 192
      vertex 0 137 175
      vertex 0 133 175
    endloop
  endfacet
  facet normal -1 0 0
    outer loop
      vertex 0 170 192
      vertex 0 133 175
      vertex 0 123 175
    endloop
  endfacet
  facet normal -1 0 0
    outer loop
      vertex 0 170 192
      vertex 0 123 175
      vertex 0 119 175
    endloop
  endfacet
  facet normal 0 0 1
    outer loop
      vertex 0 170 192
      vertex 3 95 192
      vertex 3 170 192
    endloop
  endfacet
  facet normal 1 0 0
    outer loop
      vertex 3 170 189
      vertex 3 170 192
      vertex 3 95 192
    endloop
  endfacet
  facet normal 1 0 0
    outer loop
      vertex 3 108 177
      vertex 3 137 175
      vertex 3 147 175
    endloop
  endfacet
  facet normal 1 0 0
    outer loop
      vertex 3 108 177
      vertex 3 133 175
      vertex 3 137 175
    endloop
  endfacet
  facet normal 1 0 0
    outer loop
      vertex 3 108 177
      vertex 3 123 175
      vertex 3 133 175
    endloop
  endfacet
  facet normal 1 0 0
    outer loop
      vertex 3 108 177
      vertex 3 119 175
      vertex 3 123 175
    endloop
  endfacet
  facet normal 1 0 0
    outer loop
      vertex 3 108 177
      vertex 3 109 175
      vertex 3 119 175
    endloop
  endfacet
  facet normal -1 0 0
    outer loop
      vertex 0 170 192
      vertex 0 119 175
      vertex 0 109 175
    endloop
  endfacet
  facet normal 1 0 0
    outer loop
      vertex 3 170 189
      vertex 3 95 192
      vertex 3 108 189
    endloop
  endfacet
  facet normal -1 0 0
    outer loop
      vertex 0 170 192
      vertex 0 109 175
      vertex 0 82.6 175
    endloop
  endfacet
  facet normal -1 0 0
    outer loop
      vertex 0 170 192
      vertex 0 82.6 175
      vertex 0 72.6 175
    endloop
  endfacet
  facet normal 1 0 0
    outer loop
      vertex 3 95 108.875
      vertex 3 109 94
      vertex 3 109 98
    endloop
  endfacet
  facet normal -1 0 0
    outer loop
      vertex 0 109 57.5
      vertex 0 82.6 98
      vertex 0 82.6 134.5
    endloop
  endfacet
  facet normal 1 0 0
    outer loop
      vertex 3 95 108.875
      vertex 3 109 98
      vertex 3 109 134.5
    endloop
  endfacet
  facet normal -1 0 0
    outer loop
      vertex 0 109 94
      vertex 0 82.6 134.5
      vertex 0 109 98
    endloop
  endfacet
  facet normal 1 0 0
    outer loop
      vertex 3 92 3
      vertex 3 92 192
      vertex 3 82.6 138.5
    endloop
  endfacet
  facet normal -1 0 0
    outer loop
      vertex 0 82.6 98
      vertex 0 72.6 94
      vertex 0 72.6 98
    endloop
  endfacet
  facet normal 1 0 0
    outer loop
      vertex 3 82.6 98
      vertex 3 72.6 98
      vertex 3 82.6 94
    endloop
  endfacet
  facet normal -1 0 0
    outer loop
      vertex 0 72.6 94
      vertex 0 68.19999999999999 98
      vertex 0 72.6 98
    endloop
  endfacet
  facet normal 1 0 0
    outer loop
      vertex 3 72.6 94
      vertex 3 72.6 98
      vertex 3 68.19999999999999 98
    endloop
  endfacet
  facet normal -1 0 0
    outer loop
      vertex 0 68.19999999999999 98
      vertex 0 58.19999999999999 94
      vertex 0 58.19999999999999 98
    endloop
  endfacet
  facet normal 1 0 0
    outer loop
      vertex 3 58.19999999999999 98
      vertex 3 68.19999999999999 94
      vertex 3 68.19999999999999 98
    endloop
  endfacet
  facet normal -1 0 0
    outer loop
      vertex 0 58.19999999999999 94
      vertex 0 53.80000000000001 98
      vertex 0 58.19999999999999 98
    endloop
  endfacet
  facet normal 1 0 0
    outer loop
      vertex 3 58.19999999999999 94
      vertex 3 58.19999999999999 98
      vertex 3 53.80000000000001 98
    endloop
  endfacet
  facet normal -1 0 0
    outer loop
      vertex 0 68.19999999999999 98
      vertex 0 68.19999999999999 134.5
      vertex 0 72.6 98
    endloop
  endfacet
  facet normal 1 0 0
    outer loop
      vertex 3 68.19999999999999 98
      vertex 3 72.6 98
      vertex 3 72.6 134.5
    endloop
  endfacet
  facet normal -1 0 0
    outer loop
      vertex 0 58.19999999999999 98
      vertex 0 53.80000000000001 98
      vertex 0 53.80000000000001 134.5
    endloop
  endfacet
  facet normal 1 0 0
    outer loop
      vertex 3 58.19999999999999 98
      vertex 3 58.19999999999999 134.5
      vertex 3 53.80000000000001 98
    endloop
  endfacet
  facet normal -1 0 0
    outer loop
      vertex 0 109 98
      vertex 0 82.6 134.5
      vertex 0 109 134.5
    endloop
  endfacet
  facet normal -1 0 0
    outer loop
      vertex 0 109 134.5
      vertex 0 82.6 134.5
      vertex 0 109 138.5
    endloop
  endfacet
  facet normal 1 0 0
    outer loop
      vertex 3 95 108.875
      vertex 3 109 134.5
      vertex 3 108 177
    endloop
  endfacet
  facet normal -1 0 0
    outer loop
      vertex 0 109 138.5
      vertex 0 82.6 134.5
      vertex 0 82.6 138.5
    endloop
  endfacet
  facet normal -1 0 0
    outer loop
      vertex 0 72.6 98
      vertex 0 68.19999999999999 134.5
      vertex 0 72.6 134.5
    endloop
  endfacet
  facet normal 1 0 0
    outer loop
      vertex 3 68.19999999999999 98
      vertex 3 72.6 134.5
      vertex 3 68.19999999999999 134.5
    endloop
  endfacet
  facet normal -1 0 0
    outer loop
      vertex 0 53.80000000000001 134.5
      vertex 0 58.19999999999999 134.5
      vertex 0 58.19999999999999 98
    endloop
  endfacet
  facet normal 1 0 0
    outer loop
      vertex 3 53.80000000000001 98
      vertex 3 58.19999999999999 134.5
      vertex 3 53.80000000000001 134.5
    endloop
  endfacet
  facet normal -1 0 0
    outer loop
      vertex 0 82.6 134.5
      vertex 0 72.6 134.5
      vertex 0 82.6 138.5
    endloop
  endfacet
  facet normal -1 0 0
    outer loop
      vertex 0 72.6 134.5
      vertex 0 72.6 138.5
      vertex 0 82.6 138.5
    endloop
  endfacet
  facet normal 1 0 0
    outer loop
      vertex 3 82.6 138.5
      vertex 3 72.6 138.5
      vertex 3 82.6 134.5
    endloop
  endfacet
  facet normal 1 0 0
    outer loop
      vertex 3 82.6 134.5
      vertex 3 72.6 138.5
      vertex 3 72.6 134.5
    endloop
  endfacet
  facet normal -1 0 0
    outer loop
      vertex 0 72.6 134.5
      vertex 0 68.19999999999999 138.5
      vertex 0 72.6 138.5
    endloop
  endfacet
  facet normal -1 0 0
    outer loop
      vertex 0 68.19999999999999 134.5
      vertex 0 68.19999999999999 138.5
      vertex 0 72.6 134.5
    endloop
  endfacet
  facet normal 1 0 0
    outer loop
      vertex 3 68.19999999999999 134.5
      vertex 3 72.6 134.5
      vertex 3 72.6 138.5
    endloop
  endfacet
  facet normal 1 0 0
    outer loop
      vertex 3 68.19999999999999 134.5
      vertex 3 72.6 138.5
      vertex 3 68.19999999999999 138.5
    endloop
  endfacet
  facet normal -1 0 0
    outer loop
      vertex 0 58.19999999999999 134.5
      vertex 0 68.19999999999999 138.5
      vertex 0 68.19999999999999 134.5
    endloop
  endfacet
  facet normal -1 0 0
    outer loop
      vertex 0 68.19999999999999 138.5
      vertex 0 58.19999999999999 134.5
      vertex 0 58.19999999999999 138.5
    endloop
  endfacet
  facet normal 1 0 0
    outer loop
      vertex 3 68.19999999999999 134.5
      vertex 3 68.19999999999999 138.5
      vertex 3 58.19999999999999 138.5
    endloop
  endfacet
  facet normal 1 0 0
    outer loop
      vertex 3 68.19999999999999 134.5
      vertex 3 58.19999999999999 138.5
      vertex 3 58.19999999999999 134.5
    endloop
  endfacet
  facet normal -1 0 0
    outer loop
      vertex 0 53.80000000000001 134.5
      vertex 0 58.19999999999999 138.5
      vertex 0 58.19999999999999 134.5
    endloop
  endfacet
  facet normal -1 0 0
    outer loop
      vertex 0 53.80000000000001 134.5
      vertex 0 53.80000000000001 138.5
      vertex 0 58.19999999999999 138.5
    endloop
  endfacet
  facet normal 1 0 0
    outer loop
      vertex 3 53.80000000000001 134.5
      vertex 3 58.19999999999999 134.5
      vertex 3 53.80000000000001 138.5
    endloop
  endfacet
  facet normal 1 0 0
    outer loop
      vertex 3 58.19999999999999 134.5
      vertex 3 58.19999999999999 138.5
      vertex 3 53.80000000000001 138.5
    endloop
  endfacet
  facet normal -1 0 0
    outer loop
      vertex 0 53.80000000000001 94
      vertex 0 43.80000000000001 98
      vertex 0 53.80000000000001 98
    endloop
  endfacet
  facet normal 1 0 0
    outer loop
      vertex 3 53.80000000000001 94
      vertex 3 53.80000000000001 98
      vertex 3 43.80000000000001 98
    endloop
  endfacet
  facet normal -1 0 0
    outer loop
      vertex 0 53.80000000000001 94
      vertex 0 39.400000000000006 98
      vertex 0 43.80000000000001 98
    endloop
  endfacet
  facet normal 1 0 0
    outer loop
      vertex 3 43.80000000000001 94
      vertex 3 43.80000000000001 98
      vertex 3 39.400000000000006 98
    endloop
  endfacet
  facet normal 1 0 0
    outer loop
      vertex 3 39.400000000000006 98
      vertex 3 29.400000000000006 98
      vertex 3 39.400000000000006 94
    endloop
  endfacet
  facet normal -1 0 0
    outer loop
      vertex 0 39.400000000000006 98
      vertex 0 29.400000000000006 94
      vertex 0 29.400000000000006 98
    endloop
  endfacet
  facet normal -1 0 0
    outer loop
      vertex 0 39.400000000000006 98
      vertex 0 39.400000000000006 134.5
      vertex 0 43.80000000000001 98
    endloop
  endfacet
  facet normal 1 0 0
    outer loop
      vertex 3 39.400000000000006 98
      vertex 3 43.80000000000001 98
      vertex 3 43.80000000000001 134.5
    endloop
  endfacet
  facet normal 1 0 0
    outer loop
      vertex 3 10 3
      vertex 3 29.400000000000006 134.5
      vertex 3 10 192
    endloop
  endfacet
  facet normal -1 0 0
    outer loop
      vertex 0 0 192
      vertex 0 29.400000000000006 94
      vertex 0 29.400000000000006 57.5
    endloop
  endfacet
  facet normal -1 0 0
    outer loop
      vertex 0 43.80000000000001 98
      vertex 0 39.400000000000006 134.5
      vertex 0 43.80000000000001 134.5
    endloop
  endfacet
  facet normal 1 0 0
    outer loop
      vertex 3 39.400000000000006 98
      vertex 3 43.80000000000001 134.5
      vertex 3 39.400000000000006 134.5
    endloop
  endfacet
  facet normal -1 0 0
    outer loop
      vertex 0 43.80000000000001 134.5
      vertex 0 53.80000000000001 138.5
      vertex 0 53.80000000000001 134.5
    endloop
  endfacet
  facet normal 1 0 0
    outer loop
      vertex 3 53.80000000000001 134.5
      vertex 3 53.80000000000001 138.5
      vertex 3 43.80000000000001 138.5
    endloop
  endfacet
  facet normal -1 0 0
    outer loop
      vertex 0 53.80000000000001 138.5
      vertex 0 43.80000000000001 134.5
      vertex 0 43.80000000000001 138.5
    endloop
  endfacet
  facet normal -1 0 0
    outer loop
      vertex 0 43.80000000000001 134.5
      vertex 0 39.400000000000006 138.5
      vertex 0 43.80000000000001 138.5
    endloop
  endfacet
  facet normal 1 0 0
    outer loop
      vertex 3 53.80000000000001 134.5
      vertex 3 43.80000000000001 138.5
      vertex 3 43.80000000000001 134.5
    endloop
  endfacet
  facet normal 1 0 0
    outer loop
      vertex 3 39.400000000000006 134.5
      vertex 3 43.80000000000001 134.5
      vertex 3 39.400000000000006 138.5
    endloop
  endfacet
  facet normal 1 0 0
    outer loop
      vertex 3 43.80000000000001 134.5
      vertex 3 43.80000000000001 138.5
      vertex 3 39.400000000000006 138.5
    endloop
  endfacet
  facet normal -1 0 0
    outer loop
      vertex 0 39.400000000000006 134.5
      vertex 0 29.400000000000006 138.5
      vertex 0 43.80000000000001 134.5
    endloop
  endfacet
  facet normal -1 0 0
    outer loop
      vertex 0 43.80000000000001 134.5
      vertex 0 29.400000000000006 138.5
      vertex 0 39.400000000000006 138.5
    endloop
  endfacet
  facet normal 1 0 0
    outer loop
      vertex 3 29.400000000000006 138.5
      vertex 3 39.400000000000006 134.5
      vertex 3 39.400000000000006 138.5
    endloop
  endfacet
  facet normal -1 0 0
    outer loop
      vertex 0 39.400000000000006 134.5
      vertex 0 29.400000000000006 134.5
      vertex 0 29.400000000000006 138.5
    endloop
  endfacet
  facet normal 1 0 0
    outer loop
      vertex 3 39.400000000000006 134.5
      vertex 3 29.400000000000006 138.5
      vertex 3 29.400000000000006 134.5
    endloop
  endfacet
  facet normal -1 0 0
    outer loop
      vertex 0 0 192
      vertex 0 29.400000000000006 98
      vertex 0 29.400000000000006 94
    endloop
  endfacet
  facet normal -1 0 0
    outer loop
      vertex 0 0 192
      vertex 0 29.400000000000006 134.5
      vertex 0 29.400000000000006 98
    endloop
  endfacet
  facet normal -1 0 0
    outer loop
      vertex 0 109 138.5
      vertex 0 82.6 138.5
      vertex 0 82.6 175
    endloop
  endfacet
  facet normal 1 0 0
    outer loop
      vertex 3 95 108.875
      vertex 3 108 177
      vertex 3 95 192
    endloop
  endfacet
  facet normal -1 0 0
    outer loop
      vertex 0 109 138.5
      vertex 0 82.6 175
      vertex 0 109 175
    endloop
  endfacet
  facet normal -1 0 0
    outer loop
      vertex 0 68.19999999999999 138.5
      vertex 0 68.19999999999999 175
      vertex 0 72.6 138.5
    endloop
  endfacet
  facet normal 1 0 0
    outer loop
      vertex 3 68.19999999999999 138.5
      vertex 3 72.6 138.5
      vertex 3 72.6 175
    endloop
  endfacet
  facet normal -1 0 0
    outer loop
      vertex 0 58.19999999999999 138.5
      vertex 0 53.80000000000001 138.5
      vertex 0 53.80000000000001 175
    endloop
  endfacet
  facet normal 1 0 0
    outer loop
      vertex 3 58.19999999999999 138.5
      vertex 3 58.19999999999999 175
      vertex 3 53.80000000000001 138.5
    endloop
  endfacet
  facet normal -1 0 0
    outer loop
      vertex 0 72.6 138.5
      vertex 0 68.19999999999999 175
      vertex 0 72.6 175
    endloop
  endfacet
  facet normal 1 0 0
    outer loop
      vertex 3 68.19999999999999 138.5
      vertex 3 72.6 175
      vertex 3 68.19999999999999 175
    endloop
  endfacet
  facet normal -1 0 0
    outer loop
      vertex 0 58.19999999999999 138.5
      vertex 0 53.80000000000001 175
      vertex 0 58.19999999999999 175
    endloop
  endfacet
  facet normal 1 0 0
    outer loop
      vertex 3 53.80000000000001 138.5
      vertex 3 58.19999999999999 175
      vertex 3 53.80000000000001 175
    endloop
  endfacet
  facet normal 1 0 0
    outer loop
      vertex 3 92 192
      vertex 3 82.6 175
      vertex 3 82.6 138.5
    endloop
  endfacet
  facet normal -1 0 0
    outer loop
      vertex 0 170 192
      vertex 0 72.6 175
      vertex 0 68.19999999999999 175
    endloop
  endfacet
  facet normal 1 0 0
    outer loop
      vertex 3 108 177
      vertex 3 108 189
      vertex 3 95 192
    endloop
  endfacet
  facet normal 1 0 0
    outer loop
      vertex 3 92 192
      vertex 3 72.6 175
      vertex 3 82.6 175
    endloop
  endfacet
  facet normal 0 0 1
    outer loop
      vertex 0 170 192
      vertex 0 0 192
      vertex 3 95 192
    endloop
  endfacet
  facet normal 1 0 0
    outer loop
      vertex 3 92 192
      vertex 3 68.19999999999999 175
      vertex 3 72.6 175
    endloop
  endfacet
  facet normal 1 0 0
    outer loop
      vertex 3 92 192
      vertex 3 58.19999999999999 175
      vertex 3 68.19999999999999 175
    endloop
  endfacet
  facet normal -1 0 0
    outer loop
      vertex 0 170 192
      vertex 0 68.19999999999999 175
      vertex 0 0 192
    endloop
  endfacet
  facet normal 0 0 1
    outer loop
      vertex 3 95 192
      vertex 0 0 192
      vertex 3 92 192
    endloop
  endfacet
  facet normal -1 0 0
    outer loop
      vertex 0 43.80000000000001 138.5
      vertex 0 39.400000000000006 138.5
      vertex 0 39.400000000000006 175
    endloop
  endfacet
  facet normal 1 0 0
    outer loop
      vertex 3 39.400000000000006 138.5
      vertex 3 43.80000000000001 138.5
      vertex 3 43.80000000000001 175
    endloop
  endfacet
  facet normal -1 0 0
    outer loop
      vertex 0 43.80000000000001 138.5
      vertex 0 39.400000000000006 175
      vertex 0 43.80000000000001 175
    endloop
  endfacet
  facet normal 1 0 0
    outer loop
      vertex 3 39.400000000000006 138.5
      vertex 3 43.80000000000001 175
      vertex 3 39.400000000000006 175
    endloop
  endfacet
  facet normal 1 0 0
    outer loop
      vertex 3 10 192
      vertex 3 29.400000000000006 134.5
      vertex 3 29.400000000000006 138.5
    endloop
  endfacet
  facet normal -1 0 0
    outer loop
      vertex 0 0 192
      vertex 0 29.400000000000006 138.5
      vertex 0 29.400000000000006 134.5
    endloop
  endfacet
  facet normal -1 0 0
    outer loop
      vertex 0 0 192
      vertex 0 68.19999999999999 175
      vertex 0 58.19999999999999 175
    endloop
  endfacet
  facet normal 1 0 0
    outer loop
      vertex 3 10 192
      vertex 3 53.80000000000001 175
      vertex 3 58.19999999999999 175
    endloop
  endfacet
  facet normal 1 0 0
    outer loop
      vertex 3 92 192
      vertex 3 10 192
      vertex 3 58.19999999999999 175
    endloop
  endfacet
  facet normal -1 0 0
    outer loop
      vertex 0 0 192
      vertex 0 58.19999999999999 175
      vertex 0 53.80000000000001 175
    endloop
  endfacet
  facet normal 1 0 0
    outer loop
      vertex 3 10 192
      vertex 3 43.80000000000001 175
      vertex 3 53.80000000000001 175
    endloop
  endfacet
  facet normal -1 0 0
    outer loop
      vertex 0 0 192
      vertex 0 53.80000000000001 175
      vertex 0 43.80000000000001 175
    endloop
  endfacet
  facet normal -1 0 0
    outer loop
      vertex 0 0 192
      vertex 0 43.80000000000001 175
      vertex 0 39.400000000000006 175
    endloop
  endfacet
  facet normal 1 0 0
    outer loop
      vertex 3 10 192
      vertex 3 39.400000000000006 175
      vertex 3 43.80000000000001 175
    endloop
  endfacet
  facet normal 0 0 1
    outer loop
      vertex 3 92 192
      vertex 0 0 192
      vertex 3 10 192
    endloop
  endfacet
  facet normal 1 0 0
    outer loop
      vertex 3 10 192
      vertex 3 29.400000000000006 138.5
      vertex 3 29.400000000000006 175
    endloop
  endfacet
  facet normal -1 0 0
    outer loop
      vertex 0 0 192
      vertex 0 29.400000000000006 175
      vertex 0 29.400000000000006 138.5
    endloop
  endfacet
  facet normal -1 0 0
    outer loop
      vertex 0 0 192
      vertex 0 39.400000000000006 175
      vertex 0 29.400000000000006 175
    endloop
  endfacet
  facet normal 1 0 0
    outer loop
      vertex 3 10 192
      vertex 3 29.400000000000006 175
      vertex 3 39.400000000000006 175
    endloop
  endfacet
  facet normal 0 0 1
    outer loop
      vertex 3 10 192
      vertex 0 0 192
      vertex 3 0 192
    endloop
  endfacet
  facet normal 0 -1 0
    outer loop
      vertex 0 0 192
      vertex 3 0 188.9842931937173
      vertex 3 0 192
    endloop
  endfacet
  facet normal 1 0 0
    outer loop
      vertex 191 213 0
      vertex 191 206.33333333333334 17
      vertex 191 196.33333333333334 17
    endloop
  endfacet
  facet normal 1 0 0
    outer loop
      vertex 191 213 0
      vertex 191 196.33333333333334 17
      vertex 191 173 0
    endloop
  endfacet
  facet normal -1 0 0
    outer loop
      vertex 188 213 15
      vertex 188 196.33333333333334 17
      vertex 188 206.33333333333334 17
    endloop
  endfacet
  facet normal 1 0 0
    outer loop
      vertex 191 213 0
      vertex 191 206.33333333333334 53.5
      vertex 191 206.33333333333334 17
    endloop
  endfacet
  facet normal -1 0 0
    outer loop
      vertex 188 213 15
      vertex 188 186 15
      vertex 188 196.33333333333334 17
    endloop
  endfacet
  facet normal -1 0 0
    outer loop
      vertex 188 186 15
      vertex 188 194.66666666666666 17
      vertex 188 196.33333333333334 17
    endloop
  endfacet
  facet normal -1 0 0
    outer loop
      vertex 188 186 3
      vertex 188 184.66666666666666 17
      vertex 188 186 15
    endloop
  endfacet
  facet normal 1 0 0
    outer loop
      vertex 191 173 0
      vertex 191 196.33333333333334 17
      vertex 191 194.66666666666666 17
    endloop
  endfacet
  facet normal 1 0 0
    outer loop
      vertex 191 173 0
      vertex 191 194.66666666666666 17
      vertex 191 184.66666666666666 17
    endloop
  endfacet
  facet normal -1 0 0
    outer loop
      vertex 188 186 3
      vertex 188 173 3
      vertex 188 184.66666666666666 17
    endloop
  endfacet
  facet normal -1 0 0
    outer loop
      vertex 188 186 15
      vertex 188 184.66666666666666 17
      vertex 188 194.66666666666666 17
    endloop
  endfacet
  facet normal 1 0 0
    outer loop
      vertex 191 173 0
      vertex 191 184.66666666666666 17
      vertex 191 184.66666666666666 53.5
    endloop
  endfacet
  facet normal 1 0 0
    outer loop
      vertex 191 170 0
      vertex 191 161 53.5
      vertex 191 161 17
    endloop
  endfacet
  facet normal -1 0 0
    outer loop
      vertex 188 213 15
      vertex 188 206.33333333333334 17
      vertex 188 206.33333333333334 53.5
    endloop
  endfacet
  facet normal 1 0 0
    outer loop
      vertex 191 194.66666666666666 17
      vertex 191 196.33333333333334 17
      vertex 191 196.33333333333334 53.5
    endloop
  endfacet
  facet normal -1 0 0
    outer loop
      vertex 188 194.66666666666666 17
      vertex 188 194.66666666666666 53.5
      vertex 188 196.33333333333334 17
    endloop
  endfacet
  facet normal 1 0 0
    outer loop
      vertex 191 213 0
      vertex 191 206.33333333333334 57.5
      vertex 191 206.33333333333334 53.5
    endloop
  endfacet
  facet normal -1 0 0
    outer loop
      vertex 188 213 15
      vertex 188 206.33333333333334 53.5
      vertex 188 206.33333333333334 57.5
    endloop
  endfacet
  facet normal -1 0 0
    outer loop
      vertex 188 196.33333333333334 17
      vertex 188 194.66666666666666 53.5
      vertex 188 196.33333333333334 53.5
    endloop
  endfacet
  facet normal 1 0 0
    outer loop
      vertex 191 194.66666666666666 17
      vertex 191 196.33333333333334 53.5
      vertex 191 194.66666666666666 53.5
    endloop
  endfacet
  facet normal -1 0 0
    outer loop
      vertex 188 170 15
      vertex 188 161 17
      vertex 188 161 53.5
    endloop
  endfacet
  facet normal 1 0 0
    outer loop
      vertex 191 173 0
      vertex 191 184.66666666666666 53.5
      vertex 191 184.66666666666666 57.5
    endloop
  endfacet
  facet normal -1 0 0
    outer loop
      vertex 188 170 15
      vertex 188 161 53.5
      vertex 188 161 57.5
    endloop
  endfacet
  facet normal 1 0 0
    outer loop
      vertex 191 170 0
      vertex 191 161 17
      vertex 191 151 17
    endloop
  endfacet
  facet normal 1 0 0
    outer loop
      vertex 191 170 0
      vertex 191 151 17
      vertex 191 147 17
    endloop
  endfacet
  facet normal 1 0 0
    outer loop
      vertex 191 170 0
      vertex 191 147 17
      vertex 191 137 17
    endloop
  endfacet
  facet normal 1 0 0
    outer loop
      vertex 191 170 0
      vertex 191 137 17
      vertex 191 133 17
    endloop
  endfacet
  facet normal 1 0 0
    outer loop
      vertex 191 170 0
      vertex 191 133 17
      vertex 191 123 17
    endloop
  endfacet
  facet normal 1 0 0
    outer loop
      vertex 191 170 0
      vertex 191 123 17
      vertex 191 119 17
    endloop
  endfacet
  facet normal -1 0 0
    outer loop
      vertex 188 170 15
      vertex 188 151 17
      vertex 188 161 17
    endloop
  endfacet
  facet normal -1 0 0
    outer loop
      vertex 188 170 15
      vertex 188 108 15
      vertex 188 151 17
    endloop
  endfacet
  facet normal -1 0 0
    outer loop
      vertex 188 108 15
      vertex 188 147 17
      vertex 188 151 17
    endloop
  endfacet
  facet normal 1 0 0
    outer loop
      vertex 191 170 0
      vertex 191 119 17
      vertex 191 109 17
    endloop
  endfacet
  facet normal 1 0 0
    outer loop
      vertex 191 170 0
      vertex 191 109 17
      vertex 191 82.6 17
    endloop
  endfacet
  facet normal 1 0 0
    outer loop
      vertex 191 170 0
      vertex 191 82.6 17
      vertex 191 72.6 17
    endloop
  endfacet
  facet normal -1 0 0
    outer loop
      vertex 188 108 15
      vertex 188 137 17
      vertex 188 147 17
    endloop
  endfacet
  facet normal -1 0 0
    outer loop
      vertex 188 108 15
      vertex 188 133 17
      vertex 188 137 17
    endloop
  endfacet
  facet normal -1 0 0
    outer loop
      vertex 188 108 15
      vertex 188 123 17
      vertex 188 133 17
    endloop
  endfacet
  facet normal -1 0 0
    outer loop
      vertex 188 108 15
      vertex 188 119 17
      vertex 188 123 17
    endloop
  endfacet
  facet normal -1 0 0
    outer loop
      vertex 188 108 15
      vertex 188 109 17
      vertex 188 119 17
    endloop
  endfacet
  facet normal 1 0 0
    outer loop
      vertex 191 147 17
      vertex 191 151 17
      vertex 191 151 53.5
    endloop
  endfacet
  facet normal -1 0 0
    outer loop
      vertex 188 147 17
      vertex 188 147 53.5
      vertex 188 151 17
    endloop
  endfacet
  facet normal 1 0 0
    outer loop
      vertex 191 133 17
      vertex 191 137 17
      vertex 191 137 53.5
    endloop
  endfacet
  facet normal -1 0 0
    outer loop
      vertex 188 151 17
      vertex 188 147 53.5
      vertex 188 151 53.5
    endloop
  endfacet
  facet normal 1 0 0
    outer loop
      vertex 191 147 17
      vertex 191 151 53.5
      vertex 191 147 53.5
    endloop
  endfacet
  facet normal -1 0 0
    outer loop
      vertex 188 133 53.5
      vertex 188 137 53.5
      vertex 188 137 17
    endloop
  endfacet
  facet normal -1 0 0
    outer loop
      vertex 188 133 17
      vertex 188 133 53.5
      vertex 188 137 17
    endloop
  endfacet
  facet normal 1 0 0
    outer loop
      vertex 191 119 17
      vertex 191 123 17
      vertex 191 123 53.5
    endloop
  endfacet
  facet normal -1 0 0
    outer loop
      vertex 188 119 17
      vertex 188 119 53.5
      vertex 188 123 17
    endloop
  endfacet
  facet normal -1 0 0
    outer loop
      vertex 188 108 15
      vertex 188 109 53.5
      vertex 188 109 17
    endloop
  endfacet
  facet normal 1 0 0
    outer loop
      vertex 191 133 17
      vertex 191 137 53.5
      vertex 191 133 53.5
    endloop
  endfacet
  facet normal -1 0 0
    outer loop
      vertex 188 123 17
      vertex 188 119 53.5
      vertex 188 123 53.5
    endloop
  endfacet
  facet normal 1 0 0
    outer loop
      vertex 191 119 17
      vertex 191 123 53.5
      vertex 191 119 53.5
    endloop
  endfacet
  facet normal -1 0 0
    outer loop
      vertex 188 108 15
      vertex 188 109 57.5
      vertex 188 109 53.5
    endloop
  endfacet
  facet normal 1 0 0
    outer loop
      vertex 191 213 0
      vertex 191 206.33333333333334 94
      vertex 191 206.33333333333334 57.5
    endloop
  endfacet
  facet normal -1 0 0
    outer loop
      vertex 188 206.33333333333334 53.5
      vertex 188 196.33333333333334 53.5
      vertex 188 206.33333333333334 57.5
    endloop
  endfacet
  facet normal 1 0 0
    outer loop
      vertex 191 206.33333333333334 53.5
      vertex 191 206.33333333333334 57.5
      vertex 191 196.33333333333334 57.5
    endloop
  endfacet
  facet normal -1 0 0
    outer loop
      vertex 188 194.66666666666666 53.5
      vertex 188 206.33333333333334 57.5
      vertex 188 196.33333333333334 53.5
    endloop
  endfacet
  facet normal -1 0 0
    outer loop
      vertex 188 194.66666666666666 53.5
      vertex 188 196.33333333333334 57.5
      vertex 188 206.33333333333334 57.5
    endloop
  endfacet
  facet normal 1 0 0
    outer loop
      vertex 191 206.33333333333334 53.5
      vertex 191 196.33333333333334 57.5
      vertex 191 196.33333333333334 53.5
    endloop
  endfacet
  facet normal 1 0 0
    outer loop
      vertex 191 194.66666666666666 53.5
      vertex 191 196.33333333333334 53.5
      vertex 191 196.33333333333334 57.5
    endloop
  endfacet
  facet normal -1 0 0
    outer loop
      vertex 188 194.66666666666666 53.5
      vertex 188 194.66666666666666 57.5
      vertex 188 196.33333333333334 57.5
    endloop
  endfacet
  facet normal -1 0 0
    outer loop
      vertex 188 194.66666666666666 53.5
      vertex 188 184.66666666666666 53.5
      vertex 188 194.66666666666666 57.5
    endloop
  endfacet
  facet normal 1 0 0
    outer loop
      vertex 191 194.66666666666666 53.5
      vertex 191 196.33333333333334 57.5
      vertex 191 194.66666666666666 57.5
    endloop
  endfacet
  facet normal 1 0 0
    outer loop
      vertex 191 194.66666666666666 53.5
      vertex 191 194.66666666666666 57.5
      vertex 191 184.66666666666666 57.5
    endloop
  endfacet
  facet normal 1 0 0
    outer loop
      vertex 191 213 0
      vertex 191 206.33333333333334 98
      vertex 191 206.33333333333334 94
    endloop
  endfacet
  facet normal 1 0 0
    outer loop
      vertex 191 196.33333333333334 94
      vertex 191 194.66666666666666 57.5
      vertex 191 196.33333333333334 57.5
    endloop
  endfacet
  facet normal -1 0 0
    outer loop
      vertex 188 194.66666666666666 57.5
      vertex 188 194.66666666666666 94
      vertex 188 196.33333333333334 57.5
    endloop
  endfacet
  facet normal -1 0 0
    outer loop
      vertex 188 184.66666666666666 53.5
      vertex 188 184.66666666666666 57.5
      vertex 188 194.66666666666666 57.5
    endloop
  endfacet
  facet normal 1 0 0
    outer loop
      vertex 191 194.66666666666666 53.5
      vertex 191 184.66666666666666 57.5
      vertex 191 184.66666666666666 53.5
    endloop
  endfacet
  facet normal -1 0 0
    outer loop
      vertex 188 170 15
      vertex 188 161 57.5
      vertex 188 161 94
    endloop
  endfacet
  facet normal -1 0 0
    outer loop
      vertex 188 173 3
      vertex 188 173 192
      vertex 188 184.66666666666666 17
    endloop
  endfacet
  facet normal 1 0 0
    outer loop
      vertex 191 173 0
      vertex 191 184.66666666666666 57.5
      vertex 191 173 153.77777777777777
    endloop
  endfacet
  facet normal -1 0 0
    outer loop
      vertex 188 170 15
      vertex 188 161 94
      vertex 188 161 98
    endloop
  endfacet
  facet normal 1 0 0
    outer loop
      vertex 191 170 0
      vertex 191 170 151.11111111111111
      vertex 191 161 53.5
    endloop
  endfacet
  facet normal 1 0 0
    outer loop
      vertex 191 213 0
      vertex 191 206.33333333333334 134.5
      vertex 191 206.33333333333334 98
    endloop
  endfacet
  facet normal -1 0 0
    outer loop
      vertex 188 213 15
      vertex 188 206.33333333333334 57.5
      vertex 188 213 177
    endloop
  endfacet
  facet normal -1 0 0
    outer loop
      vertex 188 196.33333333333334 57.5
      vertex 188 194.66666666666666 94
      vertex 188 196.33333333333334 94
    endloop
  endfacet
  facet normal 1 0 0
    outer loop
      vertex 191 194.66666666666666 57.5
      vertex 191 196.33333333333334 94
      vertex 191 194.66666666666666 94
    endloop
  endfacet
  facet normal -1 0 0
    outer loop
      vertex 188 196.33333333333334 94
      vertex 188 206.33333333333334 98
      vertex 188 206.33333333333334 94
    endloop
  endfacet
  facet normal 1 0 0
    outer loop
      vertex 191 213 0
      vertex 191 206.33333333333334 138.5
      vertex 191 206.33333333333334 134.5
    endloop
  endfacet
  facet normal 1 0 0
    outer loop
      vertex 191 206.33333333333334 94
      vertex 191 206.33333333333334 98
      vertex 191 196.33333333333334 94
    endloop
  endfacet
  facet normal -1 0 0
    outer loop
      vertex 188 194.66666666666666 94
      vertex 188 196.33333333333334 98
      vertex 188 196.33333333333334 94
    endloop
  endfacet
  facet normal 1 0 0
    outer loop
      vertex 191 194.66666666666666 94
      vertex 191 196.33333333333334 94
      vertex 191 206.33333333333334 98
    endloop
  endfacet
  facet normal -1 0 0
    outer loop
      vertex 188 194.66666666666666 94
      vertex 188 184.66666666666666 94
      vertex 188 194.66666666666666 98
    endloop
  endfacet
  facet normal -1 0 0
    outer loop
      vertex 188 170 15
      vertex 188 161 98
      vertex 188 161 134.5
    endloop
  endfacet
  facet normal -1 0 0
    outer loop
      vertex 188 173 192
      vertex 188 184.66666666666666 53.5
      vertex 188 184.66666666666666 17
    endloop
  endfacet
  facet normal 1 0 0
    outer loop
      vertex 191 194.66666666666666 94
      vertex 191 184.66666666666666 98
      vertex 191 184.66666666666666 94
    endloop
  endfacet
  facet normal 1 0 0
    outer loop
      vertex 191 170 151.11111111111111
      vertex 191 161 57.5
      vertex 191 161 53.5
    endloop
  endfacet
  facet normal -1 0 0
    outer loop
      vertex 188 161 53.5
      vertex 188 151 53.5
      vertex 188 161 57.5
    endloop
  endfacet
  facet normal 1 0 0
    outer loop
      vertex 191 161 53.5
      vertex 191 161 57.5
      vertex 191 151 57.5
    endloop
  endfacet
  facet normal -1 0 0
    outer loop
      vertex 188 151 53.5
      vertex 188 151 57.5
      vertex 188 161 57.5
    endloop
  endfacet
  facet normal -1 0 0
    outer loop
      vertex 188 147 53.5
      vertex 188 151 57.5
      vertex 188 151 53.5
    endloop
  endfacet
  facet normal 1 0 0
    outer loop
      vertex 191 161 53.5
      vertex 191 151 57.5
      vertex 191 151 53.5
    endloop
  endfacet
  facet normal 1 0 0
    outer loop
      vertex 191 151 53.5
      vertex 191 151 57.5
      vertex 191 147 57.5
    endloop
  endfacet
  facet normal -1 0 0
    outer loop
      vertex 188 147 53.5
      vertex 188 147 57.5
      vertex 188 151 57.5
    endloop
  endfacet
  facet normal -1 0 0
    outer loop
      vertex 188 147 53.5
      vertex 188 137 53.5
      vertex 188 147 57.5
    endloop
  endfacet
  facet normal 1 0 0
    outer loop
      vertex 191 147 53.5
      vertex 191 151 53.5
      vertex 191 147 57.5
    endloop
  endfacet
  facet normal 1 0 0
    outer loop
      vertex 191 147 53.5
      vertex 191 147 57.5
      vertex 191 137 57.5
    endloop
  endfacet
  facet normal -1 0 0
    outer loop
      vertex 188 137 53.5
      vertex 188 137 57.5
      vertex 188 147 57.5
    endloop
  endfacet
  facet normal -1 0 0
    outer loop
      vertex 188 137 53.5
      vertex 188 133 57.5
      vertex 188 137 57.5
    endloop
  endfacet
  facet normal 1 0 0
    outer loop
      vertex 191 147 53.5
      vertex 191 137 57.5
      vertex 191 137 53.5
    endloop
  endfacet
  facet normal 1 0 0
    outer loop
      vertex 191 137 53.5
      vertex 191 137 57.5
      vertex 191 133 57.5
    endloop
  endfacet
  facet normal 1 0 0
    outer loop
      vertex 191 147 57.5
      vertex 191 151 57.5
      vertex 191 151 94
    endloop
  endfacet
  facet normal -1 0 0
    outer loop
      vertex 188 147 57.5
      vertex 188 147 94
      vertex 188 151 57.5
    endloop
  endfacet
  facet normal 1 0 0
    outer loop
      vertex 191 133 57.5
      vertex 191 137 57.5
      vertex 191 137 94
    endloop
  endfacet
  facet normal -1 0 0
    outer loop
      vertex 188 133 53.5
      vertex 188 133 57.5
      vertex 188 137 53.5
    endloop
  endfacet
  facet normal -1 0 0
    outer loop
      vertex 188 123 53.5
      vertex 188 133 57.5
      vertex 188 133 53.5
    endloop
  endfacet
  facet normal 1 0 0
    outer loop
      vertex 191 133 53.5
      vertex 191 137 53.5
      vertex 191 133 57.5
    endloop
  endfacet
  facet normal 1 0 0
    outer loop
      vertex 191 133 53.5
      vertex 191 133 57.5
      vertex 191 123 57.5
    endloop
  endfacet
  facet normal -1 0 0
    outer loop
      vertex 188 133 57.5
      vertex 188 123 53.5
      vertex 188 123 57.5
    endloop
  endfacet
  facet normal -1 0 0
    outer loop
      vertex 188 123 53.5
      vertex 188 119 57.5
      vertex 188 123 57.5
    endloop
  endfacet
  facet normal 1 0 0
    outer loop
      vertex 191 133 53.5
      vertex 191 123 57.5
      vertex 191 123 53.5
    endloop
  endfacet
  facet normal 1 0 0
    outer loop
      vertex 191 123 53.5
      vertex 191 123 57.5
      vertex 191 119 57.5
    endloop
  endfacet
  facet normal -1 0 0
    outer loop
      vertex 188 119 53.5
      vertex 188 109 57.5
      vertex 188 123 53.5
    endloop
  endfacet
  facet normal -1 0 0
    outer loop
      vertex 188 123 53.5
      vertex 188 109 57.5
      vertex 188 119 57.5
    endloop
  endfacet
  facet normal 1 0 0
    outer loop
      vertex 191 119 53.5
      vertex 191 123 53.5
      vertex 191 119 57.5
    endloop
  endfacet
  facet normal 1 0 0
    outer loop
      vertex 191 119 53.5
      vertex 191 119 57.5
      vertex 191 109 57.5
    endloop
  endfacet
  facet normal -1 0 0
    outer loop
      vertex 188 119 53.5
      vertex 188 109 53.5
      vertex 188 109 57.5
    endloop
  endfacet
  facet normal 1 0 0
    outer loop
      vertex 191 119 53.5
      vertex 191 109 57.5
      vertex 191 109 53.5
    endloop
  endfacet
  facet normal -1 0 0
    outer loop
      vertex 188 133 57.5
      vertex 188 133 94
      vertex 188 137 57.5
    endloop
  endfacet
  facet normal 1 0 0
    outer loop
      vertex 191 119 57.5
      vertex 191 123 57.5
      vertex 191 123 94
    endloop
  endfacet
  facet normal -1 0 0
    outer loop
      vertex 188 123 57.5
      vertex 188 119 57.5
      vertex 188 119 94
    endloop
  endfacet
  facet normal -1 0 0
    outer loop
      vertex 188 151 57.5
      vertex 188 147 94
      vertex 188 151 94
    endloop
  endfacet
  facet normal 1 0 0
    outer loop
      vertex 191 147 57.5
      vertex 191 151 94
      vertex 191 147 94
    endloop
  endfacet
  facet normal -1 0 0
    outer loop
      vertex 188 137 57.5
      vertex 188 133 94
      vertex 188 137 94
    endloop
  endfacet
  facet normal -1 0 0
    outer loop
      vertex 188 161 94
      vertex 188 151 94
      vertex 188 161 98
    endloop
  endfacet
  facet normal -1 0 0
    outer loop
      vertex 188 147 94
      vertex 188 151 98
      vertex 188 151 94
    endloop
  endfacet
  facet normal 1 0 0
    outer loop
      vertex 191 151 98
      vertex 191 151 94
      vertex 191 161 94
    endloop
  endfacet
  facet normal -1 0 0
    outer loop
      vertex 188 147 94
      vertex 188 137 94
      vertex 188 147 98
    endloop
  endfacet
  facet normal 1 0 0
    outer loop
      vertex 191 147 94
      vertex 191 151 94
      vertex 191 147 98
    endloop
  endfacet
  facet normal -1 0 0
    outer loop
      vertex 188 133 94
      vertex 188 137 98
      vertex 188 137 94
    endloop
  endfacet
  facet normal 1 0 0
    outer loop
      vertex 191 137 98
      vertex 191 137 94
      vertex 191 147 94
    endloop
  endfacet
  facet normal 1 0 0
    outer loop
      vertex 191 133 57.5
      vertex 191 137 94
      vertex 191 133 94
    endloop
  endfacet
  facet normal -1 0 0
    outer loop
      vertex 188 123 57.5
      vertex 188 119 94
      vertex 188 123 94
    endloop
  endfacet
  facet normal 1 0 0
    outer loop
      vertex 191 119 57.5
      vertex 191 123 94
      vertex 191 119 94
    endloop
  endfacet
  facet normal -1 0 0
    outer loop
      vertex 188 133 94
      vertex 188 123 94
      vertex 188 133 98
    endloop
  endfacet
  facet normal 1 0 0
    outer loop
      vertex 191 133 94
      vertex 191 137 94
      vertex 191 133 98
    endloop
  endfacet
  facet normal 1 0 0
    outer loop
      vertex 191 123 98
      vertex 191 123 94
      vertex 191 133 94
    endloop
  endfacet
  facet normal -1 0 0
    outer loop
      vertex 188 119 94
      vertex 188 119 98
      vertex 188 123 94
    endloop
  endfacet
  facet normal -1 0 0
    outer loop
      vertex 188 119 94
      vertex 188 109 94
      vertex 188 119 98
    endloop
  endfacet
  facet normal 1 0 0
    outer loop
      vertex 191 119 94
      vertex 191 123 94
      vertex 191 119 98
    endloop
  endfacet
  facet normal 1 0 0
    outer loop
      vertex 191 109 98
      vertex 191 109 94
      vertex 191 119 94
    endloop
  endfacet
  facet normal -1 0 0
    outer loop
      vertex 188 108 3
      vertex 188 95 3
      vertex 188 108 15
    endloop
  endfacet
  facet normal -1 0 0
    outer loop
      vertex 188 92 3
      vertex 188 72.6 17
      vertex 188 82.6 17
    endloop
  endfacet
  facet normal 1 0 0
    outer loop
      vertex 191 170 0
      vertex 191 72.6 17
      vertex 191 0 0
    endloop
  endfacet
  facet normal -1 0 0
    outer loop
      vertex 188 92 3
      vertex 188 68.19999999999999 17
      vertex 188 72.6 17
    endloop
  endfacet
  facet normal -1 0 0
    outer loop
      vertex 188 92 3
      vertex 188 58.19999999999999 17
      vertex 188 68.19999999999999 17
    endloop
  endfacet
  facet normal 1 0 0
    outer loop
      vertex 191 109 17
      vertex 191 109 53.5
      vertex 191 82.6 17
    endloop
  endfacet
  facet normal -1 0 0
    outer loop
      vertex 188 95 3
      vertex 188 95 86.125
      vertex 188 108 15
    endloop
  endfacet
  facet normal -1 0 0
    outer loop
      vertex 188 92 3
      vertex 188 82.6 17
      vertex 188 82.6 53.5
    endloop
  endfacet
  facet normal 1 0 0
    outer loop
      vertex 191 109 53.5
      vertex 191 82.6 53.5
      vertex 191 82.6 17
    endloop
  endfacet
  facet normal -1 0 0
    outer loop
      vertex 188 68.19999999999999 17
      vertex 188 68.19999999999999 53.5
      vertex 188 72.6 17
    endloop
  endfacet
  facet normal 1 0 0
    outer loop
      vertex 191 68.19999999999999 17
      vertex 191 72.6 17
      vertex 191 72.6 53.5
    endloop
  endfacet
  facet normal -1 0 0
    outer loop
      vertex 188 58.19999999999999 17
      vertex 188 53.80000000000001 17
      vertex 188 53.80000000000001 53.5
    endloop
  endfacet
  facet normal 1 0 0
    outer loop
      vertex 191 58.19999999999999 17
      vertex 191 58.19999999999999 53.5
      vertex 191 53.80000000000001 17
    endloop
  endfacet
  facet normal -1 0 0
    outer loop
      vertex 188 72.6 17
      vertex 188 68.19999999999999 53.5
      vertex 188 72.6 53.5
    endloop
  endfacet
  facet normal 1 0 0
    outer loop
      vertex 191 68.19999999999999 17
      vertex 191 72.6 53.5
      vertex 191 68.19999999999999 53.5
    endloop
  endfacet
  facet normal -1 0 0
    outer loop
      vertex 188 58.19999999999999 17
      vertex 188 53.80000000000001 53.5
      vertex 188 58.19999999999999 53.5
    endloop
  endfacet
  facet normal 1 0 0
    outer loop
      vertex 191 53.80000000000001 17
      vertex 191 58.19999999999999 53.5
      vertex 191 53.80000000000001 53.5
    endloop
  endfacet
  facet normal -1 0 0
    outer loop
      vertex 188 92 3
      vertex 188 10 3
      vertex 188 58.19999999999999 17
    endloop
  endfacet
  facet normal 1 0 0
    outer loop
      vertex 191 0 0
      vertex 191 72.6 17
      vertex 191 68.19999999999999 17
    endloop
  endfacet
  facet normal 1 0 0
    outer loop
      vertex 191 0 0
      vertex 191 68.19999999999999 17
      vertex 191 58.19999999999999 17
    endloop
  endfacet
  facet normal 1 0 0
    outer loop
      vertex 191 0 0
      vertex 191 58.19999999999999 17
      vertex 191 53.80000000000001 17
    endloop
  endfacet
  facet normal 1 0 0
    outer loop
      vertex 191 0 0
      vertex 191 53.80000000000001 17
      vertex 191 43.80000000000001 17
    endloop
  endfacet
  facet normal 1 0 0
    outer loop
      vertex 191 0 0
      vertex 191 43.80000000000001 17
      vertex 191 39.400000000000006 17
    endloop
  endfacet
  facet normal -1 0 0
    outer loop
      vertex 188 10 3
      vertex 188 53.80000000000001 17
      vertex 188 58.19999999999999 17
    endloop
  endfacet
  facet normal -1 0 0
    outer loop
      vertex 188 10 3
      vertex 188 43.80000000000001 17
      vertex 188 53.80000000000001 17
    endloop
  endfacet
  facet normal -1 0 0
    outer loop
      vertex 188 10 3
      vertex 188 39.400000000000006 17
      vertex 188 43.80000000000001 17
    endloop
  endfacet
  facet normal 1 0 0
    outer loop
      vertex 191 0 0
      vertex 191 39.400000000000006 17
      vertex 191 29.400000000000006 17
    endloop
  endfacet
  facet normal -1 0 0
    outer loop
      vertex 188 10 3
      vertex 188 29.400000000000006 17
      vertex 188 39.400000000000006 17
    endloop
  endfacet
  facet normal 1 0 0
    outer loop
      vertex 191 0 0
      vertex 191 29.400000000000006 17
      vertex 191 29.400000000000006 53.5
    endloop
  endfacet
  facet normal -1 0 0
    outer loop
      vertex 188 39.400000000000006 17
      vertex 188 39.400000000000006 53.5
      vertex 188 43.80000000000001 17
    endloop
  endfacet
  facet normal 1 0 0
    outer loop
      vertex 191 39.400000000000006 17
      vertex 191 43.80000000000001 17
      vertex 191 43.80000000000001 53.5
    endloop
  endfacet
  facet normal -1 0 0
    outer loop
      vertex 188 43.80000000000001 17
      vertex 188 39.400000000000006 53.5
      vertex 188 43.80000000000001 53.5
    endloop
  endfacet
  facet normal 1 0 0
    outer loop
      vertex 191 39.400000000000006 17
      vertex 191 43.80000000000001 53.5
      vertex 191 39.400000000000006 53.5
    endloop
  endfacet
  facet normal -1 0 0
    outer loop
      vertex 188 10 3
      vertex 188 29.400000000000006 53.5
      vertex 188 29.400000000000006 17
    endloop
  endfacet
  facet normal -1 0 0
    outer loop
      vertex 188 10 3
      vertex 188 29.400000000000006 57.5
      vertex 188 29.400000000000006 53.5
    endloop
  endfacet
  facet normal 1 0 0
    outer loop
      vertex 191 0 0
      vertex 191 29.400000000000006 53.5
      vertex 191 29.400000000000006 57.5
    endloop
  endfacet
  facet normal -1 0 0
    outer loop
      vertex 188 108 15
      vertex 188 95 86.125
      vertex 188 109 57.5
    endloop
  endfacet
  facet normal 1 0 0
    outer loop
      vertex 191 109 53.5
      vertex 191 109 57.5
      vertex 191 82.6 57.5
    endloop
  endfacet
  facet normal 1 0 0
    outer loop
      vertex 191 109 53.5
      vertex 191 82.6 57.5
      vertex 191 82.6 53.5
    endloop
  endfacet
  facet normal 1 0 0
    outer loop
      vertex 191 109 57.5
      vertex 191 109 94
      vertex 191 82.6 57.5
    endloop
  endfacet
  facet normal -1 0 0
    outer loop
      vertex 188 82.6 53.5
      vertex 188 72.6 53.5
      vertex 188 82.6 57.5
    endloop
  endfacet
  facet normal -1 0 0
    outer loop
      vertex 188 72.6 53.5
      vertex 188 72.6 57.5
      vertex 188 82.6 57.5
    endloop
  endfacet
  facet normal 1 0 0
    outer loop
      vertex 191 82.6 57.5
      vertex 191 72.6 57.5
      vertex 191 82.6 53.5
    endloop
  endfacet
  facet normal 1 0 0
    outer loop
      vertex 191 82.6 53.5
      vertex 191 72.6 57.5
      vertex 191 72.6 53.5
    endloop
  endfacet
  facet normal -1 0 0
    outer loop
      vertex 188 72.6 53.5
      vertex 188 68.19999999999999 57.5
      vertex 188 72.6 57.5
    endloop
  endfacet
  facet normal -1 0 0
    outer loop
      vertex 188 68.19999999999999 53.5
      vertex 188 68.19999999999999 57.5
      vertex 188 72.6 53.5
    endloop
  endfacet
  facet normal 1 0 0
    outer loop
      vertex 191 68.19999999999999 53.5
      vertex 191 72.6 53.5
      vertex 191 72.6 57.5
    endloop
  endfacet
  facet normal 1 0 0
    outer loop
      vertex 191 68.19999999999999 53.5
      vertex 191 72.6 57.5
      vertex 191 68.19999999999999 57.5
    endloop
  endfacet
  facet normal -1 0 0
    outer loop
      vertex 188 68.19999999999999 53.5
      vertex 188 58.19999999999999 53.5
      vertex 188 68.19999999999999 57.5
    endloop
  endfacet
  facet normal -1 0 0
    outer loop
      vertex 188 58.19999999999999 53.5
      vertex 188 58.19999999999999 57.5
      vertex 188 68.19999999999999 57.5
    endloop
  endfacet
  facet normal 1 0 0
    outer loop
      vertex 191 58.19999999999999 57.5
      vertex 191 68.19999999999999 53.5
      vertex 191 68.19999999999999 57.5
    endloop
  endfacet
  facet normal 1 0 0
    outer loop
      vertex 191 68.19999999999999 53.5
      vertex 191 58.19999999999999 57.5
      vertex 191 58.19999999999999 53.5
    endloop
  endfacet
  facet normal -1 0 0
    outer loop
      vertex 188 53.80000000000001 53.5
      vertex 188 58.19999999999999 57.5
      vertex 188 58.19999999999999 53.5
    endloop
  endfacet
  facet normal -1 0 0
    outer loop
      vertex 188 53.80000000000001 53.5
      vertex 188 53.80000000000001 57.5
      vertex 188 58.19999999999999 57.5
    endloop
  endfacet
  facet normal 1 0 0
    outer loop
      vertex 191 53.80000000000001 53.5
      vertex 191 58.19999999999999 53.5
      vertex 191 58.19999999999999 57.5
    endloop
  endfacet
  facet normal 1 0 0
    outer loop
      vertex 191 53.80000000000001 53.5
      vertex 191 58.19999999999999 57.5
      vertex 191 53.80000000000001 57.5
    endloop
  endfacet
  facet normal -1 0 0
    outer loop
      vertex 188 68.19999999999999 57.5
      vertex 188 68.19999999999999 94
      vertex 188 72.6 57.5
    endloop
  endfacet
  facet normal 1 0 0
    outer loop
      vertex 191 72.6 94
      vertex 191 68.19999999999999 57.5
      vertex 191 72.6 57.5
    endloop
  endfacet
  facet normal -1 0 0
    outer loop
      vertex 188 58.19999999999999 57.5
      vertex 188 53.80000000000001 57.5
      vertex 188 53.80000000000001 94
    endloop
  endfacet
  facet normal 1 0 0
    outer loop
      vertex 191 58.19999999999999 57.5
      vertex 191 58.19999999999999 94
      vertex 191 53.80000000000001 57.5
    endloop
  endfacet
  facet normal -1 0 0
    outer loop
      vertex 188 95 86.125
      vertex 188 109 94
      vertex 188 109 57.5
    endloop
  endfacet
  facet normal 1 0 0
    outer loop
      vertex 191 82.6 57.5
      vertex 191 109 94
      vertex 191 109 98
    endloop
  endfacet
  facet normal -1 0 0
    outer loop
      vertex 188 92 3
      vertex 188 82.6 53.5
      vertex 188 92 192
    endloop
  endfacet
  facet normal 1 0 0
    outer loop
      vertex 191 82.6 57.5
      vertex 191 109 98
      vertex 191 82.6 94
    endloop
  endfacet
  facet normal -1 0 0
    outer loop
      vertex 188 95 86.125
      vertex 188 109 98
      vertex 188 109 94
    endloop
  endfacet
  facet normal -1 0 0
    outer loop
      vertex 188 72.6 57.5
      vertex 188 68.19999999999999 94
      vertex 188 72.6 94
    endloop
  endfacet
  facet normal 1 0 0
    outer loop
      vertex 191 68.19999999999999 57.5
      vertex 191 72.6 94
      vertex 191 68.19999999999999 94
    endloop
  endfacet
  facet normal -1 0 0
    outer loop
      vertex 188 58.19999999999999 57.5
      vertex 188 53.80000000000001 94
      vertex 188 58.19999999999999 94
    endloop
  endfacet
  facet normal 1 0 0
    outer loop
      vertex 191 53.80000000000001 57.5
      vertex 191 58.19999999999999 94
      vertex 191 53.80000000000001 94
    endloop
  endfacet
  facet normal -1 0 0
    outer loop
      vertex 188 82.6 94
      vertex 188 72.6 94
      vertex 188 82.6 98
    endloop
  endfacet
  facet normal 1 0 0
    outer loop
      vertex 191 72.6 98
      vertex 191 72.6 94
      vertex 191 82.6 94
    endloop
  endfacet
  facet normal -1 0 0
    outer loop
      vertex 188 68.19999999999999 94
      vertex 188 72.6 98
      vertex 188 72.6 94
    endloop
  endfacet
  facet normal 1 0 0
    outer loop
      vertex 191 68.19999999999999 94
      vertex 191 72.6 94
      vertex 191 72.6 98
    endloop
  endfacet
  facet normal -1 0 0
    outer loop
      vertex 188 68.19999999999999 94
      vertex 188 58.19999999999999 94
      vertex 188 68.19999999999999 98
    endloop
  endfacet
  facet normal 1 0 0
    outer loop
      vertex 191 68.19999999999999 94
      vertex 191 58.19999999999999 98
      vertex 191 58.19999999999999 94
    endloop
  endfacet
  facet normal -1 0 0
    outer loop
      vertex 188 53.80000000000001 94
      vertex 188 58.19999999999999 98
      vertex 188 58.19999999999999 94
    endloop
  endfacet
  facet normal 1 0 0
    outer loop
      vertex 191 53.80000000000001 94
      vertex 191 58.19999999999999 94
      vertex 191 58.19999999999999 98
    endloop
  endfacet
  facet normal -1 0 0
    outer loop
      vertex 188 53.80000000000001 53.5
      vertex 188 43.80000000000001 57.5
      vertex 188 53.80000000000001 57.5
    endloop
  endfacet
  facet normal 1 0 0
    outer loop
      vertex 191 53.80000000000001 53.5
      vertex 191 53.80000000000001 57.5
      vertex 191 43.80000000000001 57.5
    endloop
  endfacet
  facet normal -1 0 0
    outer loop
      vertex 188 53.80000000000001 53.5
      vertex 188 43.80000000000001 53.5
      vertex 188 39.400000000000006 57.5
    endloop
  endfacet
  facet normal -1 0 0
    outer loop
      vertex 188 53.80000000000001 53.5
      vertex 188 39.400000000000006 57.5
      vertex 188 43.80000000000001 57.5
    endloop
  endfacet
  facet normal -1 0 0
    outer loop
      vertex 188 39.400000000000006 53.5
      vertex 188 39.400000000000006 57.5
      vertex 188 43.80000000000001 53.5
    endloop
  endfacet
  facet normal 1 0 0
    outer loop
      vertex 191 53.80000000000001 53.5
      vertex 191 43.80000000000001 57.5
      vertex 191 43.80000000000001 53.5
    endloop
  endfacet
  facet normal 1 0 0
    outer loop
      vertex 191 39.400000000000006 53.5
      vertex 191 43.80000000000001 53.5
      vertex 191 43.80000000000001 57.5
    endloop
  endfacet
  facet normal 1 0 0
    outer loop
      vertex 191 39.400000000000006 53.5
      vertex 191 43.80000000000001 57.5
      vertex 191 39.400000000000006 57.5
    endloop
  endfacet
  facet normal -1 0 0
    outer loop
      vertex 188 29.400000000000006 53.5
      vertex 188 39.400000000000006 57.5
      vertex 188 39.400000000000006 53.5
    endloop
  endfacet
  facet normal 1 0 0
    outer loop
      vertex 191 29.400000000000006 57.5
      vertex 191 39.400000000000006 53.5
      vertex 191 39.400000000000006 57.5
    endloop
  endfacet
  facet normal -1 0 0
    outer loop
      vertex 188 29.400000000000006 53.5
      vertex 188 29.400000000000006 57.5
      vertex 188 39.400000000000006 57.5
    endloop
  endfacet
  facet normal 1 0 0
    outer loop
      vertex 191 39.400000000000006 53.5
      vertex 191 29.400000000000006 57.5
      vertex 191 29.400000000000006 53.5
    endloop
  endfacet
  facet normal -1 0 0
    outer loop
      vertex 188 39.400000000000006 57.5
      vertex 188 39.400000000000006 94
      vertex 188 43.80000000000001 57.5
    endloop
  endfacet
  facet normal 1 0 0
    outer loop
      vertex 191 39.400000000000006 57.5
      vertex 191 43.80000000000001 57.5
      vertex 191 43.80000000000001 94
    endloop
  endfacet
  facet normal -1 0 0
    outer loop
      vertex 188 10 3
      vertex 188 29.400000000000006 94
      vertex 188 29.400000000000006 57.5
    endloop
  endfacet
  facet normal 1 0 0
    outer loop
      vertex 191 0 0
      vertex 191 29.400000000000006 57.5
      vertex 191 29.400000000000006 94
    endloop
  endfacet
  facet normal -1 0 0
    outer loop
      vertex 188 10 3
      vertex 188 29.400000000000006 98
      vertex 188 29.400000000000006 94
    endloop
  endfacet
  facet normal 1 0 0
    outer loop
      vertex 191 0 0
      vertex 191 29.400000000000006 94
      vertex 191 0 96
    endloop
  endfacet
  facet normal -1 0 0
    outer loop
      vertex 188 43.80000000000001 57.5
      vertex 188 39.400000000000006 94
      vertex 188 43.80000000000001 94
    endloop
  endfacet
  facet normal 1 0 0
    outer loop
      vertex 191 39.400000000000006 57.5
      vertex 191 43.80000000000001 94
      vertex 191 39.400000000000006 94
    endloop
  endfacet
  facet normal -1 0 0
    outer loop
      vertex 188 43.80000000000001 94
      vertex 188 53.80000000000001 98
      vertex 188 53.80000000000001 94
    endloop
  endfacet
  facet normal -1 0 0
    outer loop
      vertex 188 39.400000000000006 94
      vertex 188 43.80000000000001 98
      vertex 188 43.80000000000001 94
    endloop
  endfacet
  facet normal 1 0 0
    outer loop
      vertex 191 43.80000000000001 98
      vertex 191 43.80000000000001 94
      vertex 191 53.80000000000001 94
    endloop
  endfacet
  facet normal 1 0 0
    outer loop
      vertex 191 39.400000000000006 94
      vertex 191 43.80000000000001 94
      vertex 191 43.80000000000001 98
    endloop
  endfacet
  facet normal -1 0 0
    outer loop
      vertex 188 39.400000000000006 94
      vertex 188 29.400000000000006 94
      vertex 188 39.400000000000006 98
    endloop
  endfacet
  facet normal 1 0 0
    outer loop
      vertex 191 29.400000000000006 98
      vertex 191 29.400000000000006 94
      vertex 191 39.400000000000006 94
    endloop
  endfacet
  facet normal -1 0 0
    outer loop
      vertex 188 206.33333333333334 98
      vertex 188 196.33333333333334 94
      vertex 188 196.33333333333334 98
    endloop
  endfacet
  facet normal 1 0 0
    outer loop
      vertex 191 194.66666666666666 94
      vertex 191 206.33333333333334 98
      vertex 191 196.33333333333334 98
    endloop
  endfacet
  facet normal -1 0 0
    outer loop
      vertex 188 194.66666666666666 94
      vertex 188 194.66666666666666 98
      vertex 188 196.33333333333334 98
    endloop
  endfacet
  facet normal 1 0 0
    outer loop
      vertex 191 194.66666666666666 94
      vertex 191 196.33333333333334 98
      vertex 191 194.66666666666666 98
    endloop
  endfacet
  facet normal 1 0 0
    outer loop
      vertex 191 184.66666666666666 98
      vertex 191 194.66666666666666 94
      vertex 191 194.66666666666666 98
    endloop
  endfacet
  facet normal 1 0 0
    outer loop
      vertex 191 213 0
      vertex 191 213 189.33333333333334
      vertex 191 206.33333333333334 138.5
    endloop
  endfacet
  facet normal -1 0 0
    outer loop
      vertex 188 213 177
      vertex 188 206.33333333333334 57.5
      vertex 188 206.33333333333334 94
    endloop
  endfacet
  facet normal 1 0 0
    outer loop
      vertex 191 194.66666666666666 98
      vertex 191 196.33333333333334 98
      vertex 191 196.33333333333334 134.5
    endloop
  endfacet
  facet normal -1 0 0
    outer loop
      vertex 188 194.66666666666666 98
      vertex 188 194.66666666666666 134.5
      vertex 188 196.33333333333334 98
    endloop
  endfacet
  facet normal -1 0 0
    outer loop
      vertex 188 194.66666666666666 98
      vertex 188 184.66666666666666 94
      vertex 188 184.66666666666666 98
    endloop
  endfacet
  facet normal -1 0 0
    outer loop
      vertex 188 173 192
      vertex 188 184.66666666666666 57.5
      vertex 188 184.66666666666666 53.5
    endloop
  endfacet
  facet normal 1 0 0
    outer loop
      vertex 191 173 153.77777777777777
      vertex 191 184.66666666666666 57.5
      vertex 191 184.66666666666666 94
    endloop
  endfacet
  facet normal -1 0 0
    outer loop
      vertex 188 170 15
      vertex 188 161 134.5
      vertex 188 161 138.5
    endloop
  endfacet
  facet normal 1 0 0
    outer loop
      vertex 191 170 151.11111111111111
      vertex 191 161 94
      vertex 191 161 57.5
    endloop
  endfacet
  facet normal -1 0 0
    outer loop
      vertex 188 173 192
      vertex 188 184.66666666666666 94
      vertex 188 184.66666666666666 57.5
    endloop
  endfacet
  facet normal 1 0 0
    outer loop
      vertex 191 173 153.77777777777777
      vertex 191 184.66666666666666 94
      vertex 191 184.66666666666666 98
    endloop
  endfacet
  facet normal -1 0 0
    outer loop
      vertex 188 170 15
      vertex 188 161 138.5
      vertex 188 161 175
    endloop
  endfacet
  facet normal 1 0 0
    outer loop
      vertex 191 170 151.11111111111111
      vertex 191 161 98
      vertex 191 161 94
    endloop
  endfacet
  facet normal -1 0 0
    outer loop
      vertex 188 213 177
      vertex 188 206.33333333333334 94
      vertex 188 206.33333333333334 98
    endloop
  endfacet
  facet normal -1 0 0
    outer loop
      vertex 188 196.33333333333334 98
      vertex 188 194.66666666666666 134.5
      vertex 188 196.33333333333334 134.5
    endloop
  endfacet
  facet normal 1 0 0
    outer loop
      vertex 191 194.66666666666666 98
      vertex 191 196.33333333333334 134.5
      vertex 191 194.66666666666666 134.5
    endloop
  endfacet
  facet normal -1 0 0
    outer loop
      vertex 188 213 177
      vertex 188 206.33333333333334 98
      vertex 188 206.33333333333334 134.5
    endloop
  endfacet
  facet normal -1 0 0
    outer loop
      vertex 188 206.33333333333334 134.5
      vertex 188 196.33333333333334 134.5
      vertex 188 206.33333333333334 138.5
    endloop
  endfacet
  facet normal 1 0 0
    outer loop
      vertex 191 206.33333333333334 134.5
      vertex 191 206.33333333333334 138.5
      vertex 191 196.33333333333334 138.5
    endloop
  endfacet
  facet normal -1 0 0
    outer loop
      vertex 188 196.33333333333334 134.5
      vertex 188 196.33333333333334 138.5
      vertex 188 206.33333333333334 138.5
    endloop
  endfacet
  facet normal -1 0 0
    outer loop
      vertex 188 196.33333333333334 134.5
      vertex 188 194.66666666666666 138.5
      vertex 188 196.33333333333334 138.5
    endloop
  endfacet
  facet normal 1 0 0
    outer loop
      vertex 191 206.33333333333334 134.5
      vertex 191 196.33333333333334 138.5
      vertex 191 196.33333333333334 134.5
    endloop
  endfacet
  facet normal 1 0 0
    outer loop
      vertex 191 196.33333333333334 134.5
      vertex 191 196.33333333333334 138.5
      vertex 191 194.66666666666666 138.5
    endloop
  endfacet
  facet normal -1 0 0
    outer loop
      vertex 188 194.66666666666666 134.5
      vertex 188 194.66666666666666 138.5
      vertex 188 196.33333333333334 134.5
    endloop
  endfacet
  facet normal -1 0 0
    outer loop
      vertex 188 184.66666666666666 134.5
      vertex 188 194.66666666666666 138.5
      vertex 188 194.66666666666666 134.5
    endloop
  endfacet
  facet normal 1 0 0
    outer loop
      vertex 191 194.66666666666666 134.5
      vertex 191 196.33333333333334 134.5
      vertex 191 194.66666666666666 138.5
    endloop
  endfacet
  facet normal 1 0 0
    outer loop
      vertex 191 194.66666666666666 134.5
      vertex 191 194.66666666666666 138.5
      vertex 191 184.66666666666666 138.5
    endloop
  endfacet
  facet normal -1 0 0
    outer loop
      vertex 188 173 192
      vertex 188 184.66666666666666 98
      vertex 188 184.66666666666666 94
    endloop
  endfacet
  facet normal 1 0 0
    outer loop
      vertex 191 173 153.77777777777777
      vertex 191 184.66666666666666 98
      vertex 191 184.66666666666666 134.5
    endloop
  endfacet
  facet normal -1 0 0
    outer loop
      vertex 188 170 15
      vertex 188 161 175
      vertex 188 170 177
    endloop
  endfacet
  facet normal 1 0 0
    outer loop
      vertex 191 170 151.11111111111111
      vertex 191 161 134.5
      vertex 191 161 98
    endloop
  endfacet
  facet normal -1 0 0
    outer loop
      vertex 188 184.66666666666666 134.5
      vertex 188 184.66666666666666 138.5
      vertex 188 194.66666666666666 138.5
    endloop
  endfacet
  facet normal 1 0 0
    outer loop
      vertex 191 194.66666666666666 134.5
      vertex 191 184.66666666666666 138.5
      vertex 191 184.66666666666666 134.5
    endloop
  endfacet
  facet normal -1 0 0
    outer loop
      vertex 188 173 192
      vertex 188 184.66666666666666 134.5
      vertex 188 184.66666666666666 98
    endloop
  endfacet
  facet normal 1 0 0
    outer loop
      vertex 191 173 153.77777777777777
      vertex 191 184.66666666666666 134.5
      vertex 191 184.66666666666666 138.5
    endloop
  endfacet
  facet normal 1 0 0
    outer loop
      vertex 191 170 151.11111111111111
      vertex 191 161 138.5
      vertex 191 161 134.5
    endloop
  endfacet
  facet normal 1 0 0
    outer loop
      vertex 191 151 98
      vertex 191 161 94
      vertex 191 161 98
    endloop
  endfacet
  facet normal -1 0 0
    outer loop
      vertex 188 161 98
      vertex 188 151 94
      vertex 188 151 98
    endloop
  endfacet
  facet normal 1 0 0
    outer loop
      vertex 191 151 94
      vertex 191 151 98
      vertex 191 147 98
    endloop
  endfacet
  facet normal -1 0 0
    outer loop
      vertex 188 147 94
      vertex 188 147 98
      vertex 188 151 98
    endloop
  endfacet
  facet normal 1 0 0
    outer loop
      vertex 191 137 98
      vertex 191 147 94
      vertex 191 147 98
    endloop
  endfacet
  facet normal -1 0 0
    outer loop
      vertex 188 147 98
      vertex 188 137 94
      vertex 188 137 98
    endloop
  endfacet
  facet normal 1 0 0
    outer loop
      vertex 191 137 94
      vertex 191 137 98
      vertex 191 133 98
    endloop
  endfacet
  facet normal 1 0 0
    outer loop
      vertex 191 147 98
      vertex 191 151 98
      vertex 191 151 134.5
    endloop
  endfacet
  facet normal -1 0 0
    outer loop
      vertex 188 147 98
      vertex 188 147 134.5
      vertex 188 151 98
    endloop
  endfacet
  facet normal 1 0 0
    outer loop
      vertex 191 137 98
      vertex 191 137 134.5
      vertex 191 133 98
    endloop
  endfacet
  facet normal -1 0 0
    outer loop
      vertex 188 133 94
      vertex 188 133 98
      vertex 188 137 98
    endloop
  endfacet
  facet normal 1 0 0
    outer loop
      vertex 191 123 98
      vertex 191 133 94
      vertex 191 133 98
    endloop
  endfacet
  facet normal -1 0 0
    outer loop
      vertex 188 133 98
      vertex 188 123 94
      vertex 188 123 98
    endloop
  endfacet
  facet normal -1 0 0
    outer loop
      vertex 188 123 94
      vertex 188 119 98
      vertex 188 123 98
    endloop
  endfacet
  facet normal 1 0 0
    outer loop
      vertex 191 123 94
      vertex 191 123 98
      vertex 191 119 98
    endloop
  endfacet
  facet normal 1 0 0
    outer loop
      vertex 191 109 98
      vertex 191 119 94
      vertex 191 119 98
    endloop
  endfacet
  facet normal -1 0 0
    outer loop
      vertex 188 119 98
      vertex 188 109 94
      vertex 188 109 98
    endloop
  endfacet
  facet normal -1 0 0
    outer loop
      vertex 188 137 98
      vertex 188 133 98
      vertex 188 133 134.5
    endloop
  endfacet
  facet normal 1 0 0
    outer loop
      vertex 191 119 98
      vertex 191 123 98
      vertex 191 123 134.5
    endloop
  endfacet
  facet normal -1 0 0
    outer loop
      vertex 188 119 98
      vertex 188 119 134.5
      vertex 188 123 98
    endloop
  endfacet
  facet normal -1 0 0
    outer loop
      vertex 188 151 98
      vertex 188 147 134.5
      vertex 188 151 134.5
    endloop
  endfacet
  facet normal 1 0 0
    outer loop
      vertex 191 147 98
      vertex 191 151 134.5
      vertex 191 147 134.5
    endloop
  endfacet
  facet normal -1 0 0
    outer loop
      vertex 188 133 134.5
      vertex 188 137 134.5
      vertex 188 137 98
    endloop
  endfacet
  facet normal -1 0 0
    outer loop
      vertex 188 161 134.5
      vertex 188 151 134.5
      vertex 188 161 138.5
    endloop
  endfacet
  facet normal 1 0 0
    outer loop
      vertex 191 151 138.5
      vertex 191 161 134.5
      vertex 191 161 138.5
    endloop
  endfacet
  facet normal -1 0 0
    outer loop
      vertex 188 151 134.5
      vertex 188 151 138.5
      vertex 188 161 138.5
    endloop
  endfacet
  facet normal -1 0 0
    outer loop
      vertex 188 151 134.5
      vertex 188 147 138.5
      vertex 188 151 138.5
    endloop
  endfacet
  facet normal 1 0 0
    outer loop
      vertex 191 161 134.5
      vertex 191 151 138.5
      vertex 191 151 134.5
    endloop
  endfacet
  facet normal 1 0 0
    outer loop
      vertex 191 147 134.5
      vertex 191 151 134.5
      vertex 191 151 138.5
    endloop
  endfacet
  facet normal -1 0 0
    outer loop
      vertex 188 147 134.5
      vertex 188 147 138.5
      vertex 188 151 134.5
    endloop
  endfacet
  facet normal -1 0 0
    outer loop
      vertex 188 147 134.5
      vertex 188 137 134.5
      vertex 188 147 138.5
    endloop
  endfacet
  facet normal 1 0 0
    outer loop
      vertex 191 147 134.5
      vertex 191 151 138.5
      vertex 191 147 138.5
    endloop
  endfacet
  facet normal 1 0 0
    outer loop
      vertex 191 147 134.5
      vertex 191 147 138.5
      vertex 191 137 138.5
    endloop
  endfacet
  facet normal -1 0 0
    outer loop
      vertex 188 137 138.5
      vertex 188 147 138.5
      vertex 188 137 134.5
    endloop
  endfacet
  facet normal -1 0 0
    outer loop
      vertex 188 133 134.5
      vertex 188 137 138.5
      vertex 188 137 134.5
    endloop
  endfacet
  facet normal 1 0 0
    outer loop
      vertex 191 147 134.5
      vertex 191 137 138.5
      vertex 191 137 134.5
    endloop
  endfacet
  facet normal 1 0 0
    outer loop
      vertex 191 133 134.5
      vertex 191 137 134.5
      vertex 191 137 138.5
    endloop
  endfacet
  facet normal 1 0 0
    outer loop
      vertex 191 133 98
      vertex 191 137 134.5
      vertex 191 133 134.5
    endloop
  endfacet
  facet normal -1 0 0
    outer loop
      vertex 188 123 98
      vertex 188 119 134.5
      vertex 188 123 134.5
    endloop
  endfacet
  facet normal 1 0 0
    outer loop
      vertex 191 119 98
      vertex 191 123 134.5
      vertex 191 119 134.5
    endloop
  endfacet
  facet normal -1 0 0
    outer loop
      vertex 188 133 134.5
      vertex 188 133 138.5
      vertex 188 137 138.5
    endloop
  endfacet
  facet normal -1 0 0
    outer loop
      vertex 188 133 134.5
      vertex 188 123 134.5
      vertex 188 133 138.5
    endloop
  endfacet
  facet normal 1 0 0
    outer loop
      vertex 191 133 134.5
      vertex 191 137 138.5
      vertex 191 133 138.5
    endloop
  endfacet
  facet normal 1 0 0
    outer loop
      vertex 191 133 134.5
      vertex 191 133 138.5
      vertex 191 123 138.5
    endloop
  endfacet
  facet normal -1 0 0
    outer loop
      vertex 188 123 134.5
      vertex 188 123 138.5
      vertex 188 133 138.5
    endloop
  endfacet
  facet normal -1 0 0
    outer loop
      vertex 188 119 134.5
      vertex 188 123 138.5
      vertex 188 123 134.5
    endloop
  endfacet
  facet normal 1 0 0
    outer loop
      vertex 191 133 134.5
      vertex 191 123 138.5
      vertex 191 123 134.5
    endloop
  endfacet
  facet normal 1 0 0
    outer loop
      vertex 191 119 134.5
      vertex 191 123 134.5
      vertex 191 123 138.5
    endloop
  endfacet
  facet normal -1 0 0
    outer loop
      vertex 188 119 134.5
      vertex 188 119 138.5
      vertex 188 123 138.5
    endloop
  endfacet
  facet normal -1 0 0
    outer loop
      vertex 188 119 134.5
      vertex 188 109 134.5
      vertex 188 119 138.5
    endloop
  endfacet
  facet normal 1 0 0
    outer loop
      vertex 191 119 134.5
      vertex 191 123 138.5
      vertex 191 119 138.5
    endloop
  endfacet
  facet normal 1 0 0
    outer loop
      vertex 191 119 134.5
      vertex 191 119 138.5
      vertex 191 109 138.5
    endloop
  endfacet
  facet normal -1 0 0
    outer loop
      vertex 188 109 134.5
      vertex 188 109 138.5
      vertex 188 119 138.5
    endloop
  endfacet
  facet normal -1 0 0
    outer loop
      vertex 188 108 177
      vertex 188 109 134.5
      vertex 188 109 98
    endloop
  endfacet
  facet normal 1 0 0
    outer loop
      vertex 191 119 134.5
      vertex 191 109 138.5
      vertex 191 109 134.5
    endloop
  endfacet
  facet normal -1 0 0
    outer loop
      vertex 188 213 177
      vertex 188 206.33333333333334 134.5
      vertex 188 206.33333333333334 138.5
    endloop
  endfacet
  facet normal 1 0 0
    outer loop
      vertex 191 194.66666666666666 138.5
      vertex 191 196.33333333333334 138.5
      vertex 191 196.33333333333334 175
    endloop
  endfacet
  facet normal -1 0 0
    outer loop
      vertex 188 194.66666666666666 138.5
      vertex 188 194.66666666666666 175
      vertex 188 196.33333333333334 138.5
    endloop
  endfacet
  facet normal -1 0 0
    outer loop
      vertex 188 213 177
      vertex 188 206.33333333333334 138.5
      vertex 188 206.33333333333334 175
    endloop
  endfacet
  facet normal 1 0 0
    outer loop
      vertex 191 213 189.33333333333334
      vertex 191 206.33333333333334 175
      vertex 191 206.33333333333334 138.5
    endloop
  endfacet
  facet normal -1 0 0
    outer loop
      vertex 188 196.33333333333334 138.5
      vertex 188 194.66666666666666 175
      vertex 188 196.33333333333334 175
    endloop
  endfacet
  facet normal 1 0 0
    outer loop
      vertex 191 194.66666666666666 138.5
      vertex 191 196.33333333333334 175
      vertex 191 194.66666666666666 175
    endloop
  endfacet
  facet normal -1 0 0
    outer loop
      vertex 188 173 192
      vertex 188 184.66666666666666 138.5
      vertex 188 184.66666666666666 134.5
    endloop
  endfacet
  facet normal 1 0 0
    outer loop
      vertex 191 173 153.77777777777777
      vertex 191 184.66666666666666 138.5
      vertex 191 184.66666666666666 175
    endloop
  endfacet
  facet normal 1 0 0
    outer loop
      vertex 191 170 151.11111111111111
      vertex 191 161 175
      vertex 191 161 138.5
    endloop
  endfacet
  facet normal 1 0 0
    outer loop
      vertex 191 170 151.11111111111111
      vertex 191 173 153.77777777777777
      vertex 191 161 175
    endloop
  endfacet
  facet normal 1 0 0
    outer loop
      vertex 191 173 153.77777777777777
      vertex 191 184.66666666666666 175
      vertex 191 161 175
    endloop
  endfacet
  facet normal -1 0 0
    outer loop
      vertex 188 213 177
      vertex 188 206.33333333333334 175
      vertex 188 196.33333333333334 175
    endloop
  endfacet
  facet normal 1 0 0
    outer loop
      vertex 191 213 189.33333333333334
      vertex 191 196.33333333333334 175
      vertex 191 206.33333333333334 175
    endloop
  endfacet
  facet normal -1 0 0
    outer loop
      vertex 188 213 177
      vertex 188 196.33333333333334 175
      vertex 188 194.66666666666666 175
    endloop
  endfacet
  facet normal -1 0 0
    outer loop
      vertex 188 213 177
      vertex 188 194.66666666666666 175
      vertex 188 186 177
    endloop
  endfacet
  facet normal 1 0 0
    outer loop
      vertex 191 213 189.33333333333334
      vertex 191 194.66666666666666 175
      vertex 191 196.33333333333334 175
    endloop
  endfacet
  facet normal 1 0 0
    outer loop
      vertex 191 213 189.33333333333334
      vertex 191 184.66666666666666 175
      vertex 191 194.66666666666666 175
    endloop
  endfacet
  facet normal -1 0 0
    outer loop
      vertex 188 213 189
      vertex 188 186 189
      vertex 188 213 192
    endloop
  endfacet
  facet normal 1 0 0
    outer loop
      vertex 191 213 189.33333333333334
      vertex 191 216 192
      vertex 191 161 175
    endloop
  endfacet
  facet normal 1 0 0
    outer loop
      vertex 191 216 192
      vertex 191 213 192
      vertex 191 161 175
    endloop
  endfacet
  facet normal 0 0 1
    outer loop
      vertex 188 213 192
      vertex 191 173 192
      vertex 191 213 192
    endloop
  endfacet
  facet normal -1 0 0
    outer loop
      vertex 188 213 192
      vertex 188 186 189
      vertex 188 173 192
    endloop
  endfacet
  facet normal -1 0 0
    outer loop
      vertex 188 173 192
      vertex 188 184.66666666666666 175
      vertex 188 184.66666666666666 138.5
    endloop
  endfacet
  facet normal -1 0 0
    outer loop
      vertex 188 186 177
      vertex 188 194.66666666666666 175
      vertex 188 184.66666666666666 175
    endloop
  endfacet
  facet normal 1 0 0
    outer loop
      vertex 191 213 189.33333333333334
      vertex 191 161 175
      vertex 191 184.66666666666666 175
    endloop
  endfacet
  facet normal -1 0 0
    outer loop
      vertex 188 186 177
      vertex 188 184.66666666666666 175
      vertex 188 173 192
    endloop
  endfacet
  facet normal 1 0 0
    outer loop
      vertex 191 213 192
      vertex 191 173 192
      vertex 191 161 175
    endloop
  endfacet
  facet normal 0 0 1
    outer loop
      vertex 188 213 192
      vertex 188 173 192
      vertex 191 173 192
    endloop
  endfacet
  facet normal -1 0 0
    outer loop
      vertex 188 186 177
      vertex 188 173 192
      vertex 188 186 189
    endloop
  endfacet
  facet normal 1 0 0
    outer loop
      vertex 191 173 192
      vertex 191 170 192
      vertex 191 147 175
    endloop
  endfacet
  facet normal 1 0 0
    outer loop
      vertex 191 147 138.5
      vertex 191 151 138.5
      vertex 191 151 175
    endloop
  endfacet
  facet normal -1 0 0
    outer loop
      vertex 188 147 138.5
      vertex 188 147 175
      vertex 188 151 138.5
    endloop
  endfacet
  facet normal 1 0 0
    outer loop
      vertex 191 137 175
      vertex 191 133 138.5
      vertex 191 137 138.5
    endloop
  endfacet
  facet normal -1 0 0
    outer loop
      vertex 188 151 138.5
      vertex 188 147 175
      vertex 188 151 175
    endloop
  endfacet
  facet normal 1 0 0
    outer loop
      vertex 191 147 175
      vertex 191 147 138.5
      vertex 191 151 175
    endloop
  endfacet
  facet normal -1 0 0
    outer loop
      vertex 188 137 138.5
      vertex 188 133 175
      vertex 188 137 175
    endloop
  endfacet
  facet normal -1 0 0
    outer loop
      vertex 188 137 138.5
      vertex 188 133 138.5
      vertex 188 133 175
    endloop
  endfacet
  facet normal 1 0 0
    outer loop
      vertex 191 123 175
      vertex 191 119 138.5
      vertex 191 123 138.5
    endloop
  endfacet
  facet normal -1 0 0
    outer loop
      vertex 188 119 138.5
      vertex 188 119 175
      vertex 188 123 138.5
    endloop
  endfacet
  facet normal -1 0 0
    outer loop
      vertex 188 108 177
      vertex 188 109 138.5
      vertex 188 109 134.5
    endloop
  endfacet
  facet normal 1 0 0
    outer loop
      vertex 191 137 175
      vertex 191 133 175
      vertex 191 133 138.5
    endloop
  endfacet
  facet normal -1 0 0
    outer loop
      vertex 188 123 138.5
      vertex 188 119 175
      vertex 188 123 175
    endloop
  endfacet
  facet normal 1 0 0
    outer loop
      vertex 191 119 138.5
      vertex 191 123 175
      vertex 191 119 175
    endloop
  endfacet
  facet normal -1 0 0
    outer loop
      vertex 188 108 177
      vertex 188 109 175
      vertex 188 109 138.5
    endloop
  endfacet
  facet normal -1 0 0
    outer loop
      vertex 188 170 177
      vertex 188 161 175
      vertex 188 151 175
    endloop
  endfacet
  facet normal -1 0 0
    outer loop
      vertex 188 170 177
      vertex 188 151 175
      vertex 188 108 177
    endloop
  endfacet
  facet normal -1 0 0
    outer loop
      vertex 188 108 177
      vertex 188 151 175
      vertex 188 147 175
    endloop
  endfacet
  facet normal 1 0 0
    outer loop
      vertex 191 173 192
      vertex 191 151 175
      vertex 191 161 175
    endloop
  endfacet
  facet normal 1 0 0
    outer loop
      vertex 191 173 192
      vertex 191 147 175
      vertex 191 151 175
    endloop
  endfacet
  facet normal 1 0 0
    outer loop
      vertex 191 170 192
      vertex 191 137 175
      vertex 191 147 175
    endloop
  endfacet
  facet normal 1 0 0
    outer loop
      vertex 191 170 192
      vertex 191 133 175
      vertex 191 137 175
    endloop
  endfacet
  facet normal 1 0 0
    outer loop
      vertex 191 170 192
      vertex 191 123 175
      vertex 191 133 175
    endloop
  endfacet
  facet normal -1 0 0
    outer loop
      vertex 188 170 189
      vertex 188 95 192
      vertex 188 170 192
    endloop
  endfacet
  facet normal 0 0 1
    outer loop
      vertex 188 170 192
      vertex 191 93.6986301369863 192
      vertex 191 170 192
    endloop
  endfacet
  facet normal -1 0 0
    outer loop
      vertex 188 108 177
      vertex 188 147 175
      vertex 188 137 175
    endloop
  endfacet
  facet normal -1 0 0
    outer loop
      vertex 188 108 177
      vertex 188 137 175
      vertex 188 133 175
    endloop
  endfacet
  facet normal -1 0 0
    outer loop
      vertex 188 108 177
      vertex 188 133 175
      vertex 188 123 175
    endloop
  endfacet
  facet normal -1 0 0
    outer loop
      vertex 188 108 177
      vertex 188 123 175
      vertex 188 119 175
    endloop
  endfacet
  facet normal -1 0 0
    outer loop
      vertex 188 108 177
      vertex 188 119 175
      vertex 188 109 175
    endloop
  endfacet
  facet normal 1 0 0
    outer loop
      vertex 191 170 192
      vertex 191 93.6986301369863 192
      vertex 191 123 175
    endloop
  endfacet
  facet normal -1 0 0
    outer loop
      vertex 188 170 189
      vertex 188 108 189
      vertex 188 95 192
    endloop
  endfacet
  facet normal 1 0 0
    outer loop
      vertex 191 93.6986301369863 192
      vertex 191 119 175
      vertex 191 123 175
    endloop
  endfacet
  facet normal 0 0 1
    outer loop
      vertex 188 170 192
      vertex 188 95 192
      vertex 191 93.6986301369863 192
    endloop
  endfacet
  facet normal 1 0 0
    outer loop
      vertex 191 82.6 94
      vertex 191 109 98
      vertex 191 82.6 98
    endloop
  endfacet
  facet normal -1 0 0
    outer loop
      vertex 188 92 192
      vertex 188 82.6 53.5
      vertex 188 82.6 57.5
    endloop
  endfacet
  facet normal 1 0 0
    outer loop
      vertex 191 109 98
      vertex 191 109 134.5
      vertex 191 82.6 98
    endloop
  endfacet
  facet normal -1 0 0
    outer loop
      vertex 188 92 192
      vertex 188 82.6 57.5
      vertex 188 82.6 94
    endloop
  endfacet
  facet normal -1 0 0
    outer loop
      vertex 188 82.6 98
      vertex 188 72.6 94
      vertex 188 72.6 98
    endloop
  endfacet
  facet normal 1 0 0
    outer loop
      vertex 191 82.6 98
      vertex 191 72.6 98
      vertex 191 82.6 94
    endloop
  endfacet
  facet normal -1 0 0
    outer loop
      vertex 188 68.19999999999999 94
      vertex 188 68.19999999999999 98
      vertex 188 72.6 98
    endloop
  endfacet
  facet normal 1 0 0
    outer loop
      vertex 191 68.19999999999999 94
      vertex 191 72.6 98
      vertex 191 68.19999999999999 98
    endloop
  endfacet
  facet normal -1 0 0
    outer loop
      vertex 188 68.19999999999999 98
      vertex 188 58.19999999999999 94
      vertex 188 58.19999999999999 98
    endloop
  endfacet
  facet normal 1 0 0
    outer loop
      vertex 191 58.19999999999999 98
      vertex 191 68.19999999999999 94
      vertex 191 68.19999999999999 98
    endloop
  endfacet
  facet normal -1 0 0
    outer loop
      vertex 188 53.80000000000001 94
      vertex 188 53.80000000000001 98
      vertex 188 58.19999999999999 98
    endloop
  endfacet
  facet normal 1 0 0
    outer loop
      vertex 191 53.80000000000001 94
      vertex 191 58.19999999999999 98
      vertex 191 53.80000000000001 98
    endloop
  endfacet
  facet normal -1 0 0
    outer loop
      vertex 188 68.19999999999999 98
      vertex 188 68.19999999999999 134.5
      vertex 188 72.6 98
    endloop
  endfacet
  facet normal 1 0 0
    outer loop
      vertex 191 68.19999999999999 98
      vertex 191 72.6 98
      vertex 191 72.6 134.5
    endloop
  endfacet
  facet normal -1 0 0
    outer loop
      vertex 188 53.80000000000001 134.5
      vertex 188 58.19999999999999 98
      vertex 188 53.80000000000001 98
    endloop
  endfacet
  facet normal 1 0 0
    outer loop
      vertex 191 58.19999999999999 98
      vertex 191 58.19999999999999 134.5
      vertex 191 53.80000000000001 98
    endloop
  endfacet
  facet normal -1 0 0
    outer loop
      vertex 188 95 86.125
      vertex 188 108 177
      vertex 188 109 98
    endloop
  endfacet
  facet normal 1 0 0
    outer loop
      vertex 191 92 136.88888888888889
      vertex 191 82.6 98
      vertex 191 109 134.5
    endloop
  endfacet
  facet normal 1 0 0
    outer loop
      vertex 191 92 136.88888888888889
      vertex 191 82.6 134.5
      vertex 191 82.6 98
    endloop
  endfacet
  facet normal -1 0 0
    outer loop
      vertex 188 92 192
      vertex 188 82.6 94
      vertex 188 82.6 98
    endloop
  endfacet
  facet normal 1 0 0
    outer loop
      vertex 191 92 136.88888888888889
      vertex 191 109 134.5
      vertex 191 109 138.5
    endloop
  endfacet
  facet normal 1 0 0
    outer loop
      vertex 191 92 136.88888888888889
      vertex 191 82.6 138.5
      vertex 191 82.6 134.5
    endloop
  endfacet
  facet normal -1 0 0
    outer loop
      vertex 188 92 192
      vertex 188 82.6 98
      vertex 188 82.6 134.5
    endloop
  endfacet
  facet normal -1 0 0
    outer loop
      vertex 188 72.6 98
      vertex 188 68.19999999999999 134.5
      vertex 188 72.6 134.5
    endloop
  endfacet
  facet normal 1 0 0
    outer loop
      vertex 191 72.6 134.5
      vertex 191 68.19999999999999 134.5
      vertex 191 68.19999999999999 98
    endloop
  endfacet
  facet normal -1 0 0
    outer loop
      vertex 188 58.19999999999999 98
      vertex 188 53.80000000000001 134.5
      vertex 188 58.19999999999999 134.5
    endloop
  endfacet
  facet normal 1 0 0
    outer loop
      vertex 191 53.80000000000001 98
      vertex 191 58.19999999999999 134.5
      vertex 191 53.80000000000001 134.5
    endloop
  endfacet
  facet normal -1 0 0
    outer loop
      vertex 188 82.6 134.5
      vertex 188 72.6 134.5
      vertex 188 82.6 138.5
    endloop
  endfacet
  facet normal -1 0 0
    outer loop
      vertex 188 72.6 134.5
      vertex 188 72.6 138.5
      vertex 188 82.6 138.5
    endloop
  endfacet
  facet normal 1 0 0
    outer loop
      vertex 191 82.6 138.5
      vertex 191 72.6 138.5
      vertex 191 82.6 134.5
    endloop
  endfacet
  facet normal 1 0 0
    outer loop
      vertex 191 82.6 134.5
      vertex 191 72.6 138.5
      vertex 191 72.6 134.5
    endloop
  endfacet
  facet normal -1 0 0
    outer loop
      vertex 188 68.19999999999999 134.5
      vertex 188 72.6 138.5
      vertex 188 72.6 134.5
    endloop
  endfacet
  facet normal 1 0 0
    outer loop
      vertex 191 68.19999999999999 134.5
      vertex 191 72.6 134.5
      vertex 191 72.6 138.5
    endloop
  endfacet
  facet normal 1 0 0
    outer loop
      vertex 191 68.19999999999999 134.5
      vertex 191 72.6 138.5
      vertex 191 68.19999999999999 138.5
    endloop
  endfacet
  facet normal -1 0 0
    outer loop
      vertex 188 58.19999999999999 134.5
      vertex 188 72.6 138.5
      vertex 188 68.19999999999999 134.5
    endloop
  endfacet
  facet normal -1 0 0
    outer loop
      vertex 188 58.19999999999999 134.5
      vertex 188 68.19999999999999 138.5
      vertex 188 72.6 138.5
    endloop
  endfacet
  facet normal -1 0 0
    outer loop
      vertex 188 58.19999999999999 134.5
      vertex 188 58.19999999999999 138.5
      vertex 188 68.19999999999999 138.5
    endloop
  endfacet
  facet normal 1 0 0
    outer loop
      vertex 191 68.19999999999999 134.5
      vertex 191 68.19999999999999 138.5
      vertex 191 58.19999999999999 138.5
    endloop
  endfacet
  facet normal 1 0 0
    outer loop
      vertex 191 68.19999999999999 134.5
      vertex 191 58.19999999999999 138.5
      vertex 191 58.19999999999999 134.5
    endloop
  endfacet
  facet normal -1 0 0
    outer loop
      vertex 188 53.80000000000001 134.5
      vertex 188 58.19999999999999 138.5
      vertex 188 58.19999999999999 134.5
    endloop
  endfacet
  facet normal -1 0 0
    outer loop
      vertex 188 53.80000000000001 134.5
      vertex 188 53.80000000000001 138.5
      vertex 188 58.19999999999999 138.5
    endloop
  endfacet
  facet normal 1 0 0
    outer loop
      vertex 191 53.80000000000001 134.5
      vertex 191 58.19999999999999 134.5
      vertex 191 58.19999999999999 138.5
    endloop
  endfacet
  facet normal 1 0 0
    outer loop
      vertex 191 53.80000000000001 134.5
      vertex 191 58.19999999999999 138.5
      vertex 191 53.80000000000001 138.5
    endloop
  endfacet
  facet normal 1 0 0
    outer loop
      vertex 191 43.80000000000001 98
      vertex 191 53.80000000000001 94
      vertex 191 53.80000000000001 98
    endloop
  endfacet
  facet normal -1 0 0
    outer loop
      vertex 188 53.80000000000001 98
      vertex 188 43.80000000000001 94
      vertex 188 43.80000000000001 98
    endloop
  endfacet
  facet normal -1 0 0
    outer loop
      vertex 188 39.400000000000006 94
      vertex 188 39.400000000000006 98
      vertex 188 43.80000000000001 98
    endloop
  endfacet
  facet normal 1 0 0
    outer loop
      vertex 191 39.400000000000006 94
      vertex 191 43.80000000000001 98
      vertex 191 39.400000000000006 98
    endloop
  endfacet
  facet normal 1 0 0
    outer loop
      vertex 191 39.400000000000006 98
      vertex 191 29.400000000000006 98
      vertex 191 39.400000000000006 94
    endloop
  endfacet
  facet normal -1 0 0
    outer loop
      vertex 188 39.400000000000006 98
      vertex 188 29.400000000000006 94
      vertex 188 29.400000000000006 98
    endloop
  endfacet
  facet normal -1 0 0
    outer loop
      vertex 188 39.400000000000006 98
      vertex 188 39.400000000000006 134.5
      vertex 188 43.80000000000001 98
    endloop
  endfacet
  facet normal 1 0 0
    outer loop
      vertex 191 39.400000000000006 98
      vertex 191 43.80000000000001 98
      vertex 191 43.80000000000001 134.5
    endloop
  endfacet
  facet normal -1 0 0
    outer loop
      vertex 188 10 3
      vertex 188 10 192
      vertex 188 29.400000000000006 98
    endloop
  endfacet
  facet normal 1 0 0
    outer loop
      vertex 191 0 96
      vertex 191 29.400000000000006 94
      vertex 191 29.400000000000006 98
    endloop
  endfacet
  facet normal 1 0 0
    outer loop
      vertex 191 0 96
      vertex 191 29.400000000000006 98
      vertex 191 29.400000000000006 134.5
    endloop
  endfacet
  facet normal -1 0 0
    outer loop
      vertex 188 43.80000000000001 98
      vertex 188 39.400000000000006 134.5
      vertex 188 43.80000000000001 134.5
    endloop
  endfacet
  facet normal 1 0 0
    outer loop
      vertex 191 39.400000000000006 98
      vertex 191 43.80000000000001 134.5
      vertex 191 39.400000000000006 134.5
    endloop
  endfacet
  facet normal -1 0 0
    outer loop
      vertex 188 53.80000000000001 134.5
      vertex 188 43.80000000000001 134.5
      vertex 188 53.80000000000001 138.5
    endloop
  endfacet
  facet normal 1 0 0
    outer loop
      vertex 191 53.80000000000001 134.5
      vertex 191 53.80000000000001 138.5
      vertex 191 43.80000000000001 138.5
    endloop
  endfacet
  facet normal -1 0 0
    outer loop
      vertex 188 43.80000000000001 134.5
      vertex 188 43.80000000000001 138.5
      vertex 188 53.80000000000001 138.5
    endloop
  endfacet
  facet normal -1 0 0
    outer loop
      vertex 188 39.400000000000006 134.5
      vertex 188 43.80000000000001 138.5
      vertex 188 43.80000000000001 134.5
    endloop
  endfacet
  facet normal -1 0 0
    outer loop
      vertex 188 39.400000000000006 134.5
      vertex 188 39.400000000000006 138.5
      vertex 188 43.80000000000001 138.5
    endloop
  endfacet
  facet normal 1 0 0
    outer loop
      vertex 191 53.80000000000001 134.5
      vertex 191 43.80000000000001 138.5
      vertex 191 43.80000000000001 134.5
    endloop
  endfacet
  facet normal 1 0 0
    outer loop
      vertex 191 39.400000000000006 134.5
      vertex 191 43.80000000000001 134.5
      vertex 191 43.80000000000001 138.5
    endloop
  endfacet
  facet normal 1 0 0
    outer loop
      vertex 191 39.400000000000006 134.5
      vertex 191 43.80000000000001 138.5
      vertex 191 39.400000000000006 138.5
    endloop
  endfacet
  facet normal -1 0 0
    outer loop
      vertex 188 39.400000000000006 134.5
      vertex 188 29.400000000000006 134.5
      vertex 188 39.400000000000006 138.5
    endloop
  endfacet
  facet normal 1 0 0
    outer loop
      vertex 191 39.400000000000006 134.5
      vertex 191 39.400000000000006 138.5
      vertex 191 29.400000000000006 138.5
    endloop
  endfacet
  facet normal -1 0 0
    outer loop
      vertex 188 29.400000000000006 134.5
      vertex 188 29.400000000000006 138.5
      vertex 188 39.400000000000006 138.5
    endloop
  endfacet
  facet normal 1 0 0
    outer loop
      vertex 191 39.400000000000006 134.5
      vertex 191 29.400000000000006 138.5
      vertex 191 29.400000000000006 134.5
    endloop
  endfacet
  facet normal 1 0 0
    outer loop
      vertex 191 0 96
      vertex 191 29.400000000000006 134.5
      vertex 191 29.400000000000006 138.5
    endloop
  endfacet
  facet normal 1 0 0
    outer loop
      vertex 191 0 96
      vertex 191 29.400000000000006 138.5
      vertex 191 29.400000000000006 175
    endloop
  endfacet
  facet normal -1 0 0
    outer loop
      vertex 188 10 192
      vertex 188 29.400000000000006 134.5
      vertex 188 29.400000000000006 98
    endloop
  endfacet
  facet normal -1 0 0
    outer loop
      vertex 188 95 86.125
      vertex 188 108 189
      vertex 188 108 177
    endloop
  endfacet
  facet normal 1 0 0
    outer loop
      vertex 191 92 136.88888888888889
      vertex 191 109 138.5
      vertex 191 109 175
    endloop
  endfacet
  facet normal -1 0 0
    outer loop
      vertex 188 95 86.125
      vertex 188 95 192
      vertex 188 108 189
    endloop
  endfacet
  facet normal 1 0 0
    outer loop
      vertex 191 92 136.88888888888889
      vertex 191 92 192
      vertex 191 82.6 138.5
    endloop
  endfacet
  facet normal -1 0 0
    outer loop
      vertex 188 92 192
      vertex 188 82.6 134.5
      vertex 188 82.6 138.5
    endloop
  endfacet
  facet normal 1 0 0
    outer loop
      vertex 191 92 136.88888888888889
      vertex 191 109 175
      vertex 191 93.6986301369863 192
    endloop
  endfacet
  facet normal -1 0 0
    outer loop
      vertex 188 72.6 138.5
      vertex 188 68.19999999999999 138.5
      vertex 188 68.19999999999999 175
    endloop
  endfacet
  facet normal 1 0 0
    outer loop
      vertex 191 68.19999999999999 138.5
      vertex 191 72.6 138.5
      vertex 191 72.6 175
    endloop
  endfacet
  facet normal -1 0 0
    outer loop
      vertex 188 58.19999999999999 138.5
      vertex 188 53.80000000000001 138.5
      vertex 188 53.80000000000001 175
    endloop
  endfacet
  facet normal 1 0 0
    outer loop
      vertex 191 58.19999999999999 138.5
      vertex 191 58.19999999999999 175
      vertex 191 53.80000000000001 138.5
    endloop
  endfacet
  facet normal -1 0 0
    outer loop
      vertex 188 72.6 138.5
      vertex 188 68.19999999999999 175
      vertex 188 72.6 175
    endloop
  endfacet
  facet normal 1 0 0
    outer loop
      vertex 191 68.19999999999999 138.5
      vertex 191 72.6 175
      vertex 191 68.19999999999999 175
    endloop
  endfacet
  facet normal -1 0 0
    outer loop
      vertex 188 58.19999999999999 138.5
      vertex 188 53.80000000000001 175
      vertex 188 58.19999999999999 175
    endloop
  endfacet
  facet normal 1 0 0
    outer loop
      vertex 191 53.80000000000001 138.5
      vertex 191 58.19999999999999 175
      vertex 191 53.80000000000001 175
    endloop
  endfacet
  facet normal -1 0 0
    outer loop
      vertex 188 92 192
      vertex 188 82.6 138.5
      vertex 188 82.6 175
    endloop
  endfacet
  facet normal 1 0 0
    outer loop
      vertex 191 92 192
      vertex 191 82.6 175
      vertex 191 82.6 138.5
    endloop
  endfacet
  facet normal 1 0 0
    outer loop
      vertex 191 93.6986301369863 192
      vertex 191 109 175
      vertex 191 119 175
    endloop
  endfacet
  facet normal -1 0 0
    outer loop
      vertex 188 92 192
      vertex 188 82.6 175
      vertex 188 72.6 175
    endloop
  endfacet
  facet normal 1 0 0
    outer loop
      vertex 191 92 192
      vertex 191 72.6 175
      vertex 191 82.6 175
    endloop
  endfacet
  facet normal 0 0 1
    outer loop
      vertex 188 95 192
      vertex 188 92 192
      vertex 191 93.6986301369863 192
    endloop
  endfacet
  facet normal -1 0 0
    outer loop
      vertex 188 92 192
      vertex 188 72.6 175
      vertex 188 68.19999999999999 175
    endloop
  endfacet
  facet normal 1 0 0
    outer loop
      vertex 191 92 192
      vertex 191 68.19999999999999 175
      vertex 191 72.6 175
    endloop
  endfacet
  facet normal -1 0 0
    outer loop
      vertex 188 92 192
      vertex 188 68.19999999999999 175
      vertex 188 58.19999999999999 175
    endloop
  endfacet
  facet normal 1 0 0
    outer loop
      vertex 191 92 192
      vertex 191 58.19999999999999 175
      vertex 191 68.19999999999999 175
    endloop
  endfacet
  facet normal 1 0 0
    outer loop
      vertex 191 92 192
      vertex 191 53.80000000000001 175
      vertex 191 58.19999999999999 175
    endloop
  endfacet
  facet normal 1 0 0
    outer loop
      vertex 191 92 192
      vertex 191 43.80000000000001 175
      vertex 191 53.80000000000001 175
    endloop
  endfacet
  facet normal 1 0 0
    outer loop
      vertex 191 92 192
      vertex 191 39.400000000000006 175
      vertex 191 43.80000000000001 175
    endloop
  endfacet
  facet normal 0 0 1
    outer loop
      vertex 188 92 192
      vertex 188 10 192
      vertex 191 93.6986301369863 192
    endloop
  endfacet
  facet normal 0 0 1
    outer loop
      vertex 191 93.6986301369863 192
      vertex 188 0 192
      vertex 191 92 192
    endloop
  endfacet
  facet normal -1 0 0
    outer loop
      vertex 188 39.400000000000006 138.5
      vertex 188 39.400000000000006 175
      vertex 188 43.80000000000001 138.5
    endloop
  endfacet
  facet normal 1 0 0
    outer loop
      vertex 191 39.400000000000006 138.5
      vertex 191 43.80000000000001 138.5
      vertex 191 43.80000000000001 175
    endloop
  endfacet
  facet normal -1 0 0
    outer loop
      vertex 188 43.80000000000001 138.5
      vertex 188 39.400000000000006 175
      vertex 188 43.80000000000001 175
    endloop
  endfacet
  facet normal 1 0 0
    outer loop
      vertex 191 39.400000000000006 138.5
      vertex 191 43.80000000000001 175
      vertex 191 39.400000000000006 175
    endloop
  endfacet
  facet normal -1 0 0
    outer loop
      vertex 188 10 192
      vertex 188 29.400000000000006 138.5
      vertex 188 29.400000000000006 134.5
    endloop
  endfacet
  facet normal 1 0 0
    outer loop
      vertex 191 0 96
      vertex 191 29.400000000000006 175
      vertex 191 9.557522123893818 192
    endloop
  endfacet
  facet normal -1 0 0
    outer loop
      vertex 188 10 192
      vertex 188 58.19999999999999 175
      vertex 188 53.80000000000001 175
    endloop
  endfacet
  facet normal -1 0 0
    outer loop
      vertex 188 92 192
      vertex 188 58.19999999999999 175
      vertex 188 10 192
    endloop
  endfacet
  facet normal 1 0 0
    outer loop
      vertex 191 92 192
      vertex 191 9.557522123893818 192
      vertex 191 39.400000000000006 175
    endloop
  endfacet
  facet normal -1 0 0
    outer loop
      vertex 188 10 192
      vertex 188 53.80000000000001 175
      vertex 188 43.80000000000001 175
    endloop
  endfacet
  facet normal -1 0 0
    outer loop
      vertex 188 10 192
      vertex 188 43.80000000000001 175
      vertex 188 39.400000000000006 175
    endloop
  endfacet
  facet normal 0 0 1
    outer loop
      vertex 191 93.6986301369863 192
      vertex 188 10 192
      vertex 188 0 192
    endloop
  endfacet
  facet normal 0 0 1
    outer loop
      vertex 191 92 192
      vertex 188 0 192
      vertex 191 9.557522123893818 192
    endloop
  endfacet
  facet normal -1 0 0
    outer loop
      vertex 188 10 192
      vertex 188 29.400000000000006 175
      vertex 188 29.400000000000006 138.5
    endloop
  endfacet
  facet normal -1 0 0
    outer loop
      vertex 188 10 192
      vertex 188 39.400000000000006 175
      vertex 188 29.400000000000006 175
    endloop
  endfacet
  facet normal 1 0 0
    outer loop
      vertex 191 9.557522123893818 192
      vertex 191 29.400000000000006 175
      vertex 191 39.400000000000006 175
    endloop
  endfacet
  facet normal 0 0 1
    outer loop
      vertex 191 9.557522123893818 192
      vertex 188 0 192
      vertex 191 0 192
    endloop
  endfacet
  facet normal 0 0 1
    outer loop
      vertex 3 213 15
      vertex 3 186 15
      vertex 60.5 213 15
    endloop
  endfacet
  facet normal 0 -1 0
    outer loop
      vertex 3 186 3
      vertex 9 186 4
      vertex 3 186 15
    endloop
  endfacet
  facet normal 0 -1 0
    outer loop
      vertex 3 186 3
      vertex 9 186 3
      vertex 9 186 4
    endloop
  endfacet
  facet normal 0 -1 0
    outer loop
      vertex 3 186 15
      vertex 9 186 4
      vertex 17 186 4
    endloop
  endfacet
  facet normal 0 -1 0
    outer loop
      vertex 3 186 15
      vertex 17 186 4
      vertex 50.25 186 4
    endloop
  endfacet
  facet normal 0 0 1
    outer loop
      vertex 3 186 15
      vertex 60.5 186 15
      vertex 60.5 213 15
    endloop
  endfacet
  facet normal 0 -1 0
    outer loop
      vertex 17 186 3
      vertex 50.25 186 4
      vertex 17 186 4
    endloop
  endfacet
  facet normal 0 -1 0
    outer loop
      vertex 17 186 3
      vertex 50.25 186 3
      vertex 50.25 186 4
    endloop
  endfacet
  facet normal 0 -1 0
    outer loop
      vertex 3 186 15
      vertex 50.25 186 4
      vertex 58.25 186 4
    endloop
  endfacet
  facet normal 0 -1 0
    outer loop
      vertex 3 186 15
      vertex 58.25 186 4
      vertex 60.5 186 15
    endloop
  endfacet
  facet normal 1 0 0
    outer loop
      vertex 60.5 213 3
      vertex 60.5 213 15
      vertex 60.5 186 3
    endloop
  endfacet
  facet normal 1 0 0
    outer loop
      vertex 60.5 213 15
      vertex 60.5 186 15
      vertex 60.5 186 3
    endloop
  endfacet
  facet normal 0 -1 0
    outer loop
      vertex 60.5 186 3
      vertex 58.25 186 4
      vertex 58.25 186 3
    endloop
  endfacet
  facet normal 0 -1 0
    outer loop
      vertex 60.5 186 3
      vertex 60.5 186 15
      vertex 58.25 186 4
    endloop
  endfacet
  facet normal 0 0 -1
    outer loop
      vertex 3 213 177
      vertex 60.5 186 177
      vertex 3 186 177
    endloop
  endfacet
  facet normal 0 0 1
    outer loop
      vertex 3 213 189
      vertex 3 186 189
      vertex 60.5 213 189
    endloop
  endfacet
  facet normal 0 -1 0
    outer loop
      vertex 3 186 177
      vertex 60.5 186 177
      vertex 3 186 189
    endloop
  endfacet
  facet normal 0 0 -1
    outer loop
      vertex 3 213 177
      vertex 60.5 213 177
      vertex 60.5 186 177
    endloop
  endfacet
  facet normal 0 0 1
    outer loop
      vertex 3 186 189
      vertex 60.5 186 189
      vertex 60.5 213 189
    endloop
  endfacet
  facet normal 0 -1 0
    outer loop
      vertex 3 186 189
      vertex 60.5 186 177
      vertex 60.5 186 189
    endloop
  endfacet
  facet normal 1 0 0
    outer loop
      vertex 60.5 213 177
      vertex 60.5 213 189
      vertex 60.5 186 177
    endloop
  endfacet
  facet normal 1 0 0
    outer loop
      vertex 60.5 213 189
      vertex 60.5 186 189
      vertex 60.5 186 177
    endloop
  endfacet
  facet normal -1 0 0
    outer loop
      vertex 130.5 213 3
      vertex 130.5 186 15
      vertex 130.5 213 15
    endloop
  endfacet
  facet normal -1 0 0
    outer loop
      vertex 130.5 213 3
      vertex 130.5 186 3
      vertex 130.5 186 15
    endloop
  endfacet
  facet normal 0 -1 0
    outer loop
      vertex 130.5 186 3
      vertex 132.75 186 4
      vertex 130.5 186 15
    endloop
  endfacet
  facet normal 0 -1 0
    outer loop
      vertex 130.5 186 3
      vertex 132.75 186 3
      vertex 132.75 186 4
    endloop
  endfacet
  facet normal 0 -1 0
    outer loop
      vertex 130.5 186 15
      vertex 132.75 186 4
      vertex 140.75 186 4
    endloop
  endfacet
  facet normal 0 0 1
    outer loop
      vertex 130.5 213 15
      vertex 130.5 186 15
      vertex 188 213 15
    endloop
  endfacet
  facet normal 0 -1 0
    outer loop
      vertex 130.5 186 15
      vertex 140.75 186 4
      vertex 174 186 4
    endloop
  endfacet
  facet normal 0 -1 0
    outer loop
      vertex 140.75 186 3
      vertex 174 186 4
      vertex 140.75 186 4
    endloop
  endfacet
  facet normal 0 -1 0
    outer loop
      vertex 140.75 186 3
      vertex 174 186 3
      vertex 174 186 4
    endloop
  endfacet
  facet normal 0 -1 0
    outer loop
      vertex 130.5 186 15
      vertex 174 186 4
      vertex 182 186 4
    endloop
  endfacet
  facet normal 0 -1 0
    outer loop
      vertex 130.5 186 15
      vertex 182 186 4
      vertex 188 186 3
    endloop
  endfacet
  facet normal 0 0 1
    outer loop
      vertex 130.5 186 15
      vertex 188 186 15
      vertex 188 213 15
    endloop
  endfacet
  facet normal 0 -1 0
    outer loop
      vertex 130.5 186 15
      vertex 188 186 3
      vertex 188 186 15
    endloop
  endfacet
  facet normal 0 -1 0
    outer loop
      vertex 188 186 3
      vertex 182 186 4
      vertex 182 186 3
    endloop
  endfacet
  facet normal -1 0 0
    outer loop
      vertex 130.5 213 177
      vertex 130.5 186 189
      vertex 130.5 213 189
    endloop
  endfacet
  facet normal -1 0 0
    outer loop
      vertex 130.5 213 177
      vertex 130.5 186 177
      vertex 130.5 186 189
    endloop
  endfacet
  facet normal 0 0 -1
    outer loop
      vertex 130.5 213 177
      vertex 188 186 177
      vertex 130.5 186 177
    endloop
  endfacet
  facet normal 0 0 1
    outer loop
      vertex 130.5 213 189
      vertex 130.5 186 189
      vertex 188 213 189
    endloop
  endfacet
  facet normal 0 -1 0
    outer loop
      vertex 130.5 186 177
      vertex 188 186 177
      vertex 130.5 186 189
    endloop
  endfacet
  facet normal 0 0 -1
    outer loop
      vertex 130.5 213 177
      vertex 188 213 177
      vertex 188 186 177
    endloop
  endfacet
  facet normal 0 0 1
    outer loop
      vertex 130.5 186 189
      vertex 188 186 189
      vertex 188 213 189
    endloop
  endfacet
  facet normal 0 -1 0
    outer loop
      vertex 130.5 186 189
      vertex 188 186 177
      vertex 188 186 189
    endloop
  endfacet
  facet normal 1 0 0
    outer loop
      vertex 10.5 170 3
      vertex 10.5 165 4
      vertex 10.5 165 3
    endloop
  endfacet
  facet normal 1 0 0
    outer loop
      vertex 10.5 170 3
      vertex 10.5 170 15
      vertex 10.5 165 4
    endloop
  endfacet
  facet normal 1 0 0
    outer loop
      vertex 10.5 170 15
      vertex 10.5 108 15
      vertex 10.5 165 4
    endloop
  endfacet
  facet normal 0 0 1
    outer loop
      vertex 3 170 15
      vertex 3 108 15
      vertex 10.5 170 15
    endloop
  endfacet
  facet normal 1 0 0
    outer loop
      vertex 10.5 108 15
      vertex 10.5 108 4
      vertex 10.5 165 4
    endloop
  endfacet
  facet normal 0 0 1
    outer loop
      vertex 10.5 170 15
      vertex 3 108 15
      vertex 10.5 108 15
    endloop
  endfacet
  facet normal 0 -1 0
    outer loop
      vertex 3 108 3
      vertex 9 108 4
      vertex 3 108 15
    endloop
  endfacet
  facet normal 0 -1 0
    outer loop
      vertex 3 108 3
      vertex 9 108 3
      vertex 9 108 4
    endloop
  endfacet
  facet normal 0 -1 0
    outer loop
      vertex 3 108 15
      vertex 9 108 4
      vertex 10.5 108 4
    endloop
  endfacet
  facet normal 0 -1 0
    outer loop
      vertex 3 108 15
      vertex 10.5 108 4
      vertex 10.5 108 15
    endloop
  endfacet
  facet normal 0 0 -1
    outer loop
      vertex 3 170 177
      vertex 10.5 170 177
      vertex 10.5 108 177
    endloop
  endfacet
  facet normal 0 0 1
    outer loop
      vertex 3 170 189
      vertex 3 108 189
      vertex 10.5 170 189
    endloop
  endfacet
  facet normal 1 0 0
    outer loop
      vertex 10.5 170 177
      vertex 10.5 170 189
      vertex 10.5 108 177
    endloop
  endfacet
  facet normal 0 0 -1
    outer loop
      vertex 3 170 177
      vertex 10.5 108 177
      vertex 3 108 177
    endloop
  endfacet
  facet normal 1 0 0
    outer loop
      vertex 10.5 170 189
      vertex 10.5 108 189
      vertex 10.5 108 177
    endloop
  endfacet
  facet normal 0 0 1
    outer loop
      vertex 10.5 170 189
      vertex 3 108 189
      vertex 10.5 108 189
    endloop
  endfacet
  facet normal 0 -1 0
    outer loop
      vertex 3 108 177
      vertex 10.5 108 177
      vertex 3 108 189
    endloop
  endfacet
  facet normal 0 -1 0
    outer loop
      vertex 10.5 108 177
      vertex 10.5 108 189
      vertex 3 108 189
    endloop
  endfacet
  facet normal -1 0 0
    outer loop
      vertex 180.5 170 3
      vertex 180.5 165 3
      vertex 180.5 165 4
    endloop
  endfacet
  facet normal -1 0 0
    outer loop
      vertex 180.5 170 3
      vertex 180.5 165 4
      vertex 180.5 170 15
    endloop
  endfacet
  facet normal -1 0 0
    outer loop
      vertex 180.5 170 15
      vertex 180.5 165 4
      vertex 180.5 108 15
    endloop
  endfacet
  facet normal 0 0 1
    outer loop
      vertex 180.5 170 15
      vertex 180.5 108 15
      vertex 188 170 15
    endloop
  endfacet
  facet normal -1 0 0
    outer loop
      vertex 180.5 108 15
      vertex 180.5 165 4
      vertex 180.5 108 4
    endloop
  endfacet
  facet normal 0 0 1
    outer loop
      vertex 188 170 15
      vertex 180.5 108 15
      vertex 188 108 15
    endloop
  endfacet
  facet normal 0 -1 0
    outer loop
      vertex 188 108 3
      vertex 182 108 4
      vertex 182 108 3
    endloop
  endfacet
  facet normal 0 -1 0
    outer loop
      vertex 180.5 108 15
      vertex 180.5 108 4
      vertex 182 108 4
    endloop
  endfacet
  facet normal 0 -1 0
    outer loop
      vertex 188 108 3
      vertex 180.5 108 15
      vertex 182 108 4
    endloop
  endfacet
  facet normal 0 -1 0
    outer loop
      vertex 188 108 3
      vertex 188 108 15
      vertex 180.5 108 15
    endloop
  endfacet
  facet normal 0 0 -1
    outer loop
      vertex 180.5 170 177
      vertex 188 170 177
      vertex 188 108 177
    endloop
  endfacet
  facet normal -1 0 0
    outer loop
      vertex 180.5 170 177
      vertex 180.5 108 189
      vertex 180.5 170 189
    endloop
  endfacet
  facet normal 0 0 1
    outer loop
      vertex 180.5 170 189
      vertex 180.5 108 189
      vertex 188 170 189
    endloop
  endfacet
  facet normal 0 0 -1
    outer loop
      vertex 180.5 170 177
      vertex 188 108 177
      vertex 180.5 108 177
    endloop
  endfacet
  facet normal -1 0 0
    outer loop
      vertex 180.5 170 177
      vertex 180.5 108 177
      vertex 180.5 108 189
    endloop
  endfacet
  facet normal 0 0 1
    outer loop
      vertex 188 170 189
      vertex 180.5 108 189
      vertex 188 108 189
    endloop
  endfacet
  facet normal 0 -1 0
    outer loop
      vertex 180.5 108 177
      vertex 188 108 177
      vertex 180.5 108 189
    endloop
  endfacet
  facet normal 0 -1 0
    outer loop
      vertex 188 108 177
      vertex 188 108 189
      vertex 180.5 108 189
    endloop
  endfacet
  facet normal 0 -1 0
    outer loop
      vertex 3 213 15
      vertex 60.5 213 15
      vertex 3 213 177
    endloop
  endfacet
  facet normal 0 -1 0
    outer loop
      vertex 60.5 213 3
      vertex 130.5 213 3
      vertex 60.5 213 15
    endloop
  endfacet
  facet normal 0 -1 0
    outer loop
      vertex 60.5 213 15
      vertex 130.5 213 15
      vertex 60.5 213 177
    endloop
  endfacet
  facet normal 0 -1 0
    outer loop
      vertex 60.5 213 15
      vertex 60.5 213 177
      vertex 3 213 177
    endloop
  endfacet
  facet normal 0 -1 0
    outer loop
      vertex 3 213 189
      vertex 60.5 213 189
      vertex 3 213 192
    endloop
  endfacet
  facet normal 0 1 0
    outer loop
      vertex 0 216 0
      vertex 0 216 192
      vertex 191 216 192
    endloop
  endfacet
  facet normal 0 0 1
    outer loop
      vertex 0 216 192
      vertex 0 213 192
      vertex 191 216 192
    endloop
  endfacet
  facet normal 0 -1 0
    outer loop
      vertex 3 213 192
      vertex 60.5 213 189
      vertex 130.5 213 189
    endloop
  endfacet
  facet normal 0 0 1
    outer loop
      vertex 0 213 192
      vertex 3 213 192
      vertex 191 216 192
    endloop
  endfacet
  facet normal 0 -1 0
    outer loop
      vertex 60.5 213 177
      vertex 130.5 213 177
      vertex 60.5 213 189
    endloop
  endfacet
  facet normal 0 -1 0
    outer loop
      vertex 60.5 213 15
      vertex 130.5 213 3
      vertex 130.5 213 15
    endloop
  endfacet
  facet normal 0 0 -1
    outer loop
      vertex 0 216 0
      vertex 191 216 0
      vertex 191 213 0
    endloop
  endfacet
  facet normal 0 1 0
    outer loop
      vertex 0 216 0
      vertex 191 216 192
      vertex 191 216 0
    endloop
  endfacet
  facet normal 0 -1 0
    outer loop
      vertex 130.5 213 15
      vertex 188 213 15
      vertex 188 213 177
    endloop
  endfacet
  facet normal 1 0 0
    outer loop
      vertex 191 216 0
      vertex 191 216 192
      vertex 191 213 0
    endloop
  endfacet
  facet normal 0 -1 0
    outer loop
      vertex 60.5 213 177
      vertex 130.5 213 15
      vertex 130.5 213 177
    endloop
  endfacet
  facet normal 0 -1 0
    outer loop
      vertex 60.5 213 189
      vertex 130.5 213 177
      vertex 130.5 213 189
    endloop
  endfacet
  facet normal 0 -1 0
    outer loop
      vertex 3 213 192
      vertex 130.5 213 189
      vertex 188 213 192
    endloop
  endfacet
  facet normal 0 0 1
    outer loop
      vertex 3 213 192
      vertex 188 213 192
      vertex 191 216 192
    endloop
  endfacet
  facet normal 0 -1 0
    outer loop
      vertex 130.5 213 15
      vertex 188 213 177
      vertex 130.5 213 177
    endloop
  endfacet
  facet normal 1 0 0
    outer loop
      vertex 191 213 0
      vertex 191 216 192
      vertex 191 213 189.33333333333334
    endloop
  endfacet
  facet normal 0 -1 0
    outer loop
      vertex 130.5 213 189
      vertex 188 213 189
      vertex 188 213 192
    endloop
  endfacet
  facet normal 0 0 1
    outer loop
      vertex 188 213 192
      vertex 191 213 192
      vertex 191 216 192
    endloop
  endfacet
  facet normal 0 -1 0
    outer loop
      vertex 3 170 15
      vertex 10.5 170 15
      vertex 3 170 177
    endloop
  endfacet
  facet normal 0 -1 0
    outer loop
      vertex 10.5 170 3
      vertex 180.5 170 3
      vertex 10.5 170 15
    endloop
  endfacet
  facet normal 0 -1 0
    outer loop
      vertex 10.5 170 15
      vertex 180.5 170 3
      vertex 10.5 170 177
    endloop
  endfacet
  facet normal 0 -1 0
    outer loop
      vertex 10.5 170 15
      vertex 10.5 170 177
      vertex 3 170 177
    endloop
  endfacet
  facet normal 0 0 1
    outer loop
      vertex 0 173 192
      vertex 0 170 192
      vertex 3 173 192
    endloop
  endfacet
  facet normal 0 -1 0
    outer loop
      vertex 3 170 189
      vertex 10.5 170 189
      vertex 3 170 192
    endloop
  endfacet
  facet normal 0 1 0
    outer loop
      vertex 3 173 3
      vertex 3 173 192
      vertex 188 173 192
    endloop
  endfacet
  facet normal 0 -1 0
    outer loop
      vertex 10.5 170 177
      vertex 180.5 170 3
      vertex 10.5 170 189
    endloop
  endfacet
  facet normal 0 0 1
    outer loop
      vertex 0 170 192
      vertex 188 173 192
      vertex 3 173 192
    endloop
  endfacet
  facet normal 0 0 1
    outer loop
      vertex 0 170 192
      vertex 3 170 192
      vertex 191 173 192
    endloop
  endfacet
  facet normal 0 -1 0
    outer loop
      vertex 3 170 192
      vertex 10.5 170 189
      vertex 188 170 192
    endloop
  endfacet
  facet normal 0 0 -1
    outer loop
      vertex 0 173 0
      vertex 191 173 0
      vertex 191 170 0
    endloop
  endfacet
  facet normal 0 -1 0
    outer loop
      vertex 10.5 170 189
      vertex 180.5 170 3
      vertex 180.5 170 15
    endloop
  endfacet
  facet normal 0 1 0
    outer loop
      vertex 3 173 3
      vertex 188 173 192
      vertex 188 173 3
    endloop
  endfacet
  facet normal 0 -1 0
    outer loop
      vertex 10.5 170 189
      vertex 180.5 170 15
      vertex 188 170 15
    endloop
  endfacet
  facet normal 1 0 0
    outer loop
      vertex 191 173 0
      vertex 191 173 153.77777777777777
      vertex 191 170 0
    endloop
  endfacet
  facet normal 0 -1 0
    outer loop
      vertex 10.5 170 189
      vertex 188 170 15
      vertex 180.5 170 177
    endloop
  endfacet
  facet normal 0 -1 0
    outer loop
      vertex 10.5 170 189
      vertex 180.5 170 177
      vertex 180.5 170 189
    endloop
  endfacet
  facet normal 0 -1 0
    outer loop
      vertex 10.5 170 189
      vertex 180.5 170 189
      vertex 188 170 192
    endloop
  endfacet
  facet normal 0 0 1
    outer loop
      vertex 0 170 192
      vertex 191 173 192
      vertex 188 173 192
    endloop
  endfacet
  facet normal 0 0 1
    outer loop
      vertex 3 170 192
      vertex 188 170 192
      vertex 191 173 192
    endloop
  endfacet
  facet normal 1 0 0
    outer loop
      vertex 191 170 0
      vertex 191 173 153.77777777777777
      vertex 191 170 151.11111111111111
    endloop
  endfacet
  facet normal 0 -1 0
    outer loop
      vertex 188 170 15
      vertex 188 170 177
      vertex 180.5 170 177
    endloop
  endfacet
  facet normal 0 -1 0
    outer loop
      vertex 180.5 170 189
      vertex 188 170 189
      vertex 188 170 192
    endloop
  endfacet
  facet normal 0 0 1
    outer loop
      vertex 188 170 192
      vertex 191 170 192
      vertex 191 173 192
    endloop
  endfacet
  facet normal 0 1 0
    outer loop
      vertex 3 95 3
      vertex 3 95 108.875
      vertex 106.63425925925925 95 3
    endloop
  endfacet
  facet normal 0 1 0
    outer loop
      vertex 3 95 108.875
      vertex 3 95 192
      vertex 188 95 86.125
    endloop
  endfacet
  facet normal 0 -1 0
    outer loop
      vertex 3 92 3
      vertex 188 92 192
      vertex 3 92 192
    endloop
  endfacet
  facet normal 0 0 1
    outer loop
      vertex 3 95 192
      vertex 3 92 192
      vertex 188 95 192
    endloop
  endfacet
  facet normal 0 1 0
    outer loop
      vertex 3 95 108.875
      vertex 188 95 86.125
      vertex 106.63425925925925 95 3
    endloop
  endfacet
  facet normal 0 -1 0
    outer loop
      vertex 3 92 3
      vertex 188 92 3
      vertex 188 92 192
    endloop
  endfacet
  facet normal 0 1 0
    outer loop
      vertex 106.63425925925925 95 3
      vertex 188 95 86.125
      vertex 188 95 3
    endloop
  endfacet
  facet normal 0 1 0
    outer loop
      vertex 3 95 192
      vertex 188 95 192
      vertex 188 95 86.125
    endloop
  endfacet
  facet normal 0 0 1
    outer loop
      vertex 3 92 192
      vertex 188 92 192
      vertex 188 95 192
    endloop
  endfacet
  facet normal 1 0 0
    outer loop
      vertex 191 92 136.88888888888889
      vertex 191 93.6986301369863 192
      vertex 191 92 192
    endloop
  endfacet
  facet normal 0 1 0
    outer loop
      vertex 3 10 3
      vertex 16.11091270347399 10 16.11091270347399
      vertex 16.651812140452037 10 15.636556628398207
    endloop
  endfacet
  facet normal 0 1 0
    outer loop
      vertex 3 10 3
      vertex 15.636556628398207 10 16.651812140452037
      vertex 16.11091270347399 10 16.11091270347399
    endloop
  endfacet
  facet normal 0 1 0
    outer loop
      vertex 3 10 3
      vertex 14.918662571187923 10 17.895241121992008
      vertex 15.236860279185588 10 17.25
    endloop
  endfacet
  facet normal 0 1 0
    outer loop
      vertex 3 10 3
      vertex 14.687407955410125 10 18.576495251936137
      vertex 14.918662571187923 10 17.895241121992008
    endloop
  endfacet
  facet normal 0 1 0
    outer loop
      vertex 3 10 3
      vertex 15.236860279185588 10 17.25
      vertex 15.636556628398207 10 16.651812140452037
    endloop
  endfacet
  facet normal 0 1 0
    outer loop
      vertex 3 10 3
      vertex 14.547053262444042 10 19.282105942789716
      vertex 14.687407955410125 10 18.576495251936137
    endloop
  endfacet
  facet normal 0 1 0
    outer loop
      vertex 3 10 3
      vertex 14.5 10 20
      vertex 14.547053262444042 10 19.282105942789716
    endloop
  endfacet
  facet normal 0 -1 0
    outer loop
      vertex 0 0 0
      vertex 17.921271051849605 0 19.13896227717855
      vertex 17.826666890849594 0 19.41765714851933
    endloop
  endfacet
  facet normal 0 -1 0
    outer loop
      vertex 0 0 0
      vertex 17.826666890849594 0 19.41765714851933
      vertex 17.769249061908926 0 19.706316067504883
    endloop
  endfacet
  facet normal 0 -1 0
    outer loop
      vertex 0 0 0
      vertex 17.769249061908926 0 19.706316067504883
      vertex 17.75 0 20
    endloop
  endfacet
  facet normal 0 1 0
    outer loop
      vertex 3 10 3
      vertex 16.651812140452037 10 15.636556628398207
      vertex 17.25 10 15.236860279185588
    endloop
  endfacet
  facet normal 0 1 0
    outer loop
      vertex 3 10 3
      vertex 17.25 10 15.236860279185588
      vertex 17.895241121992008 10 14.918662571187923
    endloop
  endfacet
  facet normal 0 1 0
    outer loop
      vertex 3 10 3
      vertex 17.895241121992008 10 14.918662571187923
      vertex 18.576495251936137 10 14.687407955410125
    endloop
  endfacet
  facet normal 0 1 0
    outer loop
      vertex 3 10 3
      vertex 18.576495251936137 10 14.687407955410125
      vertex 19.282105942789716 10 14.547053262444042
    endloop
  endfacet
  facet normal 0 -1 0
    outer loop
      vertex 0 0 0
      vertex 19.13896227717855 0 17.921271051849605
      vertex 18.875 0 18.051442841485013
    endloop
  endfacet
  facet normal 0 -1 0
    outer loop
      vertex 0 0 0
      vertex 19.41765714851933 0 17.826666890849594
      vertex 19.13896227717855 0 17.921271051849605
    endloop
  endfacet
  facet normal 0 -1 0
    outer loop
      vertex 0 0 0
      vertex 19.706316067504883 0 17.769249061908926
      vertex 19.41765714851933 0 17.826666890849594
    endloop
  endfacet
  facet normal 0 -1 0
    outer loop
      vertex 0 0 0
      vertex 20 0 17.75
      vertex 19.706316067504883 0 17.769249061908926
    endloop
  endfacet
  facet normal 0 -1 0
    outer loop
      vertex 0 0 0
      vertex 20.293683932495117 0 17.769249061908926
      vertex 20 0 17.75
    endloop
  endfacet
  facet normal 0 -1 0
    outer loop
      vertex 0 0 0
      vertex 20.58234285148067 0 17.826666890849594
      vertex 20.293683932495117 0 17.769249061908926
    endloop
  endfacet
  facet normal 0 -1 0
    outer loop
      vertex 0 0 0
      vertex 20.86103772282145 0 17.921271051849605
      vertex 20.58234285148067 0 17.826666890849594
    endloop
  endfacet
  facet normal 0 -1 0
    outer loop
      vertex 0 0 0
      vertex 21.125 0 18.051442841485013
      vertex 20.86103772282145 0 17.921271051849605
    endloop
  endfacet
  facet normal 0 -1 0
    outer loop
      vertex 0 0 0
      vertex 18.40900974233027 0 18.40900974233027
      vertex 18.214954984344722 0 18.63028678473038
    endloop
  endfacet
  facet normal 0 -1 0
    outer loop
      vertex 0 0 0
      vertex 18.214954984344722 0 18.63028678473038
      vertex 18.051442841485013 0 18.875
    endloop
  endfacet
  facet normal 0 -1 0
    outer loop
      vertex 0 0 0
      vertex 18.051442841485013 0 18.875
      vertex 17.921271051849605 0 19.13896227717855
    endloop
  endfacet
  facet normal 0 -1 0
    outer loop
      vertex 0 0 0
      vertex 18.63028678473038 0 18.214954984344722
      vertex 18.40900974233027 0 18.40900974233027
    endloop
  endfacet
  facet normal 0 -1 0
    outer loop
      vertex 0 0 0
      vertex 18.875 0 18.051442841485013
      vertex 18.63028678473038 0 18.214954984344722
    endloop
  endfacet
  facet normal 0 -1 0
    outer loop
      vertex 0 0 0
      vertex 21.36971321526962 0 18.214954984344722
      vertex 21.125 0 18.051442841485013
    endloop
  endfacet
  facet normal 0 1 0
    outer loop
      vertex 3 10 3
      vertex 3 10 192
      vertex 14.5 10 20
    endloop
  endfacet
  facet normal 0 -1 0
    outer loop
      vertex 0 0 0
      vertex 17.75 0 20
      vertex 18.63028678473038 0 170.21495498434473
    endloop
  endfacet
  facet normal 0 -1 0
    outer loop
      vertex 17.75 0 20
      vertex 17.769249061908926 0 20.293683932495117
      vertex 18.63028678473038 0 170.21495498434473
    endloop
  endfacet
  facet normal 0 -1 0
    outer loop
      vertex 17.769249061908926 0 20.293683932495117
      vertex 17.826666890849594 0 20.58234285148067
      vertex 18.63028678473038 0 170.21495498434473
    endloop
  endfacet
  facet normal 0 -1 0
    outer loop
      vertex 17.826666890849594 0 20.58234285148067
      vertex 17.921271051849605 0 20.86103772282145
      vertex 18.63028678473038 0 170.21495498434473
    endloop
  endfacet
  facet normal 0 -1 0
    outer loop
      vertex 17.921271051849605 0 20.86103772282145
      vertex 18.051442841485013 0 21.125
      vertex 18.63028678473038 0 170.21495498434473
    endloop
  endfacet
  facet normal 0 -1 0
    outer loop
      vertex 18.051442841485013 0 21.125
      vertex 18.214954984344722 0 21.36971321526962
      vertex 18.63028678473038 0 170.21495498434473
    endloop
  endfacet
  facet normal 0 -1 0
    outer loop
      vertex 18.214954984344722 0 21.36971321526962
      vertex 18.40900974233027 0 21.59099025766973
      vertex 18.63028678473038 0 170.21495498434473
    endloop
  endfacet
  facet normal 0 -1 0
    outer loop
      vertex 18.40900974233027 0 21.59099025766973
      vertex 18.63028678473038 0 21.785045015655278
      vertex 18.63028678473038 0 170.21495498434473
    endloop
  endfacet
  facet normal 0 -1 0
    outer loop
      vertex 18.63028678473038 0 21.785045015655278
      vertex 18.875 0 21.948557158514987
      vertex 18.63028678473038 0 170.21495498434473
    endloop
  endfacet
  facet normal 0 -1 0
    outer loop
      vertex 18.875 0 21.948557158514987
      vertex 19.13896227717855 0 22.078728948150395
      vertex 18.875 0 170.05144284148503
    endloop
  endfacet
  facet normal 0 -1 0
    outer loop
      vertex 19.13896227717855 0 22.078728948150395
      vertex 19.41765714851933 0 22.173333109150406
      vertex 19.13896227717855 0 169.9212710518496
    endloop
  endfacet
  facet normal 0 -1 0
    outer loop
      vertex 19.41765714851933 0 22.173333109150406
      vertex 19.706316067504883 0 22.230750938091074
      vertex 19.41765714851933 0 169.8266668908496
    endloop
  endfacet
  facet normal 0 -1 0
    outer loop
      vertex 19.706316067504883 0 22.230750938091074
      vertex 20 0 22.25
      vertex 19.706316067504883 0 169.76924906190894
    endloop
  endfacet
  facet normal 0 -1 0
    outer loop
      vertex 20 0 22.25
      vertex 20.293683932495117 0 22.230750938091074
      vertex 20 0 169.75
    endloop
  endfacet
  facet normal 0 -1 0
    outer loop
      vertex 20.293683932495117 0 22.230750938091074
      vertex 20.58234285148067 0 22.173333109150406
      vertex 20.293683932495117 0 169.76924906190894
    endloop
  endfacet
  facet normal 0 -1 0
    outer loop
      vertex 20.58234285148067 0 22.173333109150406
      vertex 20.86103772282145 0 22.078728948150395
      vertex 20.58234285148067 0 169.8266668908496
    endloop
  endfacet
  facet normal 0 -1 0
    outer loop
      vertex 21.125 0 21.948557158514987
      vertex 21.36971321526962 0 21.785045015655278
      vertex 20.86103772282145 0 169.9212710518496
    endloop
  endfacet
  facet normal 0 -1 0
    outer loop
      vertex 21.948557158514987 0 21.125
      vertex 22.078728948150395 0 20.86103772282145
      vertex 20.86103772282145 0 169.9212710518496
    endloop
  endfacet
  facet normal 0 -1 0
    outer loop
      vertex 21.785045015655278 0 21.36971321526962
      vertex 21.948557158514987 0 21.125
      vertex 20.86103772282145 0 169.9212710518496
    endloop
  endfacet
  facet normal 0 -1 0
    outer loop
      vertex 21.59099025766973 0 21.59099025766973
      vertex 21.785045015655278 0 21.36971321526962
      vertex 20.86103772282145 0 169.9212710518496
    endloop
  endfacet
  facet normal 0 -1 0
    outer loop
      vertex 21.36971321526962 0 21.785045015655278
      vertex 21.59099025766973 0 21.59099025766973
      vertex 20.86103772282145 0 169.9212710518496
    endloop
  endfacet
  facet normal 0 -1 0
    outer loop
      vertex 20.86103772282145 0 22.078728948150395
      vertex 21.125 0 21.948557158514987
      vertex 20.86103772282145 0 169.9212710518496
    endloop
  endfacet
  facet normal 0 1 0
    outer loop
      vertex 3 10 192
      vertex 14.547053262444042 10 20.717894057210284
      vertex 14.5 10 20
    endloop
  endfacet
  facet normal 0 1 0
    outer loop
      vertex 3 10 192
      vertex 14.687407955410125 10 21.423504748063863
      vertex 14.547053262444042 10 20.717894057210284
    endloop
  endfacet
  facet normal 0 1 0
    outer loop
      vertex 3 10 192
      vertex 14.918662571187923 10 22.104758878007992
      vertex 14.687407955410125 10 21.423504748063863
    endloop
  endfacet
  facet normal 0 1 0
    outer loop
      vertex 3 10 192
      vertex 15.236860279185588 10 22.75
      vertex 14.918662571187923 10 22.104758878007992
    endloop
  endfacet
  facet normal 0 1 0
    outer loop
      vertex 3 10 192
      vertex 15.636556628398207 10 23.348187859547963
      vertex 15.236860279185588 10 22.75
    endloop
  endfacet
  facet normal 0 1 0
    outer loop
      vertex 3 10 192
      vertex 16.11091270347399 10 23.88908729652601
      vertex 15.636556628398207 10 23.348187859547963
    endloop
  endfacet
  facet normal 0 1 0
    outer loop
      vertex 3 10 192
      vertex 16.651812140452037 10 24.363443371601793
      vertex 16.11091270347399 10 23.88908729652601
    endloop
  endfacet
  facet normal 0 1 0
    outer loop
      vertex 3 10 192
      vertex 17.25 10 24.76313972081441
      vertex 16.651812140452037 10 24.363443371601793
    endloop
  endfacet
  facet normal 0 1 0
    outer loop
      vertex 3 10 192
      vertex 17.895241121992008 10 25.081337428812077
      vertex 17.25 10 24.76313972081441
    endloop
  endfacet
  facet normal 0 1 0
    outer loop
      vertex 3 10 192
      vertex 18.576495251936137 10 25.312592044589877
      vertex 17.895241121992008 10 25.081337428812077
    endloop
  endfacet
  facet normal 0 1 0
    outer loop
      vertex 3 10 192
      vertex 19.282105942789716 10 25.45294673755596
      vertex 18.576495251936137 10 25.312592044589877
    endloop
  endfacet
  facet normal 0 1 0
    outer loop
      vertex 3 10 192
      vertex 20 10 25.5
      vertex 19.282105942789716 10 25.45294673755596
    endloop
  endfacet
  facet normal 0 1 0
    outer loop
      vertex 3 10 192
      vertex 20.717894057210284 10 25.45294673755596
      vertex 20 10 25.5
    endloop
  endfacet
  facet normal 0 1 0
    outer loop
      vertex 3 10 192
      vertex 21.423504748063863 10 25.312592044589877
      vertex 20.717894057210284 10 25.45294673755596
    endloop
  endfacet
  facet normal 0 1 0
    outer loop
      vertex 3 10 192
      vertex 22.104758878007992 10 25.081337428812077
      vertex 21.423504748063863 10 25.312592044589877
    endloop
  endfacet
  facet normal 0 1 0
    outer loop
      vertex 3 10 192
      vertex 22.75 10 24.76313972081441
      vertex 22.104758878007992 10 25.081337428812077
    endloop
  endfacet
  facet normal 0 1 0
    outer loop
      vertex 3 10 192
      vertex 23.348187859547963 10 24.363443371601793
      vertex 22.75 10 24.76313972081441
    endloop
  endfacet
  facet normal 0 1 0
    outer loop
      vertex 3 10 192
      vertex 23.88908729652601 10 23.88908729652601
      vertex 23.348187859547963 10 24.363443371601793
    endloop
  endfacet
  facet normal 0 1 0
    outer loop
      vertex 3 10 3
      vertex 19.282105942789716 10 14.547053262444042
      vertex 188 10 3
    endloop
  endfacet
  facet normal 0 -1 0
    outer loop
      vertex 0 0 0
      vertex 169.21495498434473 0 18.63028678473038
      vertex 21.36971321526962 0 18.214954984344722
    endloop
  endfacet
  facet normal 0 -1 0
    outer loop
      vertex 21.59099025766973 0 18.40900974233027
      vertex 169.21495498434473 0 18.63028678473038
      vertex 21.785045015655278 0 18.63028678473038
    endloop
  endfacet
  facet normal 0 -1 0
    outer loop
      vertex 21.59099025766973 0 18.40900974233027
      vertex 21.36971321526962 0 18.214954984344722
      vertex 169.21495498434473 0 18.63028678473038
    endloop
  endfacet
  facet normal 0 -1 0
    outer loop
      vertex 21.948557158514987 0 18.875
      vertex 21.785045015655278 0 18.63028678473038
      vertex 169.05144284148503 0 18.875
    endloop
  endfacet
  facet normal 0 -1 0
    outer loop
      vertex 22.078728948150395 0 19.13896227717855
      vertex 21.948557158514987 0 18.875
      vertex 168.9212710518496 0 19.13896227717855
    endloop
  endfacet
  facet normal 0 -1 0
    outer loop
      vertex 22.173333109150406 0 19.41765714851933
      vertex 22.078728948150395 0 19.13896227717855
      vertex 168.8266668908496 0 19.41765714851933
    endloop
  endfacet
  facet normal 0 -1 0
    outer loop
      vertex 22.230750938091074 0 19.706316067504883
      vertex 22.173333109150406 0 19.41765714851933
      vertex 168.76924906190894 0 19.706316067504883
    endloop
  endfacet
  facet normal 0 -1 0
    outer loop
      vertex 22.25 0 20
      vertex 22.230750938091074 0 19.706316067504883
      vertex 168.75 0 20
    endloop
  endfacet
  facet normal 0 -1 0
    outer loop
      vertex 22.230750938091074 0 20.293683932495117
      vertex 22.25 0 20
      vertex 168.76924906190894 0 20.293683932495117
    endloop
  endfacet
  facet normal 0 -1 0
    outer loop
      vertex 22.173333109150406 0 20.58234285148067
      vertex 22.230750938091074 0 20.293683932495117
      vertex 168.8266668908496 0 20.58234285148067
    endloop
  endfacet
  facet normal 0 -1 0
    outer loop
      vertex 22.078728948150395 0 20.86103772282145
      vertex 22.173333109150406 0 20.58234285148067
      vertex 168.9212710518496 0 20.86103772282145
    endloop
  endfacet
  facet normal 0 1 0
    outer loop
      vertex 188 10 3
      vertex 19.282105942789716 10 14.547053262444042
      vertex 20 10 14.5
    endloop
  endfacet
  facet normal 0 1 0
    outer loop
      vertex 188 10 3
      vertex 20 10 14.5
      vertex 20.717894057210284 10 14.547053262444042
    endloop
  endfacet
  facet normal 0 1 0
    outer loop
      vertex 188 10 3
      vertex 20.717894057210284 10 14.547053262444042
      vertex 21.423504748063863 10 14.687407955410125
    endloop
  endfacet
  facet normal 0 1 0
    outer loop
      vertex 188 10 3
      vertex 21.423504748063863 10 14.687407955410125
      vertex 22.104758878007992 10 14.918662571187923
    endloop
  endfacet
  facet normal 0 1 0
    outer loop
      vertex 188 10 3
      vertex 22.104758878007992 10 14.918662571187923
      vertex 22.75 10 15.236860279185588
    endloop
  endfacet
  facet normal 0 1 0
    outer loop
      vertex 188 10 3
      vertex 22.75 10 15.236860279185588
      vertex 23.348187859547963 10 15.636556628398207
    endloop
  endfacet
  facet normal 0 1 0
    outer loop
      vertex 188 10 3
      vertex 23.348187859547963 10 15.636556628398207
      vertex 23.88908729652601 10 16.11091270347399
    endloop
  endfacet
  facet normal 0 1 0
    outer loop
      vertex 188 10 3
      vertex 23.88908729652601 10 16.11091270347399
      vertex 24.363443371601793 10 16.651812140452037
    endloop
  endfacet
  facet normal 0 1 0
    outer loop
      vertex 188 10 3
      vertex 24.363443371601793 10 16.651812140452037
      vertex 24.76313972081441 10 17.25
    endloop
  endfacet
  facet normal 0 1 0
    outer loop
      vertex 188 10 3
      vertex 24.76313972081441 10 17.25
      vertex 25.081337428812077 10 17.895241121992008
    endloop
  endfacet
  facet normal 0 1 0
    outer loop
      vertex 188 10 3
      vertex 25.081337428812077 10 17.895241121992008
      vertex 25.312592044589877 10 18.576495251936137
    endloop
  endfacet
  facet normal 0 1 0
    outer loop
      vertex 188 10 3
      vertex 25.312592044589877 10 18.576495251936137
      vertex 25.45294673755596 10 19.282105942789716
    endloop
  endfacet
  facet normal 0 1 0
    outer loop
      vertex 188 10 3
      vertex 25.45294673755596 10 19.282105942789716
      vertex 25.5 10 20
    endloop
  endfacet
  facet normal 0 1 0
    outer loop
      vertex 188 10 3
      vertex 25.5 10 20
      vertex 25.45294673755596 10 20.717894057210284
    endloop
  endfacet
  facet normal 0 1 0
    outer loop
      vertex 188 10 3
      vertex 24.76313972081441 10 22.75
      vertex 24.363443371601793 10 23.348187859547963
    endloop
  endfacet
  facet normal 0 1 0
    outer loop
      vertex 188 10 3
      vertex 24.363443371601793 10 23.348187859547963
      vertex 23.88908729652601 10 23.88908729652601
    endloop
  endfacet
  facet normal 0 1 0
    outer loop
      vertex 188 10 3
      vertex 25.45294673755596 10 20.717894057210284
      vertex 25.312592044589877 10 21.423504748063863
    endloop
  endfacet
  facet normal 0 1 0
    outer loop
      vertex 188 10 3
      vertex 25.312592044589877 10 21.423504748063863
      vertex 25.081337428812077 10 22.104758878007992
    endloop
  endfacet
  facet normal 0 1 0
    outer loop
      vertex 188 10 3
      vertex 25.081337428812077 10 22.104758878007992
      vertex 24.76313972081441 10 22.75
    endloop
  endfacet
  facet normal 0 1 0
    outer loop
      vertex 23.88908729652601 10 23.88908729652601
      vertex 19.282105942789716 10 166.54705326244405
      vertex 165.54705326244405 10 19.282105942789716
    endloop
  endfacet
  facet normal 0 -1 0
    outer loop
      vertex 22.078728948150395 0 20.86103772282145
      vertex 168.9212710518496 0 20.86103772282145
      vertex 20.86103772282145 0 169.9212710518496
    endloop
  endfacet
  facet normal 0 -1 0
    outer loop
      vertex 0 0 0
      vertex 17.921271051849605 0 171.13896227717854
      vertex 17.826666890849594 0 171.41765714851934
    endloop
  endfacet
  facet normal 0 -1 0
    outer loop
      vertex 0 0 0
      vertex 17.826666890849594 0 171.41765714851934
      vertex 17.769249061908926 0 171.70631606750487
    endloop
  endfacet
  facet normal 0 -1 0
    outer loop
      vertex 0 0 0
      vertex 17.769249061908926 0 171.70631606750487
      vertex 17.75 0 172
    endloop
  endfacet
  facet normal 0 -1 0
    outer loop
      vertex 0 0 0
      vertex 17.75 0 172
      vertex 17.769249061908926 0 172.29368393249513
    endloop
  endfacet
  facet normal 0 -1 0
    outer loop
      vertex 0 0 0
      vertex 18.214954984344722 0 170.63028678473037
      vertex 18.051442841485013 0 170.875
    endloop
  endfacet
  facet normal 0 -1 0
    outer loop
      vertex 0 0 0
      vertex 18.40900974233027 0 170.40900974233026
      vertex 18.214954984344722 0 170.63028678473037
    endloop
  endfacet
  facet normal 0 -1 0
    outer loop
      vertex 0 0 0
      vertex 18.63028678473038 0 170.21495498434473
      vertex 18.40900974233027 0 170.40900974233026
    endloop
  endfacet
  facet normal 0 -1 0
    outer loop
      vertex 0 0 0
      vertex 18.051442841485013 0 170.875
      vertex 17.921271051849605 0 171.13896227717854
    endloop
  endfacet
  facet normal 0 1 0
    outer loop
      vertex 23.88908729652601 10 23.88908729652601
      vertex 16.11091270347399 10 168.11091270347399
      vertex 16.651812140452037 10 167.6365566283982
    endloop
  endfacet
  facet normal 0 1 0
    outer loop
      vertex 23.88908729652601 10 23.88908729652601
      vertex 16.651812140452037 10 167.6365566283982
      vertex 17.25 10 167.23686027918558
    endloop
  endfacet
  facet normal 0 1 0
    outer loop
      vertex 23.88908729652601 10 23.88908729652601
      vertex 17.895241121992008 10 166.91866257118792
      vertex 18.576495251936137 10 166.68740795541012
    endloop
  endfacet
  facet normal 0 1 0
    outer loop
      vertex 23.88908729652601 10 23.88908729652601
      vertex 17.25 10 167.23686027918558
      vertex 17.895241121992008 10 166.91866257118792
    endloop
  endfacet
  facet normal 0 1 0
    outer loop
      vertex 23.88908729652601 10 23.88908729652601
      vertex 18.576495251936137 10 166.68740795541012
      vertex 19.282105942789716 10 166.54705326244405
    endloop
  endfacet
  facet normal 0 -1 0
    outer loop
      vertex 0 0 0
      vertex 3 0 188.9842931937173
      vertex 0 0 192
    endloop
  endfacet
  facet normal 0 -1 0
    outer loop
      vertex 0 0 0
      vertex 17.769249061908926 0 172.29368393249513
      vertex 3 0 188.9842931937173
    endloop
  endfacet
  facet normal 0 1 0
    outer loop
      vertex 23.88908729652601 10 23.88908729652601
      vertex 14.687407955410125 10 170.57649525193614
      vertex 14.918662571187923 10 169.895241121992
    endloop
  endfacet
  facet normal 0 1 0
    outer loop
      vertex 23.88908729652601 10 23.88908729652601
      vertex 14.547053262444042 10 171.2821059427897
      vertex 14.687407955410125 10 170.57649525193614
    endloop
  endfacet
  facet normal 0 1 0
    outer loop
      vertex 23.88908729652601 10 23.88908729652601
      vertex 14.5 10 172
      vertex 14.547053262444042 10 171.2821059427897
    endloop
  endfacet
  facet normal 0 1 0
    outer loop
      vertex 3 10 192
      vertex 14.5 10 172
      vertex 23.88908729652601 10 23.88908729652601
    endloop
  endfacet
  facet normal 0 1 0
    outer loop
      vertex 23.88908729652601 10 23.88908729652601
      vertex 15.236860279185588 10 169.25
      vertex 15.636556628398207 10 168.65181214045202
    endloop
  endfacet
  facet normal 0 1 0
    outer loop
      vertex 23.88908729652601 10 23.88908729652601
      vertex 15.636556628398207 10 168.65181214045202
      vertex 16.11091270347399 10 168.11091270347399
    endloop
  endfacet
  facet normal 0 1 0
    outer loop
      vertex 23.88908729652601 10 23.88908729652601
      vertex 14.918662571187923 10 169.895241121992
      vertex 15.236860279185588 10 169.25
    endloop
  endfacet
  facet normal 0 -1 0
    outer loop
      vertex 18.875 0 21.948557158514987
      vertex 18.875 0 170.05144284148503
      vertex 18.63028678473038 0 170.21495498434473
    endloop
  endfacet
  facet normal 0 -1 0
    outer loop
      vertex 19.13896227717855 0 22.078728948150395
      vertex 19.13896227717855 0 169.9212710518496
      vertex 18.875 0 170.05144284148503
    endloop
  endfacet
  facet normal 0 -1 0
    outer loop
      vertex 19.41765714851933 0 22.173333109150406
      vertex 19.41765714851933 0 169.8266668908496
      vertex 19.13896227717855 0 169.9212710518496
    endloop
  endfacet
  facet normal 0 -1 0
    outer loop
      vertex 19.706316067504883 0 22.230750938091074
      vertex 19.706316067504883 0 169.76924906190894
      vertex 19.41765714851933 0 169.8266668908496
    endloop
  endfacet
  facet normal 0 -1 0
    outer loop
      vertex 20 0 22.25
      vertex 20 0 169.75
      vertex 19.706316067504883 0 169.76924906190894
    endloop
  endfacet
  facet normal 0 -1 0
    outer loop
      vertex 20.293683932495117 0 22.230750938091074
      vertex 20.293683932495117 0 169.76924906190894
      vertex 20 0 169.75
    endloop
  endfacet
  facet normal 0 -1 0
    outer loop
      vertex 20.58234285148067 0 22.173333109150406
      vertex 20.58234285148067 0 169.8266668908496
      vertex 20.293683932495117 0 169.76924906190894
    endloop
  endfacet
  facet normal 0 -1 0
    outer loop
      vertex 20.86103772282145 0 22.078728948150395
      vertex 20.86103772282145 0 169.9212710518496
      vertex 20.58234285148067 0 169.8266668908496
    endloop
  endfacet
  facet normal 0 1 0
    outer loop
      vertex 3 10 192
      vertex 14.547053262444042 10 172.7178940572103
      vertex 14.5 10 172
    endloop
  endfacet
  facet normal 0 1 0
    outer loop
      vertex 3 10 192
      vertex 14.687407955410125 10 173.42350474806386
      vertex 14.547053262444042 10 172.7178940572103
    endloop
  endfacet
  facet normal 0 1 0
    outer loop
      vertex 3 10 192
      vertex 14.918662571187923 10 174.104758878008
      vertex 14.687407955410125 10 173.42350474806386
    endloop
  endfacet
  facet normal 0 1 0
    outer loop
      vertex 3 10 192
      vertex 15.236860279185588 10 174.75
      vertex 14.918662571187923 10 174.104758878008
    endloop
  endfacet
  facet normal 0 1 0
    outer loop
      vertex 3 10 192
      vertex 15.636556628398207 10 175.34818785954798
      vertex 15.236860279185588 10 174.75
    endloop
  endfacet
  facet normal 0 1 0
    outer loop
      vertex 3 10 192
      vertex 16.11091270347399 10 175.88908729652601
      vertex 15.636556628398207 10 175.34818785954798
    endloop
  endfacet
  facet normal 0 1 0
    outer loop
      vertex 3 10 192
      vertex 16.651812140452037 10 176.3634433716018
      vertex 16.11091270347399 10 175.88908729652601
    endloop
  endfacet
  facet normal 0 -1 0
    outer loop
      vertex 3 0 188.9842931937173
      vertex 17.769249061908926 0 172.29368393249513
      vertex 17.826666890849594 0 172.58234285148066
    endloop
  endfacet
  facet normal 0 -1 0
    outer loop
      vertex 3 0 188.9842931937173
      vertex 17.826666890849594 0 172.58234285148066
      vertex 17.921271051849605 0 172.86103772282146
    endloop
  endfacet
  facet normal 0 -1 0
    outer loop
      vertex 3 0 188.9842931937173
      vertex 17.921271051849605 0 172.86103772282146
      vertex 18.051442841485013 0 173.125
    endloop
  endfacet
  facet normal 0 -1 0
    outer loop
      vertex 3 0 188.9842931937173
      vertex 18.051442841485013 0 173.125
      vertex 18.214954984344722 0 173.36971321526963
    endloop
  endfacet
  facet normal 0 -1 0
    outer loop
      vertex 3 0 188.9842931937173
      vertex 18.214954984344722 0 173.36971321526963
      vertex 18.40900974233027 0 173.59099025766974
    endloop
  endfacet
  facet normal 0 -1 0
    outer loop
      vertex 3 0 188.9842931937173
      vertex 18.40900974233027 0 173.59099025766974
      vertex 18.63028678473038 0 173.78504501565527
    endloop
  endfacet
  facet normal 0 -1 0
    outer loop
      vertex 3 0 188.9842931937173
      vertex 18.63028678473038 0 173.78504501565527
      vertex 18.875 0 173.94855715851497
    endloop
  endfacet
  facet normal 0 -1 0
    outer loop
      vertex 3 0 188.9842931937173
      vertex 18.875 0 173.94855715851497
      vertex 19.13896227717855 0 174.0787289481504
    endloop
  endfacet
  facet normal 0 -1 0
    outer loop
      vertex 3 0 188.9842931937173
      vertex 19.13896227717855 0 174.0787289481504
      vertex 19.41765714851933 0 174.1733331091504
    endloop
  endfacet
  facet normal 0 -1 0
    outer loop
      vertex 3 0 188.9842931937173
      vertex 19.41765714851933 0 174.1733331091504
      vertex 19.706316067504883 0 174.23075093809106
    endloop
  endfacet
  facet normal 0 -1 0
    outer loop
      vertex 3 0 188.9842931937173
      vertex 19.706316067504883 0 174.23075093809106
      vertex 20 0 174.25
    endloop
  endfacet
  facet normal 0 -1 0
    outer loop
      vertex 3 0 188.9842931937173
      vertex 20 0 174.25
      vertex 20.293683932495117 0 174.23075093809106
    endloop
  endfacet
  facet normal 0 -1 0
    outer loop
      vertex 3 0 188.9842931937173
      vertex 20.293683932495117 0 174.23075093809106
      vertex 20.58234285148067 0 174.1733331091504
    endloop
  endfacet
  facet normal 0 -1 0
    outer loop
      vertex 3 0 188.9842931937173
      vertex 20.58234285148067 0 174.1733331091504
      vertex 20.86103772282145 0 174.0787289481504
    endloop
  endfacet
  facet normal 0 1 0
    outer loop
      vertex 3 10 192
      vertex 17.25 10 176.76313972081442
      vertex 16.651812140452037 10 176.3634433716018
    endloop
  endfacet
  facet normal 0 1 0
    outer loop
      vertex 3 10 192
      vertex 17.895241121992008 10 177.08133742881208
      vertex 17.25 10 176.76313972081442
    endloop
  endfacet
  facet normal 0 1 0
    outer loop
      vertex 3 10 192
      vertex 18.576495251936137 10 177.31259204458988
      vertex 17.895241121992008 10 177.08133742881208
    endloop
  endfacet
  facet normal 0 1 0
    outer loop
      vertex 3 10 192
      vertex 19.282105942789716 10 177.45294673755595
      vertex 18.576495251936137 10 177.31259204458988
    endloop
  endfacet
  facet normal 0 1 0
    outer loop
      vertex 19.282105942789716 10 166.54705326244405
      vertex 20 10 166.5
      vertex 165.5 10 20
    endloop
  endfacet
  facet normal 0 1 0
    outer loop
      vertex 20 10 166.5
      vertex 20.717894057210284 10 166.54705326244405
      vertex 165.54705326244405 10 20.717894057210284
    endloop
  endfacet
  facet normal 0 1 0
    outer loop
      vertex 20.717894057210284 10 166.54705326244405
      vertex 21.423504748063863 10 166.68740795541012
      vertex 165.68740795541012 10 21.423504748063863
    endloop
  endfacet
  facet normal 0 1 0
    outer loop
      vertex 21.423504748063863 10 166.68740795541012
      vertex 22.104758878007992 10 166.91866257118792
      vertex 165.91866257118792 10 22.104758878007992
    endloop
  endfacet
  facet normal 0 1 0
    outer loop
      vertex 22.104758878007992 10 166.91866257118792
      vertex 22.75 10 167.23686027918558
      vertex 166.23686027918558 10 22.75
    endloop
  endfacet
  facet normal 0 1 0
    outer loop
      vertex 22.75 10 167.23686027918558
      vertex 23.348187859547963 10 167.6365566283982
      vertex 166.6365566283982 10 23.348187859547963
    endloop
  endfacet
  facet normal 0 1 0
    outer loop
      vertex 23.348187859547963 10 167.6365566283982
      vertex 23.88908729652601 10 168.11091270347399
      vertex 167.11091270347399 10 23.88908729652601
    endloop
  endfacet
  facet normal 0 -1 0
    outer loop
      vertex 21.125 0 170.05144284148503
      vertex 20.86103772282145 0 169.9212710518496
      vertex 169.05144284148503 0 21.125
    endloop
  endfacet
  facet normal 0 -1 0
    outer loop
      vertex 21.36971321526962 0 170.21495498434473
      vertex 21.125 0 170.05144284148503
      vertex 169.21495498434473 0 21.36971321526962
    endloop
  endfacet
  facet normal 0 -1 0
    outer loop
      vertex 169.63028678473037 0 21.785045015655278
      vertex 21.59099025766973 0 170.40900974233026
      vertex 21.36971321526962 0 170.21495498434473
    endloop
  endfacet
  facet normal 0 -1 0
    outer loop
      vertex 21.59099025766973 0 170.40900974233026
      vertex 169.63028678473037 0 21.785045015655278
      vertex 21.785045015655278 0 170.63028678473037
    endloop
  endfacet
  facet normal 0 -1 0
    outer loop
      vertex 21.948557158514987 0 170.875
      vertex 21.785045015655278 0 170.63028678473037
      vertex 169.875 0 21.948557158514987
    endloop
  endfacet
  facet normal 0 -1 0
    outer loop
      vertex 22.078728948150395 0 171.13896227717854
      vertex 21.948557158514987 0 170.875
      vertex 170.13896227717854 0 22.078728948150395
    endloop
  endfacet
  facet normal 0 -1 0
    outer loop
      vertex 22.173333109150406 0 171.41765714851934
      vertex 22.078728948150395 0 171.13896227717854
      vertex 170.41765714851934 0 22.173333109150406
    endloop
  endfacet
  facet normal 0 1 0
    outer loop
      vertex 167.11091270347399 10 23.88908729652601
      vertex 23.88908729652601 10 168.11091270347399
      vertex 24.363443371601793 10 168.65181214045202
    endloop
  endfacet
  facet normal 0 1 0
    outer loop
      vertex 167.11091270347399 10 23.88908729652601
      vertex 24.363443371601793 10 168.65181214045202
      vertex 24.76313972081441 10 169.25
    endloop
  endfacet
  facet normal 0 1 0
    outer loop
      vertex 25.081337428812077 10 169.895241121992
      vertex 167.11091270347399 10 23.88908729652601
      vertex 24.76313972081441 10 169.25
    endloop
  endfacet
  facet normal 0 -1 0
    outer loop
      vertex 3 0 188.9842931937173
      vertex 20.86103772282145 0 174.0787289481504
      vertex 191 0 96
    endloop
  endfacet
  facet normal 0 0 1
    outer loop
      vertex 3 10 192
      vertex 3 0 192
      vertex 188 10 192
    endloop
  endfacet
  facet normal 0 -1 0
    outer loop
      vertex 3 0 188.9842931937173
      vertex 188 0 192
      vertex 3 0 192
    endloop
  endfacet
  facet normal 0 1 0
    outer loop
      vertex 3 10 192
      vertex 188 10 192
      vertex 19.282105942789716 10 177.45294673755595
    endloop
  endfacet
  facet normal 0 -1 0
    outer loop
      vertex 191 0 96
      vertex 22.230750938091074 0 171.70631606750487
      vertex 22.173333109150406 0 171.41765714851934
    endloop
  endfacet
  facet normal 0 -1 0
    outer loop
      vertex 191 0 96
      vertex 22.25 0 172
      vertex 22.230750938091074 0 171.70631606750487
    endloop
  endfacet
  facet normal 0 -1 0
    outer loop
      vertex 191 0 96
      vertex 22.230750938091074 0 172.29368393249513
      vertex 22.25 0 172
    endloop
  endfacet
  facet normal 0 -1 0
    outer loop
      vertex 191 0 96
      vertex 22.173333109150406 0 172.58234285148066
      vertex 22.230750938091074 0 172.29368393249513
    endloop
  endfacet
  facet normal 0 -1 0
    outer loop
      vertex 191 0 96
      vertex 21.59099025766973 0 173.59099025766974
      vertex 21.785045015655278 0 173.36971321526963
    endloop
  endfacet
  facet normal 0 -1 0
    outer loop
      vertex 191 0 96
      vertex 21.785045015655278 0 173.36971321526963
      vertex 21.948557158514987 0 173.125
    endloop
  endfacet
  facet normal 0 -1 0
    outer loop
      vertex 191 0 96
      vertex 20.86103772282145 0 174.0787289481504
      vertex 21.125 0 173.94855715851497
    endloop
  endfacet
  facet normal 0 -1 0
    outer loop
      vertex 191 0 96
      vertex 21.125 0 173.94855715851497
      vertex 21.36971321526962 0 173.78504501565527
    endloop
  endfacet
  facet normal 0 -1 0
    outer loop
      vertex 191 0 96
      vertex 21.36971321526962 0 173.78504501565527
      vertex 21.59099025766973 0 173.59099025766974
    endloop
  endfacet
  facet normal 0 -1 0
    outer loop
      vertex 191 0 96
      vertex 22.078728948150395 0 172.86103772282146
      vertex 22.173333109150406 0 172.58234285148066
    endloop
  endfacet
  facet normal 0 -1 0
    outer loop
      vertex 191 0 96
      vertex 21.948557158514987 0 173.125
      vertex 22.078728948150395 0 172.86103772282146
    endloop
  endfacet
  facet normal 0 1 0
    outer loop
      vertex 25.312592044589877 10 170.57649525193614
      vertex 165.91866257118792 10 169.895241121992
      vertex 25.081337428812077 10 169.895241121992
    endloop
  endfacet
  facet normal 0 1 0
    outer loop
      vertex 25.312592044589877 10 170.57649525193614
      vertex 25.45294673755596 10 171.2821059427897
      vertex 165.68740795541012 10 170.57649525193614
    endloop
  endfacet
  facet normal 0 1 0
    outer loop
      vertex 25.45294673755596 10 171.2821059427897
      vertex 25.5 10 172
      vertex 165.54705326244405 10 171.2821059427897
    endloop
  endfacet
  facet normal 0 1 0
    outer loop
      vertex 25.5 10 172
      vertex 25.45294673755596 10 172.7178940572103
      vertex 165.5 10 172
    endloop
  endfacet
  facet normal 0 1 0
    outer loop
      vertex 25.312592044589877 10 173.42350474806386
      vertex 165.54705326244405 10 172.7178940572103
      vertex 25.45294673755596 10 172.7178940572103
    endloop
  endfacet
  facet normal 0 1 0
    outer loop
      vertex 25.312592044589877 10 173.42350474806386
      vertex 25.081337428812077 10 174.104758878008
      vertex 165.68740795541012 10 173.42350474806386
    endloop
  endfacet
  facet normal 0 1 0
    outer loop
      vertex 24.76313972081441 10 174.75
      vertex 165.91866257118792 10 174.104758878008
      vertex 25.081337428812077 10 174.104758878008
    endloop
  endfacet
  facet normal 0 1 0
    outer loop
      vertex 24.76313972081441 10 174.75
      vertex 24.363443371601793 10 175.34818785954798
      vertex 166.23686027918558 10 174.75
    endloop
  endfacet
  facet normal 0 1 0
    outer loop
      vertex 188 10 192
      vertex 20 10 177.5
      vertex 19.282105942789716 10 177.45294673755595
    endloop
  endfacet
  facet normal 0 1 0
    outer loop
      vertex 188 10 192
      vertex 20.717894057210284 10 177.45294673755595
      vertex 20 10 177.5
    endloop
  endfacet
  facet normal 0 1 0
    outer loop
      vertex 188 10 192
      vertex 21.423504748063863 10 177.31259204458988
      vertex 20.717894057210284 10 177.45294673755595
    endloop
  endfacet
  facet normal 0 1 0
    outer loop
      vertex 188 10 192
      vertex 22.104758878007992 10 177.08133742881208
      vertex 21.423504748063863 10 177.31259204458988
    endloop
  endfacet
  facet normal 0 1 0
    outer loop
      vertex 188 10 192
      vertex 23.88908729652601 10 175.88908729652601
      vertex 23.348187859547963 10 176.3634433716018
    endloop
  endfacet
  facet normal 0 1 0
    outer loop
      vertex 188 10 192
      vertex 24.363443371601793 10 175.34818785954798
      vertex 23.88908729652601 10 175.88908729652601
    endloop
  endfacet
  facet normal 0 1 0
    outer loop
      vertex 188 10 192
      vertex 22.75 10 176.76313972081442
      vertex 22.104758878007992 10 177.08133742881208
    endloop
  endfacet
  facet normal 0 1 0
    outer loop
      vertex 188 10 192
      vertex 23.348187859547963 10 176.3634433716018
      vertex 22.75 10 176.76313972081442
    endloop
  endfacet
  facet normal 0 -1 0
    outer loop
      vertex 0 0 0
      vertex 170.13896227717854 0 17.921271051849605
      vertex 169.875 0 18.051442841485013
    endloop
  endfacet
  facet normal 0 -1 0
    outer loop
      vertex 0 0 0
      vertex 170.41765714851934 0 17.826666890849594
      vertex 170.13896227717854 0 17.921271051849605
    endloop
  endfacet
  facet normal 0 -1 0
    outer loop
      vertex 0 0 0
      vertex 170.70631606750487 0 17.769249061908926
      vertex 170.41765714851934 0 17.826666890849594
    endloop
  endfacet
  facet normal 0 -1 0
    outer loop
      vertex 0 0 0
      vertex 171 0 17.75
      vertex 170.70631606750487 0 17.769249061908926
    endloop
  endfacet
  facet normal 0 -1 0
    outer loop
      vertex 0 0 0
      vertex 171.29368393249513 0 17.769249061908926
      vertex 171 0 17.75
    endloop
  endfacet
  facet normal 0 -1 0
    outer loop
      vertex 0 0 0
      vertex 169.63028678473037 0 18.214954984344722
      vertex 169.40900974233026 0 18.40900974233027
    endloop
  endfacet
  facet normal 0 -1 0
    outer loop
      vertex 0 0 0
      vertex 169.40900974233026 0 18.40900974233027
      vertex 169.21495498434473 0 18.63028678473038
    endloop
  endfacet
  facet normal 0 -1 0
    outer loop
      vertex 0 0 0
      vertex 169.875 0 18.051442841485013
      vertex 169.63028678473037 0 18.214954984344722
    endloop
  endfacet
  facet normal 0 1 0
    outer loop
      vertex 23.88908729652601 10 23.88908729652601
      vertex 166.23686027918558 10 17.25
      vertex 166.6365566283982 10 16.651812140452037
    endloop
  endfacet
  facet normal 0 1 0
    outer loop
      vertex 23.88908729652601 10 23.88908729652601
      vertex 166.6365566283982 10 16.651812140452037
      vertex 167.11091270347399 10 16.11091270347399
    endloop
  endfacet
  facet normal 0 1 0
    outer loop
      vertex 23.88908729652601 10 23.88908729652601
      vertex 165.68740795541012 10 18.576495251936137
      vertex 165.91866257118792 10 17.895241121992008
    endloop
  endfacet
  facet normal 0 1 0
    outer loop
      vertex 23.88908729652601 10 23.88908729652601
      vertex 165.54705326244405 10 19.282105942789716
      vertex 165.68740795541012 10 18.576495251936137
    endloop
  endfacet
  facet normal 0 1 0
    outer loop
      vertex 23.88908729652601 10 23.88908729652601
      vertex 165.91866257118792 10 17.895241121992008
      vertex 166.23686027918558 10 17.25
    endloop
  endfacet
  facet normal 0 -1 0
    outer loop
      vertex 0 0 0
      vertex 191 0 0
      vertex 171.29368393249513 0 17.769249061908926
    endloop
  endfacet
  facet normal 0 1 0
    outer loop
      vertex 23.88908729652601 10 23.88908729652601
      vertex 168.895241121992 10 14.918662571187923
      vertex 169.57649525193614 10 14.687407955410125
    endloop
  endfacet
  facet normal 0 1 0
    outer loop
      vertex 23.88908729652601 10 23.88908729652601
      vertex 169.57649525193614 10 14.687407955410125
      vertex 170.2821059427897 10 14.547053262444042
    endloop
  endfacet
  facet normal 0 1 0
    outer loop
      vertex 23.88908729652601 10 23.88908729652601
      vertex 170.2821059427897 10 14.547053262444042
      vertex 171 10 14.5
    endloop
  endfacet
  facet normal 0 1 0
    outer loop
      vertex 23.88908729652601 10 23.88908729652601
      vertex 167.11091270347399 10 16.11091270347399
      vertex 167.65181214045202 10 15.636556628398207
    endloop
  endfacet
  facet normal 0 1 0
    outer loop
      vertex 23.88908729652601 10 23.88908729652601
      vertex 167.65181214045202 10 15.636556628398207
      vertex 168.25 10 15.236860279185588
    endloop
  endfacet
  facet normal 0 1 0
    outer loop
      vertex 23.88908729652601 10 23.88908729652601
      vertex 168.25 10 15.236860279185588
      vertex 168.895241121992 10 14.918662571187923
    endloop
  endfacet
  facet normal 0 -1 0
    outer loop
      vertex 21.785045015655278 0 18.63028678473038
      vertex 169.21495498434473 0 18.63028678473038
      vertex 169.05144284148503 0 18.875
    endloop
  endfacet
  facet normal 0 -1 0
    outer loop
      vertex 21.948557158514987 0 18.875
      vertex 169.05144284148503 0 18.875
      vertex 168.9212710518496 0 19.13896227717855
    endloop
  endfacet
  facet normal 0 -1 0
    outer loop
      vertex 22.078728948150395 0 19.13896227717855
      vertex 168.9212710518496 0 19.13896227717855
      vertex 168.8266668908496 0 19.41765714851933
    endloop
  endfacet
  facet normal 0 -1 0
    outer loop
      vertex 22.173333109150406 0 19.41765714851933
      vertex 168.8266668908496 0 19.41765714851933
      vertex 168.76924906190894 0 19.706316067504883
    endloop
  endfacet
  facet normal 0 -1 0
    outer loop
      vertex 22.230750938091074 0 19.706316067504883
      vertex 168.76924906190894 0 19.706316067504883
      vertex 168.75 0 20
    endloop
  endfacet
  facet normal 0 -1 0
    outer loop
      vertex 22.25 0 20
      vertex 168.75 0 20
      vertex 168.76924906190894 0 20.293683932495117
    endloop
  endfacet
  facet normal 0 -1 0
    outer loop
      vertex 22.230750938091074 0 20.293683932495117
      vertex 168.76924906190894 0 20.293683932495117
      vertex 168.8266668908496 0 20.58234285148067
    endloop
  endfacet
  facet normal 0 -1 0
    outer loop
      vertex 22.173333109150406 0 20.58234285148067
      vertex 168.8266668908496 0 20.58234285148067
      vertex 168.9212710518496 0 20.86103772282145
    endloop
  endfacet
  facet normal 0 1 0
    outer loop
      vertex 188 10 3
      vertex 23.88908729652601 10 23.88908729652601
      vertex 171 10 14.5
    endloop
  endfacet
  facet normal 0 1 0
    outer loop
      vertex 19.282105942789716 10 166.54705326244405
      vertex 165.5 10 20
      vertex 165.54705326244405 10 19.282105942789716
    endloop
  endfacet
  facet normal 0 1 0
    outer loop
      vertex 20 10 166.5
      vertex 165.54705326244405 10 20.717894057210284
      vertex 165.5 10 20
    endloop
  endfacet
  facet normal 0 1 0
    outer loop
      vertex 20.717894057210284 10 166.54705326244405
      vertex 165.68740795541012 10 21.423504748063863
      vertex 165.54705326244405 10 20.717894057210284
    endloop
  endfacet
  facet normal 0 1 0
    outer loop
      vertex 21.423504748063863 10 166.68740795541012
      vertex 165.91866257118792 10 22.104758878007992
      vertex 165.68740795541012 10 21.423504748063863
    endloop
  endfacet
  facet normal 0 1 0
    outer loop
      vertex 22.104758878007992 10 166.91866257118792
      vertex 166.23686027918558 10 22.75
      vertex 165.91866257118792 10 22.104758878007992
    endloop
  endfacet
  facet normal 0 1 0
    outer loop
      vertex 22.75 10 167.23686027918558
      vertex 166.6365566283982 10 23.348187859547963
      vertex 166.23686027918558 10 22.75
    endloop
  endfacet
  facet normal 0 1 0
    outer loop
      vertex 23.348187859547963 10 167.6365566283982
      vertex 167.11091270347399 10 23.88908729652601
      vertex 166.6365566283982 10 23.348187859547963
    endloop
  endfacet
  facet normal 0 -1 0
    outer loop
      vertex 20.86103772282145 0 169.9212710518496
      vertex 168.9212710518496 0 20.86103772282145
      vertex 169.05144284148503 0 21.125
    endloop
  endfacet
  facet normal 0 -1 0
    outer loop
      vertex 21.125 0 170.05144284148503
      vertex 169.05144284148503 0 21.125
      vertex 169.21495498434473 0 21.36971321526962
    endloop
  endfacet
  facet normal 0 -1 0
    outer loop
      vertex 21.36971321526962 0 170.21495498434473
      vertex 169.21495498434473 0 21.36971321526962
      vertex 169.40900974233026 0 21.59099025766973
    endloop
  endfacet
  facet normal 0 -1 0
    outer loop
      vertex 21.36971321526962 0 170.21495498434473
      vertex 169.40900974233026 0 21.59099025766973
      vertex 169.63028678473037 0 21.785045015655278
    endloop
  endfacet
  facet normal 0 -1 0
    outer loop
      vertex 21.785045015655278 0 170.63028678473037
      vertex 169.63028678473037 0 21.785045015655278
      vertex 169.875 0 21.948557158514987
    endloop
  endfacet
  facet normal 0 -1 0
    outer loop
      vertex 21.948557158514987 0 170.875
      vertex 169.875 0 21.948557158514987
      vertex 170.13896227717854 0 22.078728948150395
    endloop
  endfacet
  facet normal 0 -1 0
    outer loop
      vertex 22.078728948150395 0 171.13896227717854
      vertex 170.13896227717854 0 22.078728948150395
      vertex 170.41765714851934 0 22.173333109150406
    endloop
  endfacet
  facet normal 0 1 0
    outer loop
      vertex 25.081337428812077 10 169.895241121992
      vertex 167.65181214045202 10 24.363443371601793
      vertex 167.11091270347399 10 23.88908729652601
    endloop
  endfacet
  facet normal 0 1 0
    outer loop
      vertex 25.081337428812077 10 169.895241121992
      vertex 168.25 10 24.76313972081441
      vertex 167.65181214045202 10 24.363443371601793
    endloop
  endfacet
  facet normal 0 1 0
    outer loop
      vertex 25.081337428812077 10 169.895241121992
      vertex 168.895241121992 10 25.081337428812077
      vertex 168.25 10 24.76313972081441
    endloop
  endfacet
  facet normal 0 1 0
    outer loop
      vertex 188 10 3
      vertex 171 10 14.5
      vertex 171.7178940572103 10 14.547053262444042
    endloop
  endfacet
  facet normal 0 1 0
    outer loop
      vertex 188 10 3
      vertex 171.7178940572103 10 14.547053262444042
      vertex 172.42350474806386 10 14.687407955410125
    endloop
  endfacet
  facet normal 0 1 0
    outer loop
      vertex 188 10 3
      vertex 172.42350474806386 10 14.687407955410125
      vertex 173.104758878008 10 14.918662571187923
    endloop
  endfacet
  facet normal 0 1 0
    outer loop
      vertex 188 10 3
      vertex 173.104758878008 10 14.918662571187923
      vertex 173.75 10 15.236860279185588
    endloop
  endfacet
  facet normal 0 1 0
    outer loop
      vertex 188 10 3
      vertex 173.75 10 15.236860279185588
      vertex 174.34818785954798 10 15.636556628398207
    endloop
  endfacet
  facet normal 0 -1 0
    outer loop
      vertex 191 0 0
      vertex 171.58234285148066 0 17.826666890849594
      vertex 171.29368393249513 0 17.769249061908926
    endloop
  endfacet
  facet normal 0 -1 0
    outer loop
      vertex 191 0 0
      vertex 171.86103772282146 0 17.921271051849605
      vertex 171.58234285148066 0 17.826666890849594
    endloop
  endfacet
  facet normal 0 -1 0
    outer loop
      vertex 191 0 0
      vertex 172.125 0 18.051442841485013
      vertex 171.86103772282146 0 17.921271051849605
    endloop
  endfacet
  facet normal 0 -1 0
    outer loop
      vertex 191 0 0
      vertex 172.36971321526963 0 18.214954984344722
      vertex 172.125 0 18.051442841485013
    endloop
  endfacet
  facet normal 0 -1 0
    outer loop
      vertex 191 0 0
      vertex 172.59099025766974 0 18.40900974233027
      vertex 172.36971321526963 0 18.214954984344722
    endloop
  endfacet
  facet normal 0 -1 0
    outer loop
      vertex 191 0 0
      vertex 172.78504501565527 0 18.63028678473038
      vertex 172.59099025766974 0 18.40900974233027
    endloop
  endfacet
  facet normal 0 -1 0
    outer loop
      vertex 191 0 0
      vertex 172.94855715851497 0 18.875
      vertex 172.78504501565527 0 18.63028678473038
    endloop
  endfacet
  facet normal 0 -1 0
    outer loop
      vertex 191 0 0
      vertex 173.0787289481504 0 19.13896227717855
      vertex 172.94855715851497 0 18.875
    endloop
  endfacet
  facet normal 0 1 0
    outer loop
      vertex 188 10 3
      vertex 174.34818785954798 10 15.636556628398207
      vertex 174.88908729652601 10 16.11091270347399
    endloop
  endfacet
  facet normal 0 1 0
    outer loop
      vertex 188 10 3
      vertex 174.88908729652601 10 16.11091270347399
      vertex 175.3634433716018 10 16.651812140452037
    endloop
  endfacet
  facet normal 0 1 0
    outer loop
      vertex 188 10 3
      vertex 175.3634433716018 10 16.651812140452037
      vertex 175.76313972081442 10 17.25
    endloop
  endfacet
  facet normal 0 1 0
    outer loop
      vertex 188 10 3
      vertex 175.76313972081442 10 17.25
      vertex 176.08133742881208 10 17.895241121992008
    endloop
  endfacet
  facet normal 0 1 0
    outer loop
      vertex 188 10 3
      vertex 176.08133742881208 10 17.895241121992008
      vertex 176.31259204458988 10 18.576495251936137
    endloop
  endfacet
  facet normal 0 1 0
    outer loop
      vertex 188 10 3
      vertex 176.31259204458988 10 18.576495251936137
      vertex 176.45294673755595 10 19.282105942789716
    endloop
  endfacet
  facet normal 0 -1 0
    outer loop
      vertex 191 0 0
      vertex 173.1733331091504 0 19.41765714851933
      vertex 173.0787289481504 0 19.13896227717855
    endloop
  endfacet
  facet normal 0 -1 0
    outer loop
      vertex 191 0 96
      vertex 170.41765714851934 0 22.173333109150406
      vertex 170.70631606750487 0 22.230750938091074
    endloop
  endfacet
  facet normal 0 -1 0
    outer loop
      vertex 191 0 96
      vertex 170.70631606750487 0 22.230750938091074
      vertex 171 0 22.25
    endloop
  endfacet
  facet normal 0 -1 0
    outer loop
      vertex 191 0 96
      vertex 172.36971321526963 0 21.785045015655278
      vertex 172.59099025766974 0 21.59099025766973
    endloop
  endfacet
  facet normal 0 -1 0
    outer loop
      vertex 191 0 96
      vertex 172.94855715851497 0 21.125
      vertex 173.0787289481504 0 20.86103772282145
    endloop
  endfacet
  facet normal 0 -1 0
    outer loop
      vertex 191 0 96
      vertex 172.59099025766974 0 21.59099025766973
      vertex 172.78504501565527 0 21.36971321526962
    endloop
  endfacet
  facet normal 0 -1 0
    outer loop
      vertex 191 0 96
      vertex 172.78504501565527 0 21.36971321526962
      vertex 172.94855715851497 0 21.125
    endloop
  endfacet
  facet normal 0 -1 0
    outer loop
      vertex 191 0 96
      vertex 171 0 22.25
      vertex 171.29368393249513 0 22.230750938091074
    endloop
  endfacet
  facet normal 0 -1 0
    outer loop
      vertex 191 0 96
      vertex 171.29368393249513 0 22.230750938091074
      vertex 171.58234285148066 0 22.173333109150406
    endloop
  endfacet
  facet normal 0 -1 0
    outer loop
      vertex 191 0 96
      vertex 171.58234285148066 0 22.173333109150406
      vertex 171.86103772282146 0 22.078728948150395
    endloop
  endfacet
  facet normal 0 -1 0
    outer loop
      vertex 191 0 96
      vertex 172.125 0 21.948557158514987
      vertex 172.36971321526963 0 21.785045015655278
    endloop
  endfacet
  facet normal 0 -1 0
    outer loop
      vertex 191 0 96
      vertex 171.86103772282146 0 22.078728948150395
      vertex 172.125 0 21.948557158514987
    endloop
  endfacet
  facet normal 0 -1 0
    outer loop
      vertex 191 0 96
      vertex 173.23075093809106 0 19.706316067504883
      vertex 173.1733331091504 0 19.41765714851933
    endloop
  endfacet
  facet normal 0 -1 0
    outer loop
      vertex 191 0 96
      vertex 173.25 0 20
      vertex 173.23075093809106 0 19.706316067504883
    endloop
  endfacet
  facet normal 0 -1 0
    outer loop
      vertex 191 0 96
      vertex 173.23075093809106 0 20.293683932495117
      vertex 173.25 0 20
    endloop
  endfacet
  facet normal 0 -1 0
    outer loop
      vertex 191 0 96
      vertex 173.1733331091504 0 20.58234285148067
      vertex 173.23075093809106 0 20.293683932495117
    endloop
  endfacet
  facet normal 0 -1 0
    outer loop
      vertex 191 0 96
      vertex 173.0787289481504 0 20.86103772282145
      vertex 173.1733331091504 0 20.58234285148067
    endloop
  endfacet
  facet normal 0 -1 0
    outer loop
      vertex 191 0 0
      vertex 191 0 96
      vertex 173.1733331091504 0 19.41765714851933
    endloop
  endfacet
  facet normal 0 1 0
    outer loop
      vertex 188 10 3
      vertex 176.45294673755595 10 19.282105942789716
      vertex 188 10 192
    endloop
  endfacet
  facet normal 0 1 0
    outer loop
      vertex 168.895241121992 10 25.081337428812077
      vertex 169.57649525193614 10 166.68740795541012
      vertex 169.57649525193614 10 25.312592044589877
    endloop
  endfacet
  facet normal 0 1 0
    outer loop
      vertex 170.2821059427897 10 25.45294673755596
      vertex 169.57649525193614 10 25.312592044589877
      vertex 170.2821059427897 10 166.54705326244405
    endloop
  endfacet
  facet normal 0 1 0
    outer loop
      vertex 170.2821059427897 10 25.45294673755596
      vertex 171 10 166.5
      vertex 171 10 25.5
    endloop
  endfacet
  facet normal 0 1 0
    outer loop
      vertex 171.7178940572103 10 25.45294673755596
      vertex 171 10 25.5
      vertex 171.7178940572103 10 166.54705326244405
    endloop
  endfacet
  facet normal 0 1 0
    outer loop
      vertex 171.7178940572103 10 25.45294673755596
      vertex 172.42350474806386 10 166.68740795541012
      vertex 172.42350474806386 10 25.312592044589877
    endloop
  endfacet
  facet normal 0 1 0
    outer loop
      vertex 173.104758878008 10 25.081337428812077
      vertex 172.42350474806386 10 25.312592044589877
      vertex 173.104758878008 10 166.91866257118792
    endloop
  endfacet
  facet normal 0 1 0
    outer loop
      vertex 173.104758878008 10 25.081337428812077
      vertex 173.75 10 167.23686027918558
      vertex 173.75 10 24.76313972081441
    endloop
  endfacet
  facet normal 0 1 0
    outer loop
      vertex 173.75 10 24.76313972081441
      vertex 174.34818785954798 10 167.6365566283982
      vertex 174.34818785954798 10 24.363443371601793
    endloop
  endfacet
  facet normal 0 1 0
    outer loop
      vertex 174.34818785954798 10 24.363443371601793
      vertex 174.88908729652601 10 168.11091270347399
      vertex 174.88908729652601 10 23.88908729652601
    endloop
  endfacet
  facet normal 0 1 0
    outer loop
      vertex 188 10 192
      vertex 176.45294673755595 10 19.282105942789716
      vertex 176.5 10 20
    endloop
  endfacet
  facet normal 0 1 0
    outer loop
      vertex 188 10 192
      vertex 176.5 10 20
      vertex 176.45294673755595 10 20.717894057210284
    endloop
  endfacet
  facet normal 0 1 0
    outer loop
      vertex 188 10 192
      vertex 175.76313972081442 10 22.75
      vertex 175.3634433716018 10 23.348187859547963
    endloop
  endfacet
  facet normal 0 1 0
    outer loop
      vertex 188 10 192
      vertex 176.31259204458988 10 21.423504748063863
      vertex 176.08133742881208 10 22.104758878007992
    endloop
  endfacet
  facet normal 0 1 0
    outer loop
      vertex 188 10 192
      vertex 176.45294673755595 10 20.717894057210284
      vertex 176.31259204458988 10 21.423504748063863
    endloop
  endfacet
  facet normal 0 1 0
    outer loop
      vertex 188 10 192
      vertex 176.08133742881208 10 22.104758878007992
      vertex 175.76313972081442 10 22.75
    endloop
  endfacet
  facet normal 0 1 0
    outer loop
      vertex 188 10 192
      vertex 175.3634433716018 10 23.348187859547963
      vertex 174.88908729652601 10 23.88908729652601
    endloop
  endfacet
  facet normal 0 -1 0
    outer loop
      vertex 191 0 96
      vertex 22.173333109150406 0 171.41765714851934
      vertex 170.41765714851934 0 22.173333109150406
    endloop
  endfacet
  facet normal 0 1 0
    outer loop
      vertex 25.081337428812077 10 169.895241121992
      vertex 165.91866257118792 10 169.895241121992
      vertex 168.895241121992 10 25.081337428812077
    endloop
  endfacet
  facet normal 0 1 0
    outer loop
      vertex 25.312592044589877 10 170.57649525193614
      vertex 165.68740795541012 10 170.57649525193614
      vertex 165.91866257118792 10 169.895241121992
    endloop
  endfacet
  facet normal 0 1 0
    outer loop
      vertex 25.45294673755596 10 171.2821059427897
      vertex 165.54705326244405 10 171.2821059427897
      vertex 165.68740795541012 10 170.57649525193614
    endloop
  endfacet
  facet normal 0 1 0
    outer loop
      vertex 25.5 10 172
      vertex 165.5 10 172
      vertex 165.54705326244405 10 171.2821059427897
    endloop
  endfacet
  facet normal 0 1 0
    outer loop
      vertex 25.45294673755596 10 172.7178940572103
      vertex 165.54705326244405 10 172.7178940572103
      vertex 165.5 10 172
    endloop
  endfacet
  facet normal 0 1 0
    outer loop
      vertex 25.312592044589877 10 173.42350474806386
      vertex 165.68740795541012 10 173.42350474806386
      vertex 165.54705326244405 10 172.7178940572103
    endloop
  endfacet
  facet normal 0 1 0
    outer loop
      vertex 25.081337428812077 10 174.104758878008
      vertex 165.91866257118792 10 174.104758878008
      vertex 165.68740795541012 10 173.42350474806386
    endloop
  endfacet
  facet normal 0 1 0
    outer loop
      vertex 24.76313972081441 10 174.75
      vertex 166.23686027918558 10 174.75
      vertex 165.91866257118792 10 174.104758878008
    endloop
  endfacet
  facet normal 0 1 0
    outer loop
      vertex 24.363443371601793 10 175.34818785954798
      vertex 166.6365566283982 10 175.34818785954798
      vertex 166.23686027918558 10 174.75
    endloop
  endfacet
  facet normal 0 1 0
    outer loop
      vertex 24.363443371601793 10 175.34818785954798
      vertex 167.11091270347399 10 175.88908729652601
      vertex 166.6365566283982 10 175.34818785954798
    endloop
  endfacet
  facet normal 0 -1 0
    outer loop
      vertex 3 0 188.9842931937173
      vertex 169.21495498434473 0 170.63028678473037
      vertex 169.05144284148503 0 170.875
    endloop
  endfacet
  facet normal 0 -1 0
    outer loop
      vertex 3 0 188.9842931937173
      vertex 169.05144284148503 0 170.875
      vertex 168.9212710518496 0 171.13896227717854
    endloop
  endfacet
  facet normal 0 -1 0
    outer loop
      vertex 3 0 188.9842931937173
      vertex 169.63028678473037 0 170.21495498434473
      vertex 169.40900974233026 0 170.40900974233026
    endloop
  endfacet
  facet normal 0 -1 0
    outer loop
      vertex 3 0 188.9842931937173
      vertex 169.40900974233026 0 170.40900974233026
      vertex 169.21495498434473 0 170.63028678473037
    endloop
  endfacet
  facet normal 0 -1 0
    outer loop
      vertex 3 0 188.9842931937173
      vertex 170.41765714851934 0 169.8266668908496
      vertex 170.13896227717854 0 169.9212710518496
    endloop
  endfacet
  facet normal 0 -1 0
    outer loop
      vertex 3 0 188.9842931937173
      vertex 170.70631606750487 0 169.76924906190894
      vertex 170.41765714851934 0 169.8266668908496
    endloop
  endfacet
  facet normal 0 -1 0
    outer loop
      vertex 3 0 188.9842931937173
      vertex 170.13896227717854 0 169.9212710518496
      vertex 169.875 0 170.05144284148503
    endloop
  endfacet
  facet normal 0 -1 0
    outer loop
      vertex 3 0 188.9842931937173
      vertex 169.875 0 170.05144284148503
      vertex 169.63028678473037 0 170.21495498434473
    endloop
  endfacet
  facet normal 0 -1 0
    outer loop
      vertex 3 0 188.9842931937173
      vertex 168.9212710518496 0 171.13896227717854
      vertex 168.8266668908496 0 171.41765714851934
    endloop
  endfacet
  facet normal 0 -1 0
    outer loop
      vertex 3 0 188.9842931937173
      vertex 168.8266668908496 0 171.41765714851934
      vertex 168.76924906190894 0 171.70631606750487
    endloop
  endfacet
  facet normal 0 -1 0
    outer loop
      vertex 3 0 188.9842931937173
      vertex 168.76924906190894 0 171.70631606750487
      vertex 168.75 0 172
    endloop
  endfacet
  facet normal 0 -1 0
    outer loop
      vertex 3 0 188.9842931937173
      vertex 168.75 0 172
      vertex 168.76924906190894 0 172.29368393249513
    endloop
  endfacet
  facet normal 0 -1 0
    outer loop
      vertex 3 0 188.9842931937173
      vertex 168.76924906190894 0 172.29368393249513
      vertex 168.8266668908496 0 172.58234285148066
    endloop
  endfacet
  facet normal 0 -1 0
    outer loop
      vertex 3 0 188.9842931937173
      vertex 168.8266668908496 0 172.58234285148066
      vertex 168.9212710518496 0 172.86103772282146
    endloop
  endfacet
  facet normal 0 -1 0
    outer loop
      vertex 3 0 188.9842931937173
      vertex 168.9212710518496 0 172.86103772282146
      vertex 169.05144284148503 0 173.125
    endloop
  endfacet
  facet normal 0 -1 0
    outer loop
      vertex 3 0 188.9842931937173
      vertex 169.05144284148503 0 173.125
      vertex 169.21495498434473 0 173.36971321526963
    endloop
  endfacet
  facet normal 0 -1 0
    outer loop
      vertex 3 0 188.9842931937173
      vertex 169.21495498434473 0 173.36971321526963
      vertex 169.40900974233026 0 173.59099025766974
    endloop
  endfacet
  facet normal 0 -1 0
    outer loop
      vertex 3 0 188.9842931937173
      vertex 169.40900974233026 0 173.59099025766974
      vertex 169.63028678473037 0 173.78504501565527
    endloop
  endfacet
  facet normal 0 -1 0
    outer loop
      vertex 3 0 188.9842931937173
      vertex 169.875 0 173.94855715851497
      vertex 170.13896227717854 0 174.0787289481504
    endloop
  endfacet
  facet normal 0 -1 0
    outer loop
      vertex 3 0 188.9842931937173
      vertex 169.63028678473037 0 173.78504501565527
      vertex 169.875 0 173.94855715851497
    endloop
  endfacet
  facet normal 0 -1 0
    outer loop
      vertex 3 0 188.9842931937173
      vertex 170.13896227717854 0 174.0787289481504
      vertex 170.41765714851934 0 174.1733331091504
    endloop
  endfacet
  facet normal 0 -1 0
    outer loop
      vertex 3 0 188.9842931937173
      vertex 170.41765714851934 0 174.1733331091504
      vertex 170.70631606750487 0 174.23075093809106
    endloop
  endfacet
  facet normal 0 -1 0
    outer loop
      vertex 3 0 188.9842931937173
      vertex 170.70631606750487 0 174.23075093809106
      vertex 171 0 174.25
    endloop
  endfacet
  facet normal 0 -1 0
    outer loop
      vertex 3 0 188.9842931937173
      vertex 171 0 174.25
      vertex 171.29368393249513 0 174.23075093809106
    endloop
  endfacet
  facet normal 0 -1 0
    outer loop
      vertex 3 0 188.9842931937173
      vertex 191 0 96
      vertex 170.70631606750487 0 169.76924906190894
    endloop
  endfacet
  facet normal 0 1 0
    outer loop
      vertex 24.363443371601793 10 175.34818785954798
      vertex 167.65181214045202 10 176.3634433716018
      vertex 167.11091270347399 10 175.88908729652601
    endloop
  endfacet
  facet normal 0 -1 0
    outer loop
      vertex 3 0 188.9842931937173
      vertex 171.29368393249513 0 174.23075093809106
      vertex 191 0 192
    endloop
  endfacet
  facet normal 0 1 0
    outer loop
      vertex 188 10 192
      vertex 167.65181214045202 10 176.3634433716018
      vertex 24.363443371601793 10 175.34818785954798
    endloop
  endfacet
  facet normal 0 0 1
    outer loop
      vertex 3 0 192
      vertex 188 0 192
      vertex 188 10 192
    endloop
  endfacet
  facet normal 0 -1 0
    outer loop
      vertex 3 0 188.9842931937173
      vertex 191 0 192
      vertex 188 0 192
    endloop
  endfacet
  facet normal 0 1 0
    outer loop
      vertex 168.895241121992 10 25.081337428812077
      vertex 165.91866257118792 10 169.895241121992
      vertex 166.23686027918558 10 169.25
    endloop
  endfacet
  facet normal 0 1 0
    outer loop
      vertex 168.895241121992 10 25.081337428812077
      vertex 167.65181214045202 10 167.6365566283982
      vertex 168.25 10 167.23686027918558
    endloop
  endfacet
  facet normal 0 1 0
    outer loop
      vertex 168.895241121992 10 25.081337428812077
      vertex 168.25 10 167.23686027918558
      vertex 168.895241121992 10 166.91866257118792
    endloop
  endfacet
  facet normal 0 1 0
    outer loop
      vertex 168.895241121992 10 25.081337428812077
      vertex 168.895241121992 10 166.91866257118792
      vertex 169.57649525193614 10 166.68740795541012
    endloop
  endfacet
  facet normal 0 1 0
    outer loop
      vertex 169.57649525193614 10 25.312592044589877
      vertex 169.57649525193614 10 166.68740795541012
      vertex 170.2821059427897 10 166.54705326244405
    endloop
  endfacet
  facet normal 0 1 0
    outer loop
      vertex 170.2821059427897 10 25.45294673755596
      vertex 170.2821059427897 10 166.54705326244405
      vertex 171 10 166.5
    endloop
  endfacet
  facet normal 0 1 0
    outer loop
      vertex 171 10 25.5
      vertex 171 10 166.5
      vertex 171.7178940572103 10 166.54705326244405
    endloop
  endfacet
  facet normal 0 1 0
    outer loop
      vertex 171.7178940572103 10 25.45294673755596
      vertex 171.7178940572103 10 166.54705326244405
      vertex 172.42350474806386 10 166.68740795541012
    endloop
  endfacet
  facet normal 0 1 0
    outer loop
      vertex 172.42350474806386 10 25.312592044589877
      vertex 172.42350474806386 10 166.68740795541012
      vertex 173.104758878008 10 166.91866257118792
    endloop
  endfacet
  facet normal 0 1 0
    outer loop
      vertex 173.104758878008 10 25.081337428812077
      vertex 173.104758878008 10 166.91866257118792
      vertex 173.75 10 167.23686027918558
    endloop
  endfacet
  facet normal 0 1 0
    outer loop
      vertex 173.75 10 24.76313972081441
      vertex 173.75 10 167.23686027918558
      vertex 174.34818785954798 10 167.6365566283982
    endloop
  endfacet
  facet normal 0 1 0
    outer loop
      vertex 168.895241121992 10 25.081337428812077
      vertex 166.6365566283982 10 168.65181214045202
      vertex 167.11091270347399 10 168.11091270347399
    endloop
  endfacet
  facet normal 0 1 0
    outer loop
      vertex 168.895241121992 10 25.081337428812077
      vertex 166.23686027918558 10 169.25
      vertex 166.6365566283982 10 168.65181214045202
    endloop
  endfacet
  facet normal 0 1 0
    outer loop
      vertex 168.895241121992 10 25.081337428812077
      vertex 167.11091270347399 10 168.11091270347399
      vertex 167.65181214045202 10 167.6365566283982
    endloop
  endfacet
  facet normal 0 1 0
    outer loop
      vertex 174.34818785954798 10 24.363443371601793
      vertex 174.34818785954798 10 167.6365566283982
      vertex 174.88908729652601 10 168.11091270347399
    endloop
  endfacet
  facet normal 0 1 0
    outer loop
      vertex 174.88908729652601 10 23.88908729652601
      vertex 174.88908729652601 10 168.11091270347399
      vertex 175.3634433716018 10 168.65181214045202
    endloop
  endfacet
  facet normal 0 1 0
    outer loop
      vertex 174.88908729652601 10 23.88908729652601
      vertex 175.3634433716018 10 168.65181214045202
      vertex 175.76313972081442 10 169.25
    endloop
  endfacet
  facet normal 0 1 0
    outer loop
      vertex 174.88908729652601 10 23.88908729652601
      vertex 175.76313972081442 10 169.25
      vertex 176.08133742881208 10 169.895241121992
    endloop
  endfacet
  facet normal 0 1 0
    outer loop
      vertex 174.88908729652601 10 23.88908729652601
      vertex 176.08133742881208 10 169.895241121992
      vertex 176.31259204458988 10 170.57649525193614
    endloop
  endfacet
  facet normal 0 1 0
    outer loop
      vertex 174.88908729652601 10 23.88908729652601
      vertex 176.31259204458988 10 170.57649525193614
      vertex 176.45294673755595 10 171.2821059427897
    endloop
  endfacet
  facet normal 0 1 0
    outer loop
      vertex 174.88908729652601 10 23.88908729652601
      vertex 176.45294673755595 10 171.2821059427897
      vertex 176.5 10 172
    endloop
  endfacet
  facet normal 0 1 0
    outer loop
      vertex 188 10 192
      vertex 174.88908729652601 10 23.88908729652601
      vertex 176.5 10 172
    endloop
  endfacet
  facet normal 0 -1 0
    outer loop
      vertex 191 0 96
      vertex 171 0 169.75
      vertex 170.70631606750487 0 169.76924906190894
    endloop
  endfacet
  facet normal 0 -1 0
    outer loop
      vertex 191 0 96
      vertex 171.29368393249513 0 169.76924906190894
      vertex 171 0 169.75
    endloop
  endfacet
  facet normal 0 -1 0
    outer loop
      vertex 191 0 96
      vertex 171.58234285148066 0 169.8266668908496
      vertex 171.29368393249513 0 169.76924906190894
    endloop
  endfacet
  facet normal 0 -1 0
    outer loop
      vertex 191 0 96
      vertex 171.86103772282146 0 169.9212710518496
      vertex 171.58234285148066 0 169.8266668908496
    endloop
  endfacet
  facet normal 0 -1 0
    outer loop
      vertex 191 0 96
      vertex 172.36971321526963 0 170.21495498434473
      vertex 172.125 0 170.05144284148503
    endloop
  endfacet
  facet normal 0 -1 0
    outer loop
      vertex 191 0 96
      vertex 172.125 0 170.05144284148503
      vertex 171.86103772282146 0 169.9212710518496
    endloop
  endfacet
  facet normal 0 -1 0
    outer loop
      vertex 191 0 96
      vertex 172.59099025766974 0 170.40900974233026
      vertex 172.36971321526963 0 170.21495498434473
    endloop
  endfacet
  facet normal 0 -1 0
    outer loop
      vertex 191 0 96
      vertex 172.78504501565527 0 170.63028678473037
      vertex 172.59099025766974 0 170.40900974233026
    endloop
  endfacet
  facet normal 0 -1 0
    outer loop
      vertex 191 0 96
      vertex 172.94855715851497 0 170.875
      vertex 172.78504501565527 0 170.63028678473037
    endloop
  endfacet
  facet normal 0 -1 0
    outer loop
      vertex 191 0 96
      vertex 173.0787289481504 0 171.13896227717854
      vertex 172.94855715851497 0 170.875
    endloop
  endfacet
  facet normal 0 -1 0
    outer loop
      vertex 191 0 96
      vertex 173.1733331091504 0 171.41765714851934
      vertex 173.0787289481504 0 171.13896227717854
    endloop
  endfacet
  facet normal 0 -1 0
    outer loop
      vertex 191 0 96
      vertex 173.23075093809106 0 171.70631606750487
      vertex 173.1733331091504 0 171.41765714851934
    endloop
  endfacet
  facet normal 0 -1 0
    outer loop
      vertex 191 0 96
      vertex 173.25 0 172
      vertex 173.23075093809106 0 171.70631606750487
    endloop
  endfacet
  facet normal 0 -1 0
    outer loop
      vertex 191 0 96
      vertex 191 0 192
      vertex 173.25 0 172
    endloop
  endfacet
  facet normal 1 0 0
    outer loop
      vertex 191 0 96
      vertex 191 9.557522123893818 192
      vertex 191 0 192
    endloop
  endfacet
  facet normal 0 -1 0
    outer loop
      vertex 191 0 192
      vertex 172.125 0 173.94855715851497
      vertex 172.36971321526963 0 173.78504501565527
    endloop
  endfacet
  facet normal 0 -1 0
    outer loop
      vertex 191 0 192
      vertex 172.36971321526963 0 173.78504501565527
      vertex 172.59099025766974 0 173.59099025766974
    endloop
  endfacet
  facet normal 0 -1 0
    outer loop
      vertex 191 0 192
      vertex 172.94855715851497 0 173.125
      vertex 173.0787289481504 0 172.86103772282146
    endloop
  endfacet
  facet normal 0 -1 0
    outer loop
      vertex 191 0 192
      vertex 172.78504501565527 0 173.36971321526963
      vertex 172.94855715851497 0 173.125
    endloop
  endfacet
  facet normal 0 -1 0
    outer loop
      vertex 191 0 192
      vertex 172.59099025766974 0 173.59099025766974
      vertex 172.78504501565527 0 173.36971321526963
    endloop
  endfacet
  facet normal 0 1 0
    outer loop
      vertex 188 10 192
      vertex 168.25 10 176.76313972081442
      vertex 167.65181214045202 10 176.3634433716018
    endloop
  endfacet
  facet normal 0 1 0
    outer loop
      vertex 188 10 192
      vertex 168.895241121992 10 177.08133742881208
      vertex 168.25 10 176.76313972081442
    endloop
  endfacet
  facet normal 0 1 0
    outer loop
      vertex 188 10 192
      vertex 169.57649525193614 10 177.31259204458988
      vertex 168.895241121992 10 177.08133742881208
    endloop
  endfacet
  facet normal 0 1 0
    outer loop
      vertex 188 10 192
      vertex 170.2821059427897 10 177.45294673755595
      vertex 169.57649525193614 10 177.31259204458988
    endloop
  endfacet
  facet normal 0 1 0
    outer loop
      vertex 188 10 192
      vertex 171 10 177.5
      vertex 170.2821059427897 10 177.45294673755595
    endloop
  endfacet
  facet normal 0 1 0
    outer loop
      vertex 188 10 192
      vertex 171.7178940572103 10 177.45294673755595
      vertex 171 10 177.5
    endloop
  endfacet
  facet normal 0 1 0
    outer loop
      vertex 188 10 192
      vertex 172.42350474806386 10 177.31259204458988
      vertex 171.7178940572103 10 177.45294673755595
    endloop
  endfacet
  facet normal 0 1 0
    outer loop
      vertex 188 10 192
      vertex 173.104758878008 10 177.08133742881208
      vertex 172.42350474806386 10 177.31259204458988
    endloop
  endfacet
  facet normal 0 1 0
    outer loop
      vertex 188 10 192
      vertex 173.75 10 176.76313972081442
      vertex 173.104758878008 10 177.08133742881208
    endloop
  endfacet
  facet normal 0 1 0
    outer loop
      vertex 188 10 192
      vertex 174.34818785954798 10 176.3634433716018
      vertex 173.75 10 176.76313972081442
    endloop
  endfacet
  facet normal 0 -1 0
    outer loop
      vertex 191 0 192
      vertex 171.29368393249513 0 174.23075093809106
      vertex 171.58234285148066 0 174.1733331091504
    endloop
  endfacet
  facet normal 0 -1 0
    outer loop
      vertex 191 0 192
      vertex 171.58234285148066 0 174.1733331091504
      vertex 171.86103772282146 0 174.0787289481504
    endloop
  endfacet
  facet normal 0 -1 0
    outer loop
      vertex 191 0 192
      vertex 171.86103772282146 0 174.0787289481504
      vertex 172.125 0 173.94855715851497
    endloop
  endfacet
  facet normal 0 1 0
    outer loop
      vertex 188 10 192
      vertex 176.5 10 172
      vertex 176.45294673755595 10 172.7178940572103
    endloop
  endfacet
  facet normal 0 1 0
    outer loop
      vertex 188 10 192
      vertex 176.31259204458988 10 173.42350474806386
      vertex 176.08133742881208 10 174.104758878008
    endloop
  endfacet
  facet normal 0 1 0
    outer loop
      vertex 188 10 192
      vertex 176.45294673755595 10 172.7178940572103
      vertex 176.31259204458988 10 173.42350474806386
    endloop
  endfacet
  facet normal 0 -1 0
    outer loop
      vertex 191 0 192
      vertex 173.23075093809106 0 172.29368393249513
      vertex 173.25 0 172
    endloop
  endfacet
  facet normal 0 -1 0
    outer loop
      vertex 191 0 192
      vertex 173.1733331091504 0 172.58234285148066
      vertex 173.23075093809106 0 172.29368393249513
    endloop
  endfacet
  facet normal 0 -1 0
    outer loop
      vertex 191 0 192
      vertex 173.0787289481504 0 172.86103772282146
      vertex 173.1733331091504 0 172.58234285148066
    endloop
  endfacet
  facet normal 0 1 0
    outer loop
      vertex 188 10 192
      vertex 175.76313972081442 10 174.75
      vertex 175.3634433716018 10 175.34818785954798
    endloop
  endfacet
  facet normal 0 1 0
    outer loop
      vertex 188 10 192
      vertex 175.3634433716018 10 175.34818785954798
      vertex 174.88908729652601 10 175.88908729652601
    endloop
  endfacet
  facet normal 0 1 0
    outer loop
      vertex 188 10 192
      vertex 174.88908729652601 10 175.88908729652601
      vertex 174.34818785954798 10 176.3634433716018
    endloop
  endfacet
  facet normal 0 1 0
    outer loop
      vertex 188 10 192
      vertex 176.08133742881208 10 174.104758878008
      vertex 175.76313972081442 10 174.75
    endloop
  endfacet
  facet normal 0 0 1
    outer loop
      vertex 3 196.33333333333334 17
      vertex 3 206.33333333333334 17
      vertex 0 206.33333333333334 17
    endloop
  endfacet
  facet normal 0 0 1
    outer loop
      vertex 0 206.33333333333334 17
      vertex 0 196.33333333333334 17
      vertex 3 196.33333333333334 17
    endloop
  endfacet
  facet normal 0 -1 0
    outer loop
      vertex 3 206.33333333333334 17
      vertex 0 206.33333333333334 53.5
      vertex 0 206.33333333333334 17
    endloop
  endfacet
  facet normal 0 1 0
    outer loop
      vertex 0 196.33333333333334 17
      vertex 3 196.33333333333334 53.5
      vertex 3 196.33333333333334 17
    endloop
  endfacet
  facet normal 0 -1 0
    outer loop
      vertex 3 206.33333333333334 17
      vertex 3 206.33333333333334 53.5
      vertex 0 206.33333333333334 53.5
    endloop
  endfacet
  facet normal 0 1 0
    outer loop
      vertex 0 196.33333333333334 17
      vertex 0 196.33333333333334 53.5
      vertex 3 196.33333333333334 53.5
    endloop
  endfacet
  facet normal 0 0 -1
    outer loop
      vertex 0 196.33333333333334 53.5
      vertex 0 206.33333333333334 53.5
      vertex 3 206.33333333333334 53.5
    endloop
  endfacet
  facet normal 0 0 -1
    outer loop
      vertex 3 206.33333333333334 53.5
      vertex 3 196.33333333333334 53.5
      vertex 0 196.33333333333334 53.5
    endloop
  endfacet
  facet normal 0 0 1
    outer loop
      vertex 3 206.33333333333334 57.5
      vertex 0 206.33333333333334 57.5
      vertex 3 196.33333333333334 57.5
    endloop
  endfacet
  facet normal 0 0 1
    outer loop
      vertex 0 206.33333333333334 57.5
      vertex 0 196.33333333333334 57.5
      vertex 3 196.33333333333334 57.5
    endloop
  endfacet
  facet normal 0 -1 0
    outer loop
      vertex 3 206.33333333333334 57.5
      vertex 0 206.33333333333334 94
      vertex 0 206.33333333333334 57.5
    endloop
  endfacet
  facet normal 0 1 0
    outer loop
      vertex 3 196.33333333333334 57.5
      vertex 0 196.33333333333334 57.5
      vertex 3 196.33333333333334 94
    endloop
  endfacet
  facet normal 0 -1 0
    outer loop
      vertex 3 206.33333333333334 57.5
      vertex 3 206.33333333333334 94
      vertex 0 206.33333333333334 94
    endloop
  endfacet
  facet normal 0 1 0
    outer loop
      vertex 0 196.33333333333334 57.5
      vertex 0 196.33333333333334 94
      vertex 3 196.33333333333334 94
    endloop
  endfacet
  facet normal 0 0 -1
    outer loop
      vertex 0 206.33333333333334 94
      vertex 3 206.33333333333334 94
      vertex 0 196.33333333333334 94
    endloop
  endfacet
  facet normal 0 0 -1
    outer loop
      vertex 3 206.33333333333334 94
      vertex 3 196.33333333333334 94
      vertex 0 196.33333333333334 94
    endloop
  endfacet
  facet normal 0 0 1
    outer loop
      vertex 3 196.33333333333334 98
      vertex 3 206.33333333333334 98
      vertex 0 206.33333333333334 98
    endloop
  endfacet
  facet normal 0 0 1
    outer loop
      vertex 3 196.33333333333334 98
      vertex 0 206.33333333333334 98
      vertex 0 196.33333333333334 98
    endloop
  endfacet
  facet normal 0 -1 0
    outer loop
      vertex 3 206.33333333333334 98
      vertex 0 206.33333333333334 134.5
      vertex 0 206.33333333333334 98
    endloop
  endfacet
  facet normal 0 1 0
    outer loop
      vertex 3 196.33333333333334 98
      vertex 0 196.33333333333334 98
      vertex 3 196.33333333333334 134.5
    endloop
  endfacet
  facet normal 0 -1 0
    outer loop
      vertex 3 206.33333333333334 98
      vertex 3 206.33333333333334 134.5
      vertex 0 206.33333333333334 134.5
    endloop
  endfacet
  facet normal 0 1 0
    outer loop
      vertex 0 196.33333333333334 98
      vertex 0 196.33333333333334 134.5
      vertex 3 196.33333333333334 134.5
    endloop
  endfacet
  facet normal 0 0 -1
    outer loop
      vertex 0 206.33333333333334 134.5
      vertex 3 206.33333333333334 134.5
      vertex 0 196.33333333333334 134.5
    endloop
  endfacet
  facet normal 0 0 -1
    outer loop
      vertex 3 206.33333333333334 134.5
      vertex 3 196.33333333333334 134.5
      vertex 0 196.33333333333334 134.5
    endloop
  endfacet
  facet normal 0 0 1
    outer loop
      vertex 3 196.33333333333334 138.5
      vertex 3 206.33333333333334 138.5
      vertex 0 206.33333333333334 138.5
    endloop
  endfacet
  facet normal 0 0 1
    outer loop
      vertex 3 196.33333333333334 138.5
      vertex 0 206.33333333333334 138.5
      vertex 0 196.33333333333334 138.5
    endloop
  endfacet
  facet normal 0 -1 0
    outer loop
      vertex 3 206.33333333333334 138.5
      vertex 0 206.33333333333334 175
      vertex 0 206.33333333333334 138.5
    endloop
  endfacet
  facet normal 0 1 0
    outer loop
      vertex 3 196.33333333333334 138.5
      vertex 0 196.33333333333334 138.5
      vertex 3 196.33333333333334 175
    endloop
  endfacet
  facet normal 0 -1 0
    outer loop
      vertex 3 206.33333333333334 138.5
      vertex 3 206.33333333333334 175
      vertex 0 206.33333333333334 175
    endloop
  endfacet
  facet normal 0 1 0
    outer loop
      vertex 0 196.33333333333334 138.5
      vertex 0 196.33333333333334 175
      vertex 3 196.33333333333334 175
    endloop
  endfacet
  facet normal 0 0 -1
    outer loop
      vertex 0 206.33333333333334 175
      vertex 3 206.33333333333334 175
      vertex 0 196.33333333333334 175
    endloop
  endfacet
  facet normal 0 0 -1
    outer loop
      vertex 3 206.33333333333334 175
      vertex 3 196.33333333333334 175
      vertex 0 196.33333333333334 175
    endloop
  endfacet
  facet normal 0 0 1
    outer loop
      vertex 3 194.66666666666666 17
      vertex 0 194.66666666666666 17
      vertex 3 184.66666666666666 17
    endloop
  endfacet
  facet normal 0 0 1
    outer loop
      vertex 3 184.66666666666666 17
      vertex 0 194.66666666666666 17
      vertex 0 184.66666666666666 17
    endloop
  endfacet
  facet normal 0 -1 0
    outer loop
      vertex 0 194.66666666666666 53.5
      vertex 0 194.66666666666666 17
      vertex 3 194.66666666666666 17
    endloop
  endfacet
  facet normal 0 -1 0
    outer loop
      vertex 3 194.66666666666666 17
      vertex 3 194.66666666666666 53.5
      vertex 0 194.66666666666666 53.5
    endloop
  endfacet
  facet normal 0 1 0
    outer loop
      vertex 3 184.66666666666666 17
      vertex 0 184.66666666666666 17
      vertex 3 184.66666666666666 53.5
    endloop
  endfacet
  facet normal 0 1 0
    outer loop
      vertex 0 184.66666666666666 17
      vertex 0 184.66666666666666 53.5
      vertex 3 184.66666666666666 53.5
    endloop
  endfacet
  facet normal 0 0 -1
    outer loop
      vertex 0 194.66666666666666 53.5
      vertex 3 194.66666666666666 53.5
      vertex 0 184.66666666666666 53.5
    endloop
  endfacet
  facet normal 0 0 -1
    outer loop
      vertex 3 194.66666666666666 53.5
      vertex 3 184.66666666666666 53.5
      vertex 0 184.66666666666666 53.5
    endloop
  endfacet
  facet normal 0 0 1
    outer loop
      vertex 3 194.66666666666666 57.5
      vertex 0 194.66666666666666 57.5
      vertex 3 184.66666666666666 57.5
    endloop
  endfacet
  facet normal 0 -1 0
    outer loop
      vertex 3 194.66666666666666 57.5
      vertex 0 194.66666666666666 94
      vertex 0 194.66666666666666 57.5
    endloop
  endfacet
  facet normal 0 0 1
    outer loop
      vertex 3 184.66666666666666 57.5
      vertex 0 194.66666666666666 57.5
      vertex 0 184.66666666666666 57.5
    endloop
  endfacet
  facet normal 0 1 0
    outer loop
      vertex 3 184.66666666666666 57.5
      vertex 0 184.66666666666666 57.5
      vertex 3 184.66666666666666 94
    endloop
  endfacet
  facet normal 0 -1 0
    outer loop
      vertex 0 194.66666666666666 94
      vertex 3 194.66666666666666 57.5
      vertex 3 194.66666666666666 94
    endloop
  endfacet
  facet normal 0 0 -1
    outer loop
      vertex 0 184.66666666666666 94
      vertex 0 194.66666666666666 94
      vertex 3 194.66666666666666 94
    endloop
  endfacet
  facet normal 0 1 0
    outer loop
      vertex 0 184.66666666666666 57.5
      vertex 0 184.66666666666666 94
      vertex 3 184.66666666666666 94
    endloop
  endfacet
  facet normal 0 0 -1
    outer loop
      vertex 3 194.66666666666666 94
      vertex 3 184.66666666666666 94
      vertex 0 184.66666666666666 94
    endloop
  endfacet
  facet normal 0 0 1
    outer loop
      vertex 3 194.66666666666666 98
      vertex 0 194.66666666666666 98
      vertex 3 184.66666666666666 98
    endloop
  endfacet
  facet normal 0 -1 0
    outer loop
      vertex 3 194.66666666666666 98
      vertex 0 194.66666666666666 134.5
      vertex 0 194.66666666666666 98
    endloop
  endfacet
  facet normal 0 0 1
    outer loop
      vertex 0 194.66666666666666 98
      vertex 0 184.66666666666666 98
      vertex 3 184.66666666666666 98
    endloop
  endfacet
  facet normal 0 1 0
    outer loop
      vertex 3 184.66666666666666 98
      vertex 0 184.66666666666666 98
      vertex 3 184.66666666666666 134.5
    endloop
  endfacet
  facet normal 0 -1 0
    outer loop
      vertex 3 194.66666666666666 98
      vertex 3 194.66666666666666 134.5
      vertex 0 194.66666666666666 134.5
    endloop
  endfacet
  facet normal 0 0 -1
    outer loop
      vertex 3 194.66666666666666 134.5
      vertex 0 184.66666666666666 134.5
      vertex 0 194.66666666666666 134.5
    endloop
  endfacet
  facet normal 0 1 0
    outer loop
      vertex 0 184.66666666666666 98
      vertex 0 184.66666666666666 134.5
      vertex 3 184.66666666666666 134.5
    endloop
  endfacet
  facet normal 0 0 -1
    outer loop
      vertex 3 194.66666666666666 134.5
      vertex 3 184.66666666666666 134.5
      vertex 0 184.66666666666666 134.5
    endloop
  endfacet
  facet normal 0 0 1
    outer loop
      vertex 3 184.66666666666666 138.5
      vertex 3 194.66666666666666 138.5
      vertex 0 194.66666666666666 138.5
    endloop
  endfacet
  facet normal 0 0 1
    outer loop
      vertex 0 194.66666666666666 138.5
      vertex 0 184.66666666666666 138.5
      vertex 3 184.66666666666666 138.5
    endloop
  endfacet
  facet normal 0 -1 0
    outer loop
      vertex 3 194.66666666666666 138.5
      vertex 0 194.66666666666666 175
      vertex 0 194.66666666666666 138.5
    endloop
  endfacet
  facet normal 0 -1 0
    outer loop
      vertex 3 194.66666666666666 138.5
      vertex 3 194.66666666666666 175
      vertex 0 194.66666666666666 175
    endloop
  endfacet
  facet normal 0 1 0
    outer loop
      vertex 0 184.66666666666666 138.5
      vertex 3 184.66666666666666 175
      vertex 3 184.66666666666666 138.5
    endloop
  endfacet
  facet normal 0 1 0
    outer loop
      vertex 3 184.66666666666666 175
      vertex 0 184.66666666666666 138.5
      vertex 0 184.66666666666666 175
    endloop
  endfacet
  facet normal 0 0 -1
    outer loop
      vertex 0 194.66666666666666 175
      vertex 3 194.66666666666666 175
      vertex 0 184.66666666666666 175
    endloop
  endfacet
  facet normal 0 0 -1
    outer loop
      vertex 3 194.66666666666666 175
      vertex 3 184.66666666666666 175
      vertex 0 184.66666666666666 175
    endloop
  endfacet
  facet normal 0 0 1
    outer loop
      vertex 188 206.33333333333334 17
      vertex 191 196.33333333333334 17
      vertex 191 206.33333333333334 17
    endloop
  endfacet
  facet normal 0 0 1
    outer loop
      vertex 188 206.33333333333334 17
      vertex 188 196.33333333333334 17
      vertex 191 196.33333333333334 17
    endloop
  endfacet
  facet normal 0 -1 0
    outer loop
      vertex 188 206.33333333333334 17
      vertex 191 206.33333333333334 17
      vertex 188 206.33333333333334 53.5
    endloop
  endfacet
  facet normal 0 1 0
    outer loop
      vertex 188 196.33333333333334 17
      vertex 191 196.33333333333334 53.5
      vertex 191 196.33333333333334 17
    endloop
  endfacet
  facet normal 0 -1 0
    outer loop
      vertex 191 206.33333333333334 17
      vertex 191 206.33333333333334 53.5
      vertex 188 206.33333333333334 53.5
    endloop
  endfacet
  facet normal 0 1 0
    outer loop
      vertex 188 196.33333333333334 17
      vertex 188 196.33333333333334 53.5
      vertex 191 196.33333333333334 53.5
    endloop
  endfacet
  facet normal 0 0 -1
    outer loop
      vertex 188 206.33333333333334 53.5
      vertex 191 206.33333333333334 53.5
      vertex 188 196.33333333333334 53.5
    endloop
  endfacet
  facet normal 0 0 -1
    outer loop
      vertex 191 206.33333333333334 53.5
      vertex 191 196.33333333333334 53.5
      vertex 188 196.33333333333334 53.5
    endloop
  endfacet
  facet normal 0 0 1
    outer loop
      vertex 188 206.33333333333334 57.5
      vertex 191 196.33333333333334 57.5
      vertex 191 206.33333333333334 57.5
    endloop
  endfacet
  facet normal 0 0 1
    outer loop
      vertex 191 196.33333333333334 57.5
      vertex 188 206.33333333333334 57.5
      vertex 188 196.33333333333334 57.5
    endloop
  endfacet
  facet normal 0 -1 0
    outer loop
      vertex 191 206.33333333333334 57.5
      vertex 188 206.33333333333334 94
      vertex 188 206.33333333333334 57.5
    endloop
  endfacet
  facet normal 0 1 0
    outer loop
      vertex 191 196.33333333333334 94
      vertex 191 196.33333333333334 57.5
      vertex 188 196.33333333333334 57.5
    endloop
  endfacet
  facet normal 0 -1 0
    outer loop
      vertex 191 206.33333333333334 57.5
      vertex 191 206.33333333333334 94
      vertex 188 206.33333333333334 94
    endloop
  endfacet
  facet normal 0 1 0
    outer loop
      vertex 188 196.33333333333334 57.5
      vertex 188 196.33333333333334 94
      vertex 191 196.33333333333334 94
    endloop
  endfacet
  facet normal 0 0 -1
    outer loop
      vertex 188 196.33333333333334 94
      vertex 188 206.33333333333334 94
      vertex 191 206.33333333333334 94
    endloop
  endfacet
  facet normal 0 0 -1
    outer loop
      vertex 188 196.33333333333334 94
      vertex 191 206.33333333333334 94
      vertex 191 196.33333333333334 94
    endloop
  endfacet
  facet normal 0 0 1
    outer loop
      vertex 191 196.33333333333334 98
      vertex 191 206.33333333333334 98
      vertex 188 206.33333333333334 98
    endloop
  endfacet
  facet normal 0 0 1
    outer loop
      vertex 188 206.33333333333334 98
      vertex 188 196.33333333333334 98
      vertex 191 196.33333333333334 98
    endloop
  endfacet
  facet normal 0 -1 0
    outer loop
      vertex 191 206.33333333333334 98
      vertex 188 206.33333333333334 134.5
      vertex 188 206.33333333333334 98
    endloop
  endfacet
  facet normal 0 1 0
    outer loop
      vertex 188 196.33333333333334 98
      vertex 191 196.33333333333334 134.5
      vertex 191 196.33333333333334 98
    endloop
  endfacet
  facet normal 0 -1 0
    outer loop
      vertex 191 206.33333333333334 98
      vertex 191 206.33333333333334 134.5
      vertex 188 206.33333333333334 134.5
    endloop
  endfacet
  facet normal 0 1 0
    outer loop
      vertex 188 196.33333333333334 98
      vertex 188 196.33333333333334 134.5
      vertex 191 196.33333333333334 134.5
    endloop
  endfacet
  facet normal 0 0 -1
    outer loop
      vertex 188 206.33333333333334 134.5
      vertex 191 206.33333333333334 134.5
      vertex 188 196.33333333333334 134.5
    endloop
  endfacet
  facet normal 0 0 -1
    outer loop
      vertex 191 206.33333333333334 134.5
      vertex 191 196.33333333333334 134.5
      vertex 188 196.33333333333334 134.5
    endloop
  endfacet
  facet normal 0 0 1
    outer loop
      vertex 191 196.33333333333334 138.5
      vertex 191 206.33333333333334 138.5
      vertex 188 206.33333333333334 138.5
    endloop
  endfacet
  facet normal 0 0 1
    outer loop
      vertex 191 196.33333333333334 138.5
      vertex 188 206.33333333333334 138.5
      vertex 188 196.33333333333334 138.5
    endloop
  endfacet
  facet normal 0 -1 0
    outer loop
      vertex 191 206.33333333333334 138.5
      vertex 188 206.33333333333334 175
      vertex 188 206.33333333333334 138.5
    endloop
  endfacet
  facet normal 0 1 0
    outer loop
      vertex 191 196.33333333333334 138.5
      vertex 188 196.33333333333334 138.5
      vertex 191 196.33333333333334 175
    endloop
  endfacet
  facet normal 0 -1 0
    outer loop
      vertex 191 206.33333333333334 138.5
      vertex 191 206.33333333333334 175
      vertex 188 206.33333333333334 175
    endloop
  endfacet
  facet normal 0 1 0
    outer loop
      vertex 191 196.33333333333334 175
      vertex 188 196.33333333333334 138.5
      vertex 188 196.33333333333334 175
    endloop
  endfacet
  facet normal 0 0 -1
    outer loop
      vertex 188 206.33333333333334 175
      vertex 191 206.33333333333334 175
      vertex 188 196.33333333333334 175
    endloop
  endfacet
  facet normal 0 0 -1
    outer loop
      vertex 191 206.33333333333334 175
      vertex 191 196.33333333333334 175
      vertex 188 196.33333333333334 175
    endloop
  endfacet
  facet normal 0 0 1
    outer loop
      vertex 191 194.66666666666666 17
      vertex 188 194.66666666666666 17
      vertex 191 184.66666666666666 17
    endloop
  endfacet
  facet normal 0 0 1
    outer loop
      vertex 188 194.66666666666666 17
      vertex 188 184.66666666666666 17
      vertex 191 184.66666666666666 17
    endloop
  endfacet
  facet normal 0 -1 0
    outer loop
      vertex 188 194.66666666666666 17
      vertex 191 194.66666666666666 17
      vertex 188 194.66666666666666 53.5
    endloop
  endfacet
  facet normal 0 -1 0
    outer loop
      vertex 191 194.66666666666666 17
      vertex 191 194.66666666666666 53.5
      vertex 188 194.66666666666666 53.5
    endloop
  endfacet
  facet normal 0 1 0
    outer loop
      vertex 188 184.66666666666666 17
      vertex 191 184.66666666666666 53.5
      vertex 191 184.66666666666666 17
    endloop
  endfacet
  facet normal 0 1 0
    outer loop
      vertex 188 184.66666666666666 17
      vertex 188 184.66666666666666 53.5
      vertex 191 184.66666666666666 53.5
    endloop
  endfacet
  facet normal 0 0 -1
    outer loop
      vertex 188 194.66666666666666 53.5
      vertex 191 194.66666666666666 53.5
      vertex 188 184.66666666666666 53.5
    endloop
  endfacet
  facet normal 0 0 -1
    outer loop
      vertex 188 184.66666666666666 53.5
      vertex 191 194.66666666666666 53.5
      vertex 191 184.66666666666666 53.5
    endloop
  endfacet
  facet normal 0 0 1
    outer loop
      vertex 191 194.66666666666666 57.5
      vertex 188 194.66666666666666 57.5
      vertex 191 184.66666666666666 57.5
    endloop
  endfacet
  facet normal 0 -1 0
    outer loop
      vertex 188 194.66666666666666 57.5
      vertex 191 194.66666666666666 57.5
      vertex 188 194.66666666666666 94
    endloop
  endfacet
  facet normal 0 0 1
    outer loop
      vertex 188 194.66666666666666 57.5
      vertex 188 184.66666666666666 57.5
      vertex 191 184.66666666666666 57.5
    endloop
  endfacet
  facet normal 0 1 0
    outer loop
      vertex 191 184.66666666666666 57.5
      vertex 188 184.66666666666666 57.5
      vertex 191 184.66666666666666 94
    endloop
  endfacet
  facet normal 0 -1 0
    outer loop
      vertex 191 194.66666666666666 57.5
      vertex 191 194.66666666666666 94
      vertex 188 194.66666666666666 94
    endloop
  endfacet
  facet normal 0 0 -1
    outer loop
      vertex 188 194.66666666666666 94
      vertex 191 194.66666666666666 94
      vertex 188 184.66666666666666 94
    endloop
  endfacet
  facet normal 0 1 0
    outer loop
      vertex 188 184.66666666666666 57.5
      vertex 188 184.66666666666666 94
      vertex 191 184.66666666666666 94
    endloop
  endfacet
  facet normal 0 0 -1
    outer loop
      vertex 191 194.66666666666666 94
      vertex 191 184.66666666666666 94
      vertex 188 184.66666666666666 94
    endloop
  endfacet
  facet normal 0 0 1
    outer loop
      vertex 191 184.66666666666666 98
      vertex 191 194.66666666666666 98
      vertex 188 194.66666666666666 98
    endloop
  endfacet
  facet normal 0 -1 0
    outer loop
      vertex 188 194.66666666666666 98
      vertex 191 194.66666666666666 98
      vertex 188 194.66666666666666 134.5
    endloop
  endfacet
  facet normal 0 0 1
    outer loop
      vertex 188 194.66666666666666 98
      vertex 188 184.66666666666666 98
      vertex 191 184.66666666666666 98
    endloop
  endfacet
  facet normal 0 1 0
    outer loop
      vertex 191 184.66666666666666 98
      vertex 188 184.66666666666666 98
      vertex 191 184.66666666666666 134.5
    endloop
  endfacet
  facet normal 0 -1 0
    outer loop
      vertex 191 194.66666666666666 98
      vertex 191 194.66666666666666 134.5
      vertex 188 194.66666666666666 134.5
    endloop
  endfacet
  facet normal 0 0 -1
    outer loop
      vertex 188 184.66666666666666 134.5
      vertex 188 194.66666666666666 134.5
      vertex 191 194.66666666666666 134.5
    endloop
  endfacet
  facet normal 0 1 0
    outer loop
      vertex 188 184.66666666666666 98
      vertex 188 184.66666666666666 134.5
      vertex 191 184.66666666666666 134.5
    endloop
  endfacet
  facet normal 0 0 -1
    outer loop
      vertex 188 184.66666666666666 134.5
      vertex 191 194.66666666666666 134.5
      vertex 191 184.66666666666666 134.5
    endloop
  endfacet
  facet normal 0 0 1
    outer loop
      vertex 191 194.66666666666666 138.5
      vertex 188 194.66666666666666 138.5
      vertex 191 184.66666666666666 138.5
    endloop
  endfacet
  facet normal 0 0 1
    outer loop
      vertex 188 194.66666666666666 138.5
      vertex 188 184.66666666666666 138.5
      vertex 191 184.66666666666666 138.5
    endloop
  endfacet
  facet normal 0 -1 0
    outer loop
      vertex 191 194.66666666666666 138.5
      vertex 188 194.66666666666666 175
      vertex 188 194.66666666666666 138.5
    endloop
  endfacet
  facet normal 0 -1 0
    outer loop
      vertex 191 194.66666666666666 138.5
      vertex 191 194.66666666666666 175
      vertex 188 194.66666666666666 175
    endloop
  endfacet
  facet normal 0 1 0
    outer loop
      vertex 191 184.66666666666666 138.5
      vertex 188 184.66666666666666 138.5
      vertex 191 184.66666666666666 175
    endloop
  endfacet
  facet normal 0 1 0
    outer loop
      vertex 188 184.66666666666666 138.5
      vertex 188 184.66666666666666 175
      vertex 191 184.66666666666666 175
    endloop
  endfacet
  facet normal 0 0 -1
    outer loop
      vertex 188 194.66666666666666 175
      vertex 191 194.66666666666666 175
      vertex 188 184.66666666666666 175
    endloop
  endfacet
  facet normal 0 0 -1
    outer loop
      vertex 188 184.66666666666666 175
      vertex 191 194.66666666666666 175
      vertex 191 184.66666666666666 175
    endloop
  endfacet
  facet normal 0 0 1
    outer loop
      vertex 3 151 17
      vertex 3 161 17
      vertex 0 161 17
    endloop
  endfacet
  facet normal 0 0 1
    outer loop
      vertex 0 161 17
      vertex 0 151 17
      vertex 3 151 17
    endloop
  endfacet
  facet normal 0 -1 0
    outer loop
      vertex 0 161 53.5
      vertex 0 161 17
      vertex 3 161 17
    endloop
  endfacet
  facet normal 0 1 0
    outer loop
      vertex 3 151 17
      vertex 0 151 17
      vertex 3 151 53.5
    endloop
  endfacet
  facet normal 0 -1 0
    outer loop
      vertex 0 161 53.5
      vertex 3 161 17
      vertex 3 161 53.5
    endloop
  endfacet
  facet normal 0 1 0
    outer loop
      vertex 0 151 17
      vertex 0 151 53.5
      vertex 3 151 53.5
    endloop
  endfacet
  facet normal 0 0 -1
    outer loop
      vertex 0 151 53.5
      vertex 0 161 53.5
      vertex 3 161 53.5
    endloop
  endfacet
  facet normal 0 0 -1
    outer loop
      vertex 0 151 53.5
      vertex 3 161 53.5
      vertex 3 151 53.5
    endloop
  endfacet
  facet normal 0 0 1
    outer loop
      vertex 3 151 57.5
      vertex 3 161 57.5
      vertex 0 161 57.5
    endloop
  endfacet
  facet normal 0 0 1
    outer loop
      vertex 0 161 57.5
      vertex 0 151 57.5
      vertex 3 151 57.5
    endloop
  endfacet
  facet normal 0 -1 0
    outer loop
      vertex 0 161 94
      vertex 0 161 57.5
      vertex 3 161 57.5
    endloop
  endfacet
  facet normal 0 1 0
    outer loop
      vertex 0 151 57.5
      vertex 3 151 94
      vertex 3 151 57.5
    endloop
  endfacet
  facet normal 0 -1 0
    outer loop
      vertex 3 161 57.5
      vertex 3 161 94
      vertex 0 161 94
    endloop
  endfacet
  facet normal 0 1 0
    outer loop
      vertex 0 151 57.5
      vertex 0 151 94
      vertex 3 151 94
    endloop
  endfacet
  facet normal 0 0 -1
    outer loop
      vertex 0 161 94
      vertex 3 161 94
      vertex 0 151 94
    endloop
  endfacet
  facet normal 0 0 -1
    outer loop
      vertex 3 161 94
      vertex 3 151 94
      vertex 0 151 94
    endloop
  endfacet
  facet normal 0 0 1
    outer loop
      vertex 3 151 98
      vertex 3 161 98
      vertex 0 161 98
    endloop
  endfacet
  facet normal 0 0 1
    outer loop
      vertex 3 151 98
      vertex 0 161 98
      vertex 0 151 98
    endloop
  endfacet
  facet normal 0 -1 0
    outer loop
      vertex 0 161 134.5
      vertex 0 161 98
      vertex 3 161 98
    endloop
  endfacet
  facet normal 0 1 0
    outer loop
      vertex 3 151 98
      vertex 0 151 98
      vertex 3 151 134.5
    endloop
  endfacet
  facet normal 0 -1 0
    outer loop
      vertex 3 161 98
      vertex 3 161 134.5
      vertex 0 161 134.5
    endloop
  endfacet
  facet normal 0 1 0
    outer loop
      vertex 0 151 98
      vertex 0 151 134.5
      vertex 3 151 134.5
    endloop
  endfacet
  facet normal 0 0 -1
    outer loop
      vertex 0 161 134.5
      vertex 3 161 134.5
      vertex 0 151 134.5
    endloop
  endfacet
  facet normal 0 0 -1
    outer loop
      vertex 3 161 134.5
      vertex 3 151 134.5
      vertex 0 151 134.5
    endloop
  endfacet
  facet normal 0 0 1
    outer loop
      vertex 3 151 138.5
      vertex 3 161 138.5
      vertex 0 161 138.5
    endloop
  endfacet
  facet normal 0 0 1
    outer loop
      vertex 3 151 138.5
      vertex 0 161 138.5
      vertex 0 151 138.5
    endloop
  endfacet
  facet normal 0 -1 0
    outer loop
      vertex 0 161 175
      vertex 0 161 138.5
      vertex 3 161 138.5
    endloop
  endfacet
  facet normal 0 1 0
    outer loop
      vertex 3 151 138.5
      vertex 0 151 138.5
      vertex 3 151 175
    endloop
  endfacet
  facet normal 0 -1 0
    outer loop
      vertex 3 161 138.5
      vertex 3 161 175
      vertex 0 161 175
    endloop
  endfacet
  facet normal 0 1 0
    outer loop
      vertex 0 151 138.5
      vertex 0 151 175
      vertex 3 151 175
    endloop
  endfacet
  facet normal 0 0 -1
    outer loop
      vertex 0 161 175
      vertex 3 161 175
      vertex 0 151 175
    endloop
  endfacet
  facet normal 0 0 -1
    outer loop
      vertex 0 151 175
      vertex 3 161 175
      vertex 3 151 175
    endloop
  endfacet
  facet normal 0 0 1
    outer loop
      vertex 3 137 17
      vertex 3 147 17
      vertex 0 147 17
    endloop
  endfacet
  facet normal 0 0 1
    outer loop
      vertex 3 137 17
      vertex 0 147 17
      vertex 0 137 17
    endloop
  endfacet
  facet normal 0 -1 0
    outer loop
      vertex 3 147 17
      vertex 0 147 53.5
      vertex 0 147 17
    endloop
  endfacet
  facet normal 0 1 0
    outer loop
      vertex 3 137 17
      vertex 0 137 17
      vertex 3 137 53.5
    endloop
  endfacet
  facet normal 0 -1 0
    outer loop
      vertex 3 147 17
      vertex 3 147 53.5
      vertex 0 147 53.5
    endloop
  endfacet
  facet normal 0 1 0
    outer loop
      vertex 0 137 17
      vertex 0 137 53.5
      vertex 3 137 53.5
    endloop
  endfacet
  facet normal 0 0 -1
    outer loop
      vertex 0 147 53.5
      vertex 3 147 53.5
      vertex 0 137 53.5
    endloop
  endfacet
  facet normal 0 0 -1
    outer loop
      vertex 3 147 53.5
      vertex 3 137 53.5
      vertex 0 137 53.5
    endloop
  endfacet
  facet normal 0 0 1
    outer loop
      vertex 0 147 57.5
      vertex 3 137 57.5
      vertex 3 147 57.5
    endloop
  endfacet
  facet normal 0 0 1
    outer loop
      vertex 0 147 57.5
      vertex 0 137 57.5
      vertex 3 137 57.5
    endloop
  endfacet
  facet normal 0 -1 0
    outer loop
      vertex 0 147 94
      vertex 0 147 57.5
      vertex 3 147 57.5
    endloop
  endfacet
  facet normal 0 1 0
    outer loop
      vertex 0 137 57.5
      vertex 3 137 94
      vertex 3 137 57.5
    endloop
  endfacet
  facet normal 0 -1 0
    outer loop
      vertex 3 147 57.5
      vertex 3 147 94
      vertex 0 147 94
    endloop
  endfacet
  facet normal 0 1 0
    outer loop
      vertex 0 137 57.5
      vertex 0 137 94
      vertex 3 137 94
    endloop
  endfacet
  facet normal 0 0 -1
    outer loop
      vertex 0 147 94
      vertex 3 147 94
      vertex 0 137 94
    endloop
  endfacet
  facet normal 0 0 -1
    outer loop
      vertex 3 147 94
      vertex 3 137 94
      vertex 0 137 94
    endloop
  endfacet
  facet normal 0 0 1
    outer loop
      vertex 3 137 98
      vertex 3 147 98
      vertex 0 147 98
    endloop
  endfacet
  facet normal 0 0 1
    outer loop
      vertex 3 137 98
      vertex 0 147 98
      vertex 0 137 98
    endloop
  endfacet
  facet normal 0 -1 0
    outer loop
      vertex 3 147 98
      vertex 0 147 134.5
      vertex 0 147 98
    endloop
  endfacet
  facet normal 0 1 0
    outer loop
      vertex 3 137 98
      vertex 0 137 98
      vertex 3 137 134.5
    endloop
  endfacet
  facet normal 0 -1 0
    outer loop
      vertex 3 147 98
      vertex 3 147 134.5
      vertex 0 147 134.5
    endloop
  endfacet
  facet normal 0 1 0
    outer loop
      vertex 0 137 98
      vertex 0 137 134.5
      vertex 3 137 134.5
    endloop
  endfacet
  facet normal 0 0 -1
    outer loop
      vertex 0 147 134.5
      vertex 3 147 134.5
      vertex 0 137 134.5
    endloop
  endfacet
  facet normal 0 0 -1
    outer loop
      vertex 3 147 134.5
      vertex 3 137 134.5
      vertex 0 137 134.5
    endloop
  endfacet
  facet normal 0 0 1
    outer loop
      vertex 3 137 138.5
      vertex 3 147 138.5
      vertex 0 147 138.5
    endloop
  endfacet
  facet normal 0 0 1
    outer loop
      vertex 3 137 138.5
      vertex 0 147 138.5
      vertex 0 137 138.5
    endloop
  endfacet
  facet normal 0 -1 0
    outer loop
      vertex 3 147 138.5
      vertex 0 147 175
      vertex 0 147 138.5
    endloop
  endfacet
  facet normal 0 1 0
    outer loop
      vertex 3 137 138.5
      vertex 0 137 138.5
      vertex 3 137 175
    endloop
  endfacet
  facet normal 0 -1 0
    outer loop
      vertex 3 147 138.5
      vertex 3 147 175
      vertex 0 147 175
    endloop
  endfacet
  facet normal 0 1 0
    outer loop
      vertex 0 137 138.5
      vertex 0 137 175
      vertex 3 137 175
    endloop
  endfacet
  facet normal 0 0 -1
    outer loop
      vertex 0 147 175
      vertex 3 147 175
      vertex 0 137 175
    endloop
  endfacet
  facet normal 0 0 -1
    outer loop
      vertex 0 137 175
      vertex 3 147 175
      vertex 3 137 175
    endloop
  endfacet
  facet normal 0 0 1
    outer loop
      vertex 3 123 17
      vertex 3 133 17
      vertex 0 133 17
    endloop
  endfacet
  facet normal 0 0 1
    outer loop
      vertex 3 123 17
      vertex 0 133 17
      vertex 0 123 17
    endloop
  endfacet
  facet normal 0 -1 0
    outer loop
      vertex 3 133 17
      vertex 0 133 53.5
      vertex 0 133 17
    endloop
  endfacet
  facet normal 0 1 0
    outer loop
      vertex 3 123 17
      vertex 0 123 17
      vertex 3 123 53.5
    endloop
  endfacet
  facet normal 0 -1 0
    outer loop
      vertex 3 133 17
      vertex 3 133 53.5
      vertex 0 133 53.5
    endloop
  endfacet
  facet normal 0 1 0
    outer loop
      vertex 0 123 17
      vertex 0 123 53.5
      vertex 3 123 53.5
    endloop
  endfacet
  facet normal 0 0 -1
    outer loop
      vertex 0 133 53.5
      vertex 3 133 53.5
      vertex 0 123 53.5
    endloop
  endfacet
  facet normal 0 0 -1
    outer loop
      vertex 0 123 53.5
      vertex 3 133 53.5
      vertex 3 123 53.5
    endloop
  endfacet
  facet normal 0 0 1
    outer loop
      vertex 3 123 57.5
      vertex 3 133 57.5
      vertex 0 133 57.5
    endloop
  endfacet
  facet normal 0 0 1
    outer loop
      vertex 3 123 57.5
      vertex 0 133 57.5
      vertex 0 123 57.5
    endloop
  endfacet
  facet normal 0 -1 0
    outer loop
      vertex 3 133 57.5
      vertex 0 133 94
      vertex 0 133 57.5
    endloop
  endfacet
  facet normal 0 1 0
    outer loop
      vertex 3 123 57.5
      vertex 0 123 57.5
      vertex 3 123 94
    endloop
  endfacet
  facet normal 0 -1 0
    outer loop
      vertex 3 133 57.5
      vertex 3 133 94
      vertex 0 133 94
    endloop
  endfacet
  facet normal 0 1 0
    outer loop
      vertex 0 123 57.5
      vertex 0 123 94
      vertex 3 123 94
    endloop
  endfacet
  facet normal 0 0 -1
    outer loop
      vertex 0 133 94
      vertex 3 133 94
      vertex 0 123 94
    endloop
  endfacet
  facet normal 0 0 -1
    outer loop
      vertex 3 133 94
      vertex 3 123 94
      vertex 0 123 94
    endloop
  endfacet
  facet normal 0 0 1
    outer loop
      vertex 3 123 98
      vertex 3 133 98
      vertex 0 133 98
    endloop
  endfacet
  facet normal 0 0 1
    outer loop
      vertex 3 123 98
      vertex 0 133 98
      vertex 0 123 98
    endloop
  endfacet
  facet normal 0 -1 0
    outer loop
      vertex 0 133 134.5
      vertex 0 133 98
      vertex 3 133 98
    endloop
  endfacet
  facet normal 0 1 0
    outer loop
      vertex 3 123 98
      vertex 0 123 98
      vertex 3 123 134.5
    endloop
  endfacet
  facet normal 0 -1 0
    outer loop
      vertex 3 133 98
      vertex 3 133 134.5
      vertex 0 133 134.5
    endloop
  endfacet
  facet normal 0 1 0
    outer loop
      vertex 3 123 134.5
      vertex 0 123 98
      vertex 0 123 134.5
    endloop
  endfacet
  facet normal 0 0 -1
    outer loop
      vertex 0 133 134.5
      vertex 3 133 134.5
      vertex 0 123 134.5
    endloop
  endfacet
  facet normal 0 0 -1
    outer loop
      vertex 3 133 134.5
      vertex 3 123 134.5
      vertex 0 123 134.5
    endloop
  endfacet
  facet normal 0 0 1
    outer loop
      vertex 3 123 138.5
      vertex 3 133 138.5
      vertex 0 133 138.5
    endloop
  endfacet
  facet normal 0 0 1
    outer loop
      vertex 0 133 138.5
      vertex 0 123 138.5
      vertex 3 123 138.5
    endloop
  endfacet
  facet normal 0 -1 0
    outer loop
      vertex 3 133 138.5
      vertex 0 133 175
      vertex 0 133 138.5
    endloop
  endfacet
  facet normal 0 1 0
    outer loop
      vertex 0 123 138.5
      vertex 3 123 175
      vertex 3 123 138.5
    endloop
  endfacet
  facet normal 0 -1 0
    outer loop
      vertex 3 133 138.5
      vertex 3 133 175
      vertex 0 133 175
    endloop
  endfacet
  facet normal 0 1 0
    outer loop
      vertex 0 123 138.5
      vertex 0 123 175
      vertex 3 123 175
    endloop
  endfacet
  facet normal 0 0 -1
    outer loop
      vertex 0 133 175
      vertex 3 133 175
      vertex 0 123 175
    endloop
  endfacet
  facet normal 0 0 -1
    outer loop
      vertex 0 123 175
      vertex 3 133 175
      vertex 3 123 175
    endloop
  endfacet
  facet normal 0 0 1
    outer loop
      vertex 3 109 17
      vertex 3 119 17
      vertex 0 119 17
    endloop
  endfacet
  facet normal 0 0 1
    outer loop
      vertex 3 109 17
      vertex 0 119 17
      vertex 0 109 17
    endloop
  endfacet
  facet normal 0 -1 0
    outer loop
      vertex 3 119 17
      vertex 0 119 53.5
      vertex 0 119 17
    endloop
  endfacet
  facet normal 0 1 0
    outer loop
      vertex 3 109 17
      vertex 0 109 17
      vertex 3 109 53.5
    endloop
  endfacet
  facet normal 0 -1 0
    outer loop
      vertex 3 119 17
      vertex 3 119 53.5
      vertex 0 119 53.5
    endloop
  endfacet
  facet normal 0 1 0
    outer loop
      vertex 0 109 17
      vertex 0 109 53.5
      vertex 3 109 53.5
    endloop
  endfacet
  facet normal 0 0 -1
    outer loop
      vertex 0 119 53.5
      vertex 3 119 53.5
      vertex 0 109 53.5
    endloop
  endfacet
  facet normal 0 0 -1
    outer loop
      vertex 3 119 53.5
      vertex 3 109 53.5
      vertex 0 109 53.5
    endloop
  endfacet
  facet normal 0 0 1
    outer loop
      vertex 3 109 57.5
      vertex 3 119 57.5
      vertex 0 119 57.5
    endloop
  endfacet
  facet normal 0 0 1
    outer loop
      vertex 3 109 57.5
      vertex 0 119 57.5
      vertex 0 109 57.5
    endloop
  endfacet
  facet normal 0 -1 0
    outer loop
      vertex 0 119 57.5
      vertex 3 119 57.5
      vertex 0 119 94
    endloop
  endfacet
  facet normal 0 1 0
    outer loop
      vertex 3 109 57.5
      vertex 0 109 57.5
      vertex 3 109 94
    endloop
  endfacet
  facet normal 0 -1 0
    outer loop
      vertex 3 119 57.5
      vertex 3 119 94
      vertex 0 119 94
    endloop
  endfacet
  facet normal 0 1 0
    outer loop
      vertex 3 109 94
      vertex 0 109 57.5
      vertex 0 109 94
    endloop
  endfacet
  facet normal 0 0 -1
    outer loop
      vertex 0 119 94
      vertex 3 119 94
      vertex 0 109 94
    endloop
  endfacet
  facet normal 0 0 -1
    outer loop
      vertex 3 119 94
      vertex 3 109 94
      vertex 0 109 94
    endloop
  endfacet
  facet normal 0 0 1
    outer loop
      vertex 3 109 98
      vertex 3 119 98
      vertex 0 119 98
    endloop
  endfacet
  facet normal 0 0 1
    outer loop
      vertex 3 109 98
      vertex 0 119 98
      vertex 0 109 98
    endloop
  endfacet
  facet normal 0 -1 0
    outer loop
      vertex 3 119 98
      vertex 0 119 134.5
      vertex 0 119 98
    endloop
  endfacet
  facet normal 0 1 0
    outer loop
      vertex 3 109 98
      vertex 0 109 98
      vertex 3 109 134.5
    endloop
  endfacet
  facet normal 0 -1 0
    outer loop
      vertex 3 119 98
      vertex 3 119 134.5
      vertex 0 119 134.5
    endloop
  endfacet
  facet normal 0 1 0
    outer loop
      vertex 0 109 98
      vertex 0 109 134.5
      vertex 3 109 134.5
    endloop
  endfacet
  facet normal 0 0 -1
    outer loop
      vertex 0 119 134.5
      vertex 3 119 134.5
      vertex 0 109 134.5
    endloop
  endfacet
  facet normal 0 0 -1
    outer loop
      vertex 0 109 134.5
      vertex 3 119 134.5
      vertex 3 109 134.5
    endloop
  endfacet
  facet normal 0 0 1
    outer loop
      vertex 0 119 138.5
      vertex 3 109 138.5
      vertex 3 119 138.5
    endloop
  endfacet
  facet normal 0 0 1
    outer loop
      vertex 0 119 138.5
      vertex 0 109 138.5
      vertex 3 109 138.5
    endloop
  endfacet
  facet normal 0 -1 0
    outer loop
      vertex 0 119 138.5
      vertex 3 119 138.5
      vertex 0 119 175
    endloop
  endfacet
  facet normal 0 1 0
    outer loop
      vertex 0 109 138.5
      vertex 3 109 175
      vertex 3 109 138.5
    endloop
  endfacet
  facet normal 0 -1 0
    outer loop
      vertex 3 119 138.5
      vertex 3 119 175
      vertex 0 119 175
    endloop
  endfacet
  facet normal 0 1 0
    outer loop
      vertex 0 109 138.5
      vertex 0 109 175
      vertex 3 109 175
    endloop
  endfacet
  facet normal 0 0 -1
    outer loop
      vertex 0 119 175
      vertex 3 119 175
      vertex 0 109 175
    endloop
  endfacet
  facet normal 0 0 -1
    outer loop
      vertex 0 109 175
      vertex 3 119 175
      vertex 3 109 175
    endloop
  endfacet
  facet normal 0 0 1
    outer loop
      vertex 188 161 17
      vertex 191 151 17
      vertex 191 161 17
    endloop
  endfacet
  facet normal 0 0 1
    outer loop
      vertex 188 161 17
      vertex 188 151 17
      vertex 191 151 17
    endloop
  endfacet
  facet normal 0 -1 0
    outer loop
      vertex 188 161 53.5
      vertex 188 161 17
      vertex 191 161 17
    endloop
  endfacet
  facet normal 0 1 0
    outer loop
      vertex 188 151 17
      vertex 191 151 53.5
      vertex 191 151 17
    endloop
  endfacet
  facet normal 0 -1 0
    outer loop
      vertex 191 161 17
      vertex 191 161 53.5
      vertex 188 161 53.5
    endloop
  endfacet
  facet normal 0 1 0
    outer loop
      vertex 188 151 17
      vertex 188 151 53.5
      vertex 191 151 53.5
    endloop
  endfacet
  facet normal 0 0 -1
    outer loop
      vertex 188 161 53.5
      vertex 191 161 53.5
      vertex 188 151 53.5
    endloop
  endfacet
  facet normal 0 0 -1
    outer loop
      vertex 191 161 53.5
      vertex 191 151 53.5
      vertex 188 151 53.5
    endloop
  endfacet
  facet normal 0 0 1
    outer loop
      vertex 191 151 57.5
      vertex 191 161 57.5
      vertex 188 161 57.5
    endloop
  endfacet
  facet normal 0 0 1
    outer loop
      vertex 191 151 57.5
      vertex 188 161 57.5
      vertex 188 151 57.5
    endloop
  endfacet
  facet normal 0 -1 0
    outer loop
      vertex 188 161 94
      vertex 188 161 57.5
      vertex 191 161 57.5
    endloop
  endfacet
  facet normal 0 1 0
    outer loop
      vertex 191 151 57.5
      vertex 188 151 57.5
      vertex 191 151 94
    endloop
  endfacet
  facet normal 0 -1 0
    outer loop
      vertex 191 161 57.5
      vertex 191 161 94
      vertex 188 161 94
    endloop
  endfacet
  facet normal 0 1 0
    outer loop
      vertex 188 151 57.5
      vertex 188 151 94
      vertex 191 151 94
    endloop
  endfacet
  facet normal 0 0 -1
    outer loop
      vertex 188 161 94
      vertex 191 161 94
      vertex 188 151 94
    endloop
  endfacet
  facet normal 0 0 -1
    outer loop
      vertex 191 161 94
      vertex 191 151 94
      vertex 188 151 94
    endloop
  endfacet
  facet normal 0 0 1
    outer loop
      vertex 191 151 98
      vertex 191 161 98
      vertex 188 161 98
    endloop
  endfacet
  facet normal 0 0 1
    outer loop
      vertex 191 151 98
      vertex 188 161 98
      vertex 188 151 98
    endloop
  endfacet
  facet normal 0 -1 0
    outer loop
      vertex 188 161 134.5
      vertex 188 161 98
      vertex 191 161 98
    endloop
  endfacet
  facet normal 0 1 0
    outer loop
      vertex 191 151 98
      vertex 188 151 98
      vertex 191 151 134.5
    endloop
  endfacet
  facet normal 0 -1 0
    outer loop
      vertex 191 161 98
      vertex 191 161 134.5
      vertex 188 161 134.5
    endloop
  endfacet
  facet normal 0 1 0
    outer loop
      vertex 191 151 134.5
      vertex 188 151 98
      vertex 188 151 134.5
    endloop
  endfacet
  facet normal 0 0 -1
    outer loop
      vertex 188 161 134.5
      vertex 191 161 134.5
      vertex 188 151 134.5
    endloop
  endfacet
  facet normal 0 0 -1
    outer loop
      vertex 191 161 134.5
      vertex 191 151 134.5
      vertex 188 151 134.5
    endloop
  endfacet
  facet normal 0 0 1
    outer loop
      vertex 191 151 138.5
      vertex 191 161 138.5
      vertex 188 161 138.5
    endloop
  endfacet
  facet normal 0 0 1
    outer loop
      vertex 188 161 138.5
      vertex 188 151 138.5
      vertex 191 151 138.5
    endloop
  endfacet
  facet normal 0 -1 0
    outer loop
      vertex 191 161 138.5
      vertex 188 161 175
      vertex 188 161 138.5
    endloop
  endfacet
  facet normal 0 1 0
    outer loop
      vertex 188 151 138.5
      vertex 191 151 175
      vertex 191 151 138.5
    endloop
  endfacet
  facet normal 0 -1 0
    outer loop
      vertex 191 161 138.5
      vertex 191 161 175
      vertex 188 161 175
    endloop
  endfacet
  facet normal 0 1 0
    outer loop
      vertex 188 151 138.5
      vertex 188 151 175
      vertex 191 151 175
    endloop
  endfacet
  facet normal 0 0 -1
    outer loop
      vertex 188 161 175
      vertex 191 161 175
      vertex 188 151 175
    endloop
  endfacet
  facet normal 0 0 -1
    outer loop
      vertex 188 151 175
      vertex 191 161 175
      vertex 191 151 175
    endloop
  endfacet
  facet normal 0 0 1
    outer loop
      vertex 188 147 17
      vertex 191 137 17
      vertex 191 147 17
    endloop
  endfacet
  facet normal 0 0 1
    outer loop
      vertex 188 147 17
      vertex 188 137 17
      vertex 191 137 17
    endloop
  endfacet
  facet normal 0 -1 0
    outer loop
      vertex 188 147 17
      vertex 191 147 17
      vertex 188 147 53.5
    endloop
  endfacet
  facet normal 0 1 0
    outer loop
      vertex 188 137 17
      vertex 191 137 53.5
      vertex 191 137 17
    endloop
  endfacet
  facet normal 0 -1 0
    outer loop
      vertex 191 147 17
      vertex 191 147 53.5
      vertex 188 147 53.5
    endloop
  endfacet
  facet normal 0 1 0
    outer loop
      vertex 188 137 17
      vertex 188 137 53.5
      vertex 191 137 53.5
    endloop
  endfacet
  facet normal 0 0 -1
    outer loop
      vertex 188 147 53.5
      vertex 191 147 53.5
      vertex 188 137 53.5
    endloop
  endfacet
  facet normal 0 0 -1
    outer loop
      vertex 191 147 53.5
      vertex 191 137 53.5
      vertex 188 137 53.5
    endloop
  endfacet
  facet normal 0 0 1
    outer loop
      vertex 191 137 57.5
      vertex 191 147 57.5
      vertex 188 147 57.5
    endloop
  endfacet
  facet normal 0 0 1
    outer loop
      vertex 191 137 57.5
      vertex 188 147 57.5
      vertex 188 137 57.5
    endloop
  endfacet
  facet normal 0 -1 0
    outer loop
      vertex 191 147 57.5
      vertex 188 147 94
      vertex 188 147 57.5
    endloop
  endfacet
  facet normal 0 1 0
    outer loop
      vertex 191 137 57.5
      vertex 188 137 57.5
      vertex 191 137 94
    endloop
  endfacet
  facet normal 0 -1 0
    outer loop
      vertex 191 147 57.5
      vertex 191 147 94
      vertex 188 147 94
    endloop
  endfacet
  facet normal 0 1 0
    outer loop
      vertex 188 137 57.5
      vertex 188 137 94
      vertex 191 137 94
    endloop
  endfacet
  facet normal 0 0 -1
    outer loop
      vertex 188 147 94
      vertex 191 147 94
      vertex 188 137 94
    endloop
  endfacet
  facet normal 0 0 -1
    outer loop
      vertex 191 147 94
      vertex 191 137 94
      vertex 188 137 94
    endloop
  endfacet
  facet normal 0 0 1
    outer loop
      vertex 191 137 98
      vertex 191 147 98
      vertex 188 147 98
    endloop
  endfacet
  facet normal 0 0 1
    outer loop
      vertex 191 137 98
      vertex 188 147 98
      vertex 188 137 98
    endloop
  endfacet
  facet normal 0 -1 0
    outer loop
      vertex 191 147 98
      vertex 188 147 134.5
      vertex 188 147 98
    endloop
  endfacet
  facet normal 0 1 0
    outer loop
      vertex 191 137 98
      vertex 188 137 98
      vertex 191 137 134.5
    endloop
  endfacet
  facet normal 0 -1 0
    outer loop
      vertex 191 147 98
      vertex 191 147 134.5
      vertex 188 147 134.5
    endloop
  endfacet
  facet normal 0 1 0
    outer loop
      vertex 188 137 98
      vertex 188 137 134.5
      vertex 191 137 134.5
    endloop
  endfacet
  facet normal 0 0 -1
    outer loop
      vertex 188 147 134.5
      vertex 191 147 134.5
      vertex 188 137 134.5
    endloop
  endfacet
  facet normal 0 0 -1
    outer loop
      vertex 188 137 134.5
      vertex 191 147 134.5
      vertex 191 137 134.5
    endloop
  endfacet
  facet normal 0 0 1
    outer loop
      vertex 188 147 138.5
      vertex 191 137 138.5
      vertex 191 147 138.5
    endloop
  endfacet
  facet normal 0 0 1
    outer loop
      vertex 188 137 138.5
      vertex 191 137 138.5
      vertex 188 147 138.5
    endloop
  endfacet
  facet normal 0 -1 0
    outer loop
      vertex 188 147 138.5
      vertex 191 147 138.5
      vertex 188 147 175
    endloop
  endfacet
  facet normal 0 1 0
    outer loop
      vertex 191 137 175
      vertex 191 137 138.5
      vertex 188 137 138.5
    endloop
  endfacet
  facet normal 0 -1 0
    outer loop
      vertex 191 147 175
      vertex 188 147 175
      vertex 191 147 138.5
    endloop
  endfacet
  facet normal 0 1 0
    outer loop
      vertex 191 137 175
      vertex 188 137 138.5
      vertex 188 137 175
    endloop
  endfacet
  facet normal 0 0 -1
    outer loop
      vertex 188 147 175
      vertex 191 147 175
      vertex 188 137 175
    endloop
  endfacet
  facet normal 0 0 -1
    outer loop
      vertex 188 137 175
      vertex 191 147 175
      vertex 191 137 175
    endloop
  endfacet
  facet normal 0 0 1
    outer loop
      vertex 188 133 17
      vertex 191 123 17
      vertex 191 133 17
    endloop
  endfacet
  facet normal 0 0 1
    outer loop
      vertex 188 133 17
      vertex 188 123 17
      vertex 191 123 17
    endloop
  endfacet
  facet normal 0 -1 0
    outer loop
      vertex 188 133 17
      vertex 191 133 17
      vertex 188 133 53.5
    endloop
  endfacet
  facet normal 0 1 0
    outer loop
      vertex 188 123 17
      vertex 191 123 53.5
      vertex 191 123 17
    endloop
  endfacet
  facet normal 0 -1 0
    outer loop
      vertex 188 133 53.5
      vertex 191 133 17
      vertex 191 133 53.5
    endloop
  endfacet
  facet normal 0 1 0
    outer loop
      vertex 188 123 17
      vertex 188 123 53.5
      vertex 191 123 53.5
    endloop
  endfacet
  facet normal 0 0 -1
    outer loop
      vertex 188 123 53.5
      vertex 188 133 53.5
      vertex 191 133 53.5
    endloop
  endfacet
  facet normal 0 0 -1
    outer loop
      vertex 188 123 53.5
      vertex 191 133 53.5
      vertex 191 123 53.5
    endloop
  endfacet
  facet normal 0 0 1
    outer loop
      vertex 191 123 57.5
      vertex 191 133 57.5
      vertex 188 133 57.5
    endloop
  endfacet
  facet normal 0 0 1
    outer loop
      vertex 188 133 57.5
      vertex 188 123 57.5
      vertex 191 123 57.5
    endloop
  endfacet
  facet normal 0 -1 0
    outer loop
      vertex 191 133 57.5
      vertex 188 133 94
      vertex 188 133 57.5
    endloop
  endfacet
  facet normal 0 1 0
    outer loop
      vertex 188 123 57.5
      vertex 191 123 94
      vertex 191 123 57.5
    endloop
  endfacet
  facet normal 0 -1 0
    outer loop
      vertex 191 133 57.5
      vertex 191 133 94
      vertex 188 133 94
    endloop
  endfacet
  facet normal 0 1 0
    outer loop
      vertex 188 123 57.5
      vertex 188 123 94
      vertex 191 123 94
    endloop
  endfacet
  facet normal 0 0 -1
    outer loop
      vertex 188 133 94
      vertex 191 133 94
      vertex 188 123 94
    endloop
  endfacet
  facet normal 0 0 -1
    outer loop
      vertex 191 133 94
      vertex 191 123 94
      vertex 188 123 94
    endloop
  endfacet
  facet normal 0 0 1
    outer loop
      vertex 191 123 98
      vertex 191 133 98
      vertex 188 133 98
    endloop
  endfacet
  facet normal 0 0 1
    outer loop
      vertex 191 123 98
      vertex 188 133 98
      vertex 188 123 98
    endloop
  endfacet
  facet normal 0 -1 0
    outer loop
      vertex 188 133 134.5
      vertex 188 133 98
      vertex 191 133 98
    endloop
  endfacet
  facet normal 0 1 0
    outer loop
      vertex 191 123 98
      vertex 188 123 98
      vertex 191 123 134.5
    endloop
  endfacet
  facet normal 0 -1 0
    outer loop
      vertex 188 133 134.5
      vertex 191 133 98
      vertex 191 133 134.5
    endloop
  endfacet
  facet normal 0 1 0
    outer loop
      vertex 188 123 98
      vertex 188 123 134.5
      vertex 191 123 134.5
    endloop
  endfacet
  facet normal 0 0 -1
    outer loop
      vertex 188 133 134.5
      vertex 191 133 134.5
      vertex 188 123 134.5
    endloop
  endfacet
  facet normal 0 0 -1
    outer loop
      vertex 188 123 134.5
      vertex 191 133 134.5
      vertex 191 123 134.5
    endloop
  endfacet
  facet normal 0 0 1
    outer loop
      vertex 188 133 138.5
      vertex 191 123 138.5
      vertex 191 133 138.5
    endloop
  endfacet
  facet normal 0 0 1
    outer loop
      vertex 188 133 138.5
      vertex 188 123 138.5
      vertex 191 123 138.5
    endloop
  endfacet
  facet normal 0 -1 0
    outer loop
      vertex 191 133 138.5
      vertex 188 133 175
      vertex 188 133 138.5
    endloop
  endfacet
  facet normal 0 1 0
    outer loop
      vertex 191 123 175
      vertex 191 123 138.5
      vertex 188 123 138.5
    endloop
  endfacet
  facet normal 0 -1 0
    outer loop
      vertex 191 133 138.5
      vertex 191 133 175
      vertex 188 133 175
    endloop
  endfacet
  facet normal 0 1 0
    outer loop
      vertex 188 123 138.5
      vertex 188 123 175
      vertex 191 123 175
    endloop
  endfacet
  facet normal 0 0 -1
    outer loop
      vertex 188 133 175
      vertex 191 133 175
      vertex 188 123 175
    endloop
  endfacet
  facet normal 0 0 -1
    outer loop
      vertex 188 123 175
      vertex 191 133 175
      vertex 191 123 175
    endloop
  endfacet
  facet normal 0 0 1
    outer loop
      vertex 188 119 17
      vertex 191 109 17
      vertex 191 119 17
    endloop
  endfacet
  facet normal 0 0 1
    outer loop
      vertex 188 119 17
      vertex 188 109 17
      vertex 191 109 17
    endloop
  endfacet
  facet normal 0 -1 0
    outer loop
      vertex 188 119 17
      vertex 191 119 17
      vertex 188 119 53.5
    endloop
  endfacet
  facet normal 0 1 0
    outer loop
      vertex 188 109 17
      vertex 191 109 53.5
      vertex 191 109 17
    endloop
  endfacet
  facet normal 0 -1 0
    outer loop
      vertex 191 119 17
      vertex 191 119 53.5
      vertex 188 119 53.5
    endloop
  endfacet
  facet normal 0 1 0
    outer loop
      vertex 188 109 17
      vertex 188 109 53.5
      vertex 191 109 53.5
    endloop
  endfacet
  facet normal 0 0 -1
    outer loop
      vertex 188 119 53.5
      vertex 191 119 53.5
      vertex 188 109 53.5
    endloop
  endfacet
  facet normal 0 0 -1
    outer loop
      vertex 188 109 53.5
      vertex 191 119 53.5
      vertex 191 109 53.5
    endloop
  endfacet
  facet normal 0 0 1
    outer loop
      vertex 188 119 57.5
      vertex 191 109 57.5
      vertex 191 119 57.5
    endloop
  endfacet
  facet normal 0 0 1
    outer loop
      vertex 188 119 57.5
      vertex 188 109 57.5
      vertex 191 109 57.5
    endloop
  endfacet
  facet normal 0 -1 0
    outer loop
      vertex 188 119 94
      vertex 188 119 57.5
      vertex 191 119 57.5
    endloop
  endfacet
  facet normal 0 1 0
    outer loop
      vertex 188 109 57.5
      vertex 191 109 94
      vertex 191 109 57.5
    endloop
  endfacet
  facet normal 0 -1 0
    outer loop
      vertex 191 119 57.5
      vertex 191 119 94
      vertex 188 119 94
    endloop
  endfacet
  facet normal 0 1 0
    outer loop
      vertex 188 109 57.5
      vertex 188 109 94
      vertex 191 109 94
    endloop
  endfacet
  facet normal 0 0 -1
    outer loop
      vertex 188 119 94
      vertex 191 119 94
      vertex 188 109 94
    endloop
  endfacet
  facet normal 0 0 -1
    outer loop
      vertex 191 119 94
      vertex 191 109 94
      vertex 188 109 94
    endloop
  endfacet
  facet normal 0 0 1
    outer loop
      vertex 191 109 98
      vertex 191 119 98
      vertex 188 119 98
    endloop
  endfacet
  facet normal 0 0 1
    outer loop
      vertex 191 109 98
      vertex 188 119 98
      vertex 188 109 98
    endloop
  endfacet
  facet normal 0 -1 0
    outer loop
      vertex 191 119 98
      vertex 188 119 134.5
      vertex 188 119 98
    endloop
  endfacet
  facet normal 0 1 0
    outer loop
      vertex 188 109 98
      vertex 191 109 134.5
      vertex 191 109 98
    endloop
  endfacet
  facet normal 0 -1 0
    outer loop
      vertex 191 119 98
      vertex 191 119 134.5
      vertex 188 119 134.5
    endloop
  endfacet
  facet normal 0 1 0
    outer loop
      vertex 188 109 98
      vertex 188 109 134.5
      vertex 191 109 134.5
    endloop
  endfacet
  facet normal 0 0 -1
    outer loop
      vertex 188 119 134.5
      vertex 191 119 134.5
      vertex 188 109 134.5
    endloop
  endfacet
  facet normal 0 0 -1
    outer loop
      vertex 188 109 134.5
      vertex 191 119 134.5
      vertex 191 109 134.5
    endloop
  endfacet
  facet normal 0 0 1
    outer loop
      vertex 188 119 138.5
      vertex 191 109 138.5
      vertex 191 119 138.5
    endloop
  endfacet
  facet normal 0 0 1
    outer loop
      vertex 188 119 138.5
      vertex 188 109 138.5
      vertex 191 109 138.5
    endloop
  endfacet
  facet normal 0 -1 0
    outer loop
      vertex 191 119 138.5
      vertex 188 119 175
      vertex 188 119 138.5
    endloop
  endfacet
  facet normal 0 1 0
    outer loop
      vertex 191 109 175
      vertex 191 109 138.5
      vertex 188 109 138.5
    endloop
  endfacet
  facet normal 0 -1 0
    outer loop
      vertex 191 119 138.5
      vertex 191 119 175
      vertex 188 119 175
    endloop
  endfacet
  facet normal 0 1 0
    outer loop
      vertex 188 109 138.5
      vertex 188 109 175
      vertex 191 109 175
    endloop
  endfacet
  facet normal 0 0 -1
    outer loop
      vertex 188 119 175
      vertex 191 119 175
      vertex 188 109 175
    endloop
  endfacet
  facet normal 0 0 -1
    outer loop
      vertex 188 109 175
      vertex 191 119 175
      vertex 191 109 175
    endloop
  endfacet
  facet normal 0 0 1
    outer loop
      vertex 3 82.6 17
      vertex 0 82.6 17
      vertex 3 72.6 17
    endloop
  endfacet
  facet normal 0 0 1
    outer loop
      vertex 0 82.6 17
      vertex 0 72.6 17
      vertex 3 72.6 17
    endloop
  endfacet
  facet normal 0 -1 0
    outer loop
      vertex 0 82.6 17
      vertex 3 82.6 17
      vertex 0 82.6 53.5
    endloop
  endfacet
  facet normal 0 -1 0
    outer loop
      vertex 3 82.6 17
      vertex 3 82.6 53.5
      vertex 0 82.6 53.5
    endloop
  endfacet
  facet normal 0 1 0
    outer loop
      vertex 0 72.6 17
      vertex 3 72.6 53.5
      vertex 3 72.6 17
    endloop
  endfacet
  facet normal 0 1 0
    outer loop
      vertex 3 72.6 53.5
      vertex 0 72.6 17
      vertex 0 72.6 53.5
    endloop
  endfacet
  facet normal 0 0 -1
    outer loop
      vertex 0 82.6 53.5
      vertex 3 82.6 53.5
      vertex 0 72.6 53.5
    endloop
  endfacet
  facet normal 0 0 -1
    outer loop
      vertex 0 72.6 53.5
      vertex 3 82.6 53.5
      vertex 3 72.6 53.5
    endloop
  endfacet
  facet normal 0 -1 0
    outer loop
      vertex 0 82.6 57.5
      vertex 3 82.6 57.5
      vertex 0 82.6 94
    endloop
  endfacet
  facet normal 0 0 1
    outer loop
      vertex 3 82.6 57.5
      vertex 0 82.6 57.5
      vertex 3 72.6 57.5
    endloop
  endfacet
  facet normal 0 0 1
    outer loop
      vertex 0 82.6 57.5
      vertex 0 72.6 57.5
      vertex 3 72.6 57.5
    endloop
  endfacet
  facet normal 0 1 0
    outer loop
      vertex 0 72.6 57.5
      vertex 3 72.6 94
      vertex 3 72.6 57.5
    endloop
  endfacet
  facet normal 0 -1 0
    outer loop
      vertex 3 82.6 57.5
      vertex 3 82.6 94
      vertex 0 82.6 94
    endloop
  endfacet
  facet normal 0 1 0
    outer loop
      vertex 0 72.6 57.5
      vertex 0 72.6 94
      vertex 3 72.6 94
    endloop
  endfacet
  facet normal 0 0 -1
    outer loop
      vertex 0 82.6 94
      vertex 3 82.6 94
      vertex 0 72.6 94
    endloop
  endfacet
  facet normal 0 0 -1
    outer loop
      vertex 0 72.6 94
      vertex 3 82.6 94
      vertex 3 72.6 94
    endloop
  endfacet
  facet normal 0 -1 0
    outer loop
      vertex 0 82.6 134.5
      vertex 0 82.6 98
      vertex 3 82.6 98
    endloop
  endfacet
  facet normal 0 0 1
    outer loop
      vertex 3 82.6 98
      vertex 0 82.6 98
      vertex 3 72.6 98
    endloop
  endfacet
  facet normal 0 0 1
    outer loop
      vertex 0 82.6 98
      vertex 0 72.6 98
      vertex 3 72.6 98
    endloop
  endfacet
  facet normal 0 1 0
    outer loop
      vertex 0 72.6 98
      vertex 3 72.6 134.5
      vertex 3 72.6 98
    endloop
  endfacet
  facet normal 0 -1 0
    outer loop
      vertex 3 82.6 98
      vertex 3 82.6 134.5
      vertex 0 82.6 134.5
    endloop
  endfacet
  facet normal 0 1 0
    outer loop
      vertex 0 72.6 98
      vertex 0 72.6 134.5
      vertex 3 72.6 134.5
    endloop
  endfacet
  facet normal 0 0 -1
    outer loop
      vertex 0 82.6 134.5
      vertex 3 82.6 134.5
      vertex 0 72.6 134.5
    endloop
  endfacet
  facet normal 0 0 -1
    outer loop
      vertex 0 72.6 134.5
      vertex 3 82.6 134.5
      vertex 3 72.6 134.5
    endloop
  endfacet
  facet normal 0 0 1
    outer loop
      vertex 3 82.6 138.5
      vertex 0 82.6 138.5
      vertex 3 72.6 138.5
    endloop
  endfacet
  facet normal 0 0 1
    outer loop
      vertex 0 82.6 138.5
      vertex 0 72.6 138.5
      vertex 3 72.6 138.5
    endloop
  endfacet
  facet normal 0 -1 0
    outer loop
      vertex 0 82.6 138.5
      vertex 3 82.6 138.5
      vertex 0 82.6 175
    endloop
  endfacet
  facet normal 0 -1 0
    outer loop
      vertex 3 82.6 138.5
      vertex 3 82.6 175
      vertex 0 82.6 175
    endloop
  endfacet
  facet normal 0 1 0
    outer loop
      vertex 0 72.6 138.5
      vertex 3 72.6 175
      vertex 3 72.6 138.5
    endloop
  endfacet
  facet normal 0 1 0
    outer loop
      vertex 0 72.6 138.5
      vertex 0 72.6 175
      vertex 3 72.6 175
    endloop
  endfacet
  facet normal 0 0 -1
    outer loop
      vertex 0 82.6 175
      vertex 3 82.6 175
      vertex 0 72.6 175
    endloop
  endfacet
  facet normal 0 0 -1
    outer loop
      vertex 0 72.6 175
      vertex 3 82.6 175
      vertex 3 72.6 175
    endloop
  endfacet
  facet normal 0 0 1
    outer loop
      vertex 0 68.19999999999999 17
      vertex 3 58.19999999999999 17
      vertex 3 68.19999999999999 17
    endloop
  endfacet
  facet normal 0 0 1
    outer loop
      vertex 0 68.19999999999999 17
      vertex 0 58.19999999999999 17
      vertex 3 58.19999999999999 17
    endloop
  endfacet
  facet normal 0 -1 0
    outer loop
      vertex 0 68.19999999999999 17
      vertex 3 68.19999999999999 17
      vertex 0 68.19999999999999 53.5
    endloop
  endfacet
  facet normal 0 1 0
    outer loop
      vertex 0 58.19999999999999 17
      vertex 3 58.19999999999999 53.5
      vertex 3 58.19999999999999 17
    endloop
  endfacet
  facet normal 0 -1 0
    outer loop
      vertex 3 68.19999999999999 17
      vertex 3 68.19999999999999 53.5
      vertex 0 68.19999999999999 53.5
    endloop
  endfacet
  facet normal 0 1 0
    outer loop
      vertex 0 58.19999999999999 17
      vertex 0 58.19999999999999 53.5
      vertex 3 58.19999999999999 53.5
    endloop
  endfacet
  facet normal 0 0 -1
    outer loop
      vertex 0 68.19999999999999 53.5
      vertex 3 68.19999999999999 53.5
      vertex 0 58.19999999999999 53.5
    endloop
  endfacet
  facet normal 0 0 -1
    outer loop
      vertex 0 58.19999999999999 53.5
      vertex 3 68.19999999999999 53.5
      vertex 3 58.19999999999999 53.5
    endloop
  endfacet
  facet normal 0 0 1
    outer loop
      vertex 0 68.19999999999999 57.5
      vertex 3 58.19999999999999 57.5
      vertex 3 68.19999999999999 57.5
    endloop
  endfacet
  facet normal 0 0 1
    outer loop
      vertex 0 68.19999999999999 57.5
      vertex 0 58.19999999999999 57.5
      vertex 3 58.19999999999999 57.5
    endloop
  endfacet
  facet normal 0 -1 0
    outer loop
      vertex 3 68.19999999999999 57.5
      vertex 0 68.19999999999999 94
      vertex 0 68.19999999999999 57.5
    endloop
  endfacet
  facet normal 0 1 0
    outer loop
      vertex 0 58.19999999999999 57.5
      vertex 3 58.19999999999999 94
      vertex 3 58.19999999999999 57.5
    endloop
  endfacet
  facet normal 0 -1 0
    outer loop
      vertex 3 68.19999999999999 57.5
      vertex 3 68.19999999999999 94
      vertex 0 68.19999999999999 94
    endloop
  endfacet
  facet normal 0 1 0
    outer loop
      vertex 0 58.19999999999999 57.5
      vertex 0 58.19999999999999 94
      vertex 3 58.19999999999999 94
    endloop
  endfacet
  facet normal 0 0 -1
    outer loop
      vertex 0 68.19999999999999 94
      vertex 3 68.19999999999999 94
      vertex 0 58.19999999999999 94
    endloop
  endfacet
  facet normal 0 0 -1
    outer loop
      vertex 0 58.19999999999999 94
      vertex 3 68.19999999999999 94
      vertex 3 58.19999999999999 94
    endloop
  endfacet
  facet normal 0 0 1
    outer loop
      vertex 0 68.19999999999999 98
      vertex 3 58.19999999999999 98
      vertex 3 68.19999999999999 98
    endloop
  endfacet
  facet normal 0 0 1
    outer loop
      vertex 0 68.19999999999999 98
      vertex 0 58.19999999999999 98
      vertex 3 58.19999999999999 98
    endloop
  endfacet
  facet normal 0 -1 0
    outer loop
      vertex 0 68.19999999999999 98
      vertex 3 68.19999999999999 98
      vertex 0 68.19999999999999 134.5
    endloop
  endfacet
  facet normal 0 1 0
    outer loop
      vertex 0 58.19999999999999 98
      vertex 3 58.19999999999999 134.5
      vertex 3 58.19999999999999 98
    endloop
  endfacet
  facet normal 0 -1 0
    outer loop
      vertex 0 68.19999999999999 134.5
      vertex 3 68.19999999999999 98
      vertex 3 68.19999999999999 134.5
    endloop
  endfacet
  facet normal 0 1 0
    outer loop
      vertex 0 58.19999999999999 98
      vertex 0 58.19999999999999 134.5
      vertex 3 58.19999999999999 134.5
    endloop
  endfacet
  facet normal 0 0 -1
    outer loop
      vertex 0 58.19999999999999 134.5
      vertex 0 68.19999999999999 134.5
      vertex 3 68.19999999999999 134.5
    endloop
  endfacet
  facet normal 0 0 -1
    outer loop
      vertex 0 58.19999999999999 134.5
      vertex 3 68.19999999999999 134.5
      vertex 3 58.19999999999999 134.5
    endloop
  endfacet
  facet normal 0 0 1
    outer loop
      vertex 0 68.19999999999999 138.5
      vertex 3 58.19999999999999 138.5
      vertex 3 68.19999999999999 138.5
    endloop
  endfacet
  facet normal 0 0 1
    outer loop
      vertex 0 68.19999999999999 138.5
      vertex 0 58.19999999999999 138.5
      vertex 3 58.19999999999999 138.5
    endloop
  endfacet
  facet normal 0 -1 0
    outer loop
      vertex 0 68.19999999999999 138.5
      vertex 3 68.19999999999999 138.5
      vertex 0 68.19999999999999 175
    endloop
  endfacet
  facet normal 0 1 0
    outer loop
      vertex 0 58.19999999999999 138.5
      vertex 3 58.19999999999999 175
      vertex 3 58.19999999999999 138.5
    endloop
  endfacet
  facet normal 0 -1 0
    outer loop
      vertex 3 68.19999999999999 138.5
      vertex 3 68.19999999999999 175
      vertex 0 68.19999999999999 175
    endloop
  endfacet
  facet normal 0 1 0
    outer loop
      vertex 0 58.19999999999999 138.5
      vertex 0 58.19999999999999 175
      vertex 3 58.19999999999999 175
    endloop
  endfacet
  facet normal 0 0 -1
    outer loop
      vertex 0 68.19999999999999 175
      vertex 3 68.19999999999999 175
      vertex 0 58.19999999999999 175
    endloop
  endfacet
  facet normal 0 0 -1
    outer loop
      vertex 0 58.19999999999999 175
      vertex 3 68.19999999999999 175
      vertex 3 58.19999999999999 175
    endloop
  endfacet
  facet normal 0 0 1
    outer loop
      vertex 0 53.80000000000001 17
      vertex 3 43.80000000000001 17
      vertex 3 53.80000000000001 17
    endloop
  endfacet
  facet normal 0 0 1
    outer loop
      vertex 0 53.80000000000001 17
      vertex 0 43.80000000000001 17
      vertex 3 43.80000000000001 17
    endloop
  endfacet
  facet normal 0 -1 0
    outer loop
      vertex 0 53.80000000000001 53.5
      vertex 0 53.80000000000001 17
      vertex 3 53.80000000000001 17
    endloop
  endfacet
  facet normal 0 1 0
    outer loop
      vertex 0 43.80000000000001 17
      vertex 3 43.80000000000001 53.5
      vertex 3 43.80000000000001 17
    endloop
  endfacet
  facet normal 0 -1 0
    outer loop
      vertex 3 53.80000000000001 17
      vertex 3 53.80000000000001 53.5
      vertex 0 53.80000000000001 53.5
    endloop
  endfacet
  facet normal 0 1 0
    outer loop
      vertex 0 43.80000000000001 17
      vertex 0 43.80000000000001 53.5
      vertex 3 43.80000000000001 53.5
    endloop
  endfacet
  facet normal 0 0 -1
    outer loop
      vertex 0 53.80000000000001 53.5
      vertex 3 53.80000000000001 53.5
      vertex 0 43.80000000000001 53.5
    endloop
  endfacet
  facet normal 0 0 -1
    outer loop
      vertex 0 43.80000000000001 53.5
      vertex 3 53.80000000000001 53.5
      vertex 3 43.80000000000001 53.5
    endloop
  endfacet
  facet normal 0 0 1
    outer loop
      vertex 0 53.80000000000001 57.5
      vertex 3 43.80000000000001 57.5
      vertex 3 53.80000000000001 57.5
    endloop
  endfacet
  facet normal 0 0 1
    outer loop
      vertex 0 53.80000000000001 57.5
      vertex 0 43.80000000000001 57.5
      vertex 3 43.80000000000001 57.5
    endloop
  endfacet
  facet normal 0 -1 0
    outer loop
      vertex 0 53.80000000000001 94
      vertex 0 53.80000000000001 57.5
      vertex 3 53.80000000000001 57.5
    endloop
  endfacet
  facet normal 0 1 0
    outer loop
      vertex 0 43.80000000000001 57.5
      vertex 3 43.80000000000001 94
      vertex 3 43.80000000000001 57.5
    endloop
  endfacet
  facet normal 0 -1 0
    outer loop
      vertex 3 53.80000000000001 57.5
      vertex 3 53.80000000000001 94
      vertex 0 53.80000000000001 94
    endloop
  endfacet
  facet normal 0 1 0
    outer loop
      vertex 0 43.80000000000001 57.5
      vertex 0 43.80000000000001 94
      vertex 3 43.80000000000001 94
    endloop
  endfacet
  facet normal 0 0 -1
    outer loop
      vertex 0 53.80000000000001 94
      vertex 3 53.80000000000001 94
      vertex 0 43.80000000000001 94
    endloop
  endfacet
  facet normal 0 0 -1
    outer loop
      vertex 0 43.80000000000001 94
      vertex 3 53.80000000000001 94
      vertex 3 43.80000000000001 94
    endloop
  endfacet
  facet normal 0 0 1
    outer loop
      vertex 3 43.80000000000001 98
      vertex 3 53.80000000000001 98
      vertex 0 53.80000000000001 98
    endloop
  endfacet
  facet normal 0 0 1
    outer loop
      vertex 0 53.80000000000001 98
      vertex 0 43.80000000000001 98
      vertex 3 43.80000000000001 98
    endloop
  endfacet
  facet normal 0 -1 0
    outer loop
      vertex 0 53.80000000000001 134.5
      vertex 0 53.80000000000001 98
      vertex 3 53.80000000000001 98
    endloop
  endfacet
  facet normal 0 1 0
    outer loop
      vertex 0 43.80000000000001 98
      vertex 3 43.80000000000001 134.5
      vertex 3 43.80000000000001 98
    endloop
  endfacet
  facet normal 0 -1 0
    outer loop
      vertex 0 53.80000000000001 134.5
      vertex 3 53.80000000000001 98
      vertex 3 53.80000000000001 134.5
    endloop
  endfacet
  facet normal 0 1 0
    outer loop
      vertex 0 43.80000000000001 98
      vertex 0 43.80000000000001 134.5
      vertex 3 43.80000000000001 134.5
    endloop
  endfacet
  facet normal 0 0 -1
    outer loop
      vertex 0 43.80000000000001 134.5
      vertex 0 53.80000000000001 134.5
      vertex 3 53.80000000000001 134.5
    endloop
  endfacet
  facet normal 0 0 -1
    outer loop
      vertex 0 43.80000000000001 134.5
      vertex 3 53.80000000000001 134.5
      vertex 3 43.80000000000001 134.5
    endloop
  endfacet
  facet normal 0 0 1
    outer loop
      vertex 0 53.80000000000001 138.5
      vertex 3 43.80000000000001 138.5
      vertex 3 53.80000000000001 138.5
    endloop
  endfacet
  facet normal 0 0 1
    outer loop
      vertex 0 53.80000000000001 138.5
      vertex 0 43.80000000000001 138.5
      vertex 3 43.80000000000001 138.5
    endloop
  endfacet
  facet normal 0 -1 0
    outer loop
      vertex 0 53.80000000000001 175
      vertex 0 53.80000000000001 138.5
      vertex 3 53.80000000000001 138.5
    endloop
  endfacet
  facet normal 0 1 0
    outer loop
      vertex 0 43.80000000000001 138.5
      vertex 3 43.80000000000001 175
      vertex 3 43.80000000000001 138.5
    endloop
  endfacet
  facet normal 0 -1 0
    outer loop
      vertex 3 53.80000000000001 138.5
      vertex 3 53.80000000000001 175
      vertex 0 53.80000000000001 175
    endloop
  endfacet
  facet normal 0 1 0
    outer loop
      vertex 0 43.80000000000001 138.5
      vertex 0 43.80000000000001 175
      vertex 3 43.80000000000001 175
    endloop
  endfacet
  facet normal 0 0 -1
    outer loop
      vertex 0 53.80000000000001 175
      vertex 3 53.80000000000001 175
      vertex 0 43.80000000000001 175
    endloop
  endfacet
  facet normal 0 0 -1
    outer loop
      vertex 0 43.80000000000001 175
      vertex 3 53.80000000000001 175
      vertex 3 43.80000000000001 175
    endloop
  endfacet
  facet normal 0 0 1
    outer loop
      vertex 3 39.400000000000006 17
      vertex 0 39.400000000000006 17
      vertex 3 29.400000000000006 17
    endloop
  endfacet
  facet normal 0 0 1
    outer loop
      vertex 0 39.400000000000006 17
      vertex 0 29.400000000000006 17
      vertex 3 29.400000000000006 17
    endloop
  endfacet
  facet normal 0 -1 0
    outer loop
      vertex 0 39.400000000000006 17
      vertex 3 39.400000000000006 17
      vertex 0 39.400000000000006 53.5
    endloop
  endfacet
  facet normal 0 1 0
    outer loop
      vertex 0 29.400000000000006 17
      vertex 3 29.400000000000006 53.5
      vertex 3 29.400000000000006 17
    endloop
  endfacet
  facet normal 0 -1 0
    outer loop
      vertex 3 39.400000000000006 17
      vertex 3 39.400000000000006 53.5
      vertex 0 39.400000000000006 53.5
    endloop
  endfacet
  facet normal 0 1 0
    outer loop
      vertex 0 29.400000000000006 17
      vertex 0 29.400000000000006 53.5
      vertex 3 29.400000000000006 53.5
    endloop
  endfacet
  facet normal 0 0 -1
    outer loop
      vertex 0 39.400000000000006 53.5
      vertex 3 39.400000000000006 53.5
      vertex 0 29.400000000000006 53.5
    endloop
  endfacet
  facet normal 0 0 -1
    outer loop
      vertex 0 29.400000000000006 53.5
      vertex 3 39.400000000000006 53.5
      vertex 3 29.400000000000006 53.5
    endloop
  endfacet
  facet normal 0 0 1
    outer loop
      vertex 3 39.400000000000006 57.5
      vertex 0 39.400000000000006 57.5
      vertex 3 29.400000000000006 57.5
    endloop
  endfacet
  facet normal 0 0 1
    outer loop
      vertex 0 39.400000000000006 57.5
      vertex 0 29.400000000000006 57.5
      vertex 3 29.400000000000006 57.5
    endloop
  endfacet
  facet normal 0 -1 0
    outer loop
      vertex 0 39.400000000000006 57.5
      vertex 3 39.400000000000006 57.5
      vertex 0 39.400000000000006 94
    endloop
  endfacet
  facet normal 0 1 0
    outer loop
      vertex 0 29.400000000000006 57.5
      vertex 3 29.400000000000006 94
      vertex 3 29.400000000000006 57.5
    endloop
  endfacet
  facet normal 0 -1 0
    outer loop
      vertex 3 39.400000000000006 57.5
      vertex 3 39.400000000000006 94
      vertex 0 39.400000000000006 94
    endloop
  endfacet
  facet normal 0 1 0
    outer loop
      vertex 0 29.400000000000006 57.5
      vertex 0 29.400000000000006 94
      vertex 3 29.400000000000006 94
    endloop
  endfacet
  facet normal 0 0 -1
    outer loop
      vertex 0 39.400000000000006 94
      vertex 3 39.400000000000006 94
      vertex 0 29.400000000000006 94
    endloop
  endfacet
  facet normal 0 0 -1
    outer loop
      vertex 0 29.400000000000006 94
      vertex 3 39.400000000000006 94
      vertex 3 29.400000000000006 94
    endloop
  endfacet
  facet normal 0 0 1
    outer loop
      vertex 3 39.400000000000006 98
      vertex 0 39.400000000000006 98
      vertex 3 29.400000000000006 98
    endloop
  endfacet
  facet normal 0 0 1
    outer loop
      vertex 0 39.400000000000006 98
      vertex 0 29.400000000000006 98
      vertex 3 29.400000000000006 98
    endloop
  endfacet
  facet normal 0 -1 0
    outer loop
      vertex 0 39.400000000000006 98
      vertex 3 39.400000000000006 98
      vertex 0 39.400000000000006 134.5
    endloop
  endfacet
  facet normal 0 1 0
    outer loop
      vertex 0 29.400000000000006 98
      vertex 3 29.400000000000006 134.5
      vertex 3 29.400000000000006 98
    endloop
  endfacet
  facet normal 0 -1 0
    outer loop
      vertex 3 39.400000000000006 98
      vertex 3 39.400000000000006 134.5
      vertex 0 39.400000000000006 134.5
    endloop
  endfacet
  facet normal 0 1 0
    outer loop
      vertex 0 29.400000000000006 98
      vertex 0 29.400000000000006 134.5
      vertex 3 29.400000000000006 134.5
    endloop
  endfacet
  facet normal 0 0 -1
    outer loop
      vertex 0 39.400000000000006 134.5
      vertex 3 39.400000000000006 134.5
      vertex 0 29.400000000000006 134.5
    endloop
  endfacet
  facet normal 0 0 -1
    outer loop
      vertex 3 39.400000000000006 134.5
      vertex 3 29.400000000000006 134.5
      vertex 0 29.400000000000006 134.5
    endloop
  endfacet
  facet normal 0 0 1
    outer loop
      vertex 3 29.400000000000006 138.5
      vertex 3 39.400000000000006 138.5
      vertex 0 39.400000000000006 138.5
    endloop
  endfacet
  facet normal 0 0 1
    outer loop
      vertex 0 39.400000000000006 138.5
      vertex 0 29.400000000000006 138.5
      vertex 3 29.400000000000006 138.5
    endloop
  endfacet
  facet normal 0 -1 0
    outer loop
      vertex 0 39.400000000000006 138.5
      vertex 3 39.400000000000006 138.5
      vertex 0 39.400000000000006 175
    endloop
  endfacet
  facet normal 0 1 0
    outer loop
      vertex 0 29.400000000000006 138.5
      vertex 3 29.400000000000006 175
      vertex 3 29.400000000000006 138.5
    endloop
  endfacet
  facet normal 0 -1 0
    outer loop
      vertex 3 39.400000000000006 138.5
      vertex 3 39.400000000000006 175
      vertex 0 39.400000000000006 175
    endloop
  endfacet
  facet normal 0 1 0
    outer loop
      vertex 0 29.400000000000006 138.5
      vertex 0 29.400000000000006 175
      vertex 3 29.400000000000006 175
    endloop
  endfacet
  facet normal 0 0 -1
    outer loop
      vertex 0 39.400000000000006 175
      vertex 3 39.400000000000006 175
      vertex 0 29.400000000000006 175
    endloop
  endfacet
  facet normal 0 0 -1
    outer loop
      vertex 0 29.400000000000006 175
      vertex 3 39.400000000000006 175
      vertex 3 29.400000000000006 175
    endloop
  endfacet
  facet normal 0 0 1
    outer loop
      vertex 191 82.6 17
      vertex 188 82.6 17
      vertex 191 72.6 17
    endloop
  endfacet
  facet normal 0 0 1
    outer loop
      vertex 191 72.6 17
      vertex 188 82.6 17
      vertex 188 72.6 17
    endloop
  endfacet
  facet normal 0 -1 0
    outer loop
      vertex 191 82.6 17
      vertex 188 82.6 53.5
      vertex 188 82.6 17
    endloop
  endfacet
  facet normal 0 -1 0
    outer loop
      vertex 191 82.6 17
      vertex 191 82.6 53.5
      vertex 188 82.6 53.5
    endloop
  endfacet
  facet normal 0 1 0
    outer loop
      vertex 191 72.6 17
      vertex 188 72.6 17
      vertex 191 72.6 53.5
    endloop
  endfacet
  facet normal 0 1 0
    outer loop
      vertex 188 72.6 17
      vertex 188 72.6 53.5
      vertex 191 72.6 53.5
    endloop
  endfacet
  facet normal 0 0 -1
    outer loop
      vertex 188 82.6 53.5
      vertex 191 82.6 53.5
      vertex 188 72.6 53.5
    endloop
  endfacet
  facet normal 0 0 -1
    outer loop
      vertex 191 82.6 53.5
      vertex 191 72.6 53.5
      vertex 188 72.6 53.5
    endloop
  endfacet
  facet normal 0 -1 0
    outer loop
      vertex 191 82.6 57.5
      vertex 188 82.6 94
      vertex 188 82.6 57.5
    endloop
  endfacet
  facet normal 0 0 1
    outer loop
      vertex 191 82.6 57.5
      vertex 188 82.6 57.5
      vertex 191 72.6 57.5
    endloop
  endfacet
  facet normal 0 0 1
    outer loop
      vertex 191 72.6 57.5
      vertex 188 82.6 57.5
      vertex 188 72.6 57.5
    endloop
  endfacet
  facet normal 0 1 0
    outer loop
      vertex 191 72.6 94
      vertex 191 72.6 57.5
      vertex 188 72.6 57.5
    endloop
  endfacet
  facet normal 0 -1 0
    outer loop
      vertex 191 82.6 57.5
      vertex 191 82.6 94
      vertex 188 82.6 94
    endloop
  endfacet
  facet normal 0 1 0
    outer loop
      vertex 188 72.6 57.5
      vertex 188 72.6 94
      vertex 191 72.6 94
    endloop
  endfacet
  facet normal 0 0 -1
    outer loop
      vertex 188 82.6 94
      vertex 191 82.6 94
      vertex 188 72.6 94
    endloop
  endfacet
  facet normal 0 0 -1
    outer loop
      vertex 188 72.6 94
      vertex 191 82.6 94
      vertex 191 72.6 94
    endloop
  endfacet
  facet normal 0 -1 0
    outer loop
      vertex 188 82.6 98
      vertex 191 82.6 98
      vertex 188 82.6 134.5
    endloop
  endfacet
  facet normal 0 0 1
    outer loop
      vertex 191 82.6 98
      vertex 188 82.6 98
      vertex 191 72.6 98
    endloop
  endfacet
  facet normal 0 0 1
    outer loop
      vertex 188 82.6 98
      vertex 188 72.6 98
      vertex 191 72.6 98
    endloop
  endfacet
  facet normal 0 1 0
    outer loop
      vertex 188 72.6 98
      vertex 191 72.6 134.5
      vertex 191 72.6 98
    endloop
  endfacet
  facet normal 0 -1 0
    outer loop
      vertex 191 82.6 98
      vertex 191 82.6 134.5
      vertex 188 82.6 134.5
    endloop
  endfacet
  facet normal 0 1 0
    outer loop
      vertex 191 72.6 134.5
      vertex 188 72.6 98
      vertex 188 72.6 134.5
    endloop
  endfacet
  facet normal 0 0 -1
    outer loop
      vertex 188 82.6 134.5
      vertex 191 82.6 134.5
      vertex 188 72.6 134.5
    endloop
  endfacet
  facet normal 0 0 -1
    outer loop
      vertex 188 72.6 134.5
      vertex 191 82.6 134.5
      vertex 191 72.6 134.5
    endloop
  endfacet
  facet normal 0 0 1
    outer loop
      vertex 191 82.6 138.5
      vertex 188 82.6 138.5
      vertex 191 72.6 138.5
    endloop
  endfacet
  facet normal 0 0 1
    outer loop
      vertex 188 82.6 138.5
      vertex 188 72.6 138.5
      vertex 191 72.6 138.5
    endloop
  endfacet
  facet normal 0 -1 0
    outer loop
      vertex 191 82.6 138.5
      vertex 188 82.6 175
      vertex 188 82.6 138.5
    endloop
  endfacet
  facet normal 0 -1 0
    outer loop
      vertex 188 82.6 175
      vertex 191 82.6 138.5
      vertex 191 82.6 175
    endloop
  endfacet
  facet normal 0 1 0
    outer loop
      vertex 188 72.6 138.5
      vertex 191 72.6 175
      vertex 191 72.6 138.5
    endloop
  endfacet
  facet normal 0 1 0
    outer loop
      vertex 188 72.6 138.5
      vertex 188 72.6 175
      vertex 191 72.6 175
    endloop
  endfacet
  facet normal 0 0 -1
    outer loop
      vertex 188 82.6 175
      vertex 191 82.6 175
      vertex 188 72.6 175
    endloop
  endfacet
  facet normal 0 0 -1
    outer loop
      vertex 188 72.6 175
      vertex 191 82.6 175
      vertex 191 72.6 175
    endloop
  endfacet
  facet normal 0 0 1
    outer loop
      vertex 191 58.19999999999999 17
      vertex 191 68.19999999999999 17
      vertex 188 68.19999999999999 17
    endloop
  endfacet
  facet normal 0 0 1
    outer loop
      vertex 191 58.19999999999999 17
      vertex 188 68.19999999999999 17
      vertex 188 58.19999999999999 17
    endloop
  endfacet
  facet normal 0 -1 0
    outer loop
      vertex 191 68.19999999999999 17
      vertex 188 68.19999999999999 53.5
      vertex 188 68.19999999999999 17
    endloop
  endfacet
  facet normal 0 1 0
    outer loop
      vertex 191 58.19999999999999 17
      vertex 188 58.19999999999999 17
      vertex 191 58.19999999999999 53.5
    endloop
  endfacet
  facet normal 0 -1 0
    outer loop
      vertex 191 68.19999999999999 17
      vertex 191 68.19999999999999 53.5
      vertex 188 68.19999999999999 53.5
    endloop
  endfacet
  facet normal 0 1 0
    outer loop
      vertex 191 58.19999999999999 53.5
      vertex 188 58.19999999999999 17
      vertex 188 58.19999999999999 53.5
    endloop
  endfacet
  facet normal 0 0 -1
    outer loop
      vertex 188 68.19999999999999 53.5
      vertex 191 68.19999999999999 53.5
      vertex 188 58.19999999999999 53.5
    endloop
  endfacet
  facet normal 0 0 -1
    outer loop
      vertex 191 68.19999999999999 53.5
      vertex 191 58.19999999999999 53.5
      vertex 188 58.19999999999999 53.5
    endloop
  endfacet
  facet normal 0 0 1
    outer loop
      vertex 191 58.19999999999999 57.5
      vertex 191 68.19999999999999 57.5
      vertex 188 68.19999999999999 57.5
    endloop
  endfacet
  facet normal 0 0 1
    outer loop
      vertex 188 68.19999999999999 57.5
      vertex 188 58.19999999999999 57.5
      vertex 191 58.19999999999999 57.5
    endloop
  endfacet
  facet normal 0 -1 0
    outer loop
      vertex 191 68.19999999999999 57.5
      vertex 188 68.19999999999999 94
      vertex 188 68.19999999999999 57.5
    endloop
  endfacet
  facet normal 0 1 0
    outer loop
      vertex 188 58.19999999999999 57.5
      vertex 191 58.19999999999999 94
      vertex 191 58.19999999999999 57.5
    endloop
  endfacet
  facet normal 0 -1 0
    outer loop
      vertex 191 68.19999999999999 57.5
      vertex 191 68.19999999999999 94
      vertex 188 68.19999999999999 94
    endloop
  endfacet
  facet normal 0 1 0
    outer loop
      vertex 188 58.19999999999999 57.5
      vertex 188 58.19999999999999 94
      vertex 191 58.19999999999999 94
    endloop
  endfacet
  facet normal 0 0 -1
    outer loop
      vertex 188 68.19999999999999 94
      vertex 191 68.19999999999999 94
      vertex 188 58.19999999999999 94
    endloop
  endfacet
  facet normal 0 0 -1
    outer loop
      vertex 191 68.19999999999999 94
      vertex 191 58.19999999999999 94
      vertex 188 58.19999999999999 94
    endloop
  endfacet
  facet normal 0 0 1
    outer loop
      vertex 191 58.19999999999999 98
      vertex 191 68.19999999999999 98
      vertex 188 68.19999999999999 98
    endloop
  endfacet
  facet normal 0 0 1
    outer loop
      vertex 188 68.19999999999999 98
      vertex 188 58.19999999999999 98
      vertex 191 58.19999999999999 98
    endloop
  endfacet
  facet normal 0 -1 0
    outer loop
      vertex 191 68.19999999999999 98
      vertex 188 68.19999999999999 134.5
      vertex 188 68.19999999999999 98
    endloop
  endfacet
  facet normal 0 1 0
    outer loop
      vertex 188 58.19999999999999 98
      vertex 191 58.19999999999999 134.5
      vertex 191 58.19999999999999 98
    endloop
  endfacet
  facet normal 0 -1 0
    outer loop
      vertex 191 68.19999999999999 98
      vertex 191 68.19999999999999 134.5
      vertex 188 68.19999999999999 134.5
    endloop
  endfacet
  facet normal 0 1 0
    outer loop
      vertex 188 58.19999999999999 98
      vertex 188 58.19999999999999 134.5
      vertex 191 58.19999999999999 134.5
    endloop
  endfacet
  facet normal 0 0 -1
    outer loop
      vertex 188 58.19999999999999 134.5
      vertex 188 68.19999999999999 134.5
      vertex 191 68.19999999999999 134.5
    endloop
  endfacet
  facet normal 0 0 -1
    outer loop
      vertex 188 58.19999999999999 134.5
      vertex 191 68.19999999999999 134.5
      vertex 191 58.19999999999999 134.5
    endloop
  endfacet
  facet normal 0 0 1
    outer loop
      vertex 188 68.19999999999999 138.5
      vertex 191 58.19999999999999 138.5
      vertex 191 68.19999999999999 138.5
    endloop
  endfacet
  facet normal 0 0 1
    outer loop
      vertex 188 68.19999999999999 138.5
      vertex 188 58.19999999999999 138.5
      vertex 191 58.19999999999999 138.5
    endloop
  endfacet
  facet normal 0 -1 0
    outer loop
      vertex 188 68.19999999999999 138.5
      vertex 191 68.19999999999999 138.5
      vertex 188 68.19999999999999 175
    endloop
  endfacet
  facet normal 0 1 0
    outer loop
      vertex 188 58.19999999999999 138.5
      vertex 191 58.19999999999999 175
      vertex 191 58.19999999999999 138.5
    endloop
  endfacet
  facet normal 0 -1 0
    outer loop
      vertex 191 68.19999999999999 138.5
      vertex 191 68.19999999999999 175
      vertex 188 68.19999999999999 175
    endloop
  endfacet
  facet normal 0 1 0
    outer loop
      vertex 188 58.19999999999999 138.5
      vertex 188 58.19999999999999 175
      vertex 191 58.19999999999999 175
    endloop
  endfacet
  facet normal 0 0 -1
    outer loop
      vertex 188 68.19999999999999 175
      vertex 191 68.19999999999999 175
      vertex 188 58.19999999999999 175
    endloop
  endfacet
  facet normal 0 0 -1
    outer loop
      vertex 188 58.19999999999999 175
      vertex 191 68.19999999999999 175
      vertex 191 58.19999999999999 175
    endloop
  endfacet
  facet normal 0 0 1
    outer loop
      vertex 191 43.80000000000001 17
      vertex 191 53.80000000000001 17
      vertex 188 53.80000000000001 17
    endloop
  endfacet
  facet normal 0 0 1
    outer loop
      vertex 191 43.80000000000001 17
      vertex 188 53.80000000000001 17
      vertex 188 43.80000000000001 17
    endloop
  endfacet
  facet normal 0 -1 0
    outer loop
      vertex 188 53.80000000000001 53.5
      vertex 188 53.80000000000001 17
      vertex 191 53.80000000000001 17
    endloop
  endfacet
  facet normal 0 1 0
    outer loop
      vertex 191 43.80000000000001 17
      vertex 188 43.80000000000001 17
      vertex 191 43.80000000000001 53.5
    endloop
  endfacet
  facet normal 0 -1 0
    outer loop
      vertex 191 53.80000000000001 17
      vertex 191 53.80000000000001 53.5
      vertex 188 53.80000000000001 53.5
    endloop
  endfacet
  facet normal 0 1 0
    outer loop
      vertex 188 43.80000000000001 17
      vertex 188 43.80000000000001 53.5
      vertex 191 43.80000000000001 53.5
    endloop
  endfacet
  facet normal 0 0 -1
    outer loop
      vertex 188 53.80000000000001 53.5
      vertex 191 53.80000000000001 53.5
      vertex 188 43.80000000000001 53.5
    endloop
  endfacet
  facet normal 0 0 -1
    outer loop
      vertex 188 43.80000000000001 53.5
      vertex 191 53.80000000000001 53.5
      vertex 191 43.80000000000001 53.5
    endloop
  endfacet
  facet normal 0 0 1
    outer loop
      vertex 188 53.80000000000001 57.5
      vertex 191 43.80000000000001 57.5
      vertex 191 53.80000000000001 57.5
    endloop
  endfacet
  facet normal 0 0 1
    outer loop
      vertex 188 53.80000000000001 57.5
      vertex 188 43.80000000000001 57.5
      vertex 191 43.80000000000001 57.5
    endloop
  endfacet
  facet normal 0 -1 0
    outer loop
      vertex 188 53.80000000000001 94
      vertex 188 53.80000000000001 57.5
      vertex 191 53.80000000000001 57.5
    endloop
  endfacet
  facet normal 0 1 0
    outer loop
      vertex 188 43.80000000000001 57.5
      vertex 191 43.80000000000001 94
      vertex 191 43.80000000000001 57.5
    endloop
  endfacet
  facet normal 0 -1 0
    outer loop
      vertex 191 53.80000000000001 57.5
      vertex 191 53.80000000000001 94
      vertex 188 53.80000000000001 94
    endloop
  endfacet
  facet normal 0 1 0
    outer loop
      vertex 188 43.80000000000001 57.5
      vertex 188 43.80000000000001 94
      vertex 191 43.80000000000001 94
    endloop
  endfacet
  facet normal 0 0 -1
    outer loop
      vertex 188 43.80000000000001 94
      vertex 188 53.80000000000001 94
      vertex 191 53.80000000000001 94
    endloop
  endfacet
  facet normal 0 0 -1
    outer loop
      vertex 191 53.80000000000001 94
      vertex 191 43.80000000000001 94
      vertex 188 43.80000000000001 94
    endloop
  endfacet
  facet normal 0 0 1
    outer loop
      vertex 188 53.80000000000001 98
      vertex 191 43.80000000000001 98
      vertex 191 53.80000000000001 98
    endloop
  endfacet
  facet normal 0 0 1
    outer loop
      vertex 188 53.80000000000001 98
      vertex 188 43.80000000000001 98
      vertex 191 43.80000000000001 98
    endloop
  endfacet
  facet normal 0 -1 0
    outer loop
      vertex 188 53.80000000000001 134.5
      vertex 188 53.80000000000001 98
      vertex 191 53.80000000000001 98
    endloop
  endfacet
  facet normal 0 1 0
    outer loop
      vertex 191 43.80000000000001 98
      vertex 188 43.80000000000001 98
      vertex 191 43.80000000000001 134.5
    endloop
  endfacet
  facet normal 0 -1 0
    outer loop
      vertex 191 53.80000000000001 98
      vertex 191 53.80000000000001 134.5
      vertex 188 53.80000000000001 134.5
    endloop
  endfacet
  facet normal 0 1 0
    outer loop
      vertex 188 43.80000000000001 98
      vertex 188 43.80000000000001 134.5
      vertex 191 43.80000000000001 134.5
    endloop
  endfacet
  facet normal 0 0 -1
    outer loop
      vertex 188 53.80000000000001 134.5
      vertex 191 53.80000000000001 134.5
      vertex 188 43.80000000000001 134.5
    endloop
  endfacet
  facet normal 0 0 -1
    outer loop
      vertex 188 43.80000000000001 134.5
      vertex 191 53.80000000000001 134.5
      vertex 191 43.80000000000001 134.5
    endloop
  endfacet
  facet normal 0 0 1
    outer loop
      vertex 188 53.80000000000001 138.5
      vertex 191 43.80000000000001 138.5
      vertex 191 53.80000000000001 138.5
    endloop
  endfacet
  facet normal 0 0 1
    outer loop
      vertex 188 53.80000000000001 138.5
      vertex 188 43.80000000000001 138.5
      vertex 191 43.80000000000001 138.5
    endloop
  endfacet
  facet normal 0 -1 0
    outer loop
      vertex 188 53.80000000000001 175
      vertex 188 53.80000000000001 138.5
      vertex 191 53.80000000000001 138.5
    endloop
  endfacet
  facet normal 0 1 0
    outer loop
      vertex 188 43.80000000000001 138.5
      vertex 191 43.80000000000001 175
      vertex 191 43.80000000000001 138.5
    endloop
  endfacet
  facet normal 0 -1 0
    outer loop
      vertex 191 53.80000000000001 138.5
      vertex 191 53.80000000000001 175
      vertex 188 53.80000000000001 175
    endloop
  endfacet
  facet normal 0 1 0
    outer loop
      vertex 191 43.80000000000001 175
      vertex 188 43.80000000000001 138.5
      vertex 188 43.80000000000001 175
    endloop
  endfacet
  facet normal 0 0 -1
    outer loop
      vertex 188 53.80000000000001 175
      vertex 191 53.80000000000001 175
      vertex 188 43.80000000000001 175
    endloop
  endfacet
  facet normal 0 0 -1
    outer loop
      vertex 188 43.80000000000001 175
      vertex 191 53.80000000000001 175
      vertex 191 43.80000000000001 175
    endloop
  endfacet
  facet normal 0 0 1
    outer loop
      vertex 191 39.400000000000006 17
      vertex 188 39.400000000000006 17
      vertex 191 29.400000000000006 17
    endloop
  endfacet
  facet normal 0 0 1
    outer loop
      vertex 191 29.400000000000006 17
      vertex 188 39.400000000000006 17
      vertex 188 29.400000000000006 17
    endloop
  endfacet
  facet normal 0 -1 0
    outer loop
      vertex 191 39.400000000000006 17
      vertex 188 39.400000000000006 53.5
      vertex 188 39.400000000000006 17
    endloop
  endfacet
  facet normal 0 1 0
    outer loop
      vertex 191 29.400000000000006 17
      vertex 188 29.400000000000006 17
      vertex 191 29.400000000000006 53.5
    endloop
  endfacet
  facet normal 0 -1 0
    outer loop
      vertex 191 39.400000000000006 17
      vertex 191 39.400000000000006 53.5
      vertex 188 39.400000000000006 53.5
    endloop
  endfacet
  facet normal 0 1 0
    outer loop
      vertex 188 29.400000000000006 17
      vertex 188 29.400000000000006 53.5
      vertex 191 29.400000000000006 53.5
    endloop
  endfacet
  facet normal 0 0 -1
    outer loop
      vertex 188 29.400000000000006 53.5
      vertex 188 39.400000000000006 53.5
      vertex 191 39.400000000000006 53.5
    endloop
  endfacet
  facet normal 0 0 -1
    outer loop
      vertex 191 39.400000000000006 53.5
      vertex 191 29.400000000000006 53.5
      vertex 188 29.400000000000006 53.5
    endloop
  endfacet
  facet normal 0 0 1
    outer loop
      vertex 191 29.400000000000006 57.5
      vertex 191 39.400000000000006 57.5
      vertex 188 39.400000000000006 57.5
    endloop
  endfacet
  facet normal 0 0 1
    outer loop
      vertex 188 39.400000000000006 57.5
      vertex 188 29.400000000000006 57.5
      vertex 191 29.400000000000006 57.5
    endloop
  endfacet
  facet normal 0 -1 0
    outer loop
      vertex 191 39.400000000000006 57.5
      vertex 188 39.400000000000006 94
      vertex 188 39.400000000000006 57.5
    endloop
  endfacet
  facet normal 0 1 0
    outer loop
      vertex 191 29.400000000000006 57.5
      vertex 188 29.400000000000006 57.5
      vertex 191 29.400000000000006 94
    endloop
  endfacet
  facet normal 0 -1 0
    outer loop
      vertex 191 39.400000000000006 57.5
      vertex 191 39.400000000000006 94
      vertex 188 39.400000000000006 94
    endloop
  endfacet
  facet normal 0 1 0
    outer loop
      vertex 188 29.400000000000006 57.5
      vertex 188 29.400000000000006 94
      vertex 191 29.400000000000006 94
    endloop
  endfacet
  facet normal 0 0 -1
    outer loop
      vertex 188 39.400000000000006 94
      vertex 191 39.400000000000006 94
      vertex 188 29.400000000000006 94
    endloop
  endfacet
  facet normal 0 0 -1
    outer loop
      vertex 191 39.400000000000006 94
      vertex 191 29.400000000000006 94
      vertex 188 29.400000000000006 94
    endloop
  endfacet
  facet normal 0 0 1
    outer loop
      vertex 191 39.400000000000006 98
      vertex 188 39.400000000000006 98
      vertex 191 29.400000000000006 98
    endloop
  endfacet
  facet normal 0 0 1
    outer loop
      vertex 191 29.400000000000006 98
      vertex 188 39.400000000000006 98
      vertex 188 29.400000000000006 98
    endloop
  endfacet
  facet normal 0 -1 0
    outer loop
      vertex 191 39.400000000000006 98
      vertex 188 39.400000000000006 134.5
      vertex 188 39.400000000000006 98
    endloop
  endfacet
  facet normal 0 1 0
    outer loop
      vertex 191 29.400000000000006 98
      vertex 188 29.400000000000006 98
      vertex 191 29.400000000000006 134.5
    endloop
  endfacet
  facet normal 0 -1 0
    outer loop
      vertex 191 39.400000000000006 98
      vertex 191 39.400000000000006 134.5
      vertex 188 39.400000000000006 134.5
    endloop
  endfacet
  facet normal 0 1 0
    outer loop
      vertex 188 29.400000000000006 98
      vertex 188 29.400000000000006 134.5
      vertex 191 29.400000000000006 134.5
    endloop
  endfacet
  facet normal 0 0 -1
    outer loop
      vertex 188 39.400000000000006 134.5
      vertex 191 39.400000000000006 134.5
      vertex 188 29.400000000000006 134.5
    endloop
  endfacet
  facet normal 0 0 -1
    outer loop
      vertex 188 29.400000000000006 134.5
      vertex 191 39.400000000000006 134.5
      vertex 191 29.400000000000006 134.5
    endloop
  endfacet
  facet normal 0 0 1
    outer loop
      vertex 191 39.400000000000006 138.5
      vertex 188 39.400000000000006 138.5
      vertex 191 29.400000000000006 138.5
    endloop
  endfacet
  facet normal 0 0 1
    outer loop
      vertex 188 39.400000000000006 138.5
      vertex 188 29.400000000000006 138.5
      vertex 191 29.400000000000006 138.5
    endloop
  endfacet
  facet normal 0 -1 0
    outer loop
      vertex 188 39.400000000000006 138.5
      vertex 191 39.400000000000006 138.5
      vertex 188 39.400000000000006 175
    endloop
  endfacet
  facet normal 0 1 0
    outer loop
      vertex 188 29.400000000000006 138.5
      vertex 191 29.400000000000006 175
      vertex 191 29.400000000000006 138.5
    endloop
  endfacet
  facet normal 0 -1 0
    outer loop
      vertex 191 39.400000000000006 138.5
      vertex 191 39.400000000000006 175
      vertex 188 39.400000000000006 175
    endloop
  endfacet
  facet normal 0 1 0
    outer loop
      vertex 188 29.400000000000006 138.5
      vertex 188 29.400000000000006 175
      vertex 191 29.400000000000006 175
    endloop
  endfacet
  facet normal 0 0 -1
    outer loop
      vertex 188 39.400000000000006 175
      vertex 191 39.400000000000006 175
      vertex 188 29.400000000000006 175
    endloop
  endfacet
  facet normal 0 0 -1
    outer loop
      vertex 191 39.400000000000006 175
      vertex 191 29.400000000000006 175
      vertex 188 29.400000000000006 175
    endloop
  endfacet
  facet normal 0 -1 0
    outer loop
      vertex 9 208 4
      vertex 9 208 0
      vertex 17 208 4
    endloop
  endfacet
  facet normal 1 0 0
    outer loop
      vertex 9 208 4
      vertex 9 186 4
      vertex 9 208 0
    endloop
  endfacet
  facet normal 1 0 0
    outer loop
      vertex 9 186 3
      vertex 9 208 0
      vertex 9 186 4
    endloop
  endfacet
  facet normal 1 0 0
    outer loop
      vertex 9 186 3
      vertex 9 183 0
      vertex 9 208 0
    endloop
  endfacet
  facet normal 0 0 -1
    outer loop
      vertex 9 208 4
      vertex 17 186 4
      vertex 9 186 4
    endloop
  endfacet
  facet normal 0 -1 0
    outer loop
      vertex 17 208 4
      vertex 9 208 0
      vertex 17 208 0
    endloop
  endfacet
  facet normal 0 0 -1
    outer loop
      vertex 9 208 4
      vertex 17 208 4
      vertex 17 186 4
    endloop
  endfacet
  facet normal -1 0 0
    outer loop
      vertex 17 208 4
      vertex 17 208 0
      vertex 17 186 3
    endloop
  endfacet
  facet normal -1 0 0
    outer loop
      vertex 17 183 3
      vertex 17 208 0
      vertex 17 183 0
    endloop
  endfacet
  facet normal -1 0 0
    outer loop
      vertex 17 186 3
      vertex 17 208 0
      vertex 17 183 3
    endloop
  endfacet
  facet normal -1 0 0
    outer loop
      vertex 17 208 4
      vertex 17 186 3
      vertex 17 186 4
    endloop
  endfacet
  facet normal 1 0 0
    outer loop
      vertex 9 186 3
      vertex 9 183 3
      vertex 9 183 0
    endloop
  endfacet
  facet normal 0 1 0
    outer loop
      vertex 9 183 0
      vertex 9 183 3
      vertex 17 183 0
    endloop
  endfacet
  facet normal 0 1 0
    outer loop
      vertex 17 183 3
      vertex 17 183 0
      vertex 9 183 3
    endloop
  endfacet
  facet normal 0 -1 0
    outer loop
      vertex 50.25 208 4
      vertex 50.25 208 0
      vertex 58.25 208 4
    endloop
  endfacet
  facet normal 0 -1 0
    outer loop
      vertex 58.25 208 4
      vertex 50.25 208 0
      vertex 58.25 208 0
    endloop
  endfacet
  facet normal 1 0 0
    outer loop
      vertex 50.25 208 4
      vertex 50.25 186 4
      vertex 50.25 208 0
    endloop
  endfacet
  facet normal 1 0 0
    outer loop
      vertex 50.25 186 3
      vertex 50.25 208 0
      vertex 50.25 186 4
    endloop
  endfacet
  facet normal 1 0 0
    outer loop
      vertex 50.25 186 3
      vertex 50.25 183 0
      vertex 50.25 208 0
    endloop
  endfacet
  facet normal 0 0 -1
    outer loop
      vertex 50.25 208 4
      vertex 58.25 186 4
      vertex 50.25 186 4
    endloop
  endfacet
  facet normal 0 0 -1
    outer loop
      vertex 50.25 208 4
      vertex 58.25 208 4
      vertex 58.25 186 4
    endloop
  endfacet
  facet normal -1 0 0
    outer loop
      vertex 58.25 208 4
      vertex 58.25 208 0
      vertex 58.25 186 3
    endloop
  endfacet
  facet normal -1 0 0
    outer loop
      vertex 58.25 208 0
      vertex 58.25 183 0
      vertex 58.25 183 3
    endloop
  endfacet
  facet normal -1 0 0
    outer loop
      vertex 58.25 186 3
      vertex 58.25 208 0
      vertex 58.25 183 3
    endloop
  endfacet
  facet normal -1 0 0
    outer loop
      vertex 58.25 208 4
      vertex 58.25 186 3
      vertex 58.25 186 4
    endloop
  endfacet
  facet normal 1 0 0
    outer loop
      vertex 50.25 186 3
      vertex 50.25 183 3
      vertex 50.25 183 0
    endloop
  endfacet
  facet normal 0 1 0
    outer loop
      vertex 50.25 183 0
      vertex 50.25 183 3
      vertex 58.25 183 0
    endloop
  endfacet
  facet normal 0 1 0
    outer loop
      vertex 58.25 183 3
      vertex 58.25 183 0
      vertex 50.25 183 3
    endloop
  endfacet
  facet normal 1 0 0
    outer loop
      vertex 91.5 190.5 0
      vertex 91.5 190.5 3
      vertex 91.5 183 0
    endloop
  endfacet
  facet normal 1 0 0
    outer loop
      vertex 91.5 190.5 3
      vertex 91.5 183 3
      vertex 91.5 183 0
    endloop
  endfacet
  facet normal 0 1 0
    outer loop
      vertex 91.5 183 0
      vertex 91.5 183 3
      vertex 99.5 183 0
    endloop
  endfacet
  facet normal 0 1 0
    outer loop
      vertex 99.5 183 0
      vertex 91.5 183 3
      vertex 99.5 183 3
    endloop
  endfacet
  facet normal -1 0 0
    outer loop
      vertex 99.5 183 3
      vertex 99.5 190.5 3
      vertex 99.5 190.5 0
    endloop
  endfacet
  facet normal -1 0 0
    outer loop
      vertex 99.5 190.5 0
      vertex 99.5 183 0
      vertex 99.5 183 3
    endloop
  endfacet
  facet normal 0 -1 0
    outer loop
      vertex 132.75 208 4
      vertex 132.75 208 0
      vertex 140.75 208 4
    endloop
  endfacet
  facet normal 0 -1 0
    outer loop
      vertex 140.75 208 4
      vertex 132.75 208 0
      vertex 140.75 208 0
    endloop
  endfacet
  facet normal 1 0 0
    outer loop
      vertex 132.75 208 4
      vertex 132.75 186 4
      vertex 132.75 208 0
    endloop
  endfacet
  facet normal 1 0 0
    outer loop
      vertex 132.75 208 0
      vertex 132.75 186 4
      vertex 132.75 186 3
    endloop
  endfacet
  facet normal 1 0 0
    outer loop
      vertex 132.75 208 0
      vertex 132.75 186 3
      vertex 132.75 183 0
    endloop
  endfacet
  facet normal 0 0 -1
    outer loop
      vertex 132.75 208 4
      vertex 140.75 186 4
      vertex 132.75 186 4
    endloop
  endfacet
  facet normal 0 0 -1
    outer loop
      vertex 132.75 208 4
      vertex 140.75 208 4
      vertex 140.75 186 4
    endloop
  endfacet
  facet normal -1 0 0
    outer loop
      vertex 140.75 208 4
      vertex 140.75 208 0
      vertex 140.75 186 3
    endloop
  endfacet
  facet normal -1 0 0
    outer loop
      vertex 140.75 186 3
      vertex 140.75 208 0
      vertex 140.75 183 0
    endloop
  endfacet
  facet normal -1 0 0
    outer loop
      vertex 140.75 208 4
      vertex 140.75 186 3
      vertex 140.75 186 4
    endloop
  endfacet
  facet normal 1 0 0
    outer loop
      vertex 132.75 186 3
      vertex 132.75 183 3
      vertex 132.75 183 0
    endloop
  endfacet
  facet normal 0 1 0
    outer loop
      vertex 132.75 183 0
      vertex 132.75 183 3
      vertex 140.75 183 0
    endloop
  endfacet
  facet normal 0 1 0
    outer loop
      vertex 140.75 183 3
      vertex 140.75 183 0
      vertex 132.75 183 3
    endloop
  endfacet
  facet normal -1 0 0
    outer loop
      vertex 140.75 186 3
      vertex 140.75 183 0
      vertex 140.75 183 3
    endloop
  endfacet
  facet normal 0 -1 0
    outer loop
      vertex 174 208 4
      vertex 174 208 0
      vertex 182 208 4
    endloop
  endfacet
  facet normal 1 0 0
    outer loop
      vertex 174 208 4
      vertex 174 186 4
      vertex 174 208 0
    endloop
  endfacet
  facet normal 1 0 0
    outer loop
      vertex 174 186 3
      vertex 174 208 0
      vertex 174 186 4
    endloop
  endfacet
  facet normal 1 0 0
    outer loop
      vertex 174 186 3
      vertex 174 183 0
      vertex 174 208 0
    endloop
  endfacet
  facet normal 0 0 -1
    outer loop
      vertex 174 208 4
      vertex 182 186 4
      vertex 174 186 4
    endloop
  endfacet
  facet normal 0 -1 0
    outer loop
      vertex 182 208 4
      vertex 174 208 0
      vertex 182 208 0
    endloop
  endfacet
  facet normal -1 0 0
    outer loop
      vertex 182 208 4
      vertex 182 208 0
      vertex 182 186 3
    endloop
  endfacet
  facet normal 0 0 -1
    outer loop
      vertex 174 208 4
      vertex 182 208 4
      vertex 182 186 4
    endloop
  endfacet
  facet normal -1 0 0
    outer loop
      vertex 182 186 3
      vertex 182 208 0
      vertex 182 183 0
    endloop
  endfacet
  facet normal -1 0 0
    outer loop
      vertex 182 208 4
      vertex 182 186 3
      vertex 182 186 4
    endloop
  endfacet
  facet normal 1 0 0
    outer loop
      vertex 174 186 3
      vertex 174 183 3
      vertex 174 183 0
    endloop
  endfacet
  facet normal 0 1 0
    outer loop
      vertex 174 183 0
      vertex 174 183 3
      vertex 182 183 0
    endloop
  endfacet
  facet normal 0 1 0
    outer loop
      vertex 182 183 3
      vertex 182 183 0
      vertex 174 183 3
    endloop
  endfacet
  facet normal -1 0 0
    outer loop
      vertex 182 186 3
      vertex 182 183 0
      vertex 182 183 3
    endloop
  endfacet
  facet normal 0 -1 0
    outer loop
      vertex 9 165 4
      vertex 9 165 0
      vertex 10.5 165 3
    endloop
  endfacet
  facet normal 0 -1 0
    outer loop
      vertex 9 165 4
      vertex 10.5 165 3
      vertex 10.5 165 4
    endloop
  endfacet
  facet normal 0 -1 0
    outer loop
      vertex 10.5 165 3
      vertex 9 165 0
      vertex 17 165 3
    endloop
  endfacet
  facet normal 0 -1 0
    outer loop
      vertex 17 165 3
      vertex 9 165 0
      vertex 17 165 0
    endloop
  endfacet
  facet normal 1 0 0
    outer loop
      vertex 9 165 4
      vertex 9 108 4
      vertex 9 165 0
    endloop
  endfacet
  facet normal 0 0 -1
    outer loop
      vertex 9 165 4
      vertex 10.5 165 4
      vertex 9 108 4
    endloop
  endfacet
  facet normal -1 0 0
    outer loop
      vertex 17 105 3
      vertex 17 165 3
      vertex 17 165 0
    endloop
  endfacet
  facet normal 1 0 0
    outer loop
      vertex 9 108 3
      vertex 9 105 0
      vertex 9 165 0
    endloop
  endfacet
  facet normal 1 0 0
    outer loop
      vertex 9 108 3
      vertex 9 165 0
      vertex 9 108 4
    endloop
  endfacet
  facet normal 0 0 -1
    outer loop
      vertex 9 108 4
      vertex 10.5 165 4
      vertex 10.5 108 4
    endloop
  endfacet
  facet normal -1 0 0
    outer loop
      vertex 17 105 3
      vertex 17 165 0
      vertex 17 105 0
    endloop
  endfacet
  facet normal 1 0 0
    outer loop
      vertex 9 108 3
      vertex 9 105 3
      vertex 9 105 0
    endloop
  endfacet
  facet normal 0 1 0
    outer loop
      vertex 9 105 0
      vertex 9 105 3
      vertex 17 105 0
    endloop
  endfacet
  facet normal 0 1 0
    outer loop
      vertex 17 105 3
      vertex 17 105 0
      vertex 9 105 3
    endloop
  endfacet
  facet normal 0 -1 0
    outer loop
      vertex 50.25 165 3
      vertex 50.25 165 0
      vertex 58.25 165 3
    endloop
  endfacet
  facet normal 0 -1 0
    outer loop
      vertex 50.25 165 0
      vertex 58.25 165 0
      vertex 58.25 165 3
    endloop
  endfacet
  facet normal 1 0 0
    outer loop
      vertex 50.25 165 0
      vertex 50.25 165 3
      vertex 50.25 105 0
    endloop
  endfacet
  facet normal -1 0 0
    outer loop
      vertex 58.25 165 0
      vertex 58.25 105 3
      vertex 58.25 165 3
    endloop
  endfacet
  facet normal 1 0 0
    outer loop
      vertex 50.25 165 3
      vertex 50.25 105 3
      vertex 50.25 105 0
    endloop
  endfacet
  facet normal -1 0 0
    outer loop
      vertex 58.25 165 0
      vertex 58.25 105 0
      vertex 58.25 105 3
    endloop
  endfacet
  facet normal 0 1 0
    outer loop
      vertex 50.25 105 0
      vertex 50.25 105 3
      vertex 58.25 105 0
    endloop
  endfacet
  facet normal 0 1 0
    outer loop
      vertex 58.25 105 3
      vertex 58.25 105 0
      vertex 50.25 105 3
    endloop
  endfacet
  facet normal 0 -1 0
    outer loop
      vertex 91.5 165 3
      vertex 91.5 165 0
      vertex 99.5 165 3
    endloop
  endfacet
  facet normal 1 0 0
    outer loop
      vertex 91.5 165 0
      vertex 91.5 165 3
      vertex 91.5 150 0
    endloop
  endfacet
  facet normal 1 0 0
    outer loop
      vertex 91.5 150 0
      vertex 91.5 165 3
      vertex 91.5 150 3
    endloop
  endfacet
  facet normal 1 0 0
    outer loop
      vertex 91.5 130 0
      vertex 91.5 130 3
      vertex 91.5 105 0
    endloop
  endfacet
  facet normal 1 0 0
    outer loop
      vertex 91.5 130 3
      vertex 91.5 105 3
      vertex 91.5 105 0
    endloop
  endfacet
  facet normal 0 1 0
    outer loop
      vertex 91.5 105 0
      vertex 91.5 105 3
      vertex 99.5 105 0
    endloop
  endfacet
  facet normal 0 -1 0
    outer loop
      vertex 91.5 165 0
      vertex 99.5 165 0
      vertex 99.5 165 3
    endloop
  endfacet
  facet normal -1 0 0
    outer loop
      vertex 99.5 165 3
      vertex 99.5 165 0
      vertex 99.5 150 3
    endloop
  endfacet
  facet normal -1 0 0
    outer loop
      vertex 99.5 165 0
      vertex 99.5 150 0
      vertex 99.5 150 3
    endloop
  endfacet
  facet normal -1 0 0
    outer loop
      vertex 99.5 130 3
      vertex 99.5 130 0
      vertex 99.5 105 3
    endloop
  endfacet
  facet normal -1 0 0
    outer loop
      vertex 99.5 130 0
      vertex 99.5 105 0
      vertex 99.5 105 3
    endloop
  endfacet
  facet normal 0 1 0
    outer loop
      vertex 91.5 105 3
      vertex 99.5 105 3
      vertex 99.5 105 0
    endloop
  endfacet
  facet normal 0 -1 0
    outer loop
      vertex 132.75 165 3
      vertex 132.75 165 0
      vertex 140.75 165 3
    endloop
  endfacet
  facet normal 0 -1 0
    outer loop
      vertex 132.75 165 0
      vertex 140.75 165 0
      vertex 140.75 165 3
    endloop
  endfacet
  facet normal 1 0 0
    outer loop
      vertex 132.75 165 0
      vertex 132.75 165 3
      vertex 132.75 105 0
    endloop
  endfacet
  facet normal -1 0 0
    outer loop
      vertex 140.75 165 0
      vertex 140.75 105 3
      vertex 140.75 165 3
    endloop
  endfacet
  facet normal 1 0 0
    outer loop
      vertex 132.75 165 3
      vertex 132.75 105 3
      vertex 132.75 105 0
    endloop
  endfacet
  facet normal -1 0 0
    outer loop
      vertex 140.75 165 0
      vertex 140.75 105 0
      vertex 140.75 105 3
    endloop
  endfacet
  facet normal 0 1 0
    outer loop
      vertex 132.75 105 0
      vertex 132.75 105 3
      vertex 140.75 105 0
    endloop
  endfacet
  facet normal 0 1 0
    outer loop
      vertex 140.75 105 3
      vertex 140.75 105 0
      vertex 132.75 105 3
    endloop
  endfacet
  facet normal 0 -1 0
    outer loop
      vertex 180.5 165 3
      vertex 174 165 3
      vertex 174 165 0
    endloop
  endfacet
  facet normal 0 -1 0
    outer loop
      vertex 174 165 0
      vertex 182 165 0
      vertex 180.5 165 3
    endloop
  endfacet
  facet normal 0 -1 0
    outer loop
      vertex 180.5 165 3
      vertex 182 165 0
      vertex 180.5 165 4
    endloop
  endfacet
  facet normal 0 -1 0
    outer loop
      vertex 182 165 4
      vertex 180.5 165 4
      vertex 182 165 0
    endloop
  endfacet
  facet normal 1 0 0
    outer loop
      vertex 174 165 3
      vertex 174 105 0
      vertex 174 165 0
    endloop
  endfacet
  facet normal -1 0 0
    outer loop
      vertex 182 165 4
      vertex 182 165 0
      vertex 182 108 4
    endloop
  endfacet
  facet normal 0 0 -1
    outer loop
      vertex 182 165 4
      vertex 180.5 108 4
      vertex 180.5 165 4
    endloop
  endfacet
  facet normal 1 0 0
    outer loop
      vertex 174 105 3
      vertex 174 105 0
      vertex 174 165 3
    endloop
  endfacet
  facet normal -1 0 0
    outer loop
      vertex 182 108 3
      vertex 182 165 0
      vertex 182 105 0
    endloop
  endfacet
  facet normal -1 0 0
    outer loop
      vertex 182 108 3
      vertex 182 108 4
      vertex 182 165 0
    endloop
  endfacet
  facet normal 0 0 -1
    outer loop
      vertex 182 165 4
      vertex 182 108 4
      vertex 180.5 108 4
    endloop
  endfacet
  facet normal 0 1 0
    outer loop
      vertex 174 105 0
      vertex 174 105 3
      vertex 182 105 0
    endloop
  endfacet
  facet normal 0 1 0
    outer loop
      vertex 182 105 3
      vertex 182 105 0
      vertex 174 105 3
    endloop
  endfacet
  facet normal -1 0 0
    outer loop
      vertex 182 108 3
      vertex 182 105 0
      vertex 182 105 3
    endloop
  endfacet
  facet normal 0 -1 0
    outer loop
      vertex 9 87 3
      vertex 9 87 0
      vertex 17 87 3
    endloop
  endfacet
  facet normal 0 -1 0
    outer loop
      vertex 9 87 0
      vertex 17 87 0
      vertex 17 87 3
    endloop
  endfacet
  facet normal 1 0 0
    outer loop
      vertex 9 87 0
      vertex 9 87 3
      vertex 9 25 0
    endloop
  endfacet
  facet normal -1 0 0
    outer loop
      vertex 17 87 0
      vertex 17 25 3
      vertex 17 87 3
    endloop
  endfacet
  facet normal 1 0 0
    outer loop
      vertex 9 87 3
      vertex 9 25 3
      vertex 9 25 0
    endloop
  endfacet
  facet normal -1 0 0
    outer loop
      vertex 17 87 0
      vertex 17 25 0
      vertex 17 25 3
    endloop
  endfacet
  facet normal 0 1 0
    outer loop
      vertex 9 25 0
      vertex 9 25 3
      vertex 17 25 0
    endloop
  endfacet
  facet normal 0 1 0
    outer loop
      vertex 17 25 3
      vertex 17 25 0
      vertex 9 25 3
    endloop
  endfacet
  facet normal 0 -1 0
    outer loop
      vertex 50.25 87 3
      vertex 50.25 87 0
      vertex 58.25 87 3
    endloop
  endfacet
  facet normal 0 -1 0
    outer loop
      vertex 50.25 87 0
      vertex 58.25 87 0
      vertex 58.25 87 3
    endloop
  endfacet
  facet normal 1 0 0
    outer loop
      vertex 50.25 87 0
      vertex 50.25 87 3
      vertex 50.25 25 0
    endloop
  endfacet
  facet normal -1 0 0
    outer loop
      vertex 58.25 87 0
      vertex 58.25 25 3
      vertex 58.25 87 3
    endloop
  endfacet
  facet normal 1 0 0
    outer loop
      vertex 50.25 87 3
      vertex 50.25 25 3
      vertex 50.25 25 0
    endloop
  endfacet
  facet normal -1 0 0
    outer loop
      vertex 58.25 25 3
      vertex 58.25 87 0
      vertex 58.25 25 0
    endloop
  endfacet
  facet normal 0 1 0
    outer loop
      vertex 50.25 25 0
      vertex 50.25 25 3
      vertex 58.25 25 0
    endloop
  endfacet
  facet normal 0 1 0
    outer loop
      vertex 58.25 25 3
      vertex 58.25 25 0
      vertex 50.25 25 3
    endloop
  endfacet
  facet normal 1 0 0
    outer loop
      vertex 91.5 87 0
      vertex 91.5 87 3
      vertex 91.5 83.5 0
    endloop
  endfacet
  facet normal 1 0 0
    outer loop
      vertex 91.5 83.5 0
      vertex 91.5 87 3
      vertex 91.5 83.5 3
    endloop
  endfacet
  facet normal 0 -1 0
    outer loop
      vertex 91.5 87 3
      vertex 91.5 87 0
      vertex 99.5 87 3
    endloop
  endfacet
  facet normal 1 0 0
    outer loop
      vertex 91.5 63.5 0
      vertex 91.5 63.5 3
      vertex 91.5 25 0
    endloop
  endfacet
  facet normal 1 0 0
    outer loop
      vertex 91.5 63.5 3
      vertex 91.5 25 3
      vertex 91.5 25 0
    endloop
  endfacet
  facet normal 0 1 0
    outer loop
      vertex 91.5 25 0
      vertex 91.5 25 3
      vertex 99.5 25 0
    endloop
  endfacet
  facet normal 0 -1 0
    outer loop
      vertex 91.5 87 0
      vertex 99.5 87 0
      vertex 99.5 87 3
    endloop
  endfacet
  facet normal -1 0 0
    outer loop
      vertex 99.5 83.5 3
      vertex 99.5 87 0
      vertex 99.5 83.5 0
    endloop
  endfacet
  facet normal -1 0 0
    outer loop
      vertex 99.5 87 3
      vertex 99.5 87 0
      vertex 99.5 83.5 3
    endloop
  endfacet
  facet normal -1 0 0
    outer loop
      vertex 99.5 25 3
      vertex 99.5 63.5 3
      vertex 99.5 63.5 0
    endloop
  endfacet
  facet normal -1 0 0
    outer loop
      vertex 99.5 63.5 0
      vertex 99.5 25 0
      vertex 99.5 25 3
    endloop
  endfacet
  facet normal 0 1 0
    outer loop
      vertex 99.5 25 0
      vertex 91.5 25 3
      vertex 99.5 25 3
    endloop
  endfacet
  facet normal 0 -1 0
    outer loop
      vertex 132.75 87 3
      vertex 132.75 87 0
      vertex 140.75 87 3
    endloop
  endfacet
  facet normal 0 -1 0
    outer loop
      vertex 140.75 87 3
      vertex 132.75 87 0
      vertex 140.75 87 0
    endloop
  endfacet
  facet normal 1 0 0
    outer loop
      vertex 132.75 87 3
      vertex 132.75 25 0
      vertex 132.75 87 0
    endloop
  endfacet
  facet normal -1 0 0
    outer loop
      vertex 140.75 87 3
      vertex 140.75 87 0
      vertex 140.75 25 3
    endloop
  endfacet
  facet normal 1 0 0
    outer loop
      vertex 132.75 87 3
      vertex 132.75 25 3
      vertex 132.75 25 0
    endloop
  endfacet
  facet normal -1 0 0
    outer loop
      vertex 140.75 87 0
      vertex 140.75 25 0
      vertex 140.75 25 3
    endloop
  endfacet
  facet normal 0 1 0
    outer loop
      vertex 132.75 25 0
      vertex 132.75 25 3
      vertex 140.75 25 0
    endloop
  endfacet
  facet normal 0 1 0
    outer loop
      vertex 140.75 25 3
      vertex 140.75 25 0
      vertex 132.75 25 3
    endloop
  endfacet
  facet normal 0 -1 0
    outer loop
      vertex 182 87 3
      vertex 174 87 3
      vertex 174 87 0
    endloop
  endfacet
  facet normal 0 -1 0
    outer loop
      vertex 174 87 0
      vertex 182 87 0
      vertex 182 87 3
    endloop
  endfacet
  facet normal 1 0 0
    outer loop
      vertex 174 87 3
      vertex 174 25 0
      vertex 174 87 0
    endloop
  endfacet
  facet normal -1 0 0
    outer loop
      vertex 182 87 0
      vertex 182 25 3
      vertex 182 87 3
    endloop
  endfacet
  facet normal 1 0 0
    outer loop
      vertex 174 87 3
      vertex 174 25 3
      vertex 174 25 0
    endloop
  endfacet
  facet normal -1 0 0
    outer loop
      vertex 182 87 0
      vertex 182 25 0
      vertex 182 25 3
    endloop
  endfacet
  facet normal 0 1 0
    outer loop
      vertex 174 25 0
      vertex 174 25 3
      vertex 182 25 0
    endloop
  endfacet
  facet normal 0 1 0
    outer loop
      vertex 182 25 3
      vertex 182 25 0
      vertex 174 25 3
    endloop
  endfacet
  facet normal 0.9469301294951034 0 0.32143946530316814
    outer loop
      vertex 17.826666890849594 3 19.41765714851933
      vertex 17.826666890849594 0 19.41765714851933
      vertex 17.921271051849605 3 19.13896227717855
    endloop
  endfacet
  facet normal 0.9469301294951034 0 0.32143946530316814
    outer loop
      vertex 17.921271051849605 3 19.13896227717855
      vertex 17.826666890849594 0 19.41765714851933
      vertex 17.921271051849605 0 19.13896227717855
    endloop
  endfacet
  facet normal 0.9807852804032313 0 0.19509032201612392
    outer loop
      vertex 17.826666890849594 3 19.41765714851933
      vertex 17.769249061908926 3 19.706316067504883
      vertex 17.769249061908926 0 19.706316067504883
    endloop
  endfacet
  facet normal 0.9978589232386037 0 0.06540312923014181
    outer loop
      vertex 17.769249061908926 3 19.706316067504883
      vertex 17.75 3 20
      vertex 17.75 0 20
    endloop
  endfacet
  facet normal 0.9978589232386037 0 -0.06540312923014181
    outer loop
      vertex 17.75 3 20
      vertex 17.769249061908926 3 20.293683932495117
      vertex 17.769249061908926 0 20.293683932495117
    endloop
  endfacet
  facet normal 0.9807852804032313 0 -0.19509032201612392
    outer loop
      vertex 17.769249061908926 3 20.293683932495117
      vertex 17.826666890849594 3 20.58234285148067
      vertex 17.826666890849594 0 20.58234285148067
    endloop
  endfacet
  facet normal 0.9469301294951034 0 -0.32143946530316814
    outer loop
      vertex 17.826666890849594 3 20.58234285148067
      vertex 17.921271051849605 3 20.86103772282145
      vertex 17.921271051849605 0 20.86103772282145
    endloop
  endfacet
  facet normal 0.9807852804032313 0 0.19509032201612392
    outer loop
      vertex 17.826666890849594 3 19.41765714851933
      vertex 17.769249061908926 0 19.706316067504883
      vertex 17.826666890849594 0 19.41765714851933
    endloop
  endfacet
  facet normal 0.9978589232386037 0 0.06540312923014181
    outer loop
      vertex 17.769249061908926 3 19.706316067504883
      vertex 17.75 0 20
      vertex 17.769249061908926 0 19.706316067504883
    endloop
  endfacet
  facet normal 0.9978589232386037 0 -0.06540312923014181
    outer loop
      vertex 17.75 3 20
      vertex 17.769249061908926 0 20.293683932495117
      vertex 17.75 0 20
    endloop
  endfacet
  facet normal 0.9807852804032313 0 -0.19509032201612392
    outer loop
      vertex 17.769249061908926 3 20.293683932495117
      vertex 17.826666890849594 0 20.58234285148067
      vertex 17.769249061908926 0 20.293683932495117
    endloop
  endfacet
  facet normal 0.9469301294951034 0 -0.32143946530316814
    outer loop
      vertex 17.826666890849594 3 20.58234285148067
      vertex 17.921271051849605 0 20.86103772282145
      vertex 17.826666890849594 0 20.58234285148067
    endloop
  endfacet
  facet normal 0.32143946530316814 0 0.9469301294951034
    outer loop
      vertex 19.13896227717855 3 17.921271051849605
      vertex 19.13896227717855 0 17.921271051849605
      vertex 19.41765714851933 3 17.826666890849594
    endloop
  endfacet
  facet normal 0.4422886902189995 0 0.8968727415326891
    outer loop
      vertex 19.13896227717855 3 17.921271051849605
      vertex 18.875 0 18.051442841485013
      vertex 19.13896227717855 0 17.921271051849605
    endloop
  endfacet
  facet normal 0.32143946530316814 0 0.9469301294951034
    outer loop
      vertex 19.41765714851933 3 17.826666890849594
      vertex 19.13896227717855 0 17.921271051849605
      vertex 19.41765714851933 0 17.826666890849594
    endloop
  endfacet
  facet normal 0.19509032201612392 0 0.9807852804032313
    outer loop
      vertex 19.706316067504883 3 17.769249061908926
      vertex 19.41765714851933 3 17.826666890849594
      vertex 19.41765714851933 0 17.826666890849594
    endloop
  endfacet
  facet normal 0.06540312923014181 0 0.9978589232386037
    outer loop
      vertex 19.706316067504883 3 17.769249061908926
      vertex 19.706316067504883 0 17.769249061908926
      vertex 20 3 17.75
    endloop
  endfacet
  facet normal -0.06540312923014181 0 0.9978589232386037
    outer loop
      vertex 20 3 17.75
      vertex 20 0 17.75
      vertex 20.293683932495117 3 17.769249061908926
    endloop
  endfacet
  facet normal -0.19509032201612392 0 0.9807852804032313
    outer loop
      vertex 20.293683932495117 3 17.769249061908926
      vertex 20.293683932495117 0 17.769249061908926
      vertex 20.58234285148067 3 17.826666890849594
    endloop
  endfacet
  facet normal -0.32143946530316814 0 0.9469301294951034
    outer loop
      vertex 20.58234285148067 3 17.826666890849594
      vertex 20.58234285148067 0 17.826666890849594
      vertex 20.86103772282145 3 17.921271051849605
    endloop
  endfacet
  facet normal 0.19509032201612392 0 0.9807852804032313
    outer loop
      vertex 19.706316067504883 3 17.769249061908926
      vertex 19.41765714851933 0 17.826666890849594
      vertex 19.706316067504883 0 17.769249061908926
    endloop
  endfacet
  facet normal 0.06540312923014181 0 0.9978589232386037
    outer loop
      vertex 20 3 17.75
      vertex 19.706316067504883 0 17.769249061908926
      vertex 20 0 17.75
    endloop
  endfacet
  facet normal -0.06540312923014181 0 0.9978589232386037
    outer loop
      vertex 20.293683932495117 3 17.769249061908926
      vertex 20 0 17.75
      vertex 20.293683932495117 0 17.769249061908926
    endloop
  endfacet
  facet normal -0.19509032201612392 0 0.9807852804032313
    outer loop
      vertex 20.58234285148067 3 17.826666890849594
      vertex 20.293683932495117 0 17.769249061908926
      vertex 20.58234285148067 0 17.826666890849594
    endloop
  endfacet
  facet normal -0.32143946530316814 0 0.9469301294951034
    outer loop
      vertex 20.86103772282145 3 17.921271051849605
      vertex 20.58234285148067 0 17.826666890849594
      vertex 20.86103772282145 0 17.921271051849605
    endloop
  endfacet
  facet normal -0.4422886902189995 0 0.8968727415326891
    outer loop
      vertex 20.86103772282145 3 17.921271051849605
      vertex 20.86103772282145 0 17.921271051849605
      vertex 21.125 3 18.051442841485013
    endloop
  endfacet
  facet normal 0.6593458151000693 0 0.7518398074789769
    outer loop
      vertex 18.40900974233027 3 18.40900974233027
      vertex 18.40900974233027 0 18.40900974233027
      vertex 18.63028678473038 3 18.214954984344722
    endloop
  endfacet
  facet normal 0.7518398074789769 0 0.6593458151000693
    outer loop
      vertex 18.40900974233027 3 18.40900974233027
      vertex 18.214954984344722 3 18.63028678473038
      vertex 18.214954984344722 0 18.63028678473038
    endloop
  endfacet
  facet normal 0.8968727415326891 0 0.4422886902189995
    outer loop
      vertex 17.921271051849605 3 19.13896227717855
      vertex 17.921271051849605 0 19.13896227717855
      vertex 18.051442841485013 3 18.875
    endloop
  endfacet
  facet normal 0.831469612302542 0 0.5555702330196071
    outer loop
      vertex 18.214954984344722 3 18.63028678473038
      vertex 18.051442841485013 3 18.875
      vertex 18.051442841485013 0 18.875
    endloop
  endfacet
  facet normal 0.5555702330196071 0 0.831469612302542
    outer loop
      vertex 18.875 3 18.051442841485013
      vertex 18.63028678473038 3 18.214954984344722
      vertex 18.63028678473038 0 18.214954984344722
    endloop
  endfacet
  facet normal 0.4422886902189995 0 0.8968727415326891
    outer loop
      vertex 18.875 3 18.051442841485013
      vertex 18.875 0 18.051442841485013
      vertex 19.13896227717855 3 17.921271051849605
    endloop
  endfacet
  facet normal 0.831469612302542 0 0.5555702330196071
    outer loop
      vertex 18.214954984344722 3 18.63028678473038
      vertex 18.051442841485013 0 18.875
      vertex 18.214954984344722 0 18.63028678473038
    endloop
  endfacet
  facet normal 0.6593458151000693 0 0.7518398074789769
    outer loop
      vertex 18.63028678473038 3 18.214954984344722
      vertex 18.40900974233027 0 18.40900974233027
      vertex 18.63028678473038 0 18.214954984344722
    endloop
  endfacet
  facet normal 0.7518398074789769 0 0.6593458151000693
    outer loop
      vertex 18.40900974233027 3 18.40900974233027
      vertex 18.214954984344722 0 18.63028678473038
      vertex 18.40900974233027 0 18.40900974233027
    endloop
  endfacet
  facet normal 0.8968727415326891 0 0.4422886902189995
    outer loop
      vertex 18.051442841485013 3 18.875
      vertex 17.921271051849605 0 19.13896227717855
      vertex 18.051442841485013 0 18.875
    endloop
  endfacet
  facet normal 0.5555702330196071 0 0.831469612302542
    outer loop
      vertex 18.875 3 18.051442841485013
      vertex 18.63028678473038 0 18.214954984344722
      vertex 18.875 0 18.051442841485013
    endloop
  endfacet
  facet normal 0.8968727415326891 0 -0.4422886902189995
    outer loop
      vertex 17.921271051849605 3 20.86103772282145
      vertex 18.051442841485013 0 21.125
      vertex 17.921271051849605 0 20.86103772282145
    endloop
  endfacet
  facet normal 0.8968727415326891 0 -0.4422886902189995
    outer loop
      vertex 17.921271051849605 3 20.86103772282145
      vertex 18.051442841485013 3 21.125
      vertex 18.051442841485013 0 21.125
    endloop
  endfacet
  facet normal 0.831469612302542 0 -0.5555702330196071
    outer loop
      vertex 18.051442841485013 3 21.125
      vertex 18.214954984344722 3 21.36971321526962
      vertex 18.214954984344722 0 21.36971321526962
    endloop
  endfacet
  facet normal 0.7518398074789769 0 -0.6593458151000693
    outer loop
      vertex 18.214954984344722 3 21.36971321526962
      vertex 18.40900974233027 3 21.59099025766973
      vertex 18.40900974233027 0 21.59099025766973
    endloop
  endfacet
  facet normal 0.6593458151000693 0 -0.7518398074789769
    outer loop
      vertex 18.40900974233027 3 21.59099025766973
      vertex 18.63028678473038 3 21.785045015655278
      vertex 18.63028678473038 0 21.785045015655278
    endloop
  endfacet
  facet normal 0.5555702330196071 0 -0.831469612302542
    outer loop
      vertex 18.63028678473038 3 21.785045015655278
      vertex 18.875 3 21.948557158514987
      vertex 18.875 0 21.948557158514987
    endloop
  endfacet
  facet normal 0.4422886902189995 0 -0.8968727415326891
    outer loop
      vertex 18.875 3 21.948557158514987
      vertex 19.13896227717855 3 22.078728948150395
      vertex 19.13896227717855 0 22.078728948150395
    endloop
  endfacet
  facet normal 0.32143946530316814 0 -0.9469301294951034
    outer loop
      vertex 19.13896227717855 3 22.078728948150395
      vertex 19.41765714851933 3 22.173333109150406
      vertex 19.41765714851933 0 22.173333109150406
    endloop
  endfacet
  facet normal 0.831469612302542 0 -0.5555702330196071
    outer loop
      vertex 18.051442841485013 3 21.125
      vertex 18.214954984344722 0 21.36971321526962
      vertex 18.051442841485013 0 21.125
    endloop
  endfacet
  facet normal 0.7518398074789769 0 -0.6593458151000693
    outer loop
      vertex 18.214954984344722 3 21.36971321526962
      vertex 18.40900974233027 0 21.59099025766973
      vertex 18.214954984344722 0 21.36971321526962
    endloop
  endfacet
  facet normal 0.6593458151000693 0 -0.7518398074789769
    outer loop
      vertex 18.40900974233027 3 21.59099025766973
      vertex 18.63028678473038 0 21.785045015655278
      vertex 18.40900974233027 0 21.59099025766973
    endloop
  endfacet
  facet normal 0.5555702330196071 0 -0.831469612302542
    outer loop
      vertex 18.63028678473038 3 21.785045015655278
      vertex 18.875 0 21.948557158514987
      vertex 18.63028678473038 0 21.785045015655278
    endloop
  endfacet
  facet normal 0.4422886902189995 0 -0.8968727415326891
    outer loop
      vertex 18.875 3 21.948557158514987
      vertex 19.13896227717855 0 22.078728948150395
      vertex 18.875 0 21.948557158514987
    endloop
  endfacet
  facet normal 0.32143946530316814 0 -0.9469301294951034
    outer loop
      vertex 19.13896227717855 3 22.078728948150395
      vertex 19.41765714851933 0 22.173333109150406
      vertex 19.13896227717855 0 22.078728948150395
    endloop
  endfacet
  facet normal 0.19509032201612392 0 -0.9807852804032313
    outer loop
      vertex 19.41765714851933 3 22.173333109150406
      vertex 19.706316067504883 3 22.230750938091074
      vertex 19.706316067504883 0 22.230750938091074
    endloop
  endfacet
  facet normal 0.06540312923014181 0 -0.9978589232386037
    outer loop
      vertex 19.706316067504883 3 22.230750938091074
      vertex 20 3 22.25
      vertex 20 0 22.25
    endloop
  endfacet
  facet normal -0.06540312923014181 0 -0.9978589232386037
    outer loop
      vertex 20 3 22.25
      vertex 20.293683932495117 3 22.230750938091074
      vertex 20.293683932495117 0 22.230750938091074
    endloop
  endfacet
  facet normal -0.19509032201612392 0 -0.9807852804032313
    outer loop
      vertex 20.293683932495117 3 22.230750938091074
      vertex 20.58234285148067 3 22.173333109150406
      vertex 20.58234285148067 0 22.173333109150406
    endloop
  endfacet
  facet normal -0.32143946530316814 0 -0.9469301294951034
    outer loop
      vertex 20.58234285148067 3 22.173333109150406
      vertex 20.86103772282145 3 22.078728948150395
      vertex 20.86103772282145 0 22.078728948150395
    endloop
  endfacet
  facet normal 0.19509032201612392 0 -0.9807852804032313
    outer loop
      vertex 19.41765714851933 3 22.173333109150406
      vertex 19.706316067504883 0 22.230750938091074
      vertex 19.41765714851933 0 22.173333109150406
    endloop
  endfacet
  facet normal 0.06540312923014181 0 -0.9978589232386037
    outer loop
      vertex 19.706316067504883 3 22.230750938091074
      vertex 20 0 22.25
      vertex 19.706316067504883 0 22.230750938091074
    endloop
  endfacet
  facet normal -0.06540312923014181 0 -0.9978589232386037
    outer loop
      vertex 20 3 22.25
      vertex 20.293683932495117 0 22.230750938091074
      vertex 20 0 22.25
    endloop
  endfacet
  facet normal -0.19509032201612392 0 -0.9807852804032313
    outer loop
      vertex 20.293683932495117 3 22.230750938091074
      vertex 20.58234285148067 0 22.173333109150406
      vertex 20.293683932495117 0 22.230750938091074
    endloop
  endfacet
  facet normal -0.32143946530316814 0 -0.9469301294951034
    outer loop
      vertex 20.58234285148067 3 22.173333109150406
      vertex 20.86103772282145 0 22.078728948150395
      vertex 20.58234285148067 0 22.173333109150406
    endloop
  endfacet
  facet normal -0.5555702330196071 0 0.831469612302542
    outer loop
      vertex 21.125 3 18.051442841485013
      vertex 21.125 0 18.051442841485013
      vertex 21.36971321526962 3 18.214954984344722
    endloop
  endfacet
  facet normal -0.6593458151000693 0 0.7518398074789769
    outer loop
      vertex 21.36971321526962 3 18.214954984344722
      vertex 21.36971321526962 0 18.214954984344722
      vertex 21.59099025766973 3 18.40900974233027
    endloop
  endfacet
  facet normal -0.7518398074789769 0 0.6593458151000693
    outer loop
      vertex 21.59099025766973 3 18.40900974233027
      vertex 21.59099025766973 0 18.40900974233027
      vertex 21.785045015655278 3 18.63028678473038
    endloop
  endfacet
  facet normal -0.831469612302542 0 0.5555702330196071
    outer loop
      vertex 21.785045015655278 3 18.63028678473038
      vertex 21.785045015655278 0 18.63028678473038
      vertex 21.948557158514987 3 18.875
    endloop
  endfacet
  facet normal -0.8968727415326891 0 0.4422886902189995
    outer loop
      vertex 21.948557158514987 3 18.875
      vertex 21.948557158514987 0 18.875
      vertex 22.078728948150395 3 19.13896227717855
    endloop
  endfacet
  facet normal -0.9469301294951034 0 0.32143946530316814
    outer loop
      vertex 22.078728948150395 3 19.13896227717855
      vertex 22.078728948150395 0 19.13896227717855
      vertex 22.173333109150406 3 19.41765714851933
    endloop
  endfacet
  facet normal -0.4422886902189995 0 0.8968727415326891
    outer loop
      vertex 21.125 3 18.051442841485013
      vertex 20.86103772282145 0 17.921271051849605
      vertex 21.125 0 18.051442841485013
    endloop
  endfacet
  facet normal -0.5555702330196071 0 0.831469612302542
    outer loop
      vertex 21.36971321526962 3 18.214954984344722
      vertex 21.125 0 18.051442841485013
      vertex 21.36971321526962 0 18.214954984344722
    endloop
  endfacet
  facet normal -0.6593458151000693 0 0.7518398074789769
    outer loop
      vertex 21.59099025766973 3 18.40900974233027
      vertex 21.36971321526962 0 18.214954984344722
      vertex 21.59099025766973 0 18.40900974233027
    endloop
  endfacet
  facet normal -0.7518398074789769 0 0.6593458151000693
    outer loop
      vertex 21.785045015655278 3 18.63028678473038
      vertex 21.59099025766973 0 18.40900974233027
      vertex 21.785045015655278 0 18.63028678473038
    endloop
  endfacet
  facet normal -0.831469612302542 0 0.5555702330196071
    outer loop
      vertex 21.948557158514987 3 18.875
      vertex 21.785045015655278 0 18.63028678473038
      vertex 21.948557158514987 0 18.875
    endloop
  endfacet
  facet normal -0.8968727415326891 0 0.4422886902189995
    outer loop
      vertex 22.078728948150395 3 19.13896227717855
      vertex 21.948557158514987 0 18.875
      vertex 22.078728948150395 0 19.13896227717855
    endloop
  endfacet
  facet normal -0.9469301294951034 0 0.32143946530316814
    outer loop
      vertex 22.173333109150406 3 19.41765714851933
      vertex 22.078728948150395 0 19.13896227717855
      vertex 22.173333109150406 0 19.41765714851933
    endloop
  endfacet
  facet normal -0.9807852804032313 0 0.19509032201612392
    outer loop
      vertex 22.173333109150406 3 19.41765714851933
      vertex 22.173333109150406 0 19.41765714851933
      vertex 22.230750938091074 3 19.706316067504883
    endloop
  endfacet
  facet normal -0.9978589232386037 0 0.06540312923014181
    outer loop
      vertex 22.230750938091074 3 19.706316067504883
      vertex 22.230750938091074 0 19.706316067504883
      vertex 22.25 3 20
    endloop
  endfacet
  facet normal -0.9978589232386037 0 -0.06540312923014181
    outer loop
      vertex 22.25 3 20
      vertex 22.25 0 20
      vertex 22.230750938091074 3 20.293683932495117
    endloop
  endfacet
  facet normal -0.9807852804032313 0 -0.19509032201612392
    outer loop
      vertex 22.173333109150406 3 20.58234285148067
      vertex 22.230750938091074 3 20.293683932495117
      vertex 22.230750938091074 0 20.293683932495117
    endloop
  endfacet
  facet normal -0.9469301294951034 0 -0.32143946530316814
    outer loop
      vertex 22.173333109150406 3 20.58234285148067
      vertex 22.173333109150406 0 20.58234285148067
      vertex 22.078728948150395 3 20.86103772282145
    endloop
  endfacet
  facet normal -0.8968727415326891 0 -0.4422886902189995
    outer loop
      vertex 21.948557158514987 3 21.125
      vertex 22.078728948150395 3 20.86103772282145
      vertex 22.078728948150395 0 20.86103772282145
    endloop
  endfacet
  facet normal -0.9807852804032313 0 0.19509032201612392
    outer loop
      vertex 22.230750938091074 3 19.706316067504883
      vertex 22.173333109150406 0 19.41765714851933
      vertex 22.230750938091074 0 19.706316067504883
    endloop
  endfacet
  facet normal -0.9978589232386037 0 0.06540312923014181
    outer loop
      vertex 22.25 3 20
      vertex 22.230750938091074 0 19.706316067504883
      vertex 22.25 0 20
    endloop
  endfacet
  facet normal -0.9978589232386037 0 -0.06540312923014181
    outer loop
      vertex 22.230750938091074 3 20.293683932495117
      vertex 22.25 0 20
      vertex 22.230750938091074 0 20.293683932495117
    endloop
  endfacet
  facet normal -0.9807852804032313 0 -0.19509032201612392
    outer loop
      vertex 22.173333109150406 3 20.58234285148067
      vertex 22.230750938091074 0 20.293683932495117
      vertex 22.173333109150406 0 20.58234285148067
    endloop
  endfacet
  facet normal -0.9469301294951034 0 -0.32143946530316814
    outer loop
      vertex 22.078728948150395 3 20.86103772282145
      vertex 22.173333109150406 0 20.58234285148067
      vertex 22.078728948150395 0 20.86103772282145
    endloop
  endfacet
  facet normal -0.6593458151000693 0 -0.7518398074789769
    outer loop
      vertex 21.59099025766973 3 21.59099025766973
      vertex 21.59099025766973 0 21.59099025766973
      vertex 21.36971321526962 3 21.785045015655278
    endloop
  endfacet
  facet normal -0.4422886902189995 0 -0.8968727415326891
    outer loop
      vertex 20.86103772282145 3 22.078728948150395
      vertex 21.125 3 21.948557158514987
      vertex 21.125 0 21.948557158514987
    endloop
  endfacet
  facet normal -0.5555702330196071 0 -0.831469612302542
    outer loop
      vertex 21.125 3 21.948557158514987
      vertex 21.36971321526962 3 21.785045015655278
      vertex 21.36971321526962 0 21.785045015655278
    endloop
  endfacet
  facet normal -0.831469612302542 0 -0.5555702330196071
    outer loop
      vertex 21.948557158514987 3 21.125
      vertex 21.948557158514987 0 21.125
      vertex 21.785045015655278 3 21.36971321526962
    endloop
  endfacet
  facet normal -0.7518398074789769 0 -0.6593458151000693
    outer loop
      vertex 21.59099025766973 3 21.59099025766973
      vertex 21.785045015655278 3 21.36971321526962
      vertex 21.785045015655278 0 21.36971321526962
    endloop
  endfacet
  facet normal -0.6593458151000693 0 -0.7518398074789769
    outer loop
      vertex 21.36971321526962 3 21.785045015655278
      vertex 21.59099025766973 0 21.59099025766973
      vertex 21.36971321526962 0 21.785045015655278
    endloop
  endfacet
  facet normal -0.4422886902189995 0 -0.8968727415326891
    outer loop
      vertex 20.86103772282145 3 22.078728948150395
      vertex 21.125 0 21.948557158514987
      vertex 20.86103772282145 0 22.078728948150395
    endloop
  endfacet
  facet normal -0.5555702330196071 0 -0.831469612302542
    outer loop
      vertex 21.125 3 21.948557158514987
      vertex 21.36971321526962 0 21.785045015655278
      vertex 21.125 0 21.948557158514987
    endloop
  endfacet
  facet normal -0.8968727415326891 0 -0.4422886902189995
    outer loop
      vertex 21.948557158514987 3 21.125
      vertex 22.078728948150395 0 20.86103772282145
      vertex 21.948557158514987 0 21.125
    endloop
  endfacet
  facet normal -0.831469612302542 0 -0.5555702330196071
    outer loop
      vertex 21.785045015655278 3 21.36971321526962
      vertex 21.948557158514987 0 21.125
      vertex 21.785045015655278 0 21.36971321526962
    endloop
  endfacet
  facet normal -0.7518398074789769 0 -0.6593458151000693
    outer loop
      vertex 21.59099025766973 3 21.59099025766973
      vertex 21.785045015655278 0 21.36971321526962
      vertex 21.59099025766973 0 21.59099025766973
    endloop
  endfacet
  facet normal 0.9469301294951121 0 0.32143946530314244
    outer loop
      vertex 17.826666890849594 3 171.41765714851934
      vertex 17.826666890849594 0 171.41765714851934
      vertex 17.921271051849605 3 171.13896227717854
    endloop
  endfacet
  facet normal 0.9807852804032284 0 0.19509032201613774
    outer loop
      vertex 17.826666890849594 3 171.41765714851934
      vertex 17.769249061908926 3 171.70631606750487
      vertex 17.769249061908926 0 171.70631606750487
    endloop
  endfacet
  facet normal 0.9978589232386037 0 0.06540312923013944
    outer loop
      vertex 17.769249061908926 3 171.70631606750487
      vertex 17.75 3 172
      vertex 17.75 0 172
    endloop
  endfacet
  facet normal 0.9978589232386037 0 -0.06540312923013944
    outer loop
      vertex 17.75 3 172
      vertex 17.769249061908926 3 172.29368393249513
      vertex 17.769249061908926 0 172.29368393249513
    endloop
  endfacet
  facet normal 0.9807852804032284 0 -0.19509032201613774
    outer loop
      vertex 17.769249061908926 3 172.29368393249513
      vertex 17.826666890849594 3 172.58234285148066
      vertex 17.826666890849594 0 172.58234285148066
    endloop
  endfacet
  facet normal 0.9469301294951121 0 0.32143946530314244
    outer loop
      vertex 17.921271051849605 3 171.13896227717854
      vertex 17.826666890849594 0 171.41765714851934
      vertex 17.921271051849605 0 171.13896227717854
    endloop
  endfacet
  facet normal 0.9807852804032284 0 0.19509032201613774
    outer loop
      vertex 17.826666890849594 3 171.41765714851934
      vertex 17.769249061908926 0 171.70631606750487
      vertex 17.826666890849594 0 171.41765714851934
    endloop
  endfacet
  facet normal 0.9978589232386037 0 0.06540312923013944
    outer loop
      vertex 17.769249061908926 3 171.70631606750487
      vertex 17.75 0 172
      vertex 17.769249061908926 0 171.70631606750487
    endloop
  endfacet
  facet normal 0.9978589232386037 0 -0.06540312923013944
    outer loop
      vertex 17.75 3 172
      vertex 17.769249061908926 0 172.29368393249513
      vertex 17.75 0 172
    endloop
  endfacet
  facet normal 0.9807852804032284 0 -0.19509032201613774
    outer loop
      vertex 17.769249061908926 3 172.29368393249513
      vertex 17.826666890849594 0 172.58234285148066
      vertex 17.769249061908926 0 172.29368393249513
    endloop
  endfacet
  facet normal 0.9469301294951121 0 -0.32143946530314244
    outer loop
      vertex 17.826666890849594 3 172.58234285148066
      vertex 17.921271051849605 3 172.86103772282146
      vertex 17.921271051849605 0 172.86103772282146
    endloop
  endfacet
  facet normal 0.9469301294951121 0 -0.32143946530314244
    outer loop
      vertex 17.826666890849594 3 172.58234285148066
      vertex 17.921271051849605 0 172.86103772282146
      vertex 17.826666890849594 0 172.58234285148066
    endloop
  endfacet
  facet normal 0.8314696123025495 0 0.5555702330195958
    outer loop
      vertex 18.214954984344722 3 170.63028678473037
      vertex 18.051442841485013 3 170.875
      vertex 18.051442841485013 0 170.875
    endloop
  endfacet
  facet normal 0.7518398074789874 0 0.6593458151000573
    outer loop
      vertex 18.40900974233027 3 170.40900974233026
      vertex 18.214954984344722 3 170.63028678473037
      vertex 18.214954984344722 0 170.63028678473037
    endloop
  endfacet
  facet normal 0.6593458151000284 0 0.7518398074790129
    outer loop
      vertex 18.40900974233027 3 170.40900974233026
      vertex 18.40900974233027 0 170.40900974233026
      vertex 18.63028678473038 3 170.21495498434473
    endloop
  endfacet
  facet normal 0.5555702330195903 0 0.8314696123025532
    outer loop
      vertex 18.875 3 170.05144284148503
      vertex 18.63028678473038 3 170.21495498434473
      vertex 18.63028678473038 0 170.21495498434473
    endloop
  endfacet
  facet normal 0.44228869021904804 0 0.8968727415326652
    outer loop
      vertex 18.875 3 170.05144284148503
      vertex 18.875 0 170.05144284148503
      vertex 19.13896227717855 3 169.9212710518496
    endloop
  endfacet
  facet normal 0.3214394653031573 0 0.9469301294951071
    outer loop
      vertex 19.13896227717855 3 169.9212710518496
      vertex 19.13896227717855 0 169.9212710518496
      vertex 19.41765714851933 3 169.8266668908496
    endloop
  endfacet
  facet normal 0.8968727415326798 0 0.44228869021901873
    outer loop
      vertex 18.051442841485013 3 170.875
      vertex 17.921271051849605 0 171.13896227717854
      vertex 18.051442841485013 0 170.875
    endloop
  endfacet
  facet normal 0.8314696123025495 0 0.5555702330195958
    outer loop
      vertex 18.214954984344722 3 170.63028678473037
      vertex 18.051442841485013 0 170.875
      vertex 18.214954984344722 0 170.63028678473037
    endloop
  endfacet
  facet normal 0.7518398074789874 0 0.6593458151000573
    outer loop
      vertex 18.40900974233027 3 170.40900974233026
      vertex 18.214954984344722 0 170.63028678473037
      vertex 18.40900974233027 0 170.40900974233026
    endloop
  endfacet
  facet normal 0.6593458151000284 0 0.7518398074790129
    outer loop
      vertex 18.63028678473038 3 170.21495498434473
      vertex 18.40900974233027 0 170.40900974233026
      vertex 18.63028678473038 0 170.21495498434473
    endloop
  endfacet
  facet normal 0.5555702330195903 0 0.8314696123025532
    outer loop
      vertex 18.875 3 170.05144284148503
      vertex 18.63028678473038 0 170.21495498434473
      vertex 18.875 0 170.05144284148503
    endloop
  endfacet
  facet normal 0.3214394653031573 0 0.9469301294951071
    outer loop
      vertex 19.41765714851933 3 169.8266668908496
      vertex 19.13896227717855 0 169.9212710518496
      vertex 19.41765714851933 0 169.8266668908496
    endloop
  endfacet
  facet normal 0.44228869021904804 0 0.8968727415326652
    outer loop
      vertex 19.13896227717855 3 169.9212710518496
      vertex 18.875 0 170.05144284148503
      vertex 19.13896227717855 0 169.9212710518496
    endloop
  endfacet
  facet normal 0.19509032201608908 0 0.9807852804032382
    outer loop
      vertex 19.41765714851933 3 169.8266668908496
      vertex 19.41765714851933 0 169.8266668908496
      vertex 19.706316067504883 3 169.76924906190894
    endloop
  endfacet
  facet normal 0.06540312923017787 0 0.9978589232386013
    outer loop
      vertex 19.706316067504883 3 169.76924906190894
      vertex 19.706316067504883 0 169.76924906190894
      vertex 20 3 169.75
    endloop
  endfacet
  facet normal -0.06540312923017787 0 0.9978589232386013
    outer loop
      vertex 20 3 169.75
      vertex 20 0 169.75
      vertex 20.293683932495117 3 169.76924906190894
    endloop
  endfacet
  facet normal -0.19509032201608908 0 0.9807852804032382
    outer loop
      vertex 20.293683932495117 3 169.76924906190894
      vertex 20.293683932495117 0 169.76924906190894
      vertex 20.58234285148067 3 169.8266668908496
    endloop
  endfacet
  facet normal -0.3214394653031573 0 0.9469301294951071
    outer loop
      vertex 20.58234285148067 3 169.8266668908496
      vertex 20.58234285148067 0 169.8266668908496
      vertex 20.86103772282145 3 169.9212710518496
    endloop
  endfacet
  facet normal 0.19509032201608908 0 0.9807852804032382
    outer loop
      vertex 19.706316067504883 3 169.76924906190894
      vertex 19.41765714851933 0 169.8266668908496
      vertex 19.706316067504883 0 169.76924906190894
    endloop
  endfacet
  facet normal 0.06540312923017787 0 0.9978589232386013
    outer loop
      vertex 20 3 169.75
      vertex 19.706316067504883 0 169.76924906190894
      vertex 20 0 169.75
    endloop
  endfacet
  facet normal -0.06540312923017787 0 0.9978589232386013
    outer loop
      vertex 20.293683932495117 3 169.76924906190894
      vertex 20 0 169.75
      vertex 20.293683932495117 0 169.76924906190894
    endloop
  endfacet
  facet normal -0.19509032201608908 0 0.9807852804032382
    outer loop
      vertex 20.58234285148067 3 169.8266668908496
      vertex 20.293683932495117 0 169.76924906190894
      vertex 20.58234285148067 0 169.8266668908496
    endloop
  endfacet
  facet normal -0.3214394653031573 0 0.9469301294951071
    outer loop
      vertex 20.86103772282145 3 169.9212710518496
      vertex 20.58234285148067 0 169.8266668908496
      vertex 20.86103772282145 0 169.9212710518496
    endloop
  endfacet
  facet normal 0.8968727415326798 0 0.44228869021901873
    outer loop
      vertex 18.051442841485013 3 170.875
      vertex 17.921271051849605 3 171.13896227717854
      vertex 17.921271051849605 0 171.13896227717854
    endloop
  endfacet
  facet normal 0.8968727415326798 0 -0.44228869021901873
    outer loop
      vertex 17.921271051849605 3 172.86103772282146
      vertex 18.051442841485013 3 173.125
      vertex 18.051442841485013 0 173.125
    endloop
  endfacet
  facet normal 0.8314696123025495 0 -0.5555702330195958
    outer loop
      vertex 18.051442841485013 3 173.125
      vertex 18.214954984344722 3 173.36971321526963
      vertex 18.214954984344722 0 173.36971321526963
    endloop
  endfacet
  facet normal 0.7518398074789874 0 -0.6593458151000573
    outer loop
      vertex 18.214954984344722 3 173.36971321526963
      vertex 18.40900974233027 3 173.59099025766974
      vertex 18.40900974233027 0 173.59099025766974
    endloop
  endfacet
  facet normal 0.6593458151000284 0 -0.7518398074790129
    outer loop
      vertex 18.40900974233027 3 173.59099025766974
      vertex 18.63028678473038 3 173.78504501565527
      vertex 18.63028678473038 0 173.78504501565527
    endloop
  endfacet
  facet normal 0.5555702330195903 0 -0.8314696123025532
    outer loop
      vertex 18.63028678473038 3 173.78504501565527
      vertex 18.875 3 173.94855715851497
      vertex 18.875 0 173.94855715851497
    endloop
  endfacet
  facet normal 0.8968727415326798 0 -0.44228869021901873
    outer loop
      vertex 17.921271051849605 3 172.86103772282146
      vertex 18.051442841485013 0 173.125
      vertex 17.921271051849605 0 172.86103772282146
    endloop
  endfacet
  facet normal 0.8314696123025495 0 -0.5555702330195958
    outer loop
      vertex 18.051442841485013 3 173.125
      vertex 18.214954984344722 0 173.36971321526963
      vertex 18.051442841485013 0 173.125
    endloop
  endfacet
  facet normal 0.7518398074789874 0 -0.6593458151000573
    outer loop
      vertex 18.214954984344722 3 173.36971321526963
      vertex 18.40900974233027 0 173.59099025766974
      vertex 18.214954984344722 0 173.36971321526963
    endloop
  endfacet
  facet normal 0.6593458151000284 0 -0.7518398074790129
    outer loop
      vertex 18.40900974233027 3 173.59099025766974
      vertex 18.63028678473038 0 173.78504501565527
      vertex 18.40900974233027 0 173.59099025766974
    endloop
  endfacet
  facet normal 0.5555702330195903 0 -0.8314696123025532
    outer loop
      vertex 18.63028678473038 3 173.78504501565527
      vertex 18.875 0 173.94855715851497
      vertex 18.63028678473038 0 173.78504501565527
    endloop
  endfacet
  facet normal 0.44228869021904804 0 -0.8968727415326652
    outer loop
      vertex 18.875 3 173.94855715851497
      vertex 19.13896227717855 0 174.0787289481504
      vertex 18.875 0 173.94855715851497
    endloop
  endfacet
  facet normal -0.44228869021904804 0 0.8968727415326652
    outer loop
      vertex 20.86103772282145 3 169.9212710518496
      vertex 20.86103772282145 0 169.9212710518496
      vertex 21.125 3 170.05144284148503
    endloop
  endfacet
  facet normal -0.5555702330195903 0 0.8314696123025532
    outer loop
      vertex 21.125 3 170.05144284148503
      vertex 21.125 0 170.05144284148503
      vertex 21.36971321526962 3 170.21495498434473
    endloop
  endfacet
  facet normal -0.6593458151000284 0 0.7518398074790129
    outer loop
      vertex 21.36971321526962 3 170.21495498434473
      vertex 21.36971321526962 0 170.21495498434473
      vertex 21.59099025766973 3 170.40900974233026
    endloop
  endfacet
  facet normal -0.7518398074789874 0 0.6593458151000573
    outer loop
      vertex 21.59099025766973 3 170.40900974233026
      vertex 21.59099025766973 0 170.40900974233026
      vertex 21.785045015655278 3 170.63028678473037
    endloop
  endfacet
  facet normal -0.8314696123025495 0 0.5555702330195958
    outer loop
      vertex 21.785045015655278 3 170.63028678473037
      vertex 21.785045015655278 0 170.63028678473037
      vertex 21.948557158514987 3 170.875
    endloop
  endfacet
  facet normal -0.8968727415326798 0 0.44228869021901873
    outer loop
      vertex 21.948557158514987 3 170.875
      vertex 21.948557158514987 0 170.875
      vertex 22.078728948150395 3 171.13896227717854
    endloop
  endfacet
  facet normal -0.44228869021904804 0 0.8968727415326652
    outer loop
      vertex 21.125 3 170.05144284148503
      vertex 20.86103772282145 0 169.9212710518496
      vertex 21.125 0 170.05144284148503
    endloop
  endfacet
  facet normal -0.5555702330195903 0 0.8314696123025532
    outer loop
      vertex 21.36971321526962 3 170.21495498434473
      vertex 21.125 0 170.05144284148503
      vertex 21.36971321526962 0 170.21495498434473
    endloop
  endfacet
  facet normal -0.6593458151000284 0 0.7518398074790129
    outer loop
      vertex 21.59099025766973 3 170.40900974233026
      vertex 21.36971321526962 0 170.21495498434473
      vertex 21.59099025766973 0 170.40900974233026
    endloop
  endfacet
  facet normal -0.7518398074789874 0 0.6593458151000573
    outer loop
      vertex 21.785045015655278 3 170.63028678473037
      vertex 21.59099025766973 0 170.40900974233026
      vertex 21.785045015655278 0 170.63028678473037
    endloop
  endfacet
  facet normal -0.8314696123025495 0 0.5555702330195958
    outer loop
      vertex 21.948557158514987 3 170.875
      vertex 21.785045015655278 0 170.63028678473037
      vertex 21.948557158514987 0 170.875
    endloop
  endfacet
  facet normal -0.9469301294951121 0 0.32143946530314244
    outer loop
      vertex 22.078728948150395 3 171.13896227717854
      vertex 22.078728948150395 0 171.13896227717854
      vertex 22.173333109150406 3 171.41765714851934
    endloop
  endfacet
  facet normal -0.9807852804032284 0 0.19509032201613774
    outer loop
      vertex 22.173333109150406 3 171.41765714851934
      vertex 22.173333109150406 0 171.41765714851934
      vertex 22.230750938091074 3 171.70631606750487
    endloop
  endfacet
  facet normal -0.9978589232386037 0 0.06540312923013944
    outer loop
      vertex 22.230750938091074 3 171.70631606750487
      vertex 22.230750938091074 0 171.70631606750487
      vertex 22.25 3 172
    endloop
  endfacet
  facet normal -0.9978589232386037 0 -0.06540312923013944
    outer loop
      vertex 22.25 3 172
      vertex 22.25 0 172
      vertex 22.230750938091074 3 172.29368393249513
    endloop
  endfacet
  facet normal -0.9807852804032284 0 -0.19509032201613774
    outer loop
      vertex 22.173333109150406 3 172.58234285148066
      vertex 22.230750938091074 3 172.29368393249513
      vertex 22.230750938091074 0 172.29368393249513
    endloop
  endfacet
  facet normal -0.8968727415326798 0 0.44228869021901873
    outer loop
      vertex 22.078728948150395 3 171.13896227717854
      vertex 21.948557158514987 0 170.875
      vertex 22.078728948150395 0 171.13896227717854
    endloop
  endfacet
  facet normal -0.9469301294951121 0 0.32143946530314244
    outer loop
      vertex 22.173333109150406 3 171.41765714851934
      vertex 22.078728948150395 0 171.13896227717854
      vertex 22.173333109150406 0 171.41765714851934
    endloop
  endfacet
  facet normal -0.9807852804032284 0 0.19509032201613774
    outer loop
      vertex 22.230750938091074 3 171.70631606750487
      vertex 22.173333109150406 0 171.41765714851934
      vertex 22.230750938091074 0 171.70631606750487
    endloop
  endfacet
  facet normal -0.9978589232386037 0 0.06540312923013944
    outer loop
      vertex 22.25 3 172
      vertex 22.230750938091074 0 171.70631606750487
      vertex 22.25 0 172
    endloop
  endfacet
  facet normal -0.9807852804032284 0 -0.19509032201613774
    outer loop
      vertex 22.173333109150406 3 172.58234285148066
      vertex 22.230750938091074 0 172.29368393249513
      vertex 22.173333109150406 0 172.58234285148066
    endloop
  endfacet
  facet normal -0.9978589232386037 0 -0.06540312923013944
    outer loop
      vertex 22.230750938091074 3 172.29368393249513
      vertex 22.25 0 172
      vertex 22.230750938091074 0 172.29368393249513
    endloop
  endfacet
  facet normal -0.44228869021904804 0 -0.8968727415326652
    outer loop
      vertex 20.86103772282145 3 174.0787289481504
      vertex 21.125 3 173.94855715851497
      vertex 21.125 0 173.94855715851497
    endloop
  endfacet
  facet normal -0.5555702330195903 0 -0.8314696123025532
    outer loop
      vertex 21.125 3 173.94855715851497
      vertex 21.36971321526962 3 173.78504501565527
      vertex 21.36971321526962 0 173.78504501565527
    endloop
  endfacet
  facet normal -0.6593458151000284 0 -0.7518398074790129
    outer loop
      vertex 21.59099025766973 3 173.59099025766974
      vertex 21.59099025766973 0 173.59099025766974
      vertex 21.36971321526962 3 173.78504501565527
    endloop
  endfacet
  facet normal -0.8314696123025495 0 -0.5555702330195958
    outer loop
      vertex 21.948557158514987 3 173.125
      vertex 21.948557158514987 0 173.125
      vertex 21.785045015655278 3 173.36971321526963
    endloop
  endfacet
  facet normal -0.9469301294951121 0 -0.32143946530314244
    outer loop
      vertex 22.173333109150406 3 172.58234285148066
      vertex 22.173333109150406 0 172.58234285148066
      vertex 22.078728948150395 3 172.86103772282146
    endloop
  endfacet
  facet normal -0.8968727415326798 0 -0.44228869021901873
    outer loop
      vertex 21.948557158514987 3 173.125
      vertex 22.078728948150395 3 172.86103772282146
      vertex 22.078728948150395 0 172.86103772282146
    endloop
  endfacet
  facet normal -0.7518398074789874 0 -0.6593458151000573
    outer loop
      vertex 21.59099025766973 3 173.59099025766974
      vertex 21.785045015655278 3 173.36971321526963
      vertex 21.785045015655278 0 173.36971321526963
    endloop
  endfacet
  facet normal -0.5555702330195903 0 -0.8314696123025532
    outer loop
      vertex 21.125 3 173.94855715851497
      vertex 21.36971321526962 0 173.78504501565527
      vertex 21.125 0 173.94855715851497
    endloop
  endfacet
  facet normal -0.6593458151000284 0 -0.7518398074790129
    outer loop
      vertex 21.36971321526962 3 173.78504501565527
      vertex 21.59099025766973 0 173.59099025766974
      vertex 21.36971321526962 0 173.78504501565527
    endloop
  endfacet
  facet normal -0.8968727415326798 0 -0.44228869021901873
    outer loop
      vertex 21.948557158514987 3 173.125
      vertex 22.078728948150395 0 172.86103772282146
      vertex 21.948557158514987 0 173.125
    endloop
  endfacet
  facet normal -0.9469301294951121 0 -0.32143946530314244
    outer loop
      vertex 22.078728948150395 3 172.86103772282146
      vertex 22.173333109150406 0 172.58234285148066
      vertex 22.078728948150395 0 172.86103772282146
    endloop
  endfacet
  facet normal -0.7518398074789874 0 -0.6593458151000573
    outer loop
      vertex 21.59099025766973 3 173.59099025766974
      vertex 21.785045015655278 0 173.36971321526963
      vertex 21.59099025766973 0 173.59099025766974
    endloop
  endfacet
  facet normal -0.8314696123025495 0 -0.5555702330195958
    outer loop
      vertex 21.785045015655278 3 173.36971321526963
      vertex 21.948557158514987 0 173.125
      vertex 21.785045015655278 0 173.36971321526963
    endloop
  endfacet
  facet normal 0.44228869021904804 0 -0.8968727415326652
    outer loop
      vertex 18.875 3 173.94855715851497
      vertex 19.13896227717855 3 174.0787289481504
      vertex 19.13896227717855 0 174.0787289481504
    endloop
  endfacet
  facet normal 0.3214394653031573 0 -0.9469301294951071
    outer loop
      vertex 19.13896227717855 3 174.0787289481504
      vertex 19.41765714851933 3 174.1733331091504
      vertex 19.41765714851933 0 174.1733331091504
    endloop
  endfacet
  facet normal 0.3214394653031573 0 -0.9469301294951071
    outer loop
      vertex 19.13896227717855 3 174.0787289481504
      vertex 19.41765714851933 0 174.1733331091504
      vertex 19.13896227717855 0 174.0787289481504
    endloop
  endfacet
  facet normal 0.19509032201608908 0 -0.9807852804032382
    outer loop
      vertex 19.41765714851933 3 174.1733331091504
      vertex 19.706316067504883 3 174.23075093809106
      vertex 19.706316067504883 0 174.23075093809106
    endloop
  endfacet
  facet normal 0.06540312923017787 0 -0.9978589232386013
    outer loop
      vertex 19.706316067504883 3 174.23075093809106
      vertex 20 3 174.25
      vertex 20 0 174.25
    endloop
  endfacet
  facet normal -0.06540312923017787 0 -0.9978589232386013
    outer loop
      vertex 20 3 174.25
      vertex 20.293683932495117 3 174.23075093809106
      vertex 20.293683932495117 0 174.23075093809106
    endloop
  endfacet
  facet normal -0.19509032201608908 0 -0.9807852804032382
    outer loop
      vertex 20.293683932495117 3 174.23075093809106
      vertex 20.58234285148067 3 174.1733331091504
      vertex 20.58234285148067 0 174.1733331091504
    endloop
  endfacet
  facet normal -0.3214394653031573 0 -0.9469301294951071
    outer loop
      vertex 20.58234285148067 3 174.1733331091504
      vertex 20.86103772282145 3 174.0787289481504
      vertex 20.86103772282145 0 174.0787289481504
    endloop
  endfacet
  facet normal 0.19509032201608908 0 -0.9807852804032382
    outer loop
      vertex 19.41765714851933 3 174.1733331091504
      vertex 19.706316067504883 0 174.23075093809106
      vertex 19.41765714851933 0 174.1733331091504
    endloop
  endfacet
  facet normal 0.06540312923017787 0 -0.9978589232386013
    outer loop
      vertex 19.706316067504883 3 174.23075093809106
      vertex 20 0 174.25
      vertex 19.706316067504883 0 174.23075093809106
    endloop
  endfacet
  facet normal -0.06540312923017787 0 -0.9978589232386013
    outer loop
      vertex 20 3 174.25
      vertex 20.293683932495117 0 174.23075093809106
      vertex 20 0 174.25
    endloop
  endfacet
  facet normal -0.19509032201608908 0 -0.9807852804032382
    outer loop
      vertex 20.293683932495117 3 174.23075093809106
      vertex 20.58234285148067 0 174.1733331091504
      vertex 20.293683932495117 0 174.23075093809106
    endloop
  endfacet
  facet normal -0.3214394653031573 0 -0.9469301294951071
    outer loop
      vertex 20.58234285148067 3 174.1733331091504
      vertex 20.86103772282145 0 174.0787289481504
      vertex 20.58234285148067 0 174.1733331091504
    endloop
  endfacet
  facet normal -0.44228869021904804 0 -0.8968727415326652
    outer loop
      vertex 20.86103772282145 3 174.0787289481504
      vertex 21.125 0 173.94855715851497
      vertex 20.86103772282145 0 174.0787289481504
    endloop
  endfacet
  facet normal 0.44228869021901873 0 0.8968727415326798
    outer loop
      vertex 170.13896227717854 3 17.921271051849605
      vertex 169.875 0 18.051442841485013
      vertex 170.13896227717854 0 17.921271051849605
    endloop
  endfacet
  facet normal 0.32143946530314244 0 0.9469301294951121
    outer loop
      vertex 170.13896227717854 3 17.921271051849605
      vertex 170.13896227717854 0 17.921271051849605
      vertex 170.41765714851934 3 17.826666890849594
    endloop
  endfacet
  facet normal 0.19509032201613774 0 0.9807852804032284
    outer loop
      vertex 170.70631606750487 3 17.769249061908926
      vertex 170.41765714851934 3 17.826666890849594
      vertex 170.41765714851934 0 17.826666890849594
    endloop
  endfacet
  facet normal 0.06540312923013944 0 0.9978589232386037
    outer loop
      vertex 170.70631606750487 3 17.769249061908926
      vertex 170.70631606750487 0 17.769249061908926
      vertex 171 3 17.75
    endloop
  endfacet
  facet normal -0.06540312923013944 0 0.9978589232386037
    outer loop
      vertex 171 3 17.75
      vertex 171 0 17.75
      vertex 171.29368393249513 3 17.769249061908926
    endloop
  endfacet
  facet normal -0.19509032201613774 0 0.9807852804032284
    outer loop
      vertex 171.29368393249513 3 17.769249061908926
      vertex 171.29368393249513 0 17.769249061908926
      vertex 171.58234285148066 3 17.826666890849594
    endloop
  endfacet
  facet normal 0.32143946530314244 0 0.9469301294951121
    outer loop
      vertex 170.41765714851934 3 17.826666890849594
      vertex 170.13896227717854 0 17.921271051849605
      vertex 170.41765714851934 0 17.826666890849594
    endloop
  endfacet
  facet normal 0.19509032201613774 0 0.9807852804032284
    outer loop
      vertex 170.70631606750487 3 17.769249061908926
      vertex 170.41765714851934 0 17.826666890849594
      vertex 170.70631606750487 0 17.769249061908926
    endloop
  endfacet
  facet normal 0.06540312923013944 0 0.9978589232386037
    outer loop
      vertex 171 3 17.75
      vertex 170.70631606750487 0 17.769249061908926
      vertex 171 0 17.75
    endloop
  endfacet
  facet normal -0.06540312923013944 0 0.9978589232386037
    outer loop
      vertex 171.29368393249513 3 17.769249061908926
      vertex 171 0 17.75
      vertex 171.29368393249513 0 17.769249061908926
    endloop
  endfacet
  facet normal -0.19509032201613774 0 0.9807852804032284
    outer loop
      vertex 171.58234285148066 3 17.826666890849594
      vertex 171.29368393249513 0 17.769249061908926
      vertex 171.58234285148066 0 17.826666890849594
    endloop
  endfacet
  facet normal -0.32143946530314244 0 0.9469301294951121
    outer loop
      vertex 171.58234285148066 3 17.826666890849594
      vertex 171.58234285148066 0 17.826666890849594
      vertex 171.86103772282146 3 17.921271051849605
    endloop
  endfacet
  facet normal -0.44228869021901873 0 0.8968727415326798
    outer loop
      vertex 171.86103772282146 3 17.921271051849605
      vertex 171.86103772282146 0 17.921271051849605
      vertex 172.125 3 18.051442841485013
    endloop
  endfacet
  facet normal -0.32143946530314244 0 0.9469301294951121
    outer loop
      vertex 171.86103772282146 3 17.921271051849605
      vertex 171.58234285148066 0 17.826666890849594
      vertex 171.86103772282146 0 17.921271051849605
    endloop
  endfacet
  facet normal 0.7518398074790129 0 0.6593458151000284
    outer loop
      vertex 169.40900974233026 3 18.40900974233027
      vertex 169.21495498434473 3 18.63028678473038
      vertex 169.21495498434473 0 18.63028678473038
    endloop
  endfacet
  facet normal 0.8968727415326652 0 0.44228869021904804
    outer loop
      vertex 168.9212710518496 3 19.13896227717855
      vertex 168.9212710518496 0 19.13896227717855
      vertex 169.05144284148503 3 18.875
    endloop
  endfacet
  facet normal 0.9469301294951071 0 0.3214394653031573
    outer loop
      vertex 168.9212710518496 3 19.13896227717855
      vertex 168.8266668908496 3 19.41765714851933
      vertex 168.8266668908496 0 19.41765714851933
    endloop
  endfacet
  facet normal 0.8314696123025532 0 0.5555702330195903
    outer loop
      vertex 169.21495498434473 3 18.63028678473038
      vertex 169.05144284148503 3 18.875
      vertex 169.05144284148503 0 18.875
    endloop
  endfacet
  facet normal 0.6593458151000573 0 0.7518398074789874
    outer loop
      vertex 169.40900974233026 3 18.40900974233027
      vertex 169.40900974233026 0 18.40900974233027
      vertex 169.63028678473037 3 18.214954984344722
    endloop
  endfacet
  facet normal 0.5555702330195958 0 0.8314696123025495
    outer loop
      vertex 169.63028678473037 3 18.214954984344722
      vertex 169.63028678473037 0 18.214954984344722
      vertex 169.875 3 18.051442841485013
    endloop
  endfacet
  facet normal 0.44228869021901873 0 0.8968727415326798
    outer loop
      vertex 169.875 3 18.051442841485013
      vertex 169.875 0 18.051442841485013
      vertex 170.13896227717854 3 17.921271051849605
    endloop
  endfacet
  facet normal 0.8314696123025532 0 0.5555702330195903
    outer loop
      vertex 169.21495498434473 3 18.63028678473038
      vertex 169.05144284148503 0 18.875
      vertex 169.21495498434473 0 18.63028678473038
    endloop
  endfacet
  facet normal 0.7518398074790129 0 0.6593458151000284
    outer loop
      vertex 169.40900974233026 3 18.40900974233027
      vertex 169.21495498434473 0 18.63028678473038
      vertex 169.40900974233026 0 18.40900974233027
    endloop
  endfacet
  facet normal 0.9469301294951071 0 0.3214394653031573
    outer loop
      vertex 168.9212710518496 3 19.13896227717855
      vertex 168.8266668908496 0 19.41765714851933
      vertex 168.9212710518496 0 19.13896227717855
    endloop
  endfacet
  facet normal 0.8968727415326652 0 0.44228869021904804
    outer loop
      vertex 169.05144284148503 3 18.875
      vertex 168.9212710518496 0 19.13896227717855
      vertex 169.05144284148503 0 18.875
    endloop
  endfacet
  facet normal 0.6593458151000573 0 0.7518398074789874
    outer loop
      vertex 169.63028678473037 3 18.214954984344722
      vertex 169.40900974233026 0 18.40900974233027
      vertex 169.63028678473037 0 18.214954984344722
    endloop
  endfacet
  facet normal 0.5555702330195958 0 0.8314696123025495
    outer loop
      vertex 169.875 3 18.051442841485013
      vertex 169.63028678473037 0 18.214954984344722
      vertex 169.875 0 18.051442841485013
    endloop
  endfacet
  facet normal 0.9807852804032382 0 0.19509032201608908
    outer loop
      vertex 168.8266668908496 3 19.41765714851933
      vertex 168.76924906190894 3 19.706316067504883
      vertex 168.76924906190894 0 19.706316067504883
    endloop
  endfacet
  facet normal 0.9978589232386013 0 0.06540312923017787
    outer loop
      vertex 168.76924906190894 3 19.706316067504883
      vertex 168.75 3 20
      vertex 168.75 0 20
    endloop
  endfacet
  facet normal 0.9978589232386013 0 -0.06540312923017787
    outer loop
      vertex 168.75 3 20
      vertex 168.76924906190894 3 20.293683932495117
      vertex 168.76924906190894 0 20.293683932495117
    endloop
  endfacet
  facet normal 0.9807852804032382 0 -0.19509032201608908
    outer loop
      vertex 168.76924906190894 3 20.293683932495117
      vertex 168.8266668908496 3 20.58234285148067
      vertex 168.8266668908496 0 20.58234285148067
    endloop
  endfacet
  facet normal 0.9469301294951071 0 -0.3214394653031573
    outer loop
      vertex 168.8266668908496 3 20.58234285148067
      vertex 168.9212710518496 3 20.86103772282145
      vertex 168.9212710518496 0 20.86103772282145
    endloop
  endfacet
  facet normal 0.9978589232386013 0 0.06540312923017787
    outer loop
      vertex 168.76924906190894 3 19.706316067504883
      vertex 168.75 0 20
      vertex 168.76924906190894 0 19.706316067504883
    endloop
  endfacet
  facet normal 0.9807852804032382 0 0.19509032201608908
    outer loop
      vertex 168.8266668908496 3 19.41765714851933
      vertex 168.76924906190894 0 19.706316067504883
      vertex 168.8266668908496 0 19.41765714851933
    endloop
  endfacet
  facet normal 0.9978589232386013 0 -0.06540312923017787
    outer loop
      vertex 168.75 3 20
      vertex 168.76924906190894 0 20.293683932495117
      vertex 168.75 0 20
    endloop
  endfacet
  facet normal 0.9807852804032382 0 -0.19509032201608908
    outer loop
      vertex 168.76924906190894 3 20.293683932495117
      vertex 168.8266668908496 0 20.58234285148067
      vertex 168.76924906190894 0 20.293683932495117
    endloop
  endfacet
  facet normal 0.9469301294951071 0 -0.3214394653031573
    outer loop
      vertex 168.8266668908496 3 20.58234285148067
      vertex 168.9212710518496 0 20.86103772282145
      vertex 168.8266668908496 0 20.58234285148067
    endloop
  endfacet
  facet normal 0.8968727415326652 0 -0.44228869021904804
    outer loop
      vertex 168.9212710518496 3 20.86103772282145
      vertex 169.05144284148503 0 21.125
      vertex 168.9212710518496 0 20.86103772282145
    endloop
  endfacet
  facet normal 0.8968727415326652 0 -0.44228869021904804
    outer loop
      vertex 168.9212710518496 3 20.86103772282145
      vertex 169.05144284148503 3 21.125
      vertex 169.05144284148503 0 21.125
    endloop
  endfacet
  facet normal 0.8314696123025532 0 -0.5555702330195903
    outer loop
      vertex 169.05144284148503 3 21.125
      vertex 169.21495498434473 3 21.36971321526962
      vertex 169.21495498434473 0 21.36971321526962
    endloop
  endfacet
  facet normal 0.7518398074790129 0 -0.6593458151000284
    outer loop
      vertex 169.21495498434473 3 21.36971321526962
      vertex 169.40900974233026 3 21.59099025766973
      vertex 169.40900974233026 0 21.59099025766973
    endloop
  endfacet
  facet normal 0.6593458151000573 0 -0.7518398074789874
    outer loop
      vertex 169.40900974233026 3 21.59099025766973
      vertex 169.63028678473037 3 21.785045015655278
      vertex 169.63028678473037 0 21.785045015655278
    endloop
  endfacet
  facet normal 0.5555702330195958 0 -0.8314696123025495
    outer loop
      vertex 169.63028678473037 3 21.785045015655278
      vertex 169.875 3 21.948557158514987
      vertex 169.875 0 21.948557158514987
    endloop
  endfacet
  facet normal 0.44228869021901873 0 -0.8968727415326798
    outer loop
      vertex 169.875 3 21.948557158514987
      vertex 170.13896227717854 3 22.078728948150395
      vertex 170.13896227717854 0 22.078728948150395
    endloop
  endfacet
  facet normal 0.8314696123025532 0 -0.5555702330195903
    outer loop
      vertex 169.05144284148503 3 21.125
      vertex 169.21495498434473 0 21.36971321526962
      vertex 169.05144284148503 0 21.125
    endloop
  endfacet
  facet normal 0.7518398074790129 0 -0.6593458151000284
    outer loop
      vertex 169.21495498434473 3 21.36971321526962
      vertex 169.40900974233026 0 21.59099025766973
      vertex 169.21495498434473 0 21.36971321526962
    endloop
  endfacet
  facet normal 0.6593458151000573 0 -0.7518398074789874
    outer loop
      vertex 169.40900974233026 3 21.59099025766973
      vertex 169.63028678473037 0 21.785045015655278
      vertex 169.40900974233026 0 21.59099025766973
    endloop
  endfacet
  facet normal 0.5555702330195958 0 -0.8314696123025495
    outer loop
      vertex 169.63028678473037 3 21.785045015655278
      vertex 169.875 0 21.948557158514987
      vertex 169.63028678473037 0 21.785045015655278
    endloop
  endfacet
  facet normal 0.44228869021901873 0 -0.8968727415326798
    outer loop
      vertex 169.875 3 21.948557158514987
      vertex 170.13896227717854 0 22.078728948150395
      vertex 169.875 0 21.948557158514987
    endloop
  endfacet
  facet normal -0.5555702330195958 0 0.8314696123025495
    outer loop
      vertex 172.125 3 18.051442841485013
      vertex 172.125 0 18.051442841485013
      vertex 172.36971321526963 3 18.214954984344722
    endloop
  endfacet
  facet normal -0.6593458151000573 0 0.7518398074789874
    outer loop
      vertex 172.36971321526963 3 18.214954984344722
      vertex 172.36971321526963 0 18.214954984344722
      vertex 172.59099025766974 3 18.40900974233027
    endloop
  endfacet
  facet normal -0.7518398074790129 0 0.6593458151000284
    outer loop
      vertex 172.59099025766974 3 18.40900974233027
      vertex 172.59099025766974 0 18.40900974233027
      vertex 172.78504501565527 3 18.63028678473038
    endloop
  endfacet
  facet normal -0.8314696123025532 0 0.5555702330195903
    outer loop
      vertex 172.78504501565527 3 18.63028678473038
      vertex 172.78504501565527 0 18.63028678473038
      vertex 172.94855715851497 3 18.875
    endloop
  endfacet
  facet normal -0.8968727415326652 0 0.44228869021904804
    outer loop
      vertex 172.94855715851497 3 18.875
      vertex 172.94855715851497 0 18.875
      vertex 173.0787289481504 3 19.13896227717855
    endloop
  endfacet
  facet normal -0.44228869021901873 0 0.8968727415326798
    outer loop
      vertex 172.125 3 18.051442841485013
      vertex 171.86103772282146 0 17.921271051849605
      vertex 172.125 0 18.051442841485013
    endloop
  endfacet
  facet normal -0.5555702330195958 0 0.8314696123025495
    outer loop
      vertex 172.36971321526963 3 18.214954984344722
      vertex 172.125 0 18.051442841485013
      vertex 172.36971321526963 0 18.214954984344722
    endloop
  endfacet
  facet normal -0.6593458151000573 0 0.7518398074789874
    outer loop
      vertex 172.59099025766974 3 18.40900974233027
      vertex 172.36971321526963 0 18.214954984344722
      vertex 172.59099025766974 0 18.40900974233027
    endloop
  endfacet
  facet normal -0.7518398074790129 0 0.6593458151000284
    outer loop
      vertex 172.78504501565527 3 18.63028678473038
      vertex 172.59099025766974 0 18.40900974233027
      vertex 172.78504501565527 0 18.63028678473038
    endloop
  endfacet
  facet normal -0.8314696123025532 0 0.5555702330195903
    outer loop
      vertex 172.94855715851497 3 18.875
      vertex 172.78504501565527 0 18.63028678473038
      vertex 172.94855715851497 0 18.875
    endloop
  endfacet
  facet normal -0.8968727415326652 0 0.44228869021904804
    outer loop
      vertex 173.0787289481504 3 19.13896227717855
      vertex 172.94855715851497 0 18.875
      vertex 173.0787289481504 0 19.13896227717855
    endloop
  endfacet
  facet normal -0.8968727415326652 0 -0.44228869021904804
    outer loop
      vertex 173.0787289481504 3 20.86103772282145
      vertex 173.0787289481504 0 20.86103772282145
      vertex 172.94855715851497 3 21.125
    endloop
  endfacet
  facet normal 0.32143946530314244 0 -0.9469301294951121
    outer loop
      vertex 170.13896227717854 3 22.078728948150395
      vertex 170.41765714851934 3 22.173333109150406
      vertex 170.41765714851934 0 22.173333109150406
    endloop
  endfacet
  facet normal 0.19509032201613774 0 -0.9807852804032284
    outer loop
      vertex 170.41765714851934 3 22.173333109150406
      vertex 170.70631606750487 3 22.230750938091074
      vertex 170.70631606750487 0 22.230750938091074
    endloop
  endfacet
  facet normal 0.06540312923013944 0 -0.9978589232386037
    outer loop
      vertex 170.70631606750487 3 22.230750938091074
      vertex 171 3 22.25
      vertex 171 0 22.25
    endloop
  endfacet
  facet normal -0.06540312923013944 0 -0.9978589232386037
    outer loop
      vertex 171 3 22.25
      vertex 171.29368393249513 3 22.230750938091074
      vertex 171.29368393249513 0 22.230750938091074
    endloop
  endfacet
  facet normal -0.19509032201613774 0 -0.9807852804032284
    outer loop
      vertex 171.29368393249513 3 22.230750938091074
      vertex 171.58234285148066 3 22.173333109150406
      vertex 171.58234285148066 0 22.173333109150406
    endloop
  endfacet
  facet normal 0.32143946530314244 0 -0.9469301294951121
    outer loop
      vertex 170.13896227717854 3 22.078728948150395
      vertex 170.41765714851934 0 22.173333109150406
      vertex 170.13896227717854 0 22.078728948150395
    endloop
  endfacet
  facet normal 0.19509032201613774 0 -0.9807852804032284
    outer loop
      vertex 170.41765714851934 3 22.173333109150406
      vertex 170.70631606750487 0 22.230750938091074
      vertex 170.41765714851934 0 22.173333109150406
    endloop
  endfacet
  facet normal 0.06540312923013944 0 -0.9978589232386037
    outer loop
      vertex 170.70631606750487 3 22.230750938091074
      vertex 171 0 22.25
      vertex 170.70631606750487 0 22.230750938091074
    endloop
  endfacet
  facet normal -0.06540312923013944 0 -0.9978589232386037
    outer loop
      vertex 171 3 22.25
      vertex 171.29368393249513 0 22.230750938091074
      vertex 171 0 22.25
    endloop
  endfacet
  facet normal -0.19509032201613774 0 -0.9807852804032284
    outer loop
      vertex 171.29368393249513 3 22.230750938091074
      vertex 171.58234285148066 0 22.173333109150406
      vertex 171.29368393249513 0 22.230750938091074
    endloop
  endfacet
  facet normal -0.32143946530314244 0 -0.9469301294951121
    outer loop
      vertex 171.58234285148066 3 22.173333109150406
      vertex 171.86103772282146 3 22.078728948150395
      vertex 171.86103772282146 0 22.078728948150395
    endloop
  endfacet
  facet normal -0.44228869021901873 0 -0.8968727415326798
    outer loop
      vertex 172.125 3 21.948557158514987
      vertex 172.125 0 21.948557158514987
      vertex 171.86103772282146 3 22.078728948150395
    endloop
  endfacet
  facet normal -0.5555702330195958 0 -0.8314696123025495
    outer loop
      vertex 172.125 3 21.948557158514987
      vertex 172.36971321526963 3 21.785045015655278
      vertex 172.36971321526963 0 21.785045015655278
    endloop
  endfacet
  facet normal -0.6593458151000573 0 -0.7518398074789874
    outer loop
      vertex 172.36971321526963 3 21.785045015655278
      vertex 172.59099025766974 3 21.59099025766973
      vertex 172.59099025766974 0 21.59099025766973
    endloop
  endfacet
  facet normal -0.7518398074790129 0 -0.6593458151000284
    outer loop
      vertex 172.59099025766974 3 21.59099025766973
      vertex 172.78504501565527 3 21.36971321526962
      vertex 172.78504501565527 0 21.36971321526962
    endloop
  endfacet
  facet normal -0.8314696123025532 0 -0.5555702330195903
    outer loop
      vertex 172.94855715851497 3 21.125
      vertex 172.94855715851497 0 21.125
      vertex 172.78504501565527 3 21.36971321526962
    endloop
  endfacet
  facet normal -0.44228869021901873 0 -0.8968727415326798
    outer loop
      vertex 171.86103772282146 3 22.078728948150395
      vertex 172.125 0 21.948557158514987
      vertex 171.86103772282146 0 22.078728948150395
    endloop
  endfacet
  facet normal -0.32143946530314244 0 -0.9469301294951121
    outer loop
      vertex 171.58234285148066 3 22.173333109150406
      vertex 171.86103772282146 0 22.078728948150395
      vertex 171.58234285148066 0 22.173333109150406
    endloop
  endfacet
  facet normal -0.5555702330195958 0 -0.8314696123025495
    outer loop
      vertex 172.125 3 21.948557158514987
      vertex 172.36971321526963 0 21.785045015655278
      vertex 172.125 0 21.948557158514987
    endloop
  endfacet
  facet normal -0.6593458151000573 0 -0.7518398074789874
    outer loop
      vertex 172.36971321526963 3 21.785045015655278
      vertex 172.59099025766974 0 21.59099025766973
      vertex 172.36971321526963 0 21.785045015655278
    endloop
  endfacet
  facet normal -0.7518398074790129 0 -0.6593458151000284
    outer loop
      vertex 172.59099025766974 3 21.59099025766973
      vertex 172.78504501565527 0 21.36971321526962
      vertex 172.59099025766974 0 21.59099025766973
    endloop
  endfacet
  facet normal -0.8314696123025532 0 -0.5555702330195903
    outer loop
      vertex 172.78504501565527 3 21.36971321526962
      vertex 172.94855715851497 0 21.125
      vertex 172.78504501565527 0 21.36971321526962
    endloop
  endfacet
  facet normal -0.8968727415326652 0 -0.44228869021904804
    outer loop
      vertex 172.94855715851497 3 21.125
      vertex 173.0787289481504 0 20.86103772282145
      vertex 172.94855715851497 0 21.125
    endloop
  endfacet
  facet normal -0.9469301294951071 0 0.3214394653031573
    outer loop
      vertex 173.0787289481504 3 19.13896227717855
      vertex 173.0787289481504 0 19.13896227717855
      vertex 173.1733331091504 3 19.41765714851933
    endloop
  endfacet
  facet normal -0.9469301294951071 0 0.3214394653031573
    outer loop
      vertex 173.1733331091504 3 19.41765714851933
      vertex 173.0787289481504 0 19.13896227717855
      vertex 173.1733331091504 0 19.41765714851933
    endloop
  endfacet
  facet normal -0.9807852804032382 0 0.19509032201608908
    outer loop
      vertex 173.1733331091504 3 19.41765714851933
      vertex 173.1733331091504 0 19.41765714851933
      vertex 173.23075093809106 3 19.706316067504883
    endloop
  endfacet
  facet normal -0.9978589232386013 0 0.06540312923017787
    outer loop
      vertex 173.23075093809106 3 19.706316067504883
      vertex 173.23075093809106 0 19.706316067504883
      vertex 173.25 3 20
    endloop
  endfacet
  facet normal -0.9978589232386013 0 -0.06540312923017787
    outer loop
      vertex 173.25 3 20
      vertex 173.25 0 20
      vertex 173.23075093809106 3 20.293683932495117
    endloop
  endfacet
  facet normal -0.9807852804032382 0 -0.19509032201608908
    outer loop
      vertex 173.23075093809106 3 20.293683932495117
      vertex 173.23075093809106 0 20.293683932495117
      vertex 173.1733331091504 3 20.58234285148067
    endloop
  endfacet
  facet normal -0.9469301294951071 0 -0.3214394653031573
    outer loop
      vertex 173.0787289481504 3 20.86103772282145
      vertex 173.1733331091504 3 20.58234285148067
      vertex 173.1733331091504 0 20.58234285148067
    endloop
  endfacet
  facet normal -0.9807852804032382 0 0.19509032201608908
    outer loop
      vertex 173.23075093809106 3 19.706316067504883
      vertex 173.1733331091504 0 19.41765714851933
      vertex 173.23075093809106 0 19.706316067504883
    endloop
  endfacet
  facet normal -0.9978589232386013 0 0.06540312923017787
    outer loop
      vertex 173.25 3 20
      vertex 173.23075093809106 0 19.706316067504883
      vertex 173.25 0 20
    endloop
  endfacet
  facet normal -0.9978589232386013 0 -0.06540312923017787
    outer loop
      vertex 173.23075093809106 3 20.293683932495117
      vertex 173.25 0 20
      vertex 173.23075093809106 0 20.293683932495117
    endloop
  endfacet
  facet normal -0.9807852804032382 0 -0.19509032201608908
    outer loop
      vertex 173.1733331091504 3 20.58234285148067
      vertex 173.23075093809106 0 20.293683932495117
      vertex 173.1733331091504 0 20.58234285148067
    endloop
  endfacet
  facet normal -0.9469301294951071 0 -0.3214394653031573
    outer loop
      vertex 173.0787289481504 3 20.86103772282145
      vertex 173.1733331091504 0 20.58234285148067
      vertex 173.0787289481504 0 20.86103772282145
    endloop
  endfacet
  facet normal 0.7518398074790235 0 0.6593458151000164
    outer loop
      vertex 169.21495498434473 3 170.63028678473037
      vertex 169.21495498434473 0 170.63028678473037
      vertex 169.40900974233026 3 170.40900974233026
    endloop
  endfacet
  facet normal 0.8314696123025606 0 0.5555702330195792
    outer loop
      vertex 169.05144284148503 3 170.875
      vertex 169.05144284148503 0 170.875
      vertex 169.21495498434473 3 170.63028678473037
    endloop
  endfacet
  facet normal 0.5555702330195792 0 0.8314696123025606
    outer loop
      vertex 169.63028678473037 3 170.21495498434473
      vertex 169.63028678473037 0 170.21495498434473
      vertex 169.875 3 170.05144284148503
    endloop
  endfacet
  facet normal 0.44228869021906725 0 0.8968727415326558
    outer loop
      vertex 169.875 3 170.05144284148503
      vertex 169.875 0 170.05144284148503
      vertex 170.13896227717854 3 169.9212710518496
    endloop
  endfacet
  facet normal 0.6593458151000164 0 0.7518398074790235
    outer loop
      vertex 169.40900974233026 3 170.40900974233026
      vertex 169.40900974233026 0 170.40900974233026
      vertex 169.63028678473037 3 170.21495498434473
    endloop
  endfacet
  facet normal 0.7518398074790235 0 0.6593458151000164
    outer loop
      vertex 169.40900974233026 3 170.40900974233026
      vertex 169.21495498434473 0 170.63028678473037
      vertex 169.40900974233026 0 170.40900974233026
    endloop
  endfacet
  facet normal 0.8314696123025606 0 0.5555702330195792
    outer loop
      vertex 169.21495498434473 3 170.63028678473037
      vertex 169.05144284148503 0 170.875
      vertex 169.21495498434473 0 170.63028678473037
    endloop
  endfacet
  facet normal 0.8968727415326558 0 0.44228869021906725
    outer loop
      vertex 169.05144284148503 3 170.875
      vertex 168.9212710518496 0 171.13896227717854
      vertex 169.05144284148503 0 170.875
    endloop
  endfacet
  facet normal 0.5555702330195792 0 0.8314696123025606
    outer loop
      vertex 169.875 3 170.05144284148503
      vertex 169.63028678473037 0 170.21495498434473
      vertex 169.875 0 170.05144284148503
    endloop
  endfacet
  facet normal 0.44228869021906725 0 0.8968727415326558
    outer loop
      vertex 170.13896227717854 3 169.9212710518496
      vertex 169.875 0 170.05144284148503
      vertex 170.13896227717854 0 169.9212710518496
    endloop
  endfacet
  facet normal 0.6593458151000164 0 0.7518398074790235
    outer loop
      vertex 169.63028678473037 3 170.21495498434473
      vertex 169.40900974233026 0 170.40900974233026
      vertex 169.63028678473037 0 170.21495498434473
    endloop
  endfacet
  facet normal 0.8968727415326558 0 0.44228869021906725
    outer loop
      vertex 168.9212710518496 3 171.13896227717854
      vertex 168.9212710518496 0 171.13896227717854
      vertex 169.05144284148503 3 170.875
    endloop
  endfacet
  facet normal 0.9469301294951159 0 0.3214394653031316
    outer loop
      vertex 168.9212710518496 3 171.13896227717854
      vertex 168.8266668908496 3 171.41765714851934
      vertex 168.8266668908496 0 171.41765714851934
    endloop
  endfacet
  facet normal 0.9807852804032355 0 0.19509032201610293
    outer loop
      vertex 168.8266668908496 3 171.41765714851934
      vertex 168.76924906190894 3 171.70631606750487
      vertex 168.76924906190894 0 171.70631606750487
    endloop
  endfacet
  facet normal 0.9978589232386014 0 0.0654031292301755
    outer loop
      vertex 168.76924906190894 3 171.70631606750487
      vertex 168.75 3 172
      vertex 168.75 0 172
    endloop
  endfacet
  facet normal 0.9978589232386014 0 -0.0654031292301755
    outer loop
      vertex 168.75 3 172
      vertex 168.76924906190894 3 172.29368393249513
      vertex 168.76924906190894 0 172.29368393249513
    endloop
  endfacet
  facet normal 0.9807852804032355 0 -0.19509032201610293
    outer loop
      vertex 168.76924906190894 3 172.29368393249513
      vertex 168.8266668908496 3 172.58234285148066
      vertex 168.8266668908496 0 172.58234285148066
    endloop
  endfacet
  facet normal 0.9469301294951159 0 0.3214394653031316
    outer loop
      vertex 168.9212710518496 3 171.13896227717854
      vertex 168.8266668908496 0 171.41765714851934
      vertex 168.9212710518496 0 171.13896227717854
    endloop
  endfacet
  facet normal 0.9807852804032355 0 0.19509032201610293
    outer loop
      vertex 168.8266668908496 3 171.41765714851934
      vertex 168.76924906190894 0 171.70631606750487
      vertex 168.8266668908496 0 171.41765714851934
    endloop
  endfacet
  facet normal 0.9978589232386014 0 0.0654031292301755
    outer loop
      vertex 168.76924906190894 3 171.70631606750487
      vertex 168.75 0 172
      vertex 168.76924906190894 0 171.70631606750487
    endloop
  endfacet
  facet normal 0.9978589232386014 0 -0.0654031292301755
    outer loop
      vertex 168.75 3 172
      vertex 168.76924906190894 0 172.29368393249513
      vertex 168.75 0 172
    endloop
  endfacet
  facet normal 0.9807852804032355 0 -0.19509032201610293
    outer loop
      vertex 168.76924906190894 3 172.29368393249513
      vertex 168.8266668908496 0 172.58234285148066
      vertex 168.76924906190894 0 172.29368393249513
    endloop
  endfacet
  facet normal 0.9469301294951159 0 -0.3214394653031316
    outer loop
      vertex 168.8266668908496 3 172.58234285148066
      vertex 168.9212710518496 3 172.86103772282146
      vertex 168.9212710518496 0 172.86103772282146
    endloop
  endfacet
  facet normal 0.8968727415326558 0 -0.44228869021906725
    outer loop
      vertex 168.9212710518496 3 172.86103772282146
      vertex 169.05144284148503 3 173.125
      vertex 169.05144284148503 0 173.125
    endloop
  endfacet
  facet normal 0.8314696123025606 0 -0.5555702330195792
    outer loop
      vertex 169.05144284148503 3 173.125
      vertex 169.21495498434473 3 173.36971321526963
      vertex 169.21495498434473 0 173.36971321526963
    endloop
  endfacet
  facet normal 0.7518398074790235 0 -0.6593458151000164
    outer loop
      vertex 169.21495498434473 3 173.36971321526963
      vertex 169.40900974233026 3 173.59099025766974
      vertex 169.40900974233026 0 173.59099025766974
    endloop
  endfacet
  facet normal 0.6593458151000164 0 -0.7518398074790235
    outer loop
      vertex 169.40900974233026 3 173.59099025766974
      vertex 169.63028678473037 3 173.78504501565527
      vertex 169.63028678473037 0 173.78504501565527
    endloop
  endfacet
  facet normal 0.5555702330195792 0 -0.8314696123025606
    outer loop
      vertex 169.63028678473037 3 173.78504501565527
      vertex 169.875 3 173.94855715851497
      vertex 169.875 0 173.94855715851497
    endloop
  endfacet
  facet normal 0.9469301294951159 0 -0.3214394653031316
    outer loop
      vertex 168.8266668908496 3 172.58234285148066
      vertex 168.9212710518496 0 172.86103772282146
      vertex 168.8266668908496 0 172.58234285148066
    endloop
  endfacet
  facet normal 0.8968727415326558 0 -0.44228869021906725
    outer loop
      vertex 168.9212710518496 3 172.86103772282146
      vertex 169.05144284148503 0 173.125
      vertex 168.9212710518496 0 172.86103772282146
    endloop
  endfacet
  facet normal 0.8314696123025606 0 -0.5555702330195792
    outer loop
      vertex 169.05144284148503 3 173.125
      vertex 169.21495498434473 0 173.36971321526963
      vertex 169.05144284148503 0 173.125
    endloop
  endfacet
  facet normal 0.7518398074790235 0 -0.6593458151000164
    outer loop
      vertex 169.21495498434473 3 173.36971321526963
      vertex 169.40900974233026 0 173.59099025766974
      vertex 169.21495498434473 0 173.36971321526963
    endloop
  endfacet
  facet normal 0.6593458151000164 0 -0.7518398074790235
    outer loop
      vertex 169.40900974233026 3 173.59099025766974
      vertex 169.63028678473037 0 173.78504501565527
      vertex 169.40900974233026 0 173.59099025766974
    endloop
  endfacet
  facet normal 0.5555702330195792 0 -0.8314696123025606
    outer loop
      vertex 169.63028678473037 3 173.78504501565527
      vertex 169.875 0 173.94855715851497
      vertex 169.63028678473037 0 173.78504501565527
    endloop
  endfacet
  facet normal 0.44228869021906725 0 -0.8968727415326558
    outer loop
      vertex 169.875 3 173.94855715851497
      vertex 170.13896227717854 0 174.0787289481504
      vertex 169.875 0 173.94855715851497
    endloop
  endfacet
  facet normal 0.3214394653031316 0 0.9469301294951159
    outer loop
      vertex 170.41765714851934 3 169.8266668908496
      vertex 170.13896227717854 3 169.9212710518496
      vertex 170.13896227717854 0 169.9212710518496
    endloop
  endfacet
  facet normal 0.19509032201610293 0 0.9807852804032355
    outer loop
      vertex 170.41765714851934 3 169.8266668908496
      vertex 170.41765714851934 0 169.8266668908496
      vertex 170.70631606750487 3 169.76924906190894
    endloop
  endfacet
  facet normal 0.0654031292301755 0 0.9978589232386014
    outer loop
      vertex 170.70631606750487 3 169.76924906190894
      vertex 170.70631606750487 0 169.76924906190894
      vertex 171 3 169.75
    endloop
  endfacet
  facet normal -0.0654031292301755 0 0.9978589232386014
    outer loop
      vertex 171 3 169.75
      vertex 171 0 169.75
      vertex 171.29368393249513 3 169.76924906190894
    endloop
  endfacet
  facet normal -0.19509032201610293 0 0.9807852804032355
    outer loop
      vertex 171.29368393249513 3 169.76924906190894
      vertex 171.29368393249513 0 169.76924906190894
      vertex 171.58234285148066 3 169.8266668908496
    endloop
  endfacet
  facet normal 0.3214394653031316 0 0.9469301294951159
    outer loop
      vertex 170.41765714851934 3 169.8266668908496
      vertex 170.13896227717854 0 169.9212710518496
      vertex 170.41765714851934 0 169.8266668908496
    endloop
  endfacet
  facet normal 0.19509032201610293 0 0.9807852804032355
    outer loop
      vertex 170.70631606750487 3 169.76924906190894
      vertex 170.41765714851934 0 169.8266668908496
      vertex 170.70631606750487 0 169.76924906190894
    endloop
  endfacet
  facet normal 0.0654031292301755 0 0.9978589232386014
    outer loop
      vertex 171 3 169.75
      vertex 170.70631606750487 0 169.76924906190894
      vertex 171 0 169.75
    endloop
  endfacet
  facet normal -0.0654031292301755 0 0.9978589232386014
    outer loop
      vertex 171.29368393249513 3 169.76924906190894
      vertex 171 0 169.75
      vertex 171.29368393249513 0 169.76924906190894
    endloop
  endfacet
  facet normal -0.19509032201610293 0 0.9807852804032355
    outer loop
      vertex 171.58234285148066 3 169.8266668908496
      vertex 171.29368393249513 0 169.76924906190894
      vertex 171.58234285148066 0 169.8266668908496
    endloop
  endfacet
  facet normal -0.3214394653031316 0 0.9469301294951159
    outer loop
      vertex 171.58234285148066 3 169.8266668908496
      vertex 171.58234285148066 0 169.8266668908496
      vertex 171.86103772282146 3 169.9212710518496
    endloop
  endfacet
  facet normal -0.44228869021906725 0 0.8968727415326558
    outer loop
      vertex 171.86103772282146 3 169.9212710518496
      vertex 171.86103772282146 0 169.9212710518496
      vertex 172.125 3 170.05144284148503
    endloop
  endfacet
  facet normal -0.5555702330195792 0 0.8314696123025606
    outer loop
      vertex 172.125 3 170.05144284148503
      vertex 172.125 0 170.05144284148503
      vertex 172.36971321526963 3 170.21495498434473
    endloop
  endfacet
  facet normal -0.6593458151000164 0 0.7518398074790235
    outer loop
      vertex 172.36971321526963 3 170.21495498434473
      vertex 172.36971321526963 0 170.21495498434473
      vertex 172.59099025766974 3 170.40900974233026
    endloop
  endfacet
  facet normal -0.7518398074790235 0 0.6593458151000164
    outer loop
      vertex 172.59099025766974 3 170.40900974233026
      vertex 172.59099025766974 0 170.40900974233026
      vertex 172.78504501565527 3 170.63028678473037
    endloop
  endfacet
  facet normal -0.8314696123025606 0 0.5555702330195792
    outer loop
      vertex 172.78504501565527 3 170.63028678473037
      vertex 172.78504501565527 0 170.63028678473037
      vertex 172.94855715851497 3 170.875
    endloop
  endfacet
  facet normal -0.8968727415326558 0 0.44228869021906725
    outer loop
      vertex 172.94855715851497 3 170.875
      vertex 172.94855715851497 0 170.875
      vertex 173.0787289481504 3 171.13896227717854
    endloop
  endfacet
  facet normal -0.3214394653031316 0 0.9469301294951159
    outer loop
      vertex 171.86103772282146 3 169.9212710518496
      vertex 171.58234285148066 0 169.8266668908496
      vertex 171.86103772282146 0 169.9212710518496
    endloop
  endfacet
  facet normal -0.44228869021906725 0 0.8968727415326558
    outer loop
      vertex 172.125 3 170.05144284148503
      vertex 171.86103772282146 0 169.9212710518496
      vertex 172.125 0 170.05144284148503
    endloop
  endfacet
  facet normal -0.5555702330195792 0 0.8314696123025606
    outer loop
      vertex 172.36971321526963 3 170.21495498434473
      vertex 172.125 0 170.05144284148503
      vertex 172.36971321526963 0 170.21495498434473
    endloop
  endfacet
  facet normal -0.6593458151000164 0 0.7518398074790235
    outer loop
      vertex 172.59099025766974 3 170.40900974233026
      vertex 172.36971321526963 0 170.21495498434473
      vertex 172.59099025766974 0 170.40900974233026
    endloop
  endfacet
  facet normal -0.7518398074790235 0 0.6593458151000164
    outer loop
      vertex 172.78504501565527 3 170.63028678473037
      vertex 172.59099025766974 0 170.40900974233026
      vertex 172.78504501565527 0 170.63028678473037
    endloop
  endfacet
  facet normal -0.8314696123025606 0 0.5555702330195792
    outer loop
      vertex 172.94855715851497 3 170.875
      vertex 172.78504501565527 0 170.63028678473037
      vertex 172.94855715851497 0 170.875
    endloop
  endfacet
  facet normal -0.8968727415326558 0 0.44228869021906725
    outer loop
      vertex 173.0787289481504 3 171.13896227717854
      vertex 172.94855715851497 0 170.875
      vertex 173.0787289481504 0 171.13896227717854
    endloop
  endfacet
  facet normal -0.44228869021906725 0 -0.8968727415326558
    outer loop
      vertex 172.125 3 173.94855715851497
      vertex 172.125 0 173.94855715851497
      vertex 171.86103772282146 3 174.0787289481504
    endloop
  endfacet
  facet normal -0.5555702330195792 0 -0.8314696123025606
    outer loop
      vertex 172.125 3 173.94855715851497
      vertex 172.36971321526963 3 173.78504501565527
      vertex 172.36971321526963 0 173.78504501565527
    endloop
  endfacet
  facet normal -0.8314696123025606 0 -0.5555702330195792
    outer loop
      vertex 172.94855715851497 3 173.125
      vertex 172.94855715851497 0 173.125
      vertex 172.78504501565527 3 173.36971321526963
    endloop
  endfacet
  facet normal -0.8968727415326558 0 -0.44228869021906725
    outer loop
      vertex 173.0787289481504 3 172.86103772282146
      vertex 173.0787289481504 0 172.86103772282146
      vertex 172.94855715851497 3 173.125
    endloop
  endfacet
  facet normal -0.7518398074790235 0 -0.6593458151000164
    outer loop
      vertex 172.59099025766974 3 173.59099025766974
      vertex 172.78504501565527 3 173.36971321526963
      vertex 172.78504501565527 0 173.36971321526963
    endloop
  endfacet
  facet normal -0.6593458151000164 0 -0.7518398074790235
    outer loop
      vertex 172.36971321526963 3 173.78504501565527
      vertex 172.59099025766974 3 173.59099025766974
      vertex 172.59099025766974 0 173.59099025766974
    endloop
  endfacet
  facet normal -0.5555702330195792 0 -0.8314696123025606
    outer loop
      vertex 172.125 3 173.94855715851497
      vertex 172.36971321526963 0 173.78504501565527
      vertex 172.125 0 173.94855715851497
    endloop
  endfacet
  facet normal -0.8968727415326558 0 -0.44228869021906725
    outer loop
      vertex 172.94855715851497 3 173.125
      vertex 173.0787289481504 0 172.86103772282146
      vertex 172.94855715851497 0 173.125
    endloop
  endfacet
  facet normal -0.7518398074790235 0 -0.6593458151000164
    outer loop
      vertex 172.59099025766974 3 173.59099025766974
      vertex 172.78504501565527 0 173.36971321526963
      vertex 172.59099025766974 0 173.59099025766974
    endloop
  endfacet
  facet normal -0.6593458151000164 0 -0.7518398074790235
    outer loop
      vertex 172.36971321526963 3 173.78504501565527
      vertex 172.59099025766974 0 173.59099025766974
      vertex 172.36971321526963 0 173.78504501565527
    endloop
  endfacet
  facet normal -0.8314696123025606 0 -0.5555702330195792
    outer loop
      vertex 172.78504501565527 3 173.36971321526963
      vertex 172.94855715851497 0 173.125
      vertex 172.78504501565527 0 173.36971321526963
    endloop
  endfacet
  facet normal 0.44228869021906725 0 -0.8968727415326558
    outer loop
      vertex 169.875 3 173.94855715851497
      vertex 170.13896227717854 3 174.0787289481504
      vertex 170.13896227717854 0 174.0787289481504
    endloop
  endfacet
  facet normal 0.3214394653031316 0 -0.9469301294951159
    outer loop
      vertex 170.13896227717854 3 174.0787289481504
      vertex 170.41765714851934 3 174.1733331091504
      vertex 170.41765714851934 0 174.1733331091504
    endloop
  endfacet
  facet normal 0.19509032201610293 0 -0.9807852804032355
    outer loop
      vertex 170.41765714851934 3 174.1733331091504
      vertex 170.70631606750487 3 174.23075093809106
      vertex 170.70631606750487 0 174.23075093809106
    endloop
  endfacet
  facet normal 0.0654031292301755 0 -0.9978589232386014
    outer loop
      vertex 170.70631606750487 3 174.23075093809106
      vertex 171 3 174.25
      vertex 171 0 174.25
    endloop
  endfacet
  facet normal -0.0654031292301755 0 -0.9978589232386014
    outer loop
      vertex 171 3 174.25
      vertex 171.29368393249513 3 174.23075093809106
      vertex 171.29368393249513 0 174.23075093809106
    endloop
  endfacet
  facet normal -0.19509032201610293 0 -0.9807852804032355
    outer loop
      vertex 171.29368393249513 3 174.23075093809106
      vertex 171.58234285148066 3 174.1733331091504
      vertex 171.58234285148066 0 174.1733331091504
    endloop
  endfacet
  facet normal 0.3214394653031316 0 -0.9469301294951159
    outer loop
      vertex 170.13896227717854 3 174.0787289481504
      vertex 170.41765714851934 0 174.1733331091504
      vertex 170.13896227717854 0 174.0787289481504
    endloop
  endfacet
  facet normal 0.19509032201610293 0 -0.9807852804032355
    outer loop
      vertex 170.41765714851934 3 174.1733331091504
      vertex 170.70631606750487 0 174.23075093809106
      vertex 170.41765714851934 0 174.1733331091504
    endloop
  endfacet
  facet normal 0.0654031292301755 0 -0.9978589232386014
    outer loop
      vertex 170.70631606750487 3 174.23075093809106
      vertex 171 0 174.25
      vertex 170.70631606750487 0 174.23075093809106
    endloop
  endfacet
  facet normal -0.0654031292301755 0 -0.9978589232386014
    outer loop
      vertex 171 3 174.25
      vertex 171.29368393249513 0 174.23075093809106
      vertex 171 0 174.25
    endloop
  endfacet
  facet normal -0.19509032201610293 0 -0.9807852804032355
    outer loop
      vertex 171.29368393249513 3 174.23075093809106
      vertex 171.58234285148066 0 174.1733331091504
      vertex 171.29368393249513 0 174.23075093809106
    endloop
  endfacet
  facet normal -0.3214394653031316 0 -0.9469301294951159
    outer loop
      vertex 171.58234285148066 3 174.1733331091504
      vertex 171.86103772282146 3 174.0787289481504
      vertex 171.86103772282146 0 174.0787289481504
    endloop
  endfacet
  facet normal -0.3214394653031316 0 -0.9469301294951159
    outer loop
      vertex 171.58234285148066 3 174.1733331091504
      vertex 171.86103772282146 0 174.0787289481504
      vertex 171.58234285148066 0 174.1733331091504
    endloop
  endfacet
  facet normal -0.44228869021906725 0 -0.8968727415326558
    outer loop
      vertex 171.86103772282146 3 174.0787289481504
      vertex 172.125 0 173.94855715851497
      vertex 171.86103772282146 0 174.0787289481504
    endloop
  endfacet
  facet normal -0.9469301294951159 0 0.3214394653031316
    outer loop
      vertex 173.0787289481504 3 171.13896227717854
      vertex 173.0787289481504 0 171.13896227717854
      vertex 173.1733331091504 3 171.41765714851934
    endloop
  endfacet
  facet normal -0.9807852804032355 0 0.19509032201610293
    outer loop
      vertex 173.1733331091504 3 171.41765714851934
      vertex 173.1733331091504 0 171.41765714851934
      vertex 173.23075093809106 3 171.70631606750487
    endloop
  endfacet
  facet normal -0.9978589232386014 0 0.0654031292301755
    outer loop
      vertex 173.23075093809106 3 171.70631606750487
      vertex 173.23075093809106 0 171.70631606750487
      vertex 173.25 3 172
    endloop
  endfacet
  facet normal -0.9978589232386014 0 -0.0654031292301755
    outer loop
      vertex 173.25 3 172
      vertex 173.25 0 172
      vertex 173.23075093809106 3 172.29368393249513
    endloop
  endfacet
  facet normal -0.9807852804032355 0 -0.19509032201610293
    outer loop
      vertex 173.23075093809106 3 172.29368393249513
      vertex 173.23075093809106 0 172.29368393249513
      vertex 173.1733331091504 3 172.58234285148066
    endloop
  endfacet
  facet normal -0.9469301294951159 0 0.3214394653031316
    outer loop
      vertex 173.1733331091504 3 171.41765714851934
      vertex 173.0787289481504 0 171.13896227717854
      vertex 173.1733331091504 0 171.41765714851934
    endloop
  endfacet
  facet normal -0.9807852804032355 0 0.19509032201610293
    outer loop
      vertex 173.23075093809106 3 171.70631606750487
      vertex 173.1733331091504 0 171.41765714851934
      vertex 173.23075093809106 0 171.70631606750487
    endloop
  endfacet
  facet normal -0.9978589232386014 0 0.0654031292301755
    outer loop
      vertex 173.25 3 172
      vertex 173.23075093809106 0 171.70631606750487
      vertex 173.25 0 172
    endloop
  endfacet
  facet normal -0.9978589232386014 0 -0.0654031292301755
    outer loop
      vertex 173.23075093809106 3 172.29368393249513
      vertex 173.25 0 172
      vertex 173.23075093809106 0 172.29368393249513
    endloop
  endfacet
  facet normal -0.9807852804032355 0 -0.19509032201610293
    outer loop
      vertex 173.1733331091504 3 172.58234285148066
      vertex 173.23075093809106 0 172.29368393249513
      vertex 173.1733331091504 0 172.58234285148066
    endloop
  endfacet
  facet normal -0.9469301294951159 0 -0.3214394653031316
    outer loop
      vertex 173.0787289481504 3 172.86103772282146
      vertex 173.1733331091504 3 172.58234285148066
      vertex 173.1733331091504 0 172.58234285148066
    endloop
  endfacet
  facet normal -0.9469301294951159 0 -0.3214394653031316
    outer loop
      vertex 173.0787289481504 3 172.86103772282146
      vertex 173.1733331091504 0 172.58234285148066
      vertex 173.0787289481504 0 172.86103772282146
    endloop
  endfacet
  facet normal 0.533523134512007 0.7045811547338227 0.4678872314291512
    outer loop
      vertex 17.008867956697205 4.990000000000009 17.008867956697205
      vertex 16.644036429937202 4.990000000000009 17.424878582016593
      vertex 18.214954984344722 3 18.63028678473038
    endloop
  endfacet
  facet normal 0.46788723142915123 0.7045811547338225 0.533523134512007
    outer loop
      vertex 17.008867956697205 4.990000000000009 17.008867956697205
      vertex 18.40900974233027 3 18.40900974233027
      vertex 17.424878582016593 4.990000000000009 16.644036429937202
    endloop
  endfacet
  facet normal 0.6364419010020005 0.7045811547338222 0.313858412413804
    outer loop
      vertex 16.336626370309858 4.990000000000009 17.88495024875622
      vertex 16.091897649165567 4.990000000000009 18.3812110031422
      vertex 17.921271051849605 3 19.13896227717855
    endloop
  endfacet
  facet normal 0.5900303088428087 0.7045811547338222 0.3942456480936896
    outer loop
      vertex 16.336626370309858 4.990000000000009 17.88495024875622
      vertex 18.051442841485013 3 18.875
      vertex 16.644036429937202 4.990000000000009 17.424878582016593
    endloop
  endfacet
  facet normal 0.6719637957800167 0.704581154733822 0.22810097227952808
    outer loop
      vertex 16.091897649165567 4.990000000000009 18.3812110031422
      vertex 15.914037642774726 4.990000000000009 18.90516968607752
      vertex 17.826666890849594 3 19.41765714851933
    endloop
  endfacet
  facet normal 0.6959882037086761 0.7045811547338223 0.13844066126801025
    outer loop
      vertex 15.914037642774726 4.990000000000009 18.90516968607752
      vertex 15.806089585158794 4.990000000000009 19.447861219228365
      vertex 17.769249061908926 3 19.706316067504883
    endloop
  endfacet
  facet normal 0.6364419010020008 0.7045811547338222 0.3138584124138033
    outer loop
      vertex 16.336626370309858 4.990000000000009 17.88495024875622
      vertex 17.921271051849605 3 19.13896227717855
      vertex 18.051442841485013 3 18.875
    endloop
  endfacet
  facet normal 0.590030308842805 0.7045811547338228 0.39424564809369406
    outer loop
      vertex 16.644036429937202 4.990000000000009 17.424878582016593
      vertex 18.051442841485013 3 18.875
      vertex 18.214954984344722 3 18.63028678473038
    endloop
  endfacet
  facet normal 0.5335231345120081 0.7045811547338224 0.46788723142915
    outer loop
      vertex 17.008867956697205 4.990000000000009 17.008867956697205
      vertex 18.214954984344722 3 18.63028678473038
      vertex 18.40900974233027 3 18.40900974233027
    endloop
  endfacet
  facet normal 0.6719637957800153 0.7045811547338223 0.22810097227953102
    outer loop
      vertex 16.091897649165567 4.990000000000009 18.3812110031422
      vertex 17.826666890849594 3 19.41765714851933
      vertex 17.921271051849605 3 19.13896227717855
    endloop
  endfacet
  facet normal 0.6959882037086774 0.7045811547338218 0.13844066126800544
    outer loop
      vertex 15.914037642774726 4.990000000000009 18.90516968607752
      vertex 17.769249061908926 3 19.706316067504883
      vertex 17.826666890849594 3 19.41765714851933
    endloop
  endfacet
  facet normal 0.708104060507495 0.7045811547338225 0.046411592159191634
    outer loop
      vertex 15.806089585158794 4.990000000000009 19.447861219228365
      vertex 15.769900497512438 4.990000000000009 20
      vertex 17.75 3 20
    endloop
  endfacet
  facet normal 0.7081040605074949 0.7045811547338224 0.04641159215919128
    outer loop
      vertex 15.806089585158794 4.990000000000009 19.447861219228365
      vertex 17.75 3 20
      vertex 17.769249061908926 3 19.706316067504883
    endloop
  endfacet
  facet normal 0.7081040605074951 0.7045811547338224 -0.04641159215919128
    outer loop
      vertex 15.769900497512438 4.990000000000009 20
      vertex 17.769249061908926 3 20.293683932495117
      vertex 17.75 3 20
    endloop
  endfacet
  facet normal 0.708104060507495 0.7045811547338225 -0.046411592159191634
    outer loop
      vertex 15.769900497512438 4.990000000000009 20
      vertex 15.806089585158794 4.990000000000009 20.552138780771635
      vertex 17.769249061908926 3 20.293683932495117
    endloop
  endfacet
  facet normal 0.6959882037086764 0.704581154733822 -0.13844066126801033
    outer loop
      vertex 15.806089585158794 4.990000000000009 20.552138780771635
      vertex 15.914037642774726 4.990000000000009 21.09483031392248
      vertex 17.826666890849594 3 20.58234285148067
    endloop
  endfacet
  facet normal 0.6959882037086769 0.7045811547338224 -0.13844066126800583
    outer loop
      vertex 15.806089585158794 4.990000000000009 20.552138780771635
      vertex 17.826666890849594 3 20.58234285148067
      vertex 17.769249061908926 3 20.293683932495117
    endloop
  endfacet
  facet normal 0.6719637957800156 0.7045811547338219 -0.22810097227953116
    outer loop
      vertex 15.914037642774726 4.990000000000009 21.09483031392248
      vertex 17.921271051849605 3 20.86103772282145
      vertex 17.826666890849594 3 20.58234285148067
    endloop
  endfacet
  facet normal 0.6719637957800164 0.7045811547338221 -0.22810097227952797
    outer loop
      vertex 15.914037642774726 4.990000000000009 21.09483031392248
      vertex 16.091897649165567 4.990000000000009 21.6187889968578
      vertex 17.921271051849605 3 20.86103772282145
    endloop
  endfacet
  facet normal 0.6364419010020005 0.7045811547338221 -0.31385841241380413
    outer loop
      vertex 18.051442841485013 3 21.125
      vertex 16.091897649165567 4.990000000000009 21.6187889968578
      vertex 16.336626370309858 4.990000000000009 22.11504975124378
    endloop
  endfacet
  facet normal 0.5900303088428085 0.7045811547338227 -0.39424564809368945
    outer loop
      vertex 16.336626370309858 4.990000000000009 22.11504975124378
      vertex 16.644036429937202 4.990000000000009 22.575121417983407
      vertex 18.214954984344722 3 21.36971321526962
    endloop
  endfacet
  facet normal 0.6364419010020009 0.7045811547338222 -0.31385841241380324
    outer loop
      vertex 17.921271051849605 3 20.86103772282145
      vertex 16.091897649165567 4.990000000000009 21.6187889968578
      vertex 18.051442841485013 3 21.125
    endloop
  endfacet
  facet normal 0.5900303088428058 0.704581154733822 -0.39424564809369417
    outer loop
      vertex 18.051442841485013 3 21.125
      vertex 16.336626370309858 4.990000000000009 22.11504975124378
      vertex 18.214954984344722 3 21.36971321526962
    endloop
  endfacet
  facet normal 0.533523134512007 0.7045811547338225 -0.46788723142915123
    outer loop
      vertex 16.644036429937202 4.990000000000009 22.575121417983407
      vertex 17.008867956697205 4.990000000000009 22.991132043302795
      vertex 18.40900974233027 3 21.59099025766973
    endloop
  endfacet
  facet normal 0.5335231345120077 0.7045811547338227 -0.46788723142915
    outer loop
      vertex 16.644036429937202 4.990000000000009 22.575121417983407
      vertex 18.40900974233027 3 21.59099025766973
      vertex 18.214954984344722 3 21.36971321526962
    endloop
  endfacet
  facet normal 0.4678872314291512 0.7045811547338227 -0.533523134512007
    outer loop
      vertex 17.008867956697205 4.990000000000009 22.991132043302795
      vertex 17.424878582016593 4.990000000000009 23.355963570062798
      vertex 18.63028678473038 3 21.785045015655278
    endloop
  endfacet
  facet normal 0.39424564809368945 0.7045811547338227 0.5900303088428085
    outer loop
      vertex 17.424878582016593 4.990000000000009 16.644036429937202
      vertex 18.63028678473038 3 18.214954984344722
      vertex 17.88495024875622 4.990000000000009 16.336626370309858
    endloop
  endfacet
  facet normal 0.3138584124138041 0.7045811547338222 0.6364419010020006
    outer loop
      vertex 17.88495024875622 4.990000000000009 16.336626370309858
      vertex 18.875 3 18.051442841485013
      vertex 18.3812110031422 4.990000000000009 16.091897649165567
    endloop
  endfacet
  facet normal 0.46788723142915 0.7045811547338227 0.5335231345120077
    outer loop
      vertex 17.424878582016593 4.990000000000009 16.644036429937202
      vertex 18.40900974233027 3 18.40900974233027
      vertex 18.63028678473038 3 18.214954984344722
    endloop
  endfacet
  facet normal 0.3942456480936944 0.704581154733822 0.5900303088428058
    outer loop
      vertex 17.88495024875622 4.990000000000009 16.336626370309858
      vertex 18.63028678473038 3 18.214954984344722
      vertex 18.875 3 18.051442841485013
    endloop
  endfacet
  facet normal 0.228100972279528 0.7045811547338222 0.6719637957800165
    outer loop
      vertex 18.3812110031422 4.990000000000009 16.091897649165567
      vertex 19.13896227717855 3 17.921271051849605
      vertex 18.90516968607752 4.990000000000009 15.914037642774726
    endloop
  endfacet
  facet normal 0.13844066126801033 0.704581154733822 0.6959882037086764
    outer loop
      vertex 18.90516968607752 4.990000000000009 15.914037642774726
      vertex 19.41765714851933 3 17.826666890849594
      vertex 19.447861219228365 4.990000000000009 15.806089585158794
    endloop
  endfacet
  facet normal 0.22810097227953116 0.7045811547338219 0.6719637957800156
    outer loop
      vertex 18.90516968607752 4.990000000000009 15.914037642774726
      vertex 19.13896227717855 3 17.921271051849605
      vertex 19.41765714851933 3 17.826666890849594
    endloop
  endfacet
  facet normal 0.31385841241380336 0.7045811547338221 0.6364419010020009
    outer loop
      vertex 18.3812110031422 4.990000000000009 16.091897649165567
      vertex 18.875 3 18.051442841485013
      vertex 19.13896227717855 3 17.921271051849605
    endloop
  endfacet
  facet normal 0.046411592159191634 0.7045811547338224 0.708104060507495
    outer loop
      vertex 19.447861219228365 4.990000000000009 15.806089585158794
      vertex 19.706316067504883 3 17.769249061908926
      vertex 20 4.990000000000009 15.769900497512438
    endloop
  endfacet
  facet normal -0.046411592159191634 0.7045811547338225 0.708104060507495
    outer loop
      vertex 20 4.990000000000009 15.769900497512438
      vertex 20 3 17.75
      vertex 20.552138780771635 4.990000000000009 15.806089585158794
    endloop
  endfacet
  facet normal -0.13844066126801025 0.7045811547338223 0.695988203708676
    outer loop
      vertex 20.552138780771635 4.990000000000009 15.806089585158794
      vertex 20.293683932495117 3 17.769249061908926
      vertex 21.09483031392248 4.990000000000009 15.914037642774726
    endloop
  endfacet
  facet normal 0.13844066126800583 0.7045811547338224 0.6959882037086769
    outer loop
      vertex 19.447861219228365 4.990000000000009 15.806089585158794
      vertex 19.41765714851933 3 17.826666890849594
      vertex 19.706316067504883 3 17.769249061908926
    endloop
  endfacet
  facet normal 0.04641159215919128 0.7045811547338224 0.7081040605074951
    outer loop
      vertex 20 4.990000000000009 15.769900497512438
      vertex 19.706316067504883 3 17.769249061908926
      vertex 20 3 17.75
    endloop
  endfacet
  facet normal -0.0464115921591913 0.7045811547338224 0.7081040605074951
    outer loop
      vertex 20 3 17.75
      vertex 20.293683932495117 3 17.769249061908926
      vertex 20.552138780771635 4.990000000000009 15.806089585158794
    endloop
  endfacet
  facet normal -0.13844066126800544 0.7045811547338218 0.6959882037086774
    outer loop
      vertex 21.09483031392248 4.990000000000009 15.914037642774726
      vertex 20.293683932495117 3 17.769249061908926
      vertex 20.58234285148067 3 17.826666890849594
    endloop
  endfacet
  facet normal -0.22810097227952808 0.7045811547338219 0.6719637957800167
    outer loop
      vertex 21.09483031392248 4.990000000000009 15.914037642774726
      vertex 20.58234285148067 3 17.826666890849594
      vertex 21.6187889968578 4.990000000000009 16.091897649165567
    endloop
  endfacet
  facet normal -0.31385841241380397 0.7045811547338221 0.6364419010020004
    outer loop
      vertex 21.6187889968578 4.990000000000009 16.091897649165567
      vertex 20.86103772282145 3 17.921271051849605
      vertex 22.11504975124378 4.990000000000009 16.336626370309858
    endloop
  endfacet
  facet normal -0.22810097227953105 0.7045811547338224 0.6719637957800153
    outer loop
      vertex 21.6187889968578 4.990000000000009 16.091897649165567
      vertex 20.58234285148067 3 17.826666890849594
      vertex 20.86103772282145 3 17.921271051849605
    endloop
  endfacet
  facet normal -0.3138584124138033 0.7045811547338222 0.6364419010020008
    outer loop
      vertex 22.11504975124378 4.990000000000009 16.336626370309858
      vertex 20.86103772282145 3 17.921271051849605
      vertex 21.125 3 18.051442841485013
    endloop
  endfacet
  facet normal -0.3942456480936896 0.7045811547338222 0.5900303088428087
    outer loop
      vertex 22.11504975124378 4.990000000000009 16.336626370309858
      vertex 21.125 3 18.051442841485013
      vertex 22.575121417983407 4.990000000000009 16.644036429937202
    endloop
  endfacet
  facet normal -0.4678872314291512 0.7045811547338227 0.533523134512007
    outer loop
      vertex 22.575121417983407 4.990000000000009 16.644036429937202
      vertex 21.36971321526962 3 18.214954984344722
      vertex 22.991132043302795 4.990000000000009 17.008867956697205
    endloop
  endfacet
  facet normal -0.39424564809369406 0.7045811547338228 0.590030308842805
    outer loop
      vertex 22.575121417983407 4.990000000000009 16.644036429937202
      vertex 21.125 3 18.051442841485013
      vertex 21.36971321526962 3 18.214954984344722
    endloop
  endfacet
  facet normal -0.46788723142915 0.7045811547338224 0.5335231345120081
    outer loop
      vertex 22.991132043302795 4.990000000000009 17.008867956697205
      vertex 21.36971321526962 3 18.214954984344722
      vertex 21.59099025766973 3 18.40900974233027
    endloop
  endfacet
  facet normal -0.533523134512007 0.7045811547338225 0.46788723142915123
    outer loop
      vertex 22.991132043302795 4.990000000000009 17.008867956697205
      vertex 21.59099025766973 3 18.40900974233027
      vertex 23.355963570062798 4.990000000000009 17.424878582016593
    endloop
  endfacet
  facet normal -0.5900303088428085 0.7045811547338227 0.39424564809368945
    outer loop
      vertex 21.785045015655278 3 18.63028678473038
      vertex 23.663373629690142 4.990000000000009 17.88495024875622
      vertex 23.355963570062798 4.990000000000009 17.424878582016593
    endloop
  endfacet
  facet normal 0.46788723142915 0.7045811547338224 -0.5335231345120081
    outer loop
      vertex 17.008867956697205 4.990000000000009 22.991132043302795
      vertex 18.63028678473038 3 21.785045015655278
      vertex 18.40900974233027 3 21.59099025766973
    endloop
  endfacet
  facet normal 0.39424564809369406 0.7045811547338228 -0.590030308842805
    outer loop
      vertex 17.424878582016593 4.990000000000009 23.355963570062798
      vertex 18.875 3 21.948557158514987
      vertex 18.63028678473038 3 21.785045015655278
    endloop
  endfacet
  facet normal 0.3942456480936896 0.7045811547338222 -0.5900303088428087
    outer loop
      vertex 17.424878582016593 4.990000000000009 23.355963570062798
      vertex 17.88495024875622 4.990000000000009 23.663373629690142
      vertex 18.875 3 21.948557158514987
    endloop
  endfacet
  facet normal 0.31385841241380397 0.7045811547338221 -0.6364419010020004
    outer loop
      vertex 17.88495024875622 4.990000000000009 23.663373629690142
      vertex 18.3812110031422 4.990000000000009 23.908102350834433
      vertex 19.13896227717855 3 22.078728948150395
    endloop
  endfacet
  facet normal 0.3138584124138033 0.7045811547338222 -0.6364419010020008
    outer loop
      vertex 17.88495024875622 4.990000000000009 23.663373629690142
      vertex 19.13896227717855 3 22.078728948150395
      vertex 18.875 3 21.948557158514987
    endloop
  endfacet
  facet normal 0.22810097227953105 0.7045811547338224 -0.6719637957800153
    outer loop
      vertex 18.3812110031422 4.990000000000009 23.908102350834433
      vertex 19.41765714851933 3 22.173333109150406
      vertex 19.13896227717855 3 22.078728948150395
    endloop
  endfacet
  facet normal 0.13844066126800544 0.7045811547338218 -0.6959882037086774
    outer loop
      vertex 18.90516968607752 4.990000000000009 24.085962357225274
      vertex 19.706316067504883 3 22.230750938091074
      vertex 19.41765714851933 3 22.173333109150406
    endloop
  endfacet
  facet normal 0.22810097227952808 0.704581154733822 -0.6719637957800167
    outer loop
      vertex 18.3812110031422 4.990000000000009 23.908102350834433
      vertex 18.90516968607752 4.990000000000009 24.085962357225274
      vertex 19.41765714851933 3 22.173333109150406
    endloop
  endfacet
  facet normal 0.13844066126801025 0.7045811547338223 -0.6959882037086761
    outer loop
      vertex 18.90516968607752 4.990000000000009 24.085962357225274
      vertex 19.447861219228365 4.990000000000009 24.193910414841206
      vertex 19.706316067504883 3 22.230750938091074
    endloop
  endfacet
  facet normal 0.0464115921591913 0.7045811547338224 -0.7081040605074951
    outer loop
      vertex 19.706316067504883 3 22.230750938091074
      vertex 19.447861219228365 4.990000000000009 24.193910414841206
      vertex 20 3 22.25
    endloop
  endfacet
  facet normal -0.0464115921591913 0.7045811547338224 -0.7081040605074951
    outer loop
      vertex 20 3 22.25
      vertex 20 4.990000000000009 24.230099502487562
      vertex 20.293683932495117 3 22.230750938091074
    endloop
  endfacet
  facet normal 0.046411592159191724 0.7045811547338225 -0.708104060507495
    outer loop
      vertex 20 3 22.25
      vertex 19.447861219228365 4.990000000000009 24.193910414841206
      vertex 20 4.990000000000009 24.230099502487562
    endloop
  endfacet
  facet normal -0.13844066126800536 0.7045811547338227 -0.6959882037086768
    outer loop
      vertex 20.293683932495117 3 22.230750938091074
      vertex 20.552138780771635 4.990000000000009 24.193910414841206
      vertex 20.58234285148067 3 22.173333109150406
    endloop
  endfacet
  facet normal -0.22810097227953116 0.7045811547338219 -0.6719637957800156
    outer loop
      vertex 21.09483031392248 4.990000000000009 24.085962357225274
      vertex 20.86103772282145 3 22.078728948150395
      vertex 20.58234285148067 3 22.173333109150406
    endloop
  endfacet
  facet normal -0.046411592159191634 0.7045811547338225 -0.708104060507495
    outer loop
      vertex 20 4.990000000000009 24.230099502487562
      vertex 20.552138780771635 4.990000000000009 24.193910414841206
      vertex 20.293683932495117 3 22.230750938091074
    endloop
  endfacet
  facet normal -0.13844066126801033 0.704581154733822 -0.6959882037086764
    outer loop
      vertex 21.09483031392248 4.990000000000009 24.085962357225274
      vertex 20.58234285148067 3 22.173333109150406
      vertex 20.552138780771635 4.990000000000009 24.193910414841206
    endloop
  endfacet
  facet normal -0.5335231345120078 0.7045811547338227 0.46788723142915
    outer loop
      vertex 21.59099025766973 3 18.40900974233027
      vertex 21.785045015655278 3 18.63028678473038
      vertex 23.355963570062798 4.990000000000009 17.424878582016593
    endloop
  endfacet
  facet normal -0.5900303088428058 0.704581154733822 0.39424564809369417
    outer loop
      vertex 21.785045015655278 3 18.63028678473038
      vertex 21.948557158514987 3 18.875
      vertex 23.663373629690142 4.990000000000009 17.88495024875622
    endloop
  endfacet
  facet normal -0.6364419010020009 0.7045811547338222 0.31385841241380324
    outer loop
      vertex 21.948557158514987 3 18.875
      vertex 22.078728948150395 3 19.13896227717855
      vertex 23.908102350834433 4.990000000000009 18.3812110031422
    endloop
  endfacet
  facet normal -0.6719637957800157 0.7045811547338218 0.22810097227953124
    outer loop
      vertex 22.078728948150395 3 19.13896227717855
      vertex 22.173333109150406 3 19.41765714851933
      vertex 24.085962357225274 4.990000000000009 18.90516968607752
    endloop
  endfacet
  facet normal -0.6364419010020005 0.7045811547338221 0.31385841241380413
    outer loop
      vertex 21.948557158514987 3 18.875
      vertex 23.908102350834433 4.990000000000009 18.3812110031422
      vertex 23.663373629690142 4.990000000000009 17.88495024875622
    endloop
  endfacet
  facet normal -0.6719637957800164 0.7045811547338221 0.22810097227952794
    outer loop
      vertex 22.078728948150395 3 19.13896227717855
      vertex 24.085962357225274 4.990000000000009 18.90516968607752
      vertex 23.908102350834433 4.990000000000009 18.3812110031422
    endloop
  endfacet
  facet normal -0.6959882037086764 0.7045811547338221 0.1384406612680104
    outer loop
      vertex 22.173333109150406 3 19.41765714851933
      vertex 24.193910414841206 4.990000000000009 19.447861219228365
      vertex 24.085962357225274 4.990000000000009 18.90516968607752
    endloop
  endfacet
  facet normal -0.6959882037086768 0.7045811547338225 0.13844066126800536
    outer loop
      vertex 22.173333109150406 3 19.41765714851933
      vertex 22.230750938091074 3 19.706316067504883
      vertex 24.193910414841206 4.990000000000009 19.447861219228365
    endloop
  endfacet
  facet normal -0.7081040605074951 0.7045811547338224 0.0464115921591913
    outer loop
      vertex 22.230750938091074 3 19.706316067504883
      vertex 22.25 3 20
      vertex 24.230099502487562 4.990000000000009 20
    endloop
  endfacet
  facet normal -0.7081040605074951 0.7045811547338224 -0.0464115921591913
    outer loop
      vertex 22.25 3 20
      vertex 22.230750938091074 3 20.293683932495117
      vertex 24.193910414841206 4.990000000000009 20.552138780771635
    endloop
  endfacet
  facet normal -0.6959882037086774 0.7045811547338219 -0.1384406612680055
    outer loop
      vertex 22.173333109150406 3 20.58234285148067
      vertex 24.085962357225274 4.990000000000009 21.09483031392248
      vertex 22.230750938091074 3 20.293683932495117
    endloop
  endfacet
  facet normal -0.7081040605074951 0.7045811547338223 0.04641159215919172
    outer loop
      vertex 22.230750938091074 3 19.706316067504883
      vertex 24.230099502487562 4.990000000000009 20
      vertex 24.193910414841206 4.990000000000009 19.447861219228365
    endloop
  endfacet
  facet normal -0.708104060507495 0.7045811547338225 -0.046411592159191724
    outer loop
      vertex 22.25 3 20
      vertex 24.193910414841206 4.990000000000009 20.552138780771635
      vertex 24.230099502487562 4.990000000000009 20
    endloop
  endfacet
  facet normal -0.695988203708676 0.7045811547338223 -0.13844066126801
    outer loop
      vertex 22.230750938091074 3 20.293683932495117
      vertex 24.085962357225274 4.990000000000009 21.09483031392248
      vertex 24.193910414841206 4.990000000000009 20.552138780771635
    endloop
  endfacet
  facet normal -0.3942456480936944 0.704581154733822 -0.5900303088428058
    outer loop
      vertex 22.11504975124378 4.990000000000009 23.663373629690142
      vertex 21.36971321526962 3 21.785045015655278
      vertex 21.125 3 21.948557158514987
    endloop
  endfacet
  facet normal -0.5900303088428053 0.7045811547338228 -0.39424564809369383
    outer loop
      vertex 21.948557158514987 3 21.125
      vertex 21.785045015655278 3 21.36971321526962
      vertex 23.355963570062798 4.990000000000009 22.575121417983407
    endloop
  endfacet
  facet normal -0.46788723142915 0.7045811547338227 -0.5335231345120077
    outer loop
      vertex 22.575121417983407 4.990000000000009 23.355963570062798
      vertex 21.59099025766973 3 21.59099025766973
      vertex 21.36971321526962 3 21.785045015655278
    endloop
  endfacet
  facet normal -0.5335231345120081 0.7045811547338224 -0.46788723142915
    outer loop
      vertex 22.991132043302795 4.990000000000009 22.991132043302795
      vertex 21.785045015655278 3 21.36971321526962
      vertex 21.59099025766973 3 21.59099025766973
    endloop
  endfacet
  facet normal -0.3138584124138041 0.7045811547338222 -0.6364419010020006
    outer loop
      vertex 21.6187889968578 4.990000000000009 23.908102350834433
      vertex 22.11504975124378 4.990000000000009 23.663373629690142
      vertex 21.125 3 21.948557158514987
    endloop
  endfacet
  facet normal -0.31385841241380336 0.7045811547338221 -0.6364419010020009
    outer loop
      vertex 21.6187889968578 4.990000000000009 23.908102350834433
      vertex 21.125 3 21.948557158514987
      vertex 20.86103772282145 3 22.078728948150395
    endloop
  endfacet
  facet normal -0.228100972279528 0.7045811547338222 -0.6719637957800165
    outer loop
      vertex 21.09483031392248 4.990000000000009 24.085962357225274
      vertex 21.6187889968578 4.990000000000009 23.908102350834433
      vertex 20.86103772282145 3 22.078728948150395
    endloop
  endfacet
  facet normal -0.39424564809368945 0.7045811547338227 -0.5900303088428085
    outer loop
      vertex 22.11504975124378 4.990000000000009 23.663373629690142
      vertex 22.575121417983407 4.990000000000009 23.355963570062798
      vertex 21.36971321526962 3 21.785045015655278
    endloop
  endfacet
  facet normal -0.6364419010020009 0.7045811547338221 -0.31385841241380324
    outer loop
      vertex 21.948557158514987 3 21.125
      vertex 23.663373629690142 4.990000000000009 22.11504975124378
      vertex 22.078728948150395 3 20.86103772282145
    endloop
  endfacet
  facet normal -0.6719637957800152 0.7045811547338222 -0.22810097227953108
    outer loop
      vertex 22.173333109150406 3 20.58234285148067
      vertex 22.078728948150395 3 20.86103772282145
      vertex 23.908102350834433 4.990000000000009 21.6187889968578
    endloop
  endfacet
  facet normal -0.533523134512007 0.7045811547338227 -0.4678872314291512
    outer loop
      vertex 22.991132043302795 4.990000000000009 22.991132043302795
      vertex 23.355963570062798 4.990000000000009 22.575121417983407
      vertex 21.785045015655278 3 21.36971321526962
    endloop
  endfacet
  facet normal -0.5900303088428087 0.7045811547338222 -0.39424564809368967
    outer loop
      vertex 21.948557158514987 3 21.125
      vertex 23.355963570062798 4.990000000000009 22.575121417983407
      vertex 23.663373629690142 4.990000000000009 22.11504975124378
    endloop
  endfacet
  facet normal -0.6719637957800167 0.7045811547338219 -0.22810097227952805
    outer loop
      vertex 22.173333109150406 3 20.58234285148067
      vertex 23.908102350834433 4.990000000000009 21.6187889968578
      vertex 24.085962357225274 4.990000000000009 21.09483031392248
    endloop
  endfacet
  facet normal -0.6364419010020005 0.7045811547338221 -0.31385841241380413
    outer loop
      vertex 22.078728948150395 3 20.86103772282145
      vertex 23.663373629690142 4.990000000000009 22.11504975124378
      vertex 23.908102350834433 4.990000000000009 21.6187889968578
    endloop
  endfacet
  facet normal -0.46788723142915123 0.7045811547338225 -0.533523134512007
    outer loop
      vertex 22.575121417983407 4.990000000000009 23.355963570062798
      vertex 22.991132043302795 4.990000000000009 22.991132043302795
      vertex 21.59099025766973 3 21.59099025766973
    endloop
  endfacet
  facet normal 0.46788723142915967 0.7045811547338214 0.5335231345120011
    outer loop
      vertex 17.008867956697205 4.990000000000009 169.0088679566972
      vertex 18.40900974233027 3 170.40900974233026
      vertex 17.424878582016593 4.990000000000009 168.6440364299372
    endloop
  endfacet
  facet normal 0.5900303088428068 0.7045811547338228 0.3942456480936914
    outer loop
      vertex 16.336626370309858 4.990000000000009 169.8849502487562
      vertex 18.051442841485013 3 170.875
      vertex 16.644036429937202 4.990000000000009 169.4248785820166
    endloop
  endfacet
  facet normal 0.6364419010020022 0.7045811547338214 0.3138584124138026
    outer loop
      vertex 16.336626370309858 4.990000000000009 169.8849502487562
      vertex 16.091897649165567 4.990000000000009 170.3812110031422
      vertex 17.921271051849605 3 171.13896227717854
    endloop
  endfacet
  facet normal 0.6719637957800179 0.7045811547338222 0.2281009722795238
    outer loop
      vertex 16.091897649165567 4.990000000000009 170.3812110031422
      vertex 15.914037642774726 4.990000000000009 170.90516968607753
      vertex 17.826666890849594 3 171.41765714851934
    endloop
  endfacet
  facet normal 0.5335231345120072 0.7045811547338222 0.46788723142915134
    outer loop
      vertex 17.008867956697205 4.990000000000009 169.0088679566972
      vertex 16.644036429937202 4.990000000000009 169.4248785820166
      vertex 18.214954984344722 3 170.63028678473037
    endloop
  endfacet
  facet normal 0.5335231345120169 0.7045811547338205 0.4678872314291427
    outer loop
      vertex 17.008867956697205 4.990000000000009 169.0088679566972
      vertex 18.214954984344722 3 170.63028678473037
      vertex 18.40900974233027 3 170.40900974233026
    endloop
  endfacet
  facet normal 0.6719637957800227 0.704581154733821 0.2281009722795131
    outer loop
      vertex 16.091897649165567 4.990000000000009 170.3812110031422
      vertex 17.826666890849594 3 171.41765714851934
      vertex 17.921271051849605 3 171.13896227717854
    endloop
  endfacet
  facet normal 0.6364419010019933 0.7045811547338231 0.31385841241381657
    outer loop
      vertex 16.336626370309858 4.990000000000009 169.8849502487562
      vertex 17.921271051849605 3 171.13896227717854
      vertex 18.051442841485013 3 170.875
    endloop
  endfacet
  facet normal 0.5900303088428107 0.7045811547338222 0.3942456480936864
    outer loop
      vertex 16.644036429937202 4.990000000000009 169.4248785820166
      vertex 18.051442841485013 3 170.875
      vertex 18.214954984344722 3 170.63028678473037
    endloop
  endfacet
  facet normal 0.6959882037086766 0.7045811547338218 0.13844066126801038
    outer loop
      vertex 15.914037642774726 4.990000000000009 170.90516968607753
      vertex 15.806089585158794 4.990000000000009 171.44786121922837
      vertex 17.769249061908926 3 171.70631606750487
    endloop
  endfacet
  facet normal 0.7081040605074954 0.7045811547338221 0.046411592159189614
    outer loop
      vertex 15.806089585158794 4.990000000000009 171.44786121922837
      vertex 17.75 3 172
      vertex 17.769249061908926 3 171.70631606750487
    endloop
  endfacet
  facet normal 0.708104060507495 0.7045811547338225 0.04641159215919222
    outer loop
      vertex 15.806089585158794 4.990000000000009 171.44786121922837
      vertex 15.769900497512438 4.990000000000009 172
      vertex 17.75 3 172
    endloop
  endfacet
  facet normal 0.7081040605074952 0.7045811547338223 -0.04641159215919224
    outer loop
      vertex 15.769900497512438 4.990000000000009 172
      vertex 15.806089585158794 4.990000000000009 172.55213878077163
      vertex 17.769249061908926 3 172.29368393249513
    endloop
  endfacet
  facet normal 0.708104060507495 0.7045811547338225 -0.0464115921591896
    outer loop
      vertex 15.769900497512438 4.990000000000009 172
      vertex 17.769249061908926 3 172.29368393249513
      vertex 17.75 3 172
    endloop
  endfacet
  facet normal 0.6959882037086756 0.7045811547338217 -0.13844066126801585
    outer loop
      vertex 15.806089585158794 4.990000000000009 172.55213878077163
      vertex 17.826666890849594 3 172.58234285148066
      vertex 17.769249061908926 3 172.29368393249513
    endloop
  endfacet
  facet normal 0.6959882037086751 0.7045811547338222 0.13844066126801516
    outer loop
      vertex 15.914037642774726 4.990000000000009 170.90516968607753
      vertex 17.769249061908926 3 171.70631606750487
      vertex 17.826666890849594 3 171.41765714851934
    endloop
  endfacet
  facet normal 0.6959882037086762 0.7045811547338221 -0.13844066126801027
    outer loop
      vertex 15.806089585158794 4.990000000000009 172.55213878077163
      vertex 15.914037642774726 4.990000000000009 173.09483031392247
      vertex 17.826666890849594 3 172.58234285148066
    endloop
  endfacet
  facet normal 0.6719637957800186 0.7045811547338213 -0.22810097227952406
    outer loop
      vertex 15.914037642774726 4.990000000000009 173.09483031392247
      vertex 16.091897649165567 4.990000000000009 173.6187889968578
      vertex 17.921271051849605 3 172.86103772282146
    endloop
  endfacet
  facet normal 0.636441901002001 0.7045811547338227 -0.313858412413802
    outer loop
      vertex 16.091897649165567 4.990000000000009 173.6187889968578
      vertex 16.336626370309858 4.990000000000009 174.1150497512438
      vertex 18.051442841485013 3 173.125
    endloop
  endfacet
  facet normal 0.6719637957800211 0.7045811547338227 -0.22810097227951265
    outer loop
      vertex 15.914037642774726 4.990000000000009 173.09483031392247
      vertex 17.921271051849605 3 172.86103772282146
      vertex 17.826666890849594 3 172.58234285148066
    endloop
  endfacet
  facet normal 0.6364419010019954 0.7045811547338209 -0.31385841241381757
    outer loop
      vertex 16.091897649165567 4.990000000000009 173.6187889968578
      vertex 18.051442841485013 3 173.125
      vertex 17.921271051849605 3 172.86103772282146
    endloop
  endfacet
  facet normal 0.5900303088428103 0.704581154733823 -0.3942456480936859
    outer loop
      vertex 16.336626370309858 4.990000000000009 174.1150497512438
      vertex 18.214954984344722 3 173.36971321526963
      vertex 18.051442841485013 3 173.125
    endloop
  endfacet
  facet normal 0.5335231345120153 0.7045811547338228 -0.4678872314291415
    outer loop
      vertex 16.644036429937202 4.990000000000009 174.5751214179834
      vertex 18.40900974233027 3 173.59099025766974
      vertex 18.214954984344722 3 173.36971321526963
    endloop
  endfacet
  facet normal 0.5900303088428073 0.7045811547338224 -0.3942456480936917
    outer loop
      vertex 16.336626370309858 4.990000000000009 174.1150497512438
      vertex 16.644036429937202 4.990000000000009 174.5751214179834
      vertex 18.214954984344722 3 173.36971321526963
    endloop
  endfacet
  facet normal 0.533523134512008 0.7045811547338213 -0.4678872314291521
    outer loop
      vertex 16.644036429937202 4.990000000000009 174.5751214179834
      vertex 17.008867956697205 4.990000000000009 174.9911320433028
      vertex 18.40900974233027 3 173.59099025766974
    endloop
  endfacet
  facet normal 0.4678872314291573 0.7045811547338252 -0.5335231345119983
    outer loop
      vertex 17.008867956697205 4.990000000000009 174.9911320433028
      vertex 17.424878582016593 4.990000000000009 175.3559635700628
      vertex 18.63028678473038 3 173.78504501565527
    endloop
  endfacet
  facet normal 0.39424564809367535 0.7045811547338253 0.5900303088428146
    outer loop
      vertex 17.424878582016593 4.990000000000009 168.6440364299372
      vertex 18.63028678473038 3 170.21495498434473
      vertex 17.88495024875622 4.990000000000009 168.33662637030986
    endloop
  endfacet
  facet normal 0.31385841241381024 0.7045811547338247 0.6364419010019946
    outer loop
      vertex 17.88495024875622 4.990000000000009 168.33662637030986
      vertex 18.875 3 170.05144284148503
      vertex 18.3812110031422 4.990000000000009 168.09189764916556
    endloop
  endfacet
  facet normal 0.22810097227951567 0.7045811547338223 0.6719637957800204
    outer loop
      vertex 18.3812110031422 4.990000000000009 168.09189764916556
      vertex 19.13896227717855 3 169.9212710518496
      vertex 18.90516968607752 4.990000000000009 167.91403764277473
    endloop
  endfacet
  facet normal 0.1384406612680235 0.7045811547338218 0.695988203708674
    outer loop
      vertex 18.90516968607752 4.990000000000009 167.91403764277473
      vertex 19.41765714851933 3 169.8266668908496
      vertex 19.447861219228365 4.990000000000009 167.8060895851588
    endloop
  endfacet
  facet normal 0.31385841241383783 0.7045811547338215 0.6364419010019845
    outer loop
      vertex 18.3812110031422 4.990000000000009 168.09189764916556
      vertex 18.875 3 170.05144284148503
      vertex 19.13896227717855 3 169.9212710518496
    endloop
  endfacet
  facet normal 0.22810097227952356 0.7045811547338217 0.6719637957800186
    outer loop
      vertex 18.90516968607752 4.990000000000009 167.91403764277473
      vertex 19.13896227717855 3 169.9212710518496
      vertex 19.41765714851933 3 169.8266668908496
    endloop
  endfacet
  facet normal 0.4678872314291185 0.7045811547338269 0.53352313451203
    outer loop
      vertex 17.424878582016593 4.990000000000009 168.6440364299372
      vertex 18.40900974233027 3 170.40900974233026
      vertex 18.63028678473038 3 170.21495498434473
    endloop
  endfacet
  facet normal 0.3942456480936811 0.7045811547338245 0.5900303088428117
    outer loop
      vertex 17.88495024875622 4.990000000000009 168.33662637030986
      vertex 18.63028678473038 3 170.21495498434473
      vertex 18.875 3 170.05144284148503
    endloop
  endfacet
  facet normal 0.04641159215920048 0.704581154733826 0.708104060507491
    outer loop
      vertex 19.447861219228365 4.990000000000009 167.8060895851588
      vertex 19.706316067504883 3 169.76924906190894
      vertex 20 4.990000000000009 167.76990049751242
    endloop
  endfacet
  facet normal 0.13844066126798024 0.7045811547338264 0.695988203708678
    outer loop
      vertex 19.447861219228365 4.990000000000009 167.8060895851588
      vertex 19.41765714851933 3 169.8266668908496
      vertex 19.706316067504883 3 169.76924906190894
    endloop
  endfacet
  facet normal 0.046411592159216884 0.7045811547338242 0.7081040605074916
    outer loop
      vertex 20 4.990000000000009 167.76990049751242
      vertex 19.706316067504883 3 169.76924906190894
      vertex 20 3 169.75
    endloop
  endfacet
  facet normal -0.04641159215920056 0.7045811547338248 0.7081040605074922
    outer loop
      vertex 20 4.990000000000009 167.76990049751242
      vertex 20 3 169.75
      vertex 20.552138780771635 4.990000000000009 167.8060895851588
    endloop
  endfacet
  facet normal -0.13844066126802287 0.7045811547338251 0.6959882037086708
    outer loop
      vertex 20.552138780771635 4.990000000000009 167.8060895851588
      vertex 20.293683932495117 3 169.76924906190894
      vertex 21.09483031392248 4.990000000000009 167.91403764277473
    endloop
  endfacet
  facet normal -0.04641159215921663 0.7045811547338264 0.7081040605074893
    outer loop
      vertex 20 3 169.75
      vertex 20.293683932495117 3 169.76924906190894
      vertex 20.552138780771635 4.990000000000009 167.8060895851588
    endloop
  endfacet
  facet normal -0.1384406612679814 0.7045811547338203 0.6959882037086839
    outer loop
      vertex 21.09483031392248 4.990000000000009 167.91403764277473
      vertex 20.293683932495117 3 169.76924906190894
      vertex 20.58234285148067 3 169.8266668908496
    endloop
  endfacet
  facet normal -0.22810097227951587 0.7045811547338218 0.671963795780021
    outer loop
      vertex 21.09483031392248 4.990000000000009 167.91403764277473
      vertex 20.58234285148067 3 169.8266668908496
      vertex 21.6187889968578 4.990000000000009 168.09189764916556
    endloop
  endfacet
  facet normal -0.3138584124138112 0.7045811547338225 0.6364419010019966
    outer loop
      vertex 21.6187889968578 4.990000000000009 168.09189764916556
      vertex 20.86103772282145 3 169.9212710518496
      vertex 22.11504975124378 4.990000000000009 168.33662637030986
    endloop
  endfacet
  facet normal -0.2281009722795237 0.7045811547338227 0.6719637957800174
    outer loop
      vertex 21.6187889968578 4.990000000000009 168.09189764916556
      vertex 20.58234285148067 3 169.8266668908496
      vertex 20.86103772282145 3 169.9212710518496
    endloop
  endfacet
  facet normal -0.3138584124138365 0.7045811547338255 0.6364419010019807
    outer loop
      vertex 22.11504975124378 4.990000000000009 168.33662637030986
      vertex 20.86103772282145 3 169.9212710518496
      vertex 21.125 3 170.05144284148503
    endloop
  endfacet
  facet normal -0.3942456480936757 0.7045811547338249 0.590030308842815
    outer loop
      vertex 22.11504975124378 4.990000000000009 168.33662637030986
      vertex 21.125 3 170.05144284148503
      vertex 22.575121417983407 4.990000000000009 168.6440364299372
    endloop
  endfacet
  facet normal -0.4678872314291573 0.7045811547338252 0.5335231345119983
    outer loop
      vertex 22.575121417983407 4.990000000000009 168.6440364299372
      vertex 21.36971321526962 3 170.21495498434473
      vertex 22.991132043302795 4.990000000000009 169.0088679566972
    endloop
  endfacet
  facet normal -0.39424564809368057 0.7045811547338257 0.5900303088428106
    outer loop
      vertex 22.575121417983407 4.990000000000009 168.6440364299372
      vertex 21.125 3 170.05144284148503
      vertex 21.36971321526962 3 170.21495498434473
    endloop
  endfacet
  facet normal -0.4678872314291226 0.7045811547338199 0.5335231345120357
    outer loop
      vertex 22.991132043302795 4.990000000000009 169.0088679566972
      vertex 21.36971321526962 3 170.21495498434473
      vertex 21.59099025766973 3 170.40900974233026
    endloop
  endfacet
  facet normal -0.5335231345120154 0.7045811547338227 0.46788723142914157
    outer loop
      vertex 21.59099025766973 3 170.40900974233026
      vertex 21.785045015655278 3 170.63028678473037
      vertex 23.355963570062798 4.990000000000009 169.4248785820166
    endloop
  endfacet
  facet normal -0.533523134512008 0.7045811547338213 0.4678872314291521
    outer loop
      vertex 22.991132043302795 4.990000000000009 169.0088679566972
      vertex 21.59099025766973 3 170.40900974233026
      vertex 23.355963570062798 4.990000000000009 169.4248785820166
    endloop
  endfacet
  facet normal -0.5900303088428073 0.7045811547338224 0.3942456480936917
    outer loop
      vertex 21.785045015655278 3 170.63028678473037
      vertex 23.663373629690142 4.990000000000009 169.8849502487562
      vertex 23.355963570062798 4.990000000000009 169.4248785820166
    endloop
  endfacet
  facet normal -0.5900303088428104 0.7045811547338231 0.39424564809368573
    outer loop
      vertex 21.785045015655278 3 170.63028678473037
      vertex 21.948557158514987 3 170.875
      vertex 23.663373629690142 4.990000000000009 169.8849502487562
    endloop
  endfacet
  facet normal -0.6364419010019954 0.7045811547338209 0.3138584124138174
    outer loop
      vertex 21.948557158514987 3 170.875
      vertex 22.078728948150395 3 171.13896227717854
      vertex 23.908102350834433 4.990000000000009 170.3812110031422
    endloop
  endfacet
  facet normal -0.6364419010020009 0.7045811547338227 0.3138584124138021
    outer loop
      vertex 21.948557158514987 3 170.875
      vertex 23.908102350834433 4.990000000000009 170.3812110031422
      vertex 23.663373629690142 4.990000000000009 169.8849502487562
    endloop
  endfacet
  facet normal -0.6719637957800185 0.7045811547338214 0.22810097227952406
    outer loop
      vertex 22.078728948150395 3 171.13896227717854
      vertex 24.085962357225274 4.990000000000009 170.90516968607753
      vertex 23.908102350834433 4.990000000000009 170.3812110031422
    endloop
  endfacet
  facet normal -0.5335231345120166 0.7045811547338208 -0.4678872314291427
    outer loop
      vertex 21.59099025766973 3 173.59099025766974
      vertex 22.991132043302795 4.990000000000009 174.9911320433028
      vertex 21.785045015655278 3 173.36971321526963
    endloop
  endfacet
  facet normal -0.5900303088428112 0.7045811547338222 -0.3942456480936863
    outer loop
      vertex 21.948557158514987 3 173.125
      vertex 21.785045015655278 3 173.36971321526963
      vertex 23.355963570062798 4.990000000000009 174.5751214179834
    endloop
  endfacet
  facet normal -0.6719637957800212 0.7045811547338227 0.2281009722795127
    outer loop
      vertex 22.078728948150395 3 171.13896227717854
      vertex 22.173333109150406 3 171.41765714851934
      vertex 24.085962357225274 4.990000000000009 170.90516968607753
    endloop
  endfacet
  facet normal -0.6959882037086758 0.7045811547338217 0.13844066126801538
    outer loop
      vertex 22.173333109150406 3 171.41765714851934
      vertex 22.230750938091074 3 171.70631606750487
      vertex 24.193910414841206 4.990000000000009 171.44786121922837
    endloop
  endfacet
  facet normal -0.7081040605074951 0.7045811547338225 0.04641159215918962
    outer loop
      vertex 22.230750938091074 3 171.70631606750487
      vertex 22.25 3 172
      vertex 24.230099502487562 4.990000000000009 172
    endloop
  endfacet
  facet normal -0.7081040605074954 0.7045811547338223 -0.04641159215918964
    outer loop
      vertex 22.25 3 172
      vertex 22.230750938091074 3 172.29368393249513
      vertex 24.193910414841206 4.990000000000009 172.55213878077163
    endloop
  endfacet
  facet normal -0.6959882037086762 0.7045811547338221 0.13844066126801033
    outer loop
      vertex 22.173333109150406 3 171.41765714851934
      vertex 24.193910414841206 4.990000000000009 171.44786121922837
      vertex 24.085962357225274 4.990000000000009 170.90516968607753
    endloop
  endfacet
  facet normal -0.7081040605074953 0.7045811547338223 0.046411592159192334
    outer loop
      vertex 22.230750938091074 3 171.70631606750487
      vertex 24.230099502487562 4.990000000000009 172
      vertex 24.193910414841206 4.990000000000009 171.44786121922837
    endloop
  endfacet
  facet normal -0.708104060507495 0.7045811547338224 -0.046411592159192314
    outer loop
      vertex 22.25 3 172
      vertex 24.193910414841206 4.990000000000009 172.55213878077163
      vertex 24.230099502487562 4.990000000000009 172
    endloop
  endfacet
  facet normal -0.6719637957800227 0.704581154733821 -0.22810097227951323
    outer loop
      vertex 22.173333109150406 3 172.58234285148066
      vertex 22.078728948150395 3 172.86103772282146
      vertex 23.908102350834433 4.990000000000009 173.6187889968578
    endloop
  endfacet
  facet normal -0.695988203708675 0.7045811547338223 -0.13844066126801524
    outer loop
      vertex 22.173333109150406 3 172.58234285148066
      vertex 24.085962357225274 4.990000000000009 173.09483031392247
      vertex 22.230750938091074 3 172.29368393249513
    endloop
  endfacet
  facet normal -0.5900303088428067 0.7045811547338229 -0.39424564809369145
    outer loop
      vertex 21.948557158514987 3 173.125
      vertex 23.355963570062798 4.990000000000009 174.5751214179834
      vertex 23.663373629690142 4.990000000000009 174.1150497512438
    endloop
  endfacet
  facet normal -0.6364419010019933 0.7045811547338232 -0.3138584124138164
    outer loop
      vertex 21.948557158514987 3 173.125
      vertex 23.663373629690142 4.990000000000009 174.1150497512438
      vertex 22.078728948150395 3 172.86103772282146
    endloop
  endfacet
  facet normal -0.6719637957800177 0.7045811547338223 -0.22810097227952372
    outer loop
      vertex 22.173333109150406 3 172.58234285148066
      vertex 23.908102350834433 4.990000000000009 173.6187889968578
      vertex 24.085962357225274 4.990000000000009 173.09483031392247
    endloop
  endfacet
  facet normal -0.6959882037086766 0.7045811547338218 -0.13844066126801013
    outer loop
      vertex 22.230750938091074 3 172.29368393249513
      vertex 24.085962357225274 4.990000000000009 173.09483031392247
      vertex 24.193910414841206 4.990000000000009 172.55213878077163
    endloop
  endfacet
  facet normal -0.636441901002002 0.7045811547338213 -0.31385841241380263
    outer loop
      vertex 22.078728948150395 3 172.86103772282146
      vertex 23.663373629690142 4.990000000000009 174.1150497512438
      vertex 23.908102350834433 4.990000000000009 173.6187889968578
    endloop
  endfacet
  facet normal 0.4678872314291226 0.7045811547338199 -0.5335231345120357
    outer loop
      vertex 17.008867956697205 4.990000000000009 174.9911320433028
      vertex 18.63028678473038 3 173.78504501565527
      vertex 18.40900974233027 3 173.59099025766974
    endloop
  endfacet
  facet normal 0.3942456480936805 0.7045811547338255 -0.5900303088428109
    outer loop
      vertex 18.63028678473038 3 173.78504501565527
      vertex 17.424878582016593 4.990000000000009 175.3559635700628
      vertex 18.875 3 173.94855715851497
    endloop
  endfacet
  facet normal 0.31385841241383616 0.7045811547338257 -0.6364419010019807
    outer loop
      vertex 18.875 3 173.94855715851497
      vertex 17.88495024875622 4.990000000000009 175.66337362969014
      vertex 19.13896227717855 3 174.0787289481504
    endloop
  endfacet
  facet normal 0.3942456480936758 0.704581154733825 -0.5900303088428148
    outer loop
      vertex 18.875 3 173.94855715851497
      vertex 17.424878582016593 4.990000000000009 175.3559635700628
      vertex 17.88495024875622 4.990000000000009 175.66337362969014
    endloop
  endfacet
  facet normal 0.31385841241381135 0.7045811547338225 -0.6364419010019966
    outer loop
      vertex 19.13896227717855 3 174.0787289481504
      vertex 17.88495024875622 4.990000000000009 175.66337362969014
      vertex 18.3812110031422 4.990000000000009 175.90810235083444
    endloop
  endfacet
  facet normal 0.22810097227952336 0.7045811547338227 -0.6719637957800176
    outer loop
      vertex 19.13896227717855 3 174.0787289481504
      vertex 18.3812110031422 4.990000000000009 175.90810235083444
      vertex 19.41765714851933 3 174.1733331091504
    endloop
  endfacet
  facet normal 0.22810097227951603 0.7045811547338217 -0.671963795780021
    outer loop
      vertex 19.41765714851933 3 174.1733331091504
      vertex 18.3812110031422 4.990000000000009 175.90810235083444
      vertex 18.90516968607752 4.990000000000009 176.08596235722527
    endloop
  endfacet
  facet normal 0.13844066126798105 0.7045811547338204 -0.6959882037086838
    outer loop
      vertex 19.41765714851933 3 174.1733331091504
      vertex 18.90516968607752 4.990000000000009 176.08596235722527
      vertex 19.706316067504883 3 174.23075093809106
    endloop
  endfacet
  facet normal 0.138440661268023 0.7045811547338251 -0.6959882037086708
    outer loop
      vertex 19.706316067504883 3 174.23075093809106
      vertex 18.90516968607752 4.990000000000009 176.08596235722527
      vertex 19.447861219228365 4.990000000000009 176.1939104148412
    endloop
  endfacet
  facet normal 0.04641159215921663 0.7045811547338264 -0.7081040605074893
    outer loop
      vertex 19.706316067504883 3 174.23075093809106
      vertex 19.447861219228365 4.990000000000009 176.1939104148412
      vertex 20 3 174.25
    endloop
  endfacet
  facet normal -0.04641159215921677 0.7045811547338242 -0.7081040605074916
    outer loop
      vertex 20 3 174.25
      vertex 20 4.990000000000009 176.23009950248758
      vertex 20.293683932495117 3 174.23075093809106
    endloop
  endfacet
  facet normal -0.13844066126802362 0.7045811547338219 -0.6959882037086739
    outer loop
      vertex 20.58234285148067 3 174.1733331091504
      vertex 20.552138780771635 4.990000000000009 176.1939104148412
      vertex 21.09483031392248 4.990000000000009 176.08596235722527
    endloop
  endfacet
  facet normal -0.13844066126797988 0.7045811547338265 -0.6959882037086778
    outer loop
      vertex 20.293683932495117 3 174.23075093809106
      vertex 20.552138780771635 4.990000000000009 176.1939104148412
      vertex 20.58234285148067 3 174.1733331091504
    endloop
  endfacet
  facet normal -0.22810097227952372 0.7045811547338215 -0.6719637957800187
    outer loop
      vertex 20.58234285148067 3 174.1733331091504
      vertex 21.09483031392248 4.990000000000009 176.08596235722527
      vertex 20.86103772282145 3 174.0787289481504
    endloop
  endfacet
  facet normal 0.046411592159200696 0.7045811547338248 -0.7081040605074922
    outer loop
      vertex 20 3 174.25
      vertex 19.447861219228365 4.990000000000009 176.1939104148412
      vertex 20 4.990000000000009 176.23009950248758
    endloop
  endfacet
  facet normal -0.04641159215920049 0.704581154733826 -0.7081040605074911
    outer loop
      vertex 20 4.990000000000009 176.23009950248758
      vertex 20.552138780771635 4.990000000000009 176.1939104148412
      vertex 20.293683932495117 3 174.23075093809106
    endloop
  endfacet
  facet normal -0.31385841241383794 0.7045811547338215 -0.6364419010019844
    outer loop
      vertex 20.86103772282145 3 174.0787289481504
      vertex 21.6187889968578 4.990000000000009 175.90810235083444
      vertex 21.125 3 173.94855715851497
    endloop
  endfacet
  facet normal -0.394245648093681 0.7045811547338248 -0.5900303088428117
    outer loop
      vertex 21.125 3 173.94855715851497
      vertex 22.11504975124378 4.990000000000009 175.66337362969014
      vertex 21.36971321526962 3 173.78504501565527
    endloop
  endfacet
  facet normal -0.22810097227951562 0.7045811547338224 -0.6719637957800205
    outer loop
      vertex 20.86103772282145 3 174.0787289481504
      vertex 21.09483031392248 4.990000000000009 176.08596235722527
      vertex 21.6187889968578 4.990000000000009 175.90810235083444
    endloop
  endfacet
  facet normal -0.31385841241381013 0.7045811547338248 -0.6364419010019946
    outer loop
      vertex 21.125 3 173.94855715851497
      vertex 21.6187889968578 4.990000000000009 175.90810235083444
      vertex 22.11504975124378 4.990000000000009 175.66337362969014
    endloop
  endfacet
  facet normal -0.46788723142911826 0.704581154733827 -0.5335231345120302
    outer loop
      vertex 21.59099025766973 3 173.59099025766974
      vertex 21.36971321526962 3 173.78504501565527
      vertex 22.575121417983407 4.990000000000009 175.3559635700628
    endloop
  endfacet
  facet normal -0.3942456480936755 0.7045811547338253 -0.5900303088428146
    outer loop
      vertex 21.36971321526962 3 173.78504501565527
      vertex 22.11504975124378 4.990000000000009 175.66337362969014
      vertex 22.575121417983407 4.990000000000009 175.3559635700628
    endloop
  endfacet
  facet normal -0.5335231345120073 0.7045811547338222 -0.4678872314291515
    outer loop
      vertex 21.785045015655278 3 173.36971321526963
      vertex 22.991132043302795 4.990000000000009 174.9911320433028
      vertex 23.355963570062798 4.990000000000009 174.5751214179834
    endloop
  endfacet
  facet normal -0.46788723142915983 0.7045811547338214 -0.533523134512001
    outer loop
      vertex 21.59099025766973 3 173.59099025766974
      vertex 22.575121417983407 4.990000000000009 175.3559635700628
      vertex 22.991132043302795 4.990000000000009 174.9911320433028
    endloop
  endfacet
  facet normal 0.4678872314291521 0.7045811547338213 0.533523134512008
    outer loop
      vertex 168.0088679566972 4.990000000000009 17.008867956697205
      vertex 169.40900974233026 3 18.40900974233027
      vertex 168.4248785820166 4.990000000000009 16.644036429937202
    endloop
  endfacet
  facet normal 0.5335231345119983 0.7045811547338252 0.4678872314291573
    outer loop
      vertex 167.6440364299372 4.990000000000009 17.424878582016593
      vertex 169.21495498434473 3 18.63028678473038
      vertex 168.0088679566972 4.990000000000009 17.008867956697205
    endloop
  endfacet
  facet normal 0.3942456480936917 0.7045811547338224 0.5900303088428073
    outer loop
      vertex 168.4248785820166 4.990000000000009 16.644036429937202
      vertex 169.63028678473037 3 18.214954984344722
      vertex 168.8849502487562 4.990000000000009 16.336626370309858
    endloop
  endfacet
  facet normal 0.4678872314291415 0.7045811547338228 0.5335231345120153
    outer loop
      vertex 168.4248785820166 4.990000000000009 16.644036429937202
      vertex 169.40900974233026 3 18.40900974233027
      vertex 169.63028678473037 3 18.214954984344722
    endloop
  endfacet
  facet normal 0.313858412413802 0.7045811547338227 0.636441901002001
    outer loop
      vertex 168.8849502487562 4.990000000000009 16.336626370309858
      vertex 169.875 3 18.051442841485013
      vertex 169.3812110031422 4.990000000000009 16.091897649165567
    endloop
  endfacet
  facet normal 0.22810097227952406 0.7045811547338213 0.6719637957800186
    outer loop
      vertex 169.3812110031422 4.990000000000009 16.091897649165567
      vertex 170.13896227717854 3 17.921271051849605
      vertex 169.90516968607753 4.990000000000009 15.914037642774726
    endloop
  endfacet
  facet normal 0.3942456480936859 0.704581154733823 0.5900303088428103
    outer loop
      vertex 168.8849502487562 4.990000000000009 16.336626370309858
      vertex 169.63028678473037 3 18.214954984344722
      vertex 169.875 3 18.051442841485013
    endloop
  endfacet
  facet normal 0.31385841241381757 0.7045811547338209 0.6364419010019954
    outer loop
      vertex 169.3812110031422 4.990000000000009 16.091897649165567
      vertex 169.875 3 18.051442841485013
      vertex 170.13896227717854 3 17.921271051849605
    endloop
  endfacet
  facet normal 0.04641159215919224 0.7045811547338223 0.7081040605074952
    outer loop
      vertex 170.44786121922837 4.990000000000009 15.806089585158794
      vertex 170.70631606750487 3 17.769249061908926
      vertex 171 4.990000000000009 15.769900497512438
    endloop
  endfacet
  facet normal -0.04641159215919222 0.7045811547338224 0.708104060507495
    outer loop
      vertex 171 4.990000000000009 15.769900497512438
      vertex 171 3 17.75
      vertex 171.55213878077163 4.990000000000009 15.806089585158794
    endloop
  endfacet
  facet normal 0.1384406612680103 0.7045811547338221 0.6959882037086763
    outer loop
      vertex 169.90516968607753 4.990000000000009 15.914037642774726
      vertex 170.41765714851934 3 17.826666890849594
      vertex 170.44786121922837 4.990000000000009 15.806089585158794
    endloop
  endfacet
  facet normal 0.22810097227951265 0.7045811547338227 0.6719637957800211
    outer loop
      vertex 169.90516968607753 4.990000000000009 15.914037642774726
      vertex 170.13896227717854 3 17.921271051849605
      vertex 170.41765714851934 3 17.826666890849594
    endloop
  endfacet
  facet normal 0.13844066126801585 0.7045811547338217 0.6959882037086756
    outer loop
      vertex 170.44786121922837 4.990000000000009 15.806089585158794
      vertex 170.41765714851934 3 17.826666890849594
      vertex 170.70631606750487 3 17.769249061908926
    endloop
  endfacet
  facet normal 0.04641159215918962 0.7045811547338225 0.7081040605074951
    outer loop
      vertex 170.70631606750487 3 17.769249061908926
      vertex 171 3 17.75
      vertex 171 4.990000000000009 15.769900497512438
    endloop
  endfacet
  facet normal -0.04641159215918962 0.7045811547338222 0.7081040605074955
    outer loop
      vertex 171.55213878077163 4.990000000000009 15.806089585158794
      vertex 171 3 17.75
      vertex 171.29368393249513 3 17.769249061908926
    endloop
  endfacet
  facet normal -0.13844066126801038 0.7045811547338218 0.6959882037086766
    outer loop
      vertex 171.55213878077163 4.990000000000009 15.806089585158794
      vertex 171.29368393249513 3 17.769249061908926
      vertex 172.09483031392247 4.990000000000009 15.914037642774726
    endloop
  endfacet
  facet normal -0.22810097227952383 0.7045811547338223 0.671963795780018
    outer loop
      vertex 172.09483031392247 4.990000000000009 15.914037642774726
      vertex 171.58234285148066 3 17.826666890849594
      vertex 172.6187889968578 4.990000000000009 16.091897649165567
    endloop
  endfacet
  facet normal -0.13844066126801519 0.7045811547338223 0.6959882037086752
    outer loop
      vertex 172.09483031392247 4.990000000000009 15.914037642774726
      vertex 171.29368393249513 3 17.769249061908926
      vertex 171.58234285148066 3 17.826666890849594
    endloop
  endfacet
  facet normal -0.2281009722795131 0.704581154733821 0.6719637957800227
    outer loop
      vertex 172.6187889968578 4.990000000000009 16.091897649165567
      vertex 171.58234285148066 3 17.826666890849594
      vertex 171.86103772282146 3 17.921271051849605
    endloop
  endfacet
  facet normal -0.3138584124138025 0.7045811547338213 0.636441901002002
    outer loop
      vertex 172.6187889968578 4.990000000000009 16.091897649165567
      vertex 171.86103772282146 3 17.921271051849605
      vertex 173.1150497512438 4.990000000000009 16.336626370309858
    endloop
  endfacet
  facet normal -0.3942456480936914 0.7045811547338228 0.5900303088428068
    outer loop
      vertex 173.1150497512438 4.990000000000009 16.336626370309858
      vertex 172.125 3 18.051442841485013
      vertex 173.5751214179834 4.990000000000009 16.644036429937202
    endloop
  endfacet
  facet normal -0.31385841241381657 0.7045811547338231 0.6364419010019933
    outer loop
      vertex 173.1150497512438 4.990000000000009 16.336626370309858
      vertex 171.86103772282146 3 17.921271051849605
      vertex 172.125 3 18.051442841485013
    endloop
  endfacet
  facet normal -0.3942456480936864 0.7045811547338222 0.5900303088428107
    outer loop
      vertex 173.5751214179834 4.990000000000009 16.644036429937202
      vertex 172.125 3 18.051442841485013
      vertex 172.36971321526963 3 18.214954984344722
    endloop
  endfacet
  facet normal -0.46788723142914274 0.7045811547338209 0.5335231345120167
    outer loop
      vertex 172.36971321526963 3 18.214954984344722
      vertex 172.59099025766974 3 18.40900974233027
      vertex 173.9911320433028 4.990000000000009 17.008867956697205
    endloop
  endfacet
  facet normal 0.6364419010019967 0.7045811547338225 0.31385841241381124
    outer loop
      vertex 167.09189764916556 4.990000000000009 18.3812110031422
      vertex 168.9212710518496 3 19.13896227717855
      vertex 167.33662637030986 4.990000000000009 17.88495024875622
    endloop
  endfacet
  facet normal 0.6959882037086708 0.7045811547338251 0.13844066126802287
    outer loop
      vertex 166.91403764277473 4.990000000000009 18.90516968607752
      vertex 166.8060895851588 4.990000000000009 19.447861219228365
      vertex 168.76924906190894 3 19.706316067504883
    endloop
  endfacet
  facet normal 0.671963795780021 0.7045811547338218 0.22810097227951587
    outer loop
      vertex 167.09189764916556 4.990000000000009 18.3812110031422
      vertex 166.91403764277473 4.990000000000009 18.90516968607752
      vertex 168.8266668908496 3 19.41765714851933
    endloop
  endfacet
  facet normal 0.5900303088428149 0.7045811547338249 0.3942456480936756
    outer loop
      vertex 167.6440364299372 4.990000000000009 17.424878582016593
      vertex 167.33662637030986 4.990000000000009 17.88495024875622
      vertex 169.05144284148503 3 18.875
    endloop
  endfacet
  facet normal 0.6364419010019807 0.7045811547338255 0.3138584124138365
    outer loop
      vertex 167.33662637030986 4.990000000000009 17.88495024875622
      vertex 168.9212710518496 3 19.13896227717855
      vertex 169.05144284148503 3 18.875
    endloop
  endfacet
  facet normal 0.6959882037086839 0.7045811547338203 0.1384406612679814
    outer loop
      vertex 166.91403764277473 4.990000000000009 18.90516968607752
      vertex 168.76924906190894 3 19.706316067504883
      vertex 168.8266668908496 3 19.41765714851933
    endloop
  endfacet
  facet normal 0.6719637957800174 0.7045811547338227 0.2281009722795237
    outer loop
      vertex 167.09189764916556 4.990000000000009 18.3812110031422
      vertex 168.8266668908496 3 19.41765714851933
      vertex 168.9212710518496 3 19.13896227717855
    endloop
  endfacet
  facet normal 0.7081040605074922 0.7045811547338248 0.04641159215920056
    outer loop
      vertex 166.8060895851588 4.990000000000009 19.447861219228365
      vertex 166.76990049751242 4.990000000000009 20
      vertex 168.75 3 20
    endloop
  endfacet
  facet normal 0.7081040605074911 0.704581154733826 -0.04641159215920049
    outer loop
      vertex 166.76990049751242 4.990000000000009 20
      vertex 166.8060895851588 4.990000000000009 20.552138780771635
      vertex 168.76924906190894 3 20.293683932495117
    endloop
  endfacet
  facet normal 0.695988203708674 0.7045811547338218 -0.1384406612680235
    outer loop
      vertex 166.8060895851588 4.990000000000009 20.552138780771635
      vertex 166.91403764277473 4.990000000000009 21.09483031392248
      vertex 168.8266668908496 3 20.58234285148067
    endloop
  endfacet
  facet normal 0.7081040605074893 0.7045811547338264 0.04641159215921674
    outer loop
      vertex 166.8060895851588 4.990000000000009 19.447861219228365
      vertex 168.75 3 20
      vertex 168.76924906190894 3 19.706316067504883
    endloop
  endfacet
  facet normal 0.7081040605074916 0.7045811547338242 -0.046411592159216884
    outer loop
      vertex 166.76990049751242 4.990000000000009 20
      vertex 168.76924906190894 3 20.293683932495117
      vertex 168.75 3 20
    endloop
  endfacet
  facet normal 0.695988203708678 0.7045811547338264 -0.13844066126798024
    outer loop
      vertex 166.8060895851588 4.990000000000009 20.552138780771635
      vertex 168.8266668908496 3 20.58234285148067
      vertex 168.76924906190894 3 20.293683932495117
    endloop
  endfacet
  facet normal 0.6719637957800186 0.7045811547338217 -0.22810097227952356
    outer loop
      vertex 166.91403764277473 4.990000000000009 21.09483031392248
      vertex 168.9212710518496 3 20.86103772282145
      vertex 168.8266668908496 3 20.58234285148067
    endloop
  endfacet
  facet normal 0.5900303088428106 0.7045811547338257 0.39424564809368057
    outer loop
      vertex 167.6440364299372 4.990000000000009 17.424878582016593
      vertex 169.05144284148503 3 18.875
      vertex 169.21495498434473 3 18.63028678473038
    endloop
  endfacet
  facet normal 0.5335231345120357 0.7045811547338199 0.4678872314291226
    outer loop
      vertex 168.0088679566972 4.990000000000009 17.008867956697205
      vertex 169.21495498434473 3 18.63028678473038
      vertex 169.40900974233026 3 18.40900974233027
    endloop
  endfacet
  facet normal 0.6719637957800204 0.7045811547338223 -0.22810097227951567
    outer loop
      vertex 166.91403764277473 4.990000000000009 21.09483031392248
      vertex 167.09189764916556 4.990000000000009 21.6187889968578
      vertex 168.9212710518496 3 20.86103772282145
    endloop
  endfacet
  facet normal 0.6364419010019946 0.7045811547338247 -0.31385841241381024
    outer loop
      vertex 167.09189764916556 4.990000000000009 21.6187889968578
      vertex 167.33662637030986 4.990000000000009 22.11504975124378
      vertex 169.05144284148503 3 21.125
    endloop
  endfacet
  facet normal 0.6364419010019845 0.7045811547338215 -0.31385841241383783
    outer loop
      vertex 167.09189764916556 4.990000000000009 21.6187889968578
      vertex 169.05144284148503 3 21.125
      vertex 168.9212710518496 3 20.86103772282145
    endloop
  endfacet
  facet normal 0.5900303088428117 0.7045811547338244 -0.39424564809368107
    outer loop
      vertex 167.33662637030986 4.990000000000009 22.11504975124378
      vertex 169.21495498434473 3 21.36971321526962
      vertex 169.05144284148503 3 21.125
    endloop
  endfacet
  facet normal 0.5900303088428146 0.7045811547338253 -0.39424564809367535
    outer loop
      vertex 167.33662637030986 4.990000000000009 22.11504975124378
      vertex 167.6440364299372 4.990000000000009 22.575121417983407
      vertex 169.21495498434473 3 21.36971321526962
    endloop
  endfacet
  facet normal 0.5335231345120011 0.7045811547338214 -0.46788723142915967
    outer loop
      vertex 167.6440364299372 4.990000000000009 22.575121417983407
      vertex 168.0088679566972 4.990000000000009 22.991132043302795
      vertex 169.40900974233026 3 21.59099025766973
    endloop
  endfacet
  facet normal 0.53352313451203 0.7045811547338269 -0.4678872314291185
    outer loop
      vertex 167.6440364299372 4.990000000000009 22.575121417983407
      vertex 169.40900974233026 3 21.59099025766973
      vertex 169.21495498434473 3 21.36971321526962
    endloop
  endfacet
  facet normal 0.46788723142914274 0.7045811547338207 -0.5335231345120169
    outer loop
      vertex 168.0088679566972 4.990000000000009 22.991132043302795
      vertex 169.63028678473037 3 21.785045015655278
      vertex 169.40900974233026 3 21.59099025766973
    endloop
  endfacet
  facet normal 0.3942456480936864 0.7045811547338222 -0.5900303088428107
    outer loop
      vertex 168.4248785820166 4.990000000000009 23.355963570062798
      vertex 169.875 3 21.948557158514987
      vertex 169.63028678473037 3 21.785045015655278
    endloop
  endfacet
  facet normal 0.46788723142915134 0.7045811547338222 -0.5335231345120072
    outer loop
      vertex 168.0088679566972 4.990000000000009 22.991132043302795
      vertex 168.4248785820166 4.990000000000009 23.355963570062798
      vertex 169.63028678473037 3 21.785045015655278
    endloop
  endfacet
  facet normal 0.3942456480936914 0.7045811547338228 -0.5900303088428068
    outer loop
      vertex 168.4248785820166 4.990000000000009 23.355963570062798
      vertex 168.8849502487562 4.990000000000009 23.663373629690142
      vertex 169.875 3 21.948557158514987
    endloop
  endfacet
  facet normal 0.3138584124138025 0.7045811547338213 -0.636441901002002
    outer loop
      vertex 168.8849502487562 4.990000000000009 23.663373629690142
      vertex 169.3812110031422 4.990000000000009 23.908102350834433
      vertex 170.13896227717854 3 22.078728948150395
    endloop
  endfacet
  facet normal 0.31385841241381657 0.7045811547338231 -0.6364419010019933
    outer loop
      vertex 168.8849502487562 4.990000000000009 23.663373629690142
      vertex 170.13896227717854 3 22.078728948150395
      vertex 169.875 3 21.948557158514987
    endloop
  endfacet
  facet normal 0.2281009722795131 0.704581154733821 -0.6719637957800227
    outer loop
      vertex 169.3812110031422 4.990000000000009 23.908102350834433
      vertex 170.41765714851934 3 22.173333109150406
      vertex 170.13896227717854 3 22.078728948150395
    endloop
  endfacet
  facet normal 0.22810097227952383 0.7045811547338223 -0.671963795780018
    outer loop
      vertex 169.3812110031422 4.990000000000009 23.908102350834433
      vertex 169.90516968607753 4.990000000000009 24.085962357225274
      vertex 170.41765714851934 3 22.173333109150406
    endloop
  endfacet
  facet normal 0.13844066126801519 0.7045811547338223 -0.6959882037086752
    outer loop
      vertex 169.90516968607753 4.990000000000009 24.085962357225274
      vertex 170.70631606750487 3 22.230750938091074
      vertex 170.41765714851934 3 22.173333109150406
    endloop
  endfacet
  facet normal 0.04641159215918964 0.7045811547338222 -0.7081040605074954
    outer loop
      vertex 170.70631606750487 3 22.230750938091074
      vertex 170.44786121922837 4.990000000000009 24.193910414841206
      vertex 171 3 22.25
    endloop
  endfacet
  facet normal 0.13844066126801038 0.7045811547338218 -0.6959882037086766
    outer loop
      vertex 169.90516968607753 4.990000000000009 24.085962357225274
      vertex 170.44786121922837 4.990000000000009 24.193910414841206
      vertex 170.70631606750487 3 22.230750938091074
    endloop
  endfacet
  facet normal 0.04641159215919222 0.7045811547338225 -0.708104060507495
    outer loop
      vertex 170.44786121922837 4.990000000000009 24.193910414841206
      vertex 171 4.990000000000009 24.230099502487562
      vertex 171 3 22.25
    endloop
  endfacet
  facet normal -0.04641159215918962 0.7045811547338227 -0.7081040605074951
    outer loop
      vertex 171 3 22.25
      vertex 171 4.990000000000009 24.230099502487562
      vertex 171.29368393249513 3 22.230750938091074
    endloop
  endfacet
  facet normal -0.13844066126801538 0.7045811547338217 -0.6959882037086756
    outer loop
      vertex 171.29368393249513 3 22.230750938091074
      vertex 171.55213878077163 4.990000000000009 24.193910414841206
      vertex 171.58234285148066 3 22.173333109150406
    endloop
  endfacet
  facet normal -0.046411592159192334 0.7045811547338223 -0.7081040605074953
    outer loop
      vertex 171.29368393249513 3 22.230750938091074
      vertex 171 4.990000000000009 24.230099502487562
      vertex 171.55213878077163 4.990000000000009 24.193910414841206
    endloop
  endfacet
  facet normal -0.3942456480936859 0.704581154733823 -0.5900303088428103
    outer loop
      vertex 173.1150497512438 4.990000000000009 23.663373629690142
      vertex 172.36971321526963 3 21.785045015655278
      vertex 172.125 3 21.948557158514987
    endloop
  endfacet
  facet normal -0.4678872314291415 0.7045811547338228 -0.5335231345120153
    outer loop
      vertex 173.5751214179834 4.990000000000009 23.355963570062798
      vertex 172.59099025766974 3 21.59099025766973
      vertex 172.36971321526963 3 21.785045015655278
    endloop
  endfacet
  facet normal -0.22810097227951265 0.7045811547338227 -0.6719637957800211
    outer loop
      vertex 172.09483031392247 4.990000000000009 24.085962357225274
      vertex 171.86103772282146 3 22.078728948150395
      vertex 171.58234285148066 3 22.173333109150406
    endloop
  endfacet
  facet normal -0.31385841241381757 0.7045811547338209 -0.6364419010019954
    outer loop
      vertex 172.6187889968578 4.990000000000009 23.908102350834433
      vertex 172.125 3 21.948557158514987
      vertex 171.86103772282146 3 22.078728948150395
    endloop
  endfacet
  facet normal -0.1384406612680103 0.7045811547338221 -0.6959882037086763
    outer loop
      vertex 172.09483031392247 4.990000000000009 24.085962357225274
      vertex 171.58234285148066 3 22.173333109150406
      vertex 171.55213878077163 4.990000000000009 24.193910414841206
    endloop
  endfacet
  facet normal -0.22810097227952406 0.7045811547338213 -0.6719637957800186
    outer loop
      vertex 172.09483031392247 4.990000000000009 24.085962357225274
      vertex 172.6187889968578 4.990000000000009 23.908102350834433
      vertex 171.86103772282146 3 22.078728948150395
    endloop
  endfacet
  facet normal -0.313858412413802 0.7045811547338227 -0.636441901002001
    outer loop
      vertex 172.6187889968578 4.990000000000009 23.908102350834433
      vertex 173.1150497512438 4.990000000000009 23.663373629690142
      vertex 172.125 3 21.948557158514987
    endloop
  endfacet
  facet normal -0.3942456480936917 0.7045811547338224 -0.5900303088428073
    outer loop
      vertex 173.1150497512438 4.990000000000009 23.663373629690142
      vertex 173.5751214179834 4.990000000000009 23.355963570062798
      vertex 172.36971321526963 3 21.785045015655278
    endloop
  endfacet
  facet normal -0.4678872314291515 0.7045811547338223 0.5335231345120073
    outer loop
      vertex 173.5751214179834 4.990000000000009 16.644036429937202
      vertex 172.36971321526963 3 18.214954984344722
      vertex 173.9911320433028 4.990000000000009 17.008867956697205
    endloop
  endfacet
  facet normal -0.533523134512001 0.7045811547338214 0.46788723142915983
    outer loop
      vertex 172.59099025766974 3 18.40900974233027
      vertex 174.3559635700628 4.990000000000009 17.424878582016593
      vertex 173.9911320433028 4.990000000000009 17.008867956697205
    endloop
  endfacet
  facet normal -0.5900303088428146 0.7045811547338253 0.3942456480936755
    outer loop
      vertex 172.78504501565527 3 18.63028678473038
      vertex 174.66337362969014 4.990000000000009 17.88495024875622
      vertex 174.3559635700628 4.990000000000009 17.424878582016593
    endloop
  endfacet
  facet normal -0.5335231345120302 0.704581154733827 0.46788723142911826
    outer loop
      vertex 172.59099025766974 3 18.40900974233027
      vertex 172.78504501565527 3 18.63028678473038
      vertex 174.3559635700628 4.990000000000009 17.424878582016593
    endloop
  endfacet
  facet normal -0.5900303088428117 0.7045811547338247 0.394245648093681
    outer loop
      vertex 172.78504501565527 3 18.63028678473038
      vertex 172.94855715851497 3 18.875
      vertex 174.66337362969014 4.990000000000009 17.88495024875622
    endloop
  endfacet
  facet normal -0.6364419010019845 0.7045811547338215 0.313858412413838
    outer loop
      vertex 172.94855715851497 3 18.875
      vertex 173.0787289481504 3 19.13896227717855
      vertex 174.90810235083444 4.990000000000009 18.3812110031422
    endloop
  endfacet
  facet normal -0.6719637957800187 0.7045811547338215 0.22810097227952372
    outer loop
      vertex 173.0787289481504 3 19.13896227717855
      vertex 173.1733331091504 3 19.41765714851933
      vertex 175.08596235722527 4.990000000000009 18.90516968607752
    endloop
  endfacet
  facet normal -0.6364419010019946 0.7045811547338248 0.31385841241381013
    outer loop
      vertex 172.94855715851497 3 18.875
      vertex 174.90810235083444 4.990000000000009 18.3812110031422
      vertex 174.66337362969014 4.990000000000009 17.88495024875622
    endloop
  endfacet
  facet normal -0.6719637957800204 0.7045811547338223 0.22810097227951556
    outer loop
      vertex 173.0787289481504 3 19.13896227717855
      vertex 175.08596235722527 4.990000000000009 18.90516968607752
      vertex 174.90810235083444 4.990000000000009 18.3812110031422
    endloop
  endfacet
  facet normal -0.6959882037086739 0.7045811547338219 0.13844066126802362
    outer loop
      vertex 173.1733331091504 3 19.41765714851933
      vertex 175.1939104148412 4.990000000000009 19.447861219228365
      vertex 175.08596235722527 4.990000000000009 18.90516968607752
    endloop
  endfacet
  facet normal -0.6959882037086839 0.7045811547338204 -0.1384406612679811
    outer loop
      vertex 173.23075093809106 3 20.293683932495117
      vertex 173.1733331091504 3 20.58234285148067
      vertex 175.08596235722527 4.990000000000009 21.09483031392248
    endloop
  endfacet
  facet normal -0.7081040605074909 0.7045811547338258 0.0464115921592006
    outer loop
      vertex 173.23075093809106 3 19.706316067504883
      vertex 175.23009950248758 4.990000000000009 20
      vertex 175.1939104148412 4.990000000000009 19.447861219228365
    endloop
  endfacet
  facet normal -0.7081040605074922 0.7045811547338248 -0.046411592159200696
    outer loop
      vertex 173.25 3 20
      vertex 175.1939104148412 4.990000000000009 20.552138780771635
      vertex 175.23009950248758 4.990000000000009 20
    endloop
  endfacet
  facet normal -0.6959882037086779 0.7045811547338265 0.1384406612679799
    outer loop
      vertex 173.1733331091504 3 19.41765714851933
      vertex 173.23075093809106 3 19.706316067504883
      vertex 175.1939104148412 4.990000000000009 19.447861219228365
    endloop
  endfacet
  facet normal -0.7081040605074916 0.7045811547338242 0.04641159215921677
    outer loop
      vertex 173.23075093809106 3 19.706316067504883
      vertex 173.25 3 20
      vertex 175.23009950248758 4.990000000000009 20
    endloop
  endfacet
  facet normal -0.6959882037086706 0.704581154733825 -0.13844066126802299
    outer loop
      vertex 173.23075093809106 3 20.293683932495117
      vertex 175.08596235722527 4.990000000000009 21.09483031392248
      vertex 175.1939104148412 4.990000000000009 20.552138780771635
    endloop
  endfacet
  facet normal -0.7081040605074893 0.7045811547338264 -0.04641159215921663
    outer loop
      vertex 173.25 3 20
      vertex 173.23075093809106 3 20.293683932495117
      vertex 175.1939104148412 4.990000000000009 20.552138780771635
    endloop
  endfacet
  facet normal -0.5900303088428109 0.7045811547338255 -0.3942456480936805
    outer loop
      vertex 172.94855715851497 3 21.125
      vertex 172.78504501565527 3 21.36971321526962
      vertex 174.3559635700628 4.990000000000009 22.575121417983407
    endloop
  endfacet
  facet normal -0.6364419010019807 0.7045811547338257 -0.31385841241383616
    outer loop
      vertex 173.0787289481504 3 20.86103772282145
      vertex 172.94855715851497 3 21.125
      vertex 174.66337362969014 4.990000000000009 22.11504975124378
    endloop
  endfacet
  facet normal -0.6719637957800176 0.7045811547338227 -0.22810097227952336
    outer loop
      vertex 173.0787289481504 3 20.86103772282145
      vertex 174.90810235083444 4.990000000000009 21.6187889968578
      vertex 173.1733331091504 3 20.58234285148067
    endloop
  endfacet
  facet normal -0.5335231345119983 0.7045811547338251 -0.4678872314291571
    outer loop
      vertex 172.78504501565527 3 21.36971321526962
      vertex 173.9911320433028 4.990000000000009 22.991132043302795
      vertex 174.3559635700628 4.990000000000009 22.575121417983407
    endloop
  endfacet
  facet normal -0.5335231345120355 0.7045811547338199 -0.46788723142912286
    outer loop
      vertex 172.59099025766974 3 21.59099025766973
      vertex 173.9911320433028 4.990000000000009 22.991132043302795
      vertex 172.78504501565527 3 21.36971321526962
    endloop
  endfacet
  facet normal -0.671963795780021 0.7045811547338218 -0.22810097227951606
    outer loop
      vertex 173.1733331091504 3 20.58234285148067
      vertex 174.90810235083444 4.990000000000009 21.6187889968578
      vertex 175.08596235722527 4.990000000000009 21.09483031392248
    endloop
  endfacet
  facet normal -0.6364419010019966 0.7045811547338225 -0.31385841241381135
    outer loop
      vertex 173.0787289481504 3 20.86103772282145
      vertex 174.66337362969014 4.990000000000009 22.11504975124378
      vertex 174.90810235083444 4.990000000000009 21.6187889968578
    endloop
  endfacet
  facet normal -0.5900303088428147 0.7045811547338249 -0.39424564809367574
    outer loop
      vertex 172.94855715851497 3 21.125
      vertex 174.3559635700628 4.990000000000009 22.575121417983407
      vertex 174.66337362969014 4.990000000000009 22.11504975124378
    endloop
  endfacet
  facet normal -0.4678872314291521 0.7045811547338213 -0.533523134512008
    outer loop
      vertex 173.5751214179834 4.990000000000009 23.355963570062798
      vertex 173.9911320433028 4.990000000000009 22.991132043302795
      vertex 172.59099025766974 3 21.59099025766973
    endloop
  endfacet
  facet normal 0.46788723142916044 0.7045811547338202 0.533523134512002
    outer loop
      vertex 168.0088679566972 4.990000000000009 169.0088679566972
      vertex 169.40900974233026 3 170.40900974233026
      vertex 168.4248785820166 4.990000000000009 168.6440364299372
    endloop
  endfacet
  facet normal 0.6364419010019983 0.7045811547338219 0.31385841241380974
    outer loop
      vertex 167.09189764916556 4.990000000000009 170.3812110031422
      vertex 168.9212710518496 3 171.13896227717854
      vertex 167.33662637030986 4.990000000000009 169.8849502487562
    endloop
  endfacet
  facet normal 0.6719637957800222 0.7045811547338221 0.2281009722795116
    outer loop
      vertex 167.09189764916556 4.990000000000009 170.3812110031422
      vertex 166.91403764277473 4.990000000000009 170.90516968607753
      vertex 168.8266668908496 3 171.41765714851934
    endloop
  endfacet
  facet normal 0.5900303088428132 0.7045811547338254 0.39424564809367746
    outer loop
      vertex 167.6440364299372 4.990000000000009 169.4248785820166
      vertex 167.33662637030986 4.990000000000009 169.8849502487562
      vertex 169.05144284148503 3 170.875
    endloop
  endfacet
  facet normal 0.5335231345119986 0.7045811547338248 0.4678872314291575
    outer loop
      vertex 167.6440364299372 4.990000000000009 169.4248785820166
      vertex 169.21495498434473 3 170.63028678473037
      vertex 168.0088679566972 4.990000000000009 169.0088679566972
    endloop
  endfacet
  facet normal 0.671963795780025 0.7045811547338212 0.2281009722795058
    outer loop
      vertex 167.09189764916556 4.990000000000009 170.3812110031422
      vertex 168.8266668908496 3 171.41765714851934
      vertex 168.9212710518496 3 171.13896227717854
    endloop
  endfacet
  facet normal 0.6364419010019731 0.7045811547338267 0.31385841241384965
    outer loop
      vertex 167.33662637030986 4.990000000000009 169.8849502487562
      vertex 168.9212710518496 3 171.13896227717854
      vertex 169.05144284148503 3 170.875
    endloop
  endfacet
  facet normal 0.3942456480936777 0.704581154733825 0.5900303088428135
    outer loop
      vertex 168.4248785820166 4.990000000000009 168.6440364299372
      vertex 169.63028678473037 3 170.21495498434473
      vertex 168.8849502487562 4.990000000000009 168.33662637030986
    endloop
  endfacet
  facet normal 0.22810097227951176 0.7045811547338215 0.6719637957800226
    outer loop
      vertex 169.3812110031422 4.990000000000009 168.09189764916556
      vertex 170.13896227717854 3 169.9212710518496
      vertex 169.90516968607753 4.990000000000009 167.91403764277473
    endloop
  endfacet
  facet normal 0.3138584124138082 0.7045811547338252 0.636441901001995
    outer loop
      vertex 168.8849502487562 4.990000000000009 168.33662637030986
      vertex 169.875 3 170.05144284148503
      vertex 169.3812110031422 4.990000000000009 168.09189764916556
    endloop
  endfacet
  facet normal 0.31385841241385193 0.7045811547338202 0.636441901001979
    outer loop
      vertex 169.3812110031422 4.990000000000009 168.09189764916556
      vertex 169.875 3 170.05144284148503
      vertex 170.13896227717854 3 169.9212710518496
    endloop
  endfacet
  facet normal 0.5335231345120444 0.7045811547338183 0.4678872314291151
    outer loop
      vertex 168.0088679566972 4.990000000000009 169.0088679566972
      vertex 169.21495498434473 3 170.63028678473037
      vertex 169.40900974233026 3 170.40900974233026
    endloop
  endfacet
  facet normal 0.46788723142911 0.7045811547338267 0.5335231345120376
    outer loop
      vertex 168.4248785820166 4.990000000000009 168.6440364299372
      vertex 169.40900974233026 3 170.40900974233026
      vertex 169.63028678473037 3 170.21495498434473
    endloop
  endfacet
  facet normal 0.5900303088428167 0.7045811547338248 0.39424564809367313
    outer loop
      vertex 167.6440364299372 4.990000000000009 169.4248785820166
      vertex 169.05144284148503 3 170.875
      vertex 169.21495498434473 3 170.63028678473037
    endloop
  endfacet
  facet normal 0.39424564809367263 0.7045811547338255 0.5900303088428163
    outer loop
      vertex 168.8849502487562 4.990000000000009 168.33662637030986
      vertex 169.63028678473037 3 170.21495498434473
      vertex 169.875 3 170.05144284148503
    endloop
  endfacet
  facet normal 0.6959882037086714 0.7045811547338244 0.13844066126802299
    outer loop
      vertex 166.91403764277473 4.990000000000009 170.90516968607753
      vertex 166.8060895851588 4.990000000000009 171.44786121922837
      vertex 168.76924906190894 3 171.70631606750487
    endloop
  endfacet
  facet normal 0.7081040605074921 0.7045811547338247 0.04641159215920115
    outer loop
      vertex 166.8060895851588 4.990000000000009 171.44786121922837
      vertex 166.76990049751242 4.990000000000009 172
      vertex 168.75 3 172
    endloop
  endfacet
  facet normal 0.7081040605074912 0.7045811547338258 -0.046411592159201084
    outer loop
      vertex 166.76990049751242 4.990000000000009 172
      vertex 166.8060895851588 4.990000000000009 172.55213878077163
      vertex 168.76924906190894 3 172.29368393249513
    endloop
  endfacet
  facet normal 0.6959882037086814 0.7045811547338208 0.13844066126799115
    outer loop
      vertex 166.91403764277473 4.990000000000009 170.90516968607753
      vertex 168.76924906190894 3 171.70631606750487
      vertex 168.8266668908496 3 171.41765714851934
    endloop
  endfacet
  facet normal 0.7081040605074899 0.7045811547338261 0.04641159215921508
    outer loop
      vertex 166.8060895851588 4.990000000000009 171.44786121922837
      vertex 168.75 3 172
      vertex 168.76924906190894 3 171.70631606750487
    endloop
  endfacet
  facet normal 0.7081040605074916 0.7045811547338242 -0.046411592159215205
    outer loop
      vertex 166.76990049751242 4.990000000000009 172
      vertex 168.76924906190894 3 172.29368393249513
      vertex 168.75 3 172
    endloop
  endfacet
  facet normal 0.6959882037086768 0.7045811547338254 -0.13844066126799026
    outer loop
      vertex 166.8060895851588 4.990000000000009 172.55213878077163
      vertex 168.8266668908496 3 172.58234285148066
      vertex 168.76924906190894 3 172.29368393249513
    endloop
  endfacet
  facet normal 0.6959882037086738 0.7045811547338219 -0.13844066126802346
    outer loop
      vertex 166.8060895851588 4.990000000000009 172.55213878077163
      vertex 166.91403764277473 4.990000000000009 173.09483031392247
      vertex 168.8266668908496 3 172.58234285148066
    endloop
  endfacet
  facet normal 0.6719637957800226 0.7045811547338215 -0.22810097227951176
    outer loop
      vertex 166.91403764277473 4.990000000000009 173.09483031392247
      vertex 167.09189764916556 4.990000000000009 173.6187889968578
      vertex 168.9212710518496 3 172.86103772282146
    endloop
  endfacet
  facet normal 0.6364419010019952 0.7045811547338253 -0.3138584124138082
    outer loop
      vertex 167.09189764916556 4.990000000000009 173.6187889968578
      vertex 167.33662637030986 4.990000000000009 174.1150497512438
      vertex 169.05144284148503 3 173.125
    endloop
  endfacet
  facet normal 0.6719637957800241 0.7045811547338224 -0.22810097227950504
    outer loop
      vertex 166.91403764277473 4.990000000000009 173.09483031392247
      vertex 168.9212710518496 3 172.86103772282146
      vertex 168.8266668908496 3 172.58234285148066
    endloop
  endfacet
  facet normal 0.636441901001979 0.7045811547338203 -0.313858412413852
    outer loop
      vertex 167.09189764916556 4.990000000000009 173.6187889968578
      vertex 169.05144284148503 3 173.125
      vertex 168.9212710518496 3 172.86103772282146
    endloop
  endfacet
  facet normal 0.5900303088428162 0.7045811547338254 -0.3942456480936726
    outer loop
      vertex 167.33662637030986 4.990000000000009 174.1150497512438
      vertex 169.21495498434473 3 173.36971321526963
      vertex 169.05144284148503 3 173.125
    endloop
  endfacet
  facet normal 0.5335231345120376 0.7045811547338267 -0.46788723142911
    outer loop
      vertex 167.6440364299372 4.990000000000009 174.5751214179834
      vertex 169.40900974233026 3 173.59099025766974
      vertex 169.21495498434473 3 173.36971321526963
    endloop
  endfacet
  facet normal 0.13844066126802346 0.7045811547338219 0.6959882037086738
    outer loop
      vertex 169.90516968607753 4.990000000000009 167.91403764277473
      vertex 170.41765714851934 3 169.8266668908496
      vertex 170.44786121922837 4.990000000000009 167.8060895851588
    endloop
  endfacet
  facet normal 0.046411592159201084 0.7045811547338258 0.7081040605074912
    outer loop
      vertex 170.44786121922837 4.990000000000009 167.8060895851588
      vertex 170.70631606750487 3 169.76924906190894
      vertex 171 4.990000000000009 167.76990049751242
    endloop
  endfacet
  facet normal 0.22810097227950504 0.7045811547338224 0.6719637957800241
    outer loop
      vertex 169.90516968607753 4.990000000000009 167.91403764277473
      vertex 170.13896227717854 3 169.9212710518496
      vertex 170.41765714851934 3 169.8266668908496
    endloop
  endfacet
  facet normal 0.13844066126799026 0.7045811547338254 0.6959882037086768
    outer loop
      vertex 170.44786121922837 4.990000000000009 167.8060895851588
      vertex 170.41765714851934 3 169.8266668908496
      vertex 170.70631606750487 3 169.76924906190894
    endloop
  endfacet
  facet normal -0.046411592159201154 0.7045811547338248 0.7081040605074922
    outer loop
      vertex 171 4.990000000000009 167.76990049751242
      vertex 171 3 169.75
      vertex 171.55213878077163 4.990000000000009 167.8060895851588
    endloop
  endfacet
  facet normal 0.046411592159215094 0.7045811547338242 0.7081040605074916
    outer loop
      vertex 170.70631606750487 3 169.76924906190894
      vertex 171 3 169.75
      vertex 171 4.990000000000009 167.76990049751242
    endloop
  endfacet
  facet normal -0.04641159215921508 0.7045811547338261 0.7081040605074899
    outer loop
      vertex 171.55213878077163 4.990000000000009 167.8060895851588
      vertex 171 3 169.75
      vertex 171.29368393249513 3 169.76924906190894
    endloop
  endfacet
  facet normal -0.13844066126802299 0.7045811547338244 0.6959882037086714
    outer loop
      vertex 171.55213878077163 4.990000000000009 167.8060895851588
      vertex 171.29368393249513 3 169.76924906190894
      vertex 172.09483031392247 4.990000000000009 167.91403764277473
    endloop
  endfacet
  facet normal -0.2281009722795116 0.7045811547338221 0.6719637957800222
    outer loop
      vertex 172.09483031392247 4.990000000000009 167.91403764277473
      vertex 171.58234285148066 3 169.8266668908496
      vertex 172.6187889968578 4.990000000000009 168.09189764916556
    endloop
  endfacet
  facet normal -0.13844066126799118 0.7045811547338209 0.6959882037086815
    outer loop
      vertex 172.09483031392247 4.990000000000009 167.91403764277473
      vertex 171.29368393249513 3 169.76924906190894
      vertex 171.58234285148066 3 169.8266668908496
    endloop
  endfacet
  facet normal -0.2281009722795058 0.7045811547338212 0.671963795780025
    outer loop
      vertex 172.6187889968578 4.990000000000009 168.09189764916556
      vertex 171.58234285148066 3 169.8266668908496
      vertex 171.86103772282146 3 169.9212710518496
    endloop
  endfacet
  facet normal -0.31385841241380974 0.7045811547338219 0.6364419010019983
    outer loop
      vertex 172.6187889968578 4.990000000000009 168.09189764916556
      vertex 171.86103772282146 3 169.9212710518496
      vertex 173.1150497512438 4.990000000000009 168.33662637030986
    endloop
  endfacet
  facet normal -0.39424564809367746 0.7045811547338254 0.5900303088428132
    outer loop
      vertex 173.1150497512438 4.990000000000009 168.33662637030986
      vertex 172.125 3 170.05144284148503
      vertex 173.5751214179834 4.990000000000009 168.6440364299372
    endloop
  endfacet
  facet normal -0.31385841241384965 0.7045811547338267 0.6364419010019731
    outer loop
      vertex 173.1150497512438 4.990000000000009 168.33662637030986
      vertex 171.86103772282146 3 169.9212710518496
      vertex 172.125 3 170.05144284148503
    endloop
  endfacet
  facet normal -0.39424564809367313 0.7045811547338248 0.5900303088428167
    outer loop
      vertex 173.5751214179834 4.990000000000009 168.6440364299372
      vertex 172.125 3 170.05144284148503
      vertex 172.36971321526963 3 170.21495498434473
    endloop
  endfacet
  facet normal -0.4678872314291155 0.7045811547338182 0.5335231345120443
    outer loop
      vertex 172.36971321526963 3 170.21495498434473
      vertex 172.59099025766974 3 170.40900974233026
      vertex 173.9911320433028 4.990000000000009 169.0088679566972
    endloop
  endfacet
  facet normal 0.5900303088428134 0.7045811547338251 -0.3942456480936776
    outer loop
      vertex 167.33662637030986 4.990000000000009 174.1150497512438
      vertex 167.6440364299372 4.990000000000009 174.5751214179834
      vertex 169.21495498434473 3 173.36971321526963
    endloop
  endfacet
  facet normal 0.533523134512002 0.7045811547338202 -0.46788723142916044
    outer loop
      vertex 167.6440364299372 4.990000000000009 174.5751214179834
      vertex 168.0088679566972 4.990000000000009 174.9911320433028
      vertex 169.40900974233026 3 173.59099025766974
    endloop
  endfacet
  facet normal 0.4678872314291574 0.704581154733825 -0.5335231345119986
    outer loop
      vertex 169.63028678473037 3 173.78504501565527
      vertex 168.0088679566972 4.990000000000009 174.9911320433028
      vertex 168.4248785820166 4.990000000000009 175.3559635700628
    endloop
  endfacet
  facet normal 0.4678872314291155 0.7045811547338182 -0.5335231345120443
    outer loop
      vertex 169.40900974233026 3 173.59099025766974
      vertex 168.0088679566972 4.990000000000009 174.9911320433028
      vertex 169.63028678473037 3 173.78504501565527
    endloop
  endfacet
  facet normal 0.39424564809367296 0.7045811547338249 -0.5900303088428167
    outer loop
      vertex 169.63028678473037 3 173.78504501565527
      vertex 168.4248785820166 4.990000000000009 175.3559635700628
      vertex 169.875 3 173.94855715851497
    endloop
  endfacet
  facet normal 0.39424564809367757 0.7045811547338254 -0.5900303088428129
    outer loop
      vertex 169.875 3 173.94855715851497
      vertex 168.4248785820166 4.990000000000009 175.3559635700628
      vertex 168.8849502487562 4.990000000000009 175.66337362969014
    endloop
  endfacet
  facet normal 0.3138584124138493 0.7045811547338269 -0.6364419010019732
    outer loop
      vertex 169.875 3 173.94855715851497
      vertex 168.8849502487562 4.990000000000009 175.66337362969014
      vertex 170.13896227717854 3 174.0787289481504
    endloop
  endfacet
  facet normal 0.22810097227950546 0.7045811547338213 -0.671963795780025
    outer loop
      vertex 170.13896227717854 3 174.0787289481504
      vertex 169.3812110031422 4.990000000000009 175.90810235083444
      vertex 170.41765714851934 3 174.1733331091504
    endloop
  endfacet
  facet normal 0.31385841241380985 0.7045811547338218 -0.6364419010019982
    outer loop
      vertex 170.13896227717854 3 174.0787289481504
      vertex 168.8849502487562 4.990000000000009 175.66337362969014
      vertex 169.3812110031422 4.990000000000009 175.90810235083444
    endloop
  endfacet
  facet normal 0.22810097227951176 0.704581154733822 -0.6719637957800221
    outer loop
      vertex 170.41765714851934 3 174.1733331091504
      vertex 169.3812110031422 4.990000000000009 175.90810235083444
      vertex 169.90516968607753 4.990000000000009 176.08596235722527
    endloop
  endfacet
  facet normal 0.13844066126799082 0.7045811547338209 -0.6959882037086814
    outer loop
      vertex 170.41765714851934 3 174.1733331091504
      vertex 169.90516968607753 4.990000000000009 176.08596235722527
      vertex 170.70631606750487 3 174.23075093809106
    endloop
  endfacet
  facet normal 0.04641159215921497 0.7045811547338262 -0.7081040605074898
    outer loop
      vertex 170.70631606750487 3 174.23075093809106
      vertex 170.44786121922837 4.990000000000009 176.1939104148412
      vertex 171 3 174.25
    endloop
  endfacet
  facet normal -0.046411592159215094 0.7045811547338242 -0.7081040605074916
    outer loop
      vertex 171 3 174.25
      vertex 171 4.990000000000009 176.23009950248758
      vertex 171.29368393249513 3 174.23075093809106
    endloop
  endfacet
  facet normal -0.1384406612679899 0.7045811547338257 -0.6959882037086768
    outer loop
      vertex 171.29368393249513 3 174.23075093809106
      vertex 171.55213878077163 4.990000000000009 176.1939104148412
      vertex 171.58234285148066 3 174.1733331091504
    endloop
  endfacet
  facet normal 0.13844066126802312 0.7045811547338244 -0.6959882037086714
    outer loop
      vertex 170.70631606750487 3 174.23075093809106
      vertex 169.90516968607753 4.990000000000009 176.08596235722527
      vertex 170.44786121922837 4.990000000000009 176.1939104148412
    endloop
  endfacet
  facet normal 0.046411592159201154 0.7045811547338248 -0.7081040605074922
    outer loop
      vertex 170.44786121922837 4.990000000000009 176.1939104148412
      vertex 171 4.990000000000009 176.23009950248758
      vertex 171 3 174.25
    endloop
  endfacet
  facet normal -0.046411592159201216 0.7045811547338258 -0.7081040605074912
    outer loop
      vertex 171.29368393249513 3 174.23075093809106
      vertex 171 4.990000000000009 176.23009950248758
      vertex 171.55213878077163 4.990000000000009 176.1939104148412
    endloop
  endfacet
  facet normal -0.31385841241385215 0.7045811547338202 -0.636441901001979
    outer loop
      vertex 172.125 3 173.94855715851497
      vertex 171.86103772282146 3 174.0787289481504
      vertex 172.6187889968578 4.990000000000009 175.90810235083444
    endloop
  endfacet
  facet normal -0.1384406612680236 0.7045811547338219 -0.6959882037086738
    outer loop
      vertex 171.58234285148066 3 174.1733331091504
      vertex 171.55213878077163 4.990000000000009 176.1939104148412
      vertex 172.09483031392247 4.990000000000009 176.08596235722527
    endloop
  endfacet
  facet normal -0.22810097227951168 0.7045811547338217 -0.6719637957800226
    outer loop
      vertex 171.86103772282146 3 174.0787289481504
      vertex 172.09483031392247 4.990000000000009 176.08596235722527
      vertex 172.6187889968578 4.990000000000009 175.90810235083444
    endloop
  endfacet
  facet normal -0.22810097227950518 0.7045811547338223 -0.6719637957800242
    outer loop
      vertex 171.58234285148066 3 174.1733331091504
      vertex 172.09483031392247 4.990000000000009 176.08596235722527
      vertex 171.86103772282146 3 174.0787289481504
    endloop
  endfacet
  facet normal -0.3942456480936725 0.7045811547338258 -0.5900303088428162
    outer loop
      vertex 172.125 3 173.94855715851497
      vertex 173.1150497512438 4.990000000000009 175.66337362969014
      vertex 172.36971321526963 3 173.78504501565527
    endloop
  endfacet
  facet normal -0.46788723142910976 0.7045811547338268 -0.5335231345120377
    outer loop
      vertex 172.36971321526963 3 173.78504501565527
      vertex 173.5751214179834 4.990000000000009 175.3559635700628
      vertex 172.59099025766974 3 173.59099025766974
    endloop
  endfacet
  facet normal -0.3138584124138081 0.7045811547338252 -0.6364419010019952
    outer loop
      vertex 172.125 3 173.94855715851497
      vertex 172.6187889968578 4.990000000000009 175.90810235083444
      vertex 173.1150497512438 4.990000000000009 175.66337362969014
    endloop
  endfacet
  facet normal -0.39424564809367774 0.7045811547338251 -0.5900303088428134
    outer loop
      vertex 172.36971321526963 3 173.78504501565527
      vertex 173.1150497512438 4.990000000000009 175.66337362969014
      vertex 173.5751214179834 4.990000000000009 175.3559635700628
    endloop
  endfacet
  facet normal -0.4678872314291575 0.7045811547338248 0.5335231345119986
    outer loop
      vertex 173.5751214179834 4.990000000000009 168.6440364299372
      vertex 172.36971321526963 3 170.21495498434473
      vertex 173.9911320433028 4.990000000000009 169.0088679566972
    endloop
  endfacet
  facet normal -0.5335231345120018 0.7045811547338202 0.4678872314291606
    outer loop
      vertex 172.59099025766974 3 170.40900974233026
      vertex 174.3559635700628 4.990000000000009 169.4248785820166
      vertex 173.9911320433028 4.990000000000009 169.0088679566972
    endloop
  endfacet
  facet normal -0.5335231345120377 0.7045811547338268 0.46788723142910976
    outer loop
      vertex 172.59099025766974 3 170.40900974233026
      vertex 172.78504501565527 3 170.63028678473037
      vertex 174.3559635700628 4.990000000000009 169.4248785820166
    endloop
  endfacet
  facet normal -0.5900303088428162 0.7045811547338258 0.3942456480936725
    outer loop
      vertex 172.78504501565527 3 170.63028678473037
      vertex 172.94855715851497 3 170.875
      vertex 174.66337362969014 4.990000000000009 169.8849502487562
    endloop
  endfacet
  facet normal -0.636441901001979 0.7045811547338202 0.31385841241385215
    outer loop
      vertex 172.94855715851497 3 170.875
      vertex 173.0787289481504 3 171.13896227717854
      vertex 174.90810235083444 4.990000000000009 170.3812110031422
    endloop
  endfacet
  facet normal -0.5900303088428134 0.7045811547338251 0.39424564809367774
    outer loop
      vertex 172.78504501565527 3 170.63028678473037
      vertex 174.66337362969014 4.990000000000009 169.8849502487562
      vertex 174.3559635700628 4.990000000000009 169.4248785820166
    endloop
  endfacet
  facet normal -0.6364419010019952 0.7045811547338252 0.3138584124138081
    outer loop
      vertex 172.94855715851497 3 170.875
      vertex 174.90810235083444 4.990000000000009 170.3812110031422
      vertex 174.66337362969014 4.990000000000009 169.8849502487562
    endloop
  endfacet
  facet normal -0.6719637957800226 0.7045811547338217 0.22810097227951168
    outer loop
      vertex 173.0787289481504 3 171.13896227717854
      vertex 175.08596235722527 4.990000000000009 170.90516968607753
      vertex 174.90810235083444 4.990000000000009 170.3812110031422
    endloop
  endfacet
  facet normal -0.6719637957800242 0.7045811547338223 0.22810097227950518
    outer loop
      vertex 173.0787289481504 3 171.13896227717854
      vertex 173.1733331091504 3 171.41765714851934
      vertex 175.08596235722527 4.990000000000009 170.90516968607753
    endloop
  endfacet
  facet normal -0.6959882037086738 0.7045811547338219 0.1384406612680236
    outer loop
      vertex 173.1733331091504 3 171.41765714851934
      vertex 175.1939104148412 4.990000000000009 171.44786121922837
      vertex 175.08596235722527 4.990000000000009 170.90516968607753
    endloop
  endfacet
  facet normal -0.7081040605074912 0.7045811547338258 0.046411592159201216
    outer loop
      vertex 173.23075093809106 3 171.70631606750487
      vertex 175.23009950248758 4.990000000000009 172
      vertex 175.1939104148412 4.990000000000009 171.44786121922837
    endloop
  endfacet
  facet normal -0.6959882037086768 0.7045811547338254 0.1384406612679899
    outer loop
      vertex 173.1733331091504 3 171.41765714851934
      vertex 173.23075093809106 3 171.70631606750487
      vertex 175.1939104148412 4.990000000000009 171.44786121922837
    endloop
  endfacet
  facet normal -0.7081040605074921 0.7045811547338247 -0.04641159215920128
    outer loop
      vertex 173.25 3 172
      vertex 175.1939104148412 4.990000000000009 172.55213878077163
      vertex 175.23009950248758 4.990000000000009 172
    endloop
  endfacet
  facet normal -0.7081040605074916 0.7045811547338242 0.046411592159215094
    outer loop
      vertex 173.23075093809106 3 171.70631606750487
      vertex 173.25 3 172
      vertex 175.23009950248758 4.990000000000009 172
    endloop
  endfacet
  facet normal -0.7081040605074898 0.7045811547338262 -0.04641159215921497
    outer loop
      vertex 173.25 3 172
      vertex 173.23075093809106 3 172.29368393249513
      vertex 175.1939104148412 4.990000000000009 172.55213878077163
    endloop
  endfacet
  facet normal -0.6959882037086814 0.7045811547338209 -0.13844066126799082
    outer loop
      vertex 173.23075093809106 3 172.29368393249513
      vertex 173.1733331091504 3 172.58234285148066
      vertex 175.08596235722527 4.990000000000009 173.09483031392247
    endloop
  endfacet
  facet normal -0.671963795780025 0.7045811547338213 -0.22810097227950546
    outer loop
      vertex 173.0787289481504 3 172.86103772282146
      vertex 174.90810235083444 4.990000000000009 173.6187889968578
      vertex 173.1733331091504 3 172.58234285148066
    endloop
  endfacet
  facet normal -0.5335231345120441 0.7045811547338181 -0.4678872314291154
    outer loop
      vertex 172.59099025766974 3 173.59099025766974
      vertex 173.9911320433028 4.990000000000009 174.9911320433028
      vertex 172.78504501565527 3 173.36971321526963
    endloop
  endfacet
  facet normal -0.5900303088428167 0.7045811547338249 -0.39424564809367296
    outer loop
      vertex 172.94855715851497 3 173.125
      vertex 172.78504501565527 3 173.36971321526963
      vertex 174.3559635700628 4.990000000000009 174.5751214179834
    endloop
  endfacet
  facet normal -0.6364419010019732 0.7045811547338268 -0.3138584124138493
    outer loop
      vertex 173.0787289481504 3 172.86103772282146
      vertex 172.94855715851497 3 173.125
      vertex 174.66337362969014 4.990000000000009 174.1150497512438
    endloop
  endfacet
  facet normal -0.6959882037086713 0.7045811547338243 -0.1384406612680231
    outer loop
      vertex 173.23075093809106 3 172.29368393249513
      vertex 175.08596235722527 4.990000000000009 173.09483031392247
      vertex 175.1939104148412 4.990000000000009 172.55213878077163
    endloop
  endfacet
  facet normal -0.6719637957800222 0.7045811547338221 -0.2281009722795118
    outer loop
      vertex 173.1733331091504 3 172.58234285148066
      vertex 174.90810235083444 4.990000000000009 173.6187889968578
      vertex 175.08596235722527 4.990000000000009 173.09483031392247
    endloop
  endfacet
  facet normal -0.5900303088428129 0.7045811547338254 -0.39424564809367757
    outer loop
      vertex 172.94855715851497 3 173.125
      vertex 174.3559635700628 4.990000000000009 174.5751214179834
      vertex 174.66337362969014 4.990000000000009 174.1150497512438
    endloop
  endfacet
  facet normal -0.6364419010019982 0.7045811547338218 -0.31385841241380985
    outer loop
      vertex 173.0787289481504 3 172.86103772282146
      vertex 174.66337362969014 4.990000000000009 174.1150497512438
      vertex 174.90810235083444 4.990000000000009 173.6187889968578
    endloop
  endfacet
  facet normal -0.4678872314291606 0.7045811547338202 -0.5335231345120018
    outer loop
      vertex 172.59099025766974 3 173.59099025766974
      vertex 173.5751214179834 4.990000000000009 175.3559635700628
      vertex 173.9911320433028 4.990000000000009 174.9911320433028
    endloop
  endfacet
  facet normal -0.5335231345119986 0.704581154733825 -0.4678872314291574
    outer loop
      vertex 172.78504501565527 3 173.36971321526963
      vertex 173.9911320433028 4.990000000000009 174.9911320433028
      vertex 174.3559635700628 4.990000000000009 174.5751214179834
    endloop
  endfacet
  facet normal 0.7518398074789773 0 0.659345815100069
    outer loop
      vertex 15.636556628398207 4.990000000000009 16.651812140452037
      vertex 16.11091270347399 10 16.11091270347399
      vertex 15.636556628398207 10 16.651812140452037
    endloop
  endfacet
  facet normal 0.659345815100069 0 0.7518398074789773
    outer loop
      vertex 16.11091270347399 4.990000000000009 16.11091270347399
      vertex 16.651812140452037 10 15.636556628398207
      vertex 16.11091270347399 10 16.11091270347399
    endloop
  endfacet
  facet normal 0.8314696123025455 0 0.555570233019602
    outer loop
      vertex 15.236860279185588 4.990000000000009 17.25
      vertex 15.636556628398207 10 16.651812140452037
      vertex 15.236860279185588 10 17.25
    endloop
  endfacet
  facet normal 0.8968727415326883 0 0.44228869021900125
    outer loop
      vertex 14.918662571187923 4.990000000000009 17.895241121992008
      vertex 15.236860279185588 10 17.25
      vertex 14.918662571187923 10 17.895241121992008
    endloop
  endfacet
  facet normal 0.555570233019602 0 0.8314696123025455
    outer loop
      vertex 16.651812140452037 4.990000000000009 15.636556628398207
      vertex 17.25 10 15.236860279185588
      vertex 16.651812140452037 10 15.636556628398207
    endloop
  endfacet
  facet normal 0.44228869021900125 0 0.8968727415326883
    outer loop
      vertex 17.25 4.990000000000009 15.236860279185588
      vertex 17.895241121992008 10 14.918662571187923
      vertex 17.25 10 15.236860279185588
    endloop
  endfacet
  facet normal 0.7518398074789773 0 0.659345815100069
    outer loop
      vertex 16.11091270347399 4.990000000000009 16.11091270347399
      vertex 16.11091270347399 10 16.11091270347399
      vertex 15.636556628398207 4.990000000000009 16.651812140452037
    endloop
  endfacet
  facet normal 0.8314696123025455 0 0.555570233019602
    outer loop
      vertex 15.236860279185588 4.990000000000009 17.25
      vertex 15.636556628398207 4.990000000000009 16.651812140452037
      vertex 15.636556628398207 10 16.651812140452037
    endloop
  endfacet
  facet normal 0.8968727415326883 0 0.44228869021900125
    outer loop
      vertex 15.236860279185588 4.990000000000009 17.25
      vertex 15.236860279185588 10 17.25
      vertex 14.918662571187923 4.990000000000009 17.895241121992008
    endloop
  endfacet
  facet normal 0 1 0
    outer loop
      vertex 16.11091270347399 4.990000000000009 16.11091270347399
      vertex 15.636556628398207 4.990000000000009 16.651812140452037
      vertex 16.091897649165567 4.990000000000009 18.3812110031422
    endloop
  endfacet
  facet normal 0 1 0
    outer loop
      vertex 16.11091270347399 4.990000000000009 16.11091270347399
      vertex 16.336626370309858 4.990000000000009 17.88495024875622
      vertex 16.644036429937202 4.990000000000009 17.424878582016593
    endloop
  endfacet
  facet normal 0 1 0
    outer loop
      vertex 15.636556628398207 4.990000000000009 16.651812140452037
      vertex 15.914037642774726 4.990000000000009 18.90516968607752
      vertex 16.091897649165567 4.990000000000009 18.3812110031422
    endloop
  endfacet
  facet normal 0 1 0
    outer loop
      vertex 16.11091270347399 4.990000000000009 16.11091270347399
      vertex 16.091897649165567 4.990000000000009 18.3812110031422
      vertex 16.336626370309858 4.990000000000009 17.88495024875622
    endloop
  endfacet
  facet normal 0.555570233019602 0 0.8314696123025455
    outer loop
      vertex 16.651812140452037 4.990000000000009 15.636556628398207
      vertex 17.25 4.990000000000009 15.236860279185588
      vertex 17.25 10 15.236860279185588
    endloop
  endfacet
  facet normal 0.659345815100069 0 0.7518398074789773
    outer loop
      vertex 16.651812140452037 4.990000000000009 15.636556628398207
      vertex 16.651812140452037 10 15.636556628398207
      vertex 16.11091270347399 4.990000000000009 16.11091270347399
    endloop
  endfacet
  facet normal 0.44228869021900125 0 0.8968727415326883
    outer loop
      vertex 17.25 4.990000000000009 15.236860279185588
      vertex 17.895241121992008 4.990000000000009 14.918662571187923
      vertex 17.895241121992008 10 14.918662571187923
    endloop
  endfacet
  facet normal 0 1 0
    outer loop
      vertex 16.651812140452037 4.990000000000009 15.636556628398207
      vertex 16.11091270347399 4.990000000000009 16.11091270347399
      vertex 16.644036429937202 4.990000000000009 17.424878582016593
    endloop
  endfacet
  facet normal 0 1 0
    outer loop
      vertex 16.651812140452037 4.990000000000009 15.636556628398207
      vertex 17.424878582016593 4.990000000000009 16.644036429937202
      vertex 17.25 4.990000000000009 15.236860279185588
    endloop
  endfacet
  facet normal 0 1 0
    outer loop
      vertex 16.651812140452037 4.990000000000009 15.636556628398207
      vertex 17.008867956697205 4.990000000000009 17.008867956697205
      vertex 17.424878582016593 4.990000000000009 16.644036429937202
    endloop
  endfacet
  facet normal 0 1 0
    outer loop
      vertex 17.25 4.990000000000009 15.236860279185588
      vertex 17.88495024875622 4.990000000000009 16.336626370309858
      vertex 17.895241121992008 4.990000000000009 14.918662571187923
    endloop
  endfacet
  facet normal 0 1 0
    outer loop
      vertex 17.25 4.990000000000009 15.236860279185588
      vertex 17.424878582016593 4.990000000000009 16.644036429937202
      vertex 17.88495024875622 4.990000000000009 16.336626370309858
    endloop
  endfacet
  facet normal 0 1 0
    outer loop
      vertex 16.651812140452037 4.990000000000009 15.636556628398207
      vertex 16.644036429937202 4.990000000000009 17.424878582016593
      vertex 17.008867956697205 4.990000000000009 17.008867956697205
    endloop
  endfacet
  facet normal 0.9469301294951057 0 0.3214394653031617
    outer loop
      vertex 14.687407955410125 4.990000000000009 18.576495251936137
      vertex 14.918662571187923 10 17.895241121992008
      vertex 14.687407955410125 10 18.576495251936137
    endloop
  endfacet
  facet normal 0.98078528040323 0 0.19509032201613052
    outer loop
      vertex 14.547053262444042 4.990000000000009 19.282105942789716
      vertex 14.687407955410125 10 18.576495251936137
      vertex 14.547053262444042 10 19.282105942789716
    endloop
  endfacet
  facet normal 0.9978589232386036 0 0.06540312923014151
    outer loop
      vertex 14.5 4.990000000000009 20
      vertex 14.547053262444042 10 19.282105942789716
      vertex 14.5 10 20
    endloop
  endfacet
  facet normal 0.9978589232386036 0 -0.06540312923014151
    outer loop
      vertex 14.547053262444042 4.990000000000009 20.717894057210284
      vertex 14.5 10 20
      vertex 14.547053262444042 10 20.717894057210284
    endloop
  endfacet
  facet normal 0.98078528040323 0 -0.19509032201613052
    outer loop
      vertex 14.687407955410125 4.990000000000009 21.423504748063863
      vertex 14.547053262444042 10 20.717894057210284
      vertex 14.687407955410125 10 21.423504748063863
    endloop
  endfacet
  facet normal 0.9469301294951057 0 -0.3214394653031617
    outer loop
      vertex 14.918662571187923 4.990000000000009 22.104758878007992
      vertex 14.687407955410125 10 21.423504748063863
      vertex 14.918662571187923 10 22.104758878007992
    endloop
  endfacet
  facet normal 0.8968727415326883 0 -0.44228869021900125
    outer loop
      vertex 15.236860279185588 4.990000000000009 22.75
      vertex 14.918662571187923 10 22.104758878007992
      vertex 15.236860279185588 10 22.75
    endloop
  endfacet
  facet normal 0.8314696123025455 0 -0.555570233019602
    outer loop
      vertex 15.636556628398207 4.990000000000009 23.348187859547963
      vertex 15.236860279185588 10 22.75
      vertex 15.636556628398207 10 23.348187859547963
    endloop
  endfacet
  facet normal 0.7518398074789773 0 -0.659345815100069
    outer loop
      vertex 16.11091270347399 4.990000000000009 23.88908729652601
      vertex 15.636556628398207 10 23.348187859547963
      vertex 16.11091270347399 10 23.88908729652601
    endloop
  endfacet
  facet normal 0.9469301294951057 0 0.3214394653031617
    outer loop
      vertex 14.918662571187923 4.990000000000009 17.895241121992008
      vertex 14.918662571187923 10 17.895241121992008
      vertex 14.687407955410125 4.990000000000009 18.576495251936137
    endloop
  endfacet
  facet normal 0.98078528040323 0 0.19509032201613052
    outer loop
      vertex 14.687407955410125 4.990000000000009 18.576495251936137
      vertex 14.687407955410125 10 18.576495251936137
      vertex 14.547053262444042 4.990000000000009 19.282105942789716
    endloop
  endfacet
  facet normal 0 1 0
    outer loop
      vertex 14.918662571187923 4.990000000000009 17.895241121992008
      vertex 14.687407955410125 4.990000000000009 18.576495251936137
      vertex 14.687407955410125 4.990000000000009 21.423504748063863
    endloop
  endfacet
  facet normal 0.9978589232386036 0 0.06540312923014151
    outer loop
      vertex 14.547053262444042 4.990000000000009 19.282105942789716
      vertex 14.547053262444042 10 19.282105942789716
      vertex 14.5 4.990000000000009 20
    endloop
  endfacet
  facet normal 0.9978589232386036 0 -0.06540312923014151
    outer loop
      vertex 14.5 4.990000000000009 20
      vertex 14.5 10 20
      vertex 14.547053262444042 4.990000000000009 20.717894057210284
    endloop
  endfacet
  facet normal 0.98078528040323 0 -0.19509032201613052
    outer loop
      vertex 14.547053262444042 4.990000000000009 20.717894057210284
      vertex 14.547053262444042 10 20.717894057210284
      vertex 14.687407955410125 4.990000000000009 21.423504748063863
    endloop
  endfacet
  facet normal 0 1 0
    outer loop
      vertex 14.547053262444042 4.990000000000009 19.282105942789716
      vertex 14.5 4.990000000000009 20
      vertex 14.547053262444042 4.990000000000009 20.717894057210284
    endloop
  endfacet
  facet normal 0 1 0
    outer loop
      vertex 14.687407955410125 4.990000000000009 18.576495251936137
      vertex 14.547053262444042 4.990000000000009 19.282105942789716
      vertex 14.547053262444042 4.990000000000009 20.717894057210284
    endloop
  endfacet
  facet normal 0 1 0
    outer loop
      vertex 14.687407955410125 4.990000000000009 18.576495251936137
      vertex 14.547053262444042 4.990000000000009 20.717894057210284
      vertex 14.687407955410125 4.990000000000009 21.423504748063863
    endloop
  endfacet
  facet normal 0 1 0
    outer loop
      vertex 14.918662571187923 4.990000000000009 17.895241121992008
      vertex 14.687407955410125 4.990000000000009 21.423504748063863
      vertex 14.918662571187923 4.990000000000009 22.104758878007992
    endloop
  endfacet
  facet normal 0.9469301294951057 0 -0.3214394653031617
    outer loop
      vertex 14.687407955410125 4.990000000000009 21.423504748063863
      vertex 14.687407955410125 10 21.423504748063863
      vertex 14.918662571187923 4.990000000000009 22.104758878007992
    endloop
  endfacet
  facet normal 0 1 0
    outer loop
      vertex 15.236860279185588 4.990000000000009 17.25
      vertex 14.918662571187923 4.990000000000009 17.895241121992008
      vertex 14.918662571187923 4.990000000000009 22.104758878007992
    endloop
  endfacet
  facet normal 0 1 0
    outer loop
      vertex 15.236860279185588 4.990000000000009 17.25
      vertex 15.236860279185588 4.990000000000009 22.75
      vertex 15.636556628398207 4.990000000000009 16.651812140452037
    endloop
  endfacet
  facet normal 0 1 0
    outer loop
      vertex 15.636556628398207 4.990000000000009 16.651812140452037
      vertex 15.806089585158794 4.990000000000009 19.447861219228365
      vertex 15.914037642774726 4.990000000000009 18.90516968607752
    endloop
  endfacet
  facet normal 0 1 0
    outer loop
      vertex 15.636556628398207 4.990000000000009 16.651812140452037
      vertex 15.769900497512438 4.990000000000009 20
      vertex 15.806089585158794 4.990000000000009 19.447861219228365
    endloop
  endfacet
  facet normal 0 1 0
    outer loop
      vertex 15.236860279185588 4.990000000000009 17.25
      vertex 14.918662571187923 4.990000000000009 22.104758878007992
      vertex 15.236860279185588 4.990000000000009 22.75
    endloop
  endfacet
  facet normal 0 1 0
    outer loop
      vertex 15.636556628398207 4.990000000000009 16.651812140452037
      vertex 15.236860279185588 4.990000000000009 22.75
      vertex 15.636556628398207 4.990000000000009 23.348187859547963
    endloop
  endfacet
  facet normal 0 1 0
    outer loop
      vertex 15.636556628398207 4.990000000000009 16.651812140452037
      vertex 15.636556628398207 4.990000000000009 23.348187859547963
      vertex 15.769900497512438 4.990000000000009 20
    endloop
  endfacet
  facet normal 0.8968727415326883 0 -0.44228869021900125
    outer loop
      vertex 14.918662571187923 4.990000000000009 22.104758878007992
      vertex 14.918662571187923 10 22.104758878007992
      vertex 15.236860279185588 4.990000000000009 22.75
    endloop
  endfacet
  facet normal 0 1 0
    outer loop
      vertex 15.769900497512438 4.990000000000009 20
      vertex 15.636556628398207 4.990000000000009 23.348187859547963
      vertex 15.806089585158794 4.990000000000009 20.552138780771635
    endloop
  endfacet
  facet normal 0 1 0
    outer loop
      vertex 15.806089585158794 4.990000000000009 20.552138780771635
      vertex 15.636556628398207 4.990000000000009 23.348187859547963
      vertex 15.914037642774726 4.990000000000009 21.09483031392248
    endloop
  endfacet
  facet normal 0 1 0
    outer loop
      vertex 15.914037642774726 4.990000000000009 21.09483031392248
      vertex 15.636556628398207 4.990000000000009 23.348187859547963
      vertex 16.091897649165567 4.990000000000009 21.6187889968578
    endloop
  endfacet
  facet normal 0.8314696123025455 0 -0.555570233019602
    outer loop
      vertex 15.236860279185588 4.990000000000009 22.75
      vertex 15.236860279185588 10 22.75
      vertex 15.636556628398207 4.990000000000009 23.348187859547963
    endloop
  endfacet
  facet normal 0.7518398074789773 0 -0.659345815100069
    outer loop
      vertex 15.636556628398207 4.990000000000009 23.348187859547963
      vertex 15.636556628398207 10 23.348187859547963
      vertex 16.11091270347399 4.990000000000009 23.88908729652601
    endloop
  endfacet
  facet normal 0 1 0
    outer loop
      vertex 16.091897649165567 4.990000000000009 21.6187889968578
      vertex 15.636556628398207 4.990000000000009 23.348187859547963
      vertex 16.11091270347399 4.990000000000009 23.88908729652601
    endloop
  endfacet
  facet normal 0 1 0
    outer loop
      vertex 16.091897649165567 4.990000000000009 21.6187889968578
      vertex 16.11091270347399 4.990000000000009 23.88908729652601
      vertex 16.336626370309858 4.990000000000009 22.11504975124378
    endloop
  endfacet
  facet normal 0 1 0
    outer loop
      vertex 16.336626370309858 4.990000000000009 22.11504975124378
      vertex 16.11091270347399 4.990000000000009 23.88908729652601
      vertex 16.644036429937202 4.990000000000009 22.575121417983407
    endloop
  endfacet
  facet normal 0 1 0
    outer loop
      vertex 16.644036429937202 4.990000000000009 22.575121417983407
      vertex 16.11091270347399 4.990000000000009 23.88908729652601
      vertex 16.651812140452037 4.990000000000009 24.363443371601793
    endloop
  endfacet
  facet normal 0 1 0
    outer loop
      vertex 16.644036429937202 4.990000000000009 22.575121417983407
      vertex 16.651812140452037 4.990000000000009 24.363443371601793
      vertex 17.008867956697205 4.990000000000009 22.991132043302795
    endloop
  endfacet
  facet normal 0 1 0
    outer loop
      vertex 17.008867956697205 4.990000000000009 22.991132043302795
      vertex 17.25 4.990000000000009 24.76313972081441
      vertex 17.424878582016593 4.990000000000009 23.355963570062798
    endloop
  endfacet
  facet normal 0 1 0
    outer loop
      vertex 17.424878582016593 4.990000000000009 23.355963570062798
      vertex 17.25 4.990000000000009 24.76313972081441
      vertex 17.88495024875622 4.990000000000009 23.663373629690142
    endloop
  endfacet
  facet normal 0.3214394653031617 0 0.9469301294951057
    outer loop
      vertex 17.895241121992008 4.990000000000009 14.918662571187923
      vertex 18.576495251936137 10 14.687407955410125
      vertex 17.895241121992008 10 14.918662571187923
    endloop
  endfacet
  facet normal 0.19509032201613052 0 0.98078528040323
    outer loop
      vertex 18.576495251936137 4.990000000000009 14.687407955410125
      vertex 19.282105942789716 10 14.547053262444042
      vertex 18.576495251936137 10 14.687407955410125
    endloop
  endfacet
  facet normal 0.06540312923014151 0 0.9978589232386036
    outer loop
      vertex 19.282105942789716 4.990000000000009 14.547053262444042
      vertex 20 10 14.5
      vertex 19.282105942789716 10 14.547053262444042
    endloop
  endfacet
  facet normal -0.06540312923014151 0 0.9978589232386036
    outer loop
      vertex 20 4.990000000000009 14.5
      vertex 20.717894057210284 10 14.547053262444042
      vertex 20 10 14.5
    endloop
  endfacet
  facet normal -0.19509032201613052 0 0.98078528040323
    outer loop
      vertex 20.717894057210284 4.990000000000009 14.547053262444042
      vertex 21.423504748063863 10 14.687407955410125
      vertex 20.717894057210284 10 14.547053262444042
    endloop
  endfacet
  facet normal -0.3214394653031617 0 0.9469301294951057
    outer loop
      vertex 21.423504748063863 4.990000000000009 14.687407955410125
      vertex 22.104758878007992 10 14.918662571187923
      vertex 21.423504748063863 10 14.687407955410125
    endloop
  endfacet
  facet normal -0.44228869021900125 0 0.8968727415326883
    outer loop
      vertex 22.104758878007992 4.990000000000009 14.918662571187923
      vertex 22.75 10 15.236860279185588
      vertex 22.104758878007992 10 14.918662571187923
    endloop
  endfacet
  facet normal -0.555570233019602 0 0.8314696123025455
    outer loop
      vertex 22.75 4.990000000000009 15.236860279185588
      vertex 23.348187859547963 10 15.636556628398207
      vertex 22.75 10 15.236860279185588
    endloop
  endfacet
  facet normal -0.659345815100069 0 0.7518398074789773
    outer loop
      vertex 23.348187859547963 4.990000000000009 15.636556628398207
      vertex 23.88908729652601 10 16.11091270347399
      vertex 23.348187859547963 10 15.636556628398207
    endloop
  endfacet
  facet normal 0.3214394653031617 0 0.9469301294951057
    outer loop
      vertex 17.895241121992008 4.990000000000009 14.918662571187923
      vertex 18.576495251936137 4.990000000000009 14.687407955410125
      vertex 18.576495251936137 10 14.687407955410125
    endloop
  endfacet
  facet normal 0.19509032201613052 0 0.98078528040323
    outer loop
      vertex 18.576495251936137 4.990000000000009 14.687407955410125
      vertex 19.282105942789716 4.990000000000009 14.547053262444042
      vertex 19.282105942789716 10 14.547053262444042
    endloop
  endfacet
  facet normal 0.06540312923014151 0 0.9978589232386036
    outer loop
      vertex 19.282105942789716 4.990000000000009 14.547053262444042
      vertex 20 4.990000000000009 14.5
      vertex 20 10 14.5
    endloop
  endfacet
  facet normal -0.06540312923014151 0 0.9978589232386036
    outer loop
      vertex 20 4.990000000000009 14.5
      vertex 20.717894057210284 4.990000000000009 14.547053262444042
      vertex 20.717894057210284 10 14.547053262444042
    endloop
  endfacet
  facet normal 0 1 0
    outer loop
      vertex 19.282105942789716 4.990000000000009 14.547053262444042
      vertex 20 4.990000000000009 15.769900497512438
      vertex 20 4.990000000000009 14.5
    endloop
  endfacet
  facet normal 0 1 0
    outer loop
      vertex 20 4.990000000000009 14.5
      vertex 20.552138780771635 4.990000000000009 15.806089585158794
      vertex 20.717894057210284 4.990000000000009 14.547053262444042
    endloop
  endfacet
  facet normal 0 1 0
    outer loop
      vertex 17.895241121992008 4.990000000000009 14.918662571187923
      vertex 18.90516968607752 4.990000000000009 15.914037642774726
      vertex 18.576495251936137 4.990000000000009 14.687407955410125
    endloop
  endfacet
  facet normal 0 1 0
    outer loop
      vertex 17.895241121992008 4.990000000000009 14.918662571187923
      vertex 18.3812110031422 4.990000000000009 16.091897649165567
      vertex 18.90516968607752 4.990000000000009 15.914037642774726
    endloop
  endfacet
  facet normal 0 1 0
    outer loop
      vertex 17.895241121992008 4.990000000000009 14.918662571187923
      vertex 17.88495024875622 4.990000000000009 16.336626370309858
      vertex 18.3812110031422 4.990000000000009 16.091897649165567
    endloop
  endfacet
  facet normal 0 1 0
    outer loop
      vertex 18.576495251936137 4.990000000000009 14.687407955410125
      vertex 18.90516968607752 4.990000000000009 15.914037642774726
      vertex 19.447861219228365 4.990000000000009 15.806089585158794
    endloop
  endfacet
  facet normal 0 1 0
    outer loop
      vertex 18.576495251936137 4.990000000000009 14.687407955410125
      vertex 19.447861219228365 4.990000000000009 15.806089585158794
      vertex 19.282105942789716 4.990000000000009 14.547053262444042
    endloop
  endfacet
  facet normal 0 1 0
    outer loop
      vertex 19.282105942789716 4.990000000000009 14.547053262444042
      vertex 19.447861219228365 4.990000000000009 15.806089585158794
      vertex 20 4.990000000000009 15.769900497512438
    endloop
  endfacet
  facet normal 0 1 0
    outer loop
      vertex 20 4.990000000000009 14.5
      vertex 20 4.990000000000009 15.769900497512438
      vertex 20.552138780771635 4.990000000000009 15.806089585158794
    endloop
  endfacet
  facet normal 0 1 0
    outer loop
      vertex 20.717894057210284 4.990000000000009 14.547053262444042
      vertex 20.552138780771635 4.990000000000009 15.806089585158794
      vertex 21.09483031392248 4.990000000000009 15.914037642774726
    endloop
  endfacet
  facet normal -0.19509032201613052 0 0.98078528040323
    outer loop
      vertex 20.717894057210284 4.990000000000009 14.547053262444042
      vertex 21.423504748063863 4.990000000000009 14.687407955410125
      vertex 21.423504748063863 10 14.687407955410125
    endloop
  endfacet
  facet normal -0.3214394653031617 0 0.9469301294951057
    outer loop
      vertex 21.423504748063863 4.990000000000009 14.687407955410125
      vertex 22.104758878007992 4.990000000000009 14.918662571187923
      vertex 22.104758878007992 10 14.918662571187923
    endloop
  endfacet
  facet normal 0 1 0
    outer loop
      vertex 20.717894057210284 4.990000000000009 14.547053262444042
      vertex 21.09483031392248 4.990000000000009 15.914037642774726
      vertex 21.423504748063863 4.990000000000009 14.687407955410125
    endloop
  endfacet
  facet normal 0 1 0
    outer loop
      vertex 21.423504748063863 4.990000000000009 14.687407955410125
      vertex 21.09483031392248 4.990000000000009 15.914037642774726
      vertex 21.6187889968578 4.990000000000009 16.091897649165567
    endloop
  endfacet
  facet normal 0 1 0
    outer loop
      vertex 21.423504748063863 4.990000000000009 14.687407955410125
      vertex 21.6187889968578 4.990000000000009 16.091897649165567
      vertex 22.104758878007992 4.990000000000009 14.918662571187923
    endloop
  endfacet
  facet normal 0 1 0
    outer loop
      vertex 22.104758878007992 4.990000000000009 14.918662571187923
      vertex 22.11504975124378 4.990000000000009 16.336626370309858
      vertex 22.75 4.990000000000009 15.236860279185588
    endloop
  endfacet
  facet normal 0 1 0
    outer loop
      vertex 22.104758878007992 4.990000000000009 14.918662571187923
      vertex 21.6187889968578 4.990000000000009 16.091897649165567
      vertex 22.11504975124378 4.990000000000009 16.336626370309858
    endloop
  endfacet
  facet normal -0.44228869021900125 0 0.8968727415326883
    outer loop
      vertex 22.104758878007992 4.990000000000009 14.918662571187923
      vertex 22.75 4.990000000000009 15.236860279185588
      vertex 22.75 10 15.236860279185588
    endloop
  endfacet
  facet normal -0.555570233019602 0 0.8314696123025455
    outer loop
      vertex 22.75 4.990000000000009 15.236860279185588
      vertex 23.348187859547963 4.990000000000009 15.636556628398207
      vertex 23.348187859547963 10 15.636556628398207
    endloop
  endfacet
  facet normal -0.659345815100069 0 0.7518398074789773
    outer loop
      vertex 23.348187859547963 4.990000000000009 15.636556628398207
      vertex 23.88908729652601 4.990000000000009 16.11091270347399
      vertex 23.88908729652601 10 16.11091270347399
    endloop
  endfacet
  facet normal 0 1 0
    outer loop
      vertex 22.75 4.990000000000009 15.236860279185588
      vertex 22.11504975124378 4.990000000000009 16.336626370309858
      vertex 22.575121417983407 4.990000000000009 16.644036429937202
    endloop
  endfacet
  facet normal 0 1 0
    outer loop
      vertex 22.75 4.990000000000009 15.236860279185588
      vertex 22.991132043302795 4.990000000000009 17.008867956697205
      vertex 23.348187859547963 4.990000000000009 15.636556628398207
    endloop
  endfacet
  facet normal 0 1 0
    outer loop
      vertex 22.75 4.990000000000009 15.236860279185588
      vertex 22.575121417983407 4.990000000000009 16.644036429937202
      vertex 22.991132043302795 4.990000000000009 17.008867956697205
    endloop
  endfacet
  facet normal 0 1 0
    outer loop
      vertex 23.348187859547963 4.990000000000009 15.636556628398207
      vertex 23.355963570062798 4.990000000000009 17.424878582016593
      vertex 23.88908729652601 4.990000000000009 16.11091270347399
    endloop
  endfacet
  facet normal 0 1 0
    outer loop
      vertex 22.991132043302795 4.990000000000009 17.008867956697205
      vertex 23.355963570062798 4.990000000000009 17.424878582016593
      vertex 23.348187859547963 4.990000000000009 15.636556628398207
    endloop
  endfacet
  facet normal 0 1 0
    outer loop
      vertex 23.88908729652601 4.990000000000009 16.11091270347399
      vertex 23.355963570062798 4.990000000000009 17.424878582016593
      vertex 23.663373629690142 4.990000000000009 17.88495024875622
    endloop
  endfacet
  facet normal 0 1 0
    outer loop
      vertex 23.88908729652601 4.990000000000009 16.11091270347399
      vertex 23.663373629690142 4.990000000000009 17.88495024875622
      vertex 23.908102350834433 4.990000000000009 18.3812110031422
    endloop
  endfacet
  facet normal 0 1 0
    outer loop
      vertex 22.11504975124378 4.990000000000009 23.663373629690142
      vertex 22.75 4.990000000000009 24.76313972081441
      vertex 22.575121417983407 4.990000000000009 23.355963570062798
    endloop
  endfacet
  facet normal 0 1 0
    outer loop
      vertex 22.575121417983407 4.990000000000009 23.355963570062798
      vertex 23.348187859547963 4.990000000000009 24.363443371601793
      vertex 22.991132043302795 4.990000000000009 22.991132043302795
    endloop
  endfacet
  facet normal 0 1 0
    outer loop
      vertex 23.355963570062798 4.990000000000009 22.575121417983407
      vertex 23.88908729652601 4.990000000000009 23.88908729652601
      vertex 23.663373629690142 4.990000000000009 22.11504975124378
    endloop
  endfacet
  facet normal 0 1 0
    outer loop
      vertex 23.663373629690142 4.990000000000009 22.11504975124378
      vertex 23.88908729652601 4.990000000000009 23.88908729652601
      vertex 23.908102350834433 4.990000000000009 21.6187889968578
    endloop
  endfacet
  facet normal 0 1 0
    outer loop
      vertex 22.991132043302795 4.990000000000009 22.991132043302795
      vertex 23.348187859547963 4.990000000000009 24.363443371601793
      vertex 23.355963570062798 4.990000000000009 22.575121417983407
    endloop
  endfacet
  facet normal 0 1 0
    outer loop
      vertex 23.355963570062798 4.990000000000009 22.575121417983407
      vertex 23.348187859547963 4.990000000000009 24.363443371601793
      vertex 23.88908729652601 4.990000000000009 23.88908729652601
    endloop
  endfacet
  facet normal 0.659345815100069 0 -0.7518398074789773
    outer loop
      vertex 16.651812140452037 4.990000000000009 24.363443371601793
      vertex 16.11091270347399 10 23.88908729652601
      vertex 16.651812140452037 10 24.363443371601793
    endloop
  endfacet
  facet normal 0.555570233019602 0 -0.8314696123025455
    outer loop
      vertex 17.25 4.990000000000009 24.76313972081441
      vertex 16.651812140452037 10 24.363443371601793
      vertex 17.25 10 24.76313972081441
    endloop
  endfacet
  facet normal 0.44228869021900125 0 -0.8968727415326883
    outer loop
      vertex 17.895241121992008 4.990000000000009 25.081337428812077
      vertex 17.25 10 24.76313972081441
      vertex 17.895241121992008 10 25.081337428812077
    endloop
  endfacet
  facet normal 0.659345815100069 0 -0.7518398074789773
    outer loop
      vertex 16.11091270347399 4.990000000000009 23.88908729652601
      vertex 16.11091270347399 10 23.88908729652601
      vertex 16.651812140452037 4.990000000000009 24.363443371601793
    endloop
  endfacet
  facet normal 0.555570233019602 0 -0.8314696123025455
    outer loop
      vertex 16.651812140452037 4.990000000000009 24.363443371601793
      vertex 16.651812140452037 10 24.363443371601793
      vertex 17.25 4.990000000000009 24.76313972081441
    endloop
  endfacet
  facet normal 0.44228869021900125 0 -0.8968727415326883
    outer loop
      vertex 17.25 4.990000000000009 24.76313972081441
      vertex 17.25 10 24.76313972081441
      vertex 17.895241121992008 4.990000000000009 25.081337428812077
    endloop
  endfacet
  facet normal 0 1 0
    outer loop
      vertex 17.008867956697205 4.990000000000009 22.991132043302795
      vertex 16.651812140452037 4.990000000000009 24.363443371601793
      vertex 17.25 4.990000000000009 24.76313972081441
    endloop
  endfacet
  facet normal 0 1 0
    outer loop
      vertex 17.88495024875622 4.990000000000009 23.663373629690142
      vertex 17.25 4.990000000000009 24.76313972081441
      vertex 17.895241121992008 4.990000000000009 25.081337428812077
    endloop
  endfacet
  facet normal 0.32143946530316386 0 -0.9469301294951048
    outer loop
      vertex 18.576495251936137 4.990000000000009 25.312592044589877
      vertex 17.895241121992008 10 25.081337428812077
      vertex 18.576495251936137 10 25.312592044589877
    endloop
  endfacet
  facet normal 0.19509032201612814 0 -0.9807852804032305
    outer loop
      vertex 19.282105942789716 4.990000000000009 25.45294673755596
      vertex 18.576495251936137 10 25.312592044589877
      vertex 19.282105942789716 10 25.45294673755596
    endloop
  endfacet
  facet normal 0.06540312923014151 0 -0.9978589232386036
    outer loop
      vertex 20 4.990000000000009 25.5
      vertex 19.282105942789716 10 25.45294673755596
      vertex 20 10 25.5
    endloop
  endfacet
  facet normal -0.06540312923014151 0 -0.9978589232386036
    outer loop
      vertex 20.717894057210284 4.990000000000009 25.45294673755596
      vertex 20 10 25.5
      vertex 20.717894057210284 10 25.45294673755596
    endloop
  endfacet
  facet normal -0.19509032201612814 0 -0.9807852804032305
    outer loop
      vertex 21.423504748063863 4.990000000000009 25.312592044589877
      vertex 20.717894057210284 10 25.45294673755596
      vertex 21.423504748063863 10 25.312592044589877
    endloop
  endfacet
  facet normal -0.32143946530316386 0 -0.9469301294951048
    outer loop
      vertex 22.104758878007992 4.990000000000009 25.081337428812077
      vertex 21.423504748063863 10 25.312592044589877
      vertex 22.104758878007992 10 25.081337428812077
    endloop
  endfacet
  facet normal -0.44228869021900125 0 -0.8968727415326883
    outer loop
      vertex 22.75 4.990000000000009 24.76313972081441
      vertex 22.104758878007992 10 25.081337428812077
      vertex 22.75 10 24.76313972081441
    endloop
  endfacet
  facet normal -0.555570233019602 0 -0.8314696123025455
    outer loop
      vertex 23.348187859547963 4.990000000000009 24.363443371601793
      vertex 22.75 10 24.76313972081441
      vertex 23.348187859547963 10 24.363443371601793
    endloop
  endfacet
  facet normal -0.659345815100069 0 -0.7518398074789773
    outer loop
      vertex 23.88908729652601 4.990000000000009 23.88908729652601
      vertex 23.348187859547963 10 24.363443371601793
      vertex 23.88908729652601 10 23.88908729652601
    endloop
  endfacet
  facet normal 0.32143946530316386 0 -0.9469301294951048
    outer loop
      vertex 17.895241121992008 4.990000000000009 25.081337428812077
      vertex 17.895241121992008 10 25.081337428812077
      vertex 18.576495251936137 4.990000000000009 25.312592044589877
    endloop
  endfacet
  facet normal 0.19509032201612814 0 -0.9807852804032305
    outer loop
      vertex 18.576495251936137 4.990000000000009 25.312592044589877
      vertex 18.576495251936137 10 25.312592044589877
      vertex 19.282105942789716 4.990000000000009 25.45294673755596
    endloop
  endfacet
  facet normal 0 1 0
    outer loop
      vertex 17.88495024875622 4.990000000000009 23.663373629690142
      vertex 17.895241121992008 4.990000000000009 25.081337428812077
      vertex 18.3812110031422 4.990000000000009 23.908102350834433
    endloop
  endfacet
  facet normal 0 1 0
    outer loop
      vertex 18.3812110031422 4.990000000000009 23.908102350834433
      vertex 18.576495251936137 4.990000000000009 25.312592044589877
      vertex 18.90516968607752 4.990000000000009 24.085962357225274
    endloop
  endfacet
  facet normal 0 1 0
    outer loop
      vertex 18.3812110031422 4.990000000000009 23.908102350834433
      vertex 17.895241121992008 4.990000000000009 25.081337428812077
      vertex 18.576495251936137 4.990000000000009 25.312592044589877
    endloop
  endfacet
  facet normal 0 1 0
    outer loop
      vertex 18.90516968607752 4.990000000000009 24.085962357225274
      vertex 19.282105942789716 4.990000000000009 25.45294673755596
      vertex 19.447861219228365 4.990000000000009 24.193910414841206
    endloop
  endfacet
  facet normal 0 1 0
    outer loop
      vertex 18.90516968607752 4.990000000000009 24.085962357225274
      vertex 18.576495251936137 4.990000000000009 25.312592044589877
      vertex 19.282105942789716 4.990000000000009 25.45294673755596
    endloop
  endfacet
  facet normal 0.06540312923014151 0 -0.9978589232386036
    outer loop
      vertex 19.282105942789716 4.990000000000009 25.45294673755596
      vertex 19.282105942789716 10 25.45294673755596
      vertex 20 4.990000000000009 25.5
    endloop
  endfacet
  facet normal -0.06540312923014151 0 -0.9978589232386036
    outer loop
      vertex 20 4.990000000000009 25.5
      vertex 20 10 25.5
      vertex 20.717894057210284 4.990000000000009 25.45294673755596
    endloop
  endfacet
  facet normal 0 1 0
    outer loop
      vertex 19.447861219228365 4.990000000000009 24.193910414841206
      vertex 20 4.990000000000009 25.5
      vertex 20 4.990000000000009 24.230099502487562
    endloop
  endfacet
  facet normal 0 1 0
    outer loop
      vertex 19.282105942789716 4.990000000000009 25.45294673755596
      vertex 20 4.990000000000009 25.5
      vertex 19.447861219228365 4.990000000000009 24.193910414841206
    endloop
  endfacet
  facet normal 0 1 0
    outer loop
      vertex 20 4.990000000000009 24.230099502487562
      vertex 20.717894057210284 4.990000000000009 25.45294673755596
      vertex 20.552138780771635 4.990000000000009 24.193910414841206
    endloop
  endfacet
  facet normal 0 1 0
    outer loop
      vertex 20 4.990000000000009 24.230099502487562
      vertex 20 4.990000000000009 25.5
      vertex 20.717894057210284 4.990000000000009 25.45294673755596
    endloop
  endfacet
  facet normal -0.19509032201612814 0 -0.9807852804032305
    outer loop
      vertex 20.717894057210284 4.990000000000009 25.45294673755596
      vertex 20.717894057210284 10 25.45294673755596
      vertex 21.423504748063863 4.990000000000009 25.312592044589877
    endloop
  endfacet
  facet normal -0.32143946530316386 0 -0.9469301294951048
    outer loop
      vertex 21.423504748063863 4.990000000000009 25.312592044589877
      vertex 21.423504748063863 10 25.312592044589877
      vertex 22.104758878007992 4.990000000000009 25.081337428812077
    endloop
  endfacet
  facet normal -0.44228869021900125 0 -0.8968727415326883
    outer loop
      vertex 22.104758878007992 4.990000000000009 25.081337428812077
      vertex 22.104758878007992 10 25.081337428812077
      vertex 22.75 4.990000000000009 24.76313972081441
    endloop
  endfacet
  facet normal 0 1 0
    outer loop
      vertex 21.09483031392248 4.990000000000009 24.085962357225274
      vertex 20.552138780771635 4.990000000000009 24.193910414841206
      vertex 21.423504748063863 4.990000000000009 25.312592044589877
    endloop
  endfacet
  facet normal 0 1 0
    outer loop
      vertex 21.09483031392248 4.990000000000009 24.085962357225274
      vertex 22.104758878007992 4.990000000000009 25.081337428812077
      vertex 21.6187889968578 4.990000000000009 23.908102350834433
    endloop
  endfacet
  facet normal 0 1 0
    outer loop
      vertex 20.552138780771635 4.990000000000009 24.193910414841206
      vertex 20.717894057210284 4.990000000000009 25.45294673755596
      vertex 21.423504748063863 4.990000000000009 25.312592044589877
    endloop
  endfacet
  facet normal 0 1 0
    outer loop
      vertex 21.09483031392248 4.990000000000009 24.085962357225274
      vertex 21.423504748063863 4.990000000000009 25.312592044589877
      vertex 22.104758878007992 4.990000000000009 25.081337428812077
    endloop
  endfacet
  facet normal 0 1 0
    outer loop
      vertex 21.6187889968578 4.990000000000009 23.908102350834433
      vertex 22.104758878007992 4.990000000000009 25.081337428812077
      vertex 22.11504975124378 4.990000000000009 23.663373629690142
    endloop
  endfacet
  facet normal 0 1 0
    outer loop
      vertex 22.11504975124378 4.990000000000009 23.663373629690142
      vertex 22.104758878007992 4.990000000000009 25.081337428812077
      vertex 22.75 4.990000000000009 24.76313972081441
    endloop
  endfacet
  facet normal -0.555570233019602 0 -0.8314696123025455
    outer loop
      vertex 22.75 4.990000000000009 24.76313972081441
      vertex 22.75 10 24.76313972081441
      vertex 23.348187859547963 4.990000000000009 24.363443371601793
    endloop
  endfacet
  facet normal -0.659345815100069 0 -0.7518398074789773
    outer loop
      vertex 23.88908729652601 4.990000000000009 23.88908729652601
      vertex 23.348187859547963 4.990000000000009 24.363443371601793
      vertex 23.348187859547963 10 24.363443371601793
    endloop
  endfacet
  facet normal 0 1 0
    outer loop
      vertex 22.575121417983407 4.990000000000009 23.355963570062798
      vertex 22.75 4.990000000000009 24.76313972081441
      vertex 23.348187859547963 4.990000000000009 24.363443371601793
    endloop
  endfacet
  facet normal -0.7518398074789773 0 0.659345815100069
    outer loop
      vertex 23.88908729652601 4.990000000000009 16.11091270347399
      vertex 24.363443371601793 10 16.651812140452037
      vertex 23.88908729652601 10 16.11091270347399
    endloop
  endfacet
  facet normal -0.8314696123025455 0 0.555570233019602
    outer loop
      vertex 24.363443371601793 4.990000000000009 16.651812140452037
      vertex 24.76313972081441 10 17.25
      vertex 24.363443371601793 10 16.651812140452037
    endloop
  endfacet
  facet normal -0.8968727415326883 0 0.44228869021900125
    outer loop
      vertex 24.76313972081441 4.990000000000009 17.25
      vertex 25.081337428812077 10 17.895241121992008
      vertex 24.76313972081441 10 17.25
    endloop
  endfacet
  facet normal -0.7518398074789773 0 0.659345815100069
    outer loop
      vertex 23.88908729652601 4.990000000000009 16.11091270347399
      vertex 24.363443371601793 4.990000000000009 16.651812140452037
      vertex 24.363443371601793 10 16.651812140452037
    endloop
  endfacet
  facet normal -0.8314696123025455 0 0.555570233019602
    outer loop
      vertex 24.363443371601793 4.990000000000009 16.651812140452037
      vertex 24.76313972081441 4.990000000000009 17.25
      vertex 24.76313972081441 10 17.25
    endloop
  endfacet
  facet normal -0.8968727415326883 0 0.44228869021900125
    outer loop
      vertex 24.76313972081441 4.990000000000009 17.25
      vertex 25.081337428812077 4.990000000000009 17.895241121992008
      vertex 25.081337428812077 10 17.895241121992008
    endloop
  endfacet
  facet normal 0 1 0
    outer loop
      vertex 23.88908729652601 4.990000000000009 16.11091270347399
      vertex 23.908102350834433 4.990000000000009 18.3812110031422
      vertex 24.363443371601793 4.990000000000009 16.651812140452037
    endloop
  endfacet
  facet normal 0 1 0
    outer loop
      vertex 24.363443371601793 4.990000000000009 16.651812140452037
      vertex 23.908102350834433 4.990000000000009 18.3812110031422
      vertex 24.085962357225274 4.990000000000009 18.90516968607752
    endloop
  endfacet
  facet normal -0.9469301294951048 0 0.32143946530316386
    outer loop
      vertex 25.081337428812077 4.990000000000009 17.895241121992008
      vertex 25.312592044589877 10 18.576495251936137
      vertex 25.081337428812077 10 17.895241121992008
    endloop
  endfacet
  facet normal -0.9807852804032305 0 0.19509032201612814
    outer loop
      vertex 25.312592044589877 4.990000000000009 18.576495251936137
      vertex 25.45294673755596 10 19.282105942789716
      vertex 25.312592044589877 10 18.576495251936137
    endloop
  endfacet
  facet normal -0.9978589232386036 0 0.06540312923014151
    outer loop
      vertex 25.45294673755596 4.990000000000009 19.282105942789716
      vertex 25.5 10 20
      vertex 25.45294673755596 10 19.282105942789716
    endloop
  endfacet
  facet normal -0.9978589232386036 0 -0.06540312923014151
    outer loop
      vertex 25.5 4.990000000000009 20
      vertex 25.45294673755596 10 20.717894057210284
      vertex 25.5 10 20
    endloop
  endfacet
  facet normal -0.9807852804032305 0 -0.19509032201612814
    outer loop
      vertex 25.45294673755596 4.990000000000009 20.717894057210284
      vertex 25.312592044589877 10 21.423504748063863
      vertex 25.45294673755596 10 20.717894057210284
    endloop
  endfacet
  facet normal -0.9469301294951048 0 -0.32143946530316386
    outer loop
      vertex 25.312592044589877 4.990000000000009 21.423504748063863
      vertex 25.081337428812077 10 22.104758878007992
      vertex 25.312592044589877 10 21.423504748063863
    endloop
  endfacet
  facet normal -0.8968727415326883 0 -0.44228869021900125
    outer loop
      vertex 25.081337428812077 4.990000000000009 22.104758878007992
      vertex 24.76313972081441 10 22.75
      vertex 25.081337428812077 10 22.104758878007992
    endloop
  endfacet
  facet normal -0.7518398074789773 0 -0.659345815100069
    outer loop
      vertex 24.363443371601793 4.990000000000009 23.348187859547963
      vertex 23.88908729652601 10 23.88908729652601
      vertex 24.363443371601793 10 23.348187859547963
    endloop
  endfacet
  facet normal -0.8314696123025455 0 -0.555570233019602
    outer loop
      vertex 24.76313972081441 4.990000000000009 22.75
      vertex 24.363443371601793 10 23.348187859547963
      vertex 24.76313972081441 10 22.75
    endloop
  endfacet
  facet normal -0.9469301294951048 0 0.32143946530316386
    outer loop
      vertex 25.081337428812077 4.990000000000009 17.895241121992008
      vertex 25.312592044589877 4.990000000000009 18.576495251936137
      vertex 25.312592044589877 10 18.576495251936137
    endloop
  endfacet
  facet normal 0 1 0
    outer loop
      vertex 24.363443371601793 4.990000000000009 16.651812140452037
      vertex 24.085962357225274 4.990000000000009 18.90516968607752
      vertex 24.193910414841206 4.990000000000009 19.447861219228365
    endloop
  endfacet
  facet normal 0 1 0
    outer loop
      vertex 24.363443371601793 4.990000000000009 16.651812140452037
      vertex 24.193910414841206 4.990000000000009 19.447861219228365
      vertex 24.230099502487562 4.990000000000009 20
    endloop
  endfacet
  facet normal 0 1 0
    outer loop
      vertex 24.363443371601793 4.990000000000009 16.651812140452037
      vertex 24.363443371601793 4.990000000000009 23.348187859547963
      vertex 24.76313972081441 4.990000000000009 17.25
    endloop
  endfacet
  facet normal 0 1 0
    outer loop
      vertex 24.76313972081441 4.990000000000009 17.25
      vertex 24.76313972081441 4.990000000000009 22.75
      vertex 25.081337428812077 4.990000000000009 17.895241121992008
    endloop
  endfacet
  facet normal 0 1 0
    outer loop
      vertex 24.363443371601793 4.990000000000009 16.651812140452037
      vertex 24.230099502487562 4.990000000000009 20
      vertex 24.363443371601793 4.990000000000009 23.348187859547963
    endloop
  endfacet
  facet normal 0 1 0
    outer loop
      vertex 25.081337428812077 4.990000000000009 17.895241121992008
      vertex 25.081337428812077 4.990000000000009 22.104758878007992
      vertex 25.312592044589877 4.990000000000009 18.576495251936137
    endloop
  endfacet
  facet normal 0 1 0
    outer loop
      vertex 25.312592044589877 4.990000000000009 18.576495251936137
      vertex 25.312592044589877 4.990000000000009 21.423504748063863
      vertex 25.45294673755596 4.990000000000009 19.282105942789716
    endloop
  endfacet
  facet normal 0 1 0
    outer loop
      vertex 25.081337428812077 4.990000000000009 17.895241121992008
      vertex 24.76313972081441 4.990000000000009 22.75
      vertex 25.081337428812077 4.990000000000009 22.104758878007992
    endloop
  endfacet
  facet normal 0 1 0
    outer loop
      vertex 25.312592044589877 4.990000000000009 18.576495251936137
      vertex 25.081337428812077 4.990000000000009 22.104758878007992
      vertex 25.312592044589877 4.990000000000009 21.423504748063863
    endloop
  endfacet
  facet normal -0.9807852804032305 0 0.19509032201612814
    outer loop
      vertex 25.312592044589877 4.990000000000009 18.576495251936137
      vertex 25.45294673755596 4.990000000000009 19.282105942789716
      vertex 25.45294673755596 10 19.282105942789716
    endloop
  endfacet
  facet normal -0.9978589232386036 0 0.06540312923014151
    outer loop
      vertex 25.45294673755596 4.990000000000009 19.282105942789716
      vertex 25.5 4.990000000000009 20
      vertex 25.5 10 20
    endloop
  endfacet
  facet normal -0.9978589232386036 0 -0.06540312923014151
    outer loop
      vertex 25.5 4.990000000000009 20
      vertex 25.45294673755596 4.990000000000009 20.717894057210284
      vertex 25.45294673755596 10 20.717894057210284
    endloop
  endfacet
  facet normal 0 1 0
    outer loop
      vertex 25.45294673755596 4.990000000000009 19.282105942789716
      vertex 25.45294673755596 4.990000000000009 20.717894057210284
      vertex 25.5 4.990000000000009 20
    endloop
  endfacet
  facet normal 0 1 0
    outer loop
      vertex 25.45294673755596 4.990000000000009 19.282105942789716
      vertex 25.312592044589877 4.990000000000009 21.423504748063863
      vertex 25.45294673755596 4.990000000000009 20.717894057210284
    endloop
  endfacet
  facet normal -0.9807852804032305 0 -0.19509032201612814
    outer loop
      vertex 25.45294673755596 4.990000000000009 20.717894057210284
      vertex 25.312592044589877 4.990000000000009 21.423504748063863
      vertex 25.312592044589877 10 21.423504748063863
    endloop
  endfacet
  facet normal -0.9469301294951048 0 -0.32143946530316386
    outer loop
      vertex 25.312592044589877 4.990000000000009 21.423504748063863
      vertex 25.081337428812077 4.990000000000009 22.104758878007992
      vertex 25.081337428812077 10 22.104758878007992
    endloop
  endfacet
  facet normal 0 1 0
    outer loop
      vertex 24.193910414841206 4.990000000000009 20.552138780771635
      vertex 24.085962357225274 4.990000000000009 21.09483031392248
      vertex 24.363443371601793 4.990000000000009 23.348187859547963
    endloop
  endfacet
  facet normal 0 1 0
    outer loop
      vertex 24.230099502487562 4.990000000000009 20
      vertex 24.193910414841206 4.990000000000009 20.552138780771635
      vertex 24.363443371601793 4.990000000000009 23.348187859547963
    endloop
  endfacet
  facet normal 0 1 0
    outer loop
      vertex 24.085962357225274 4.990000000000009 21.09483031392248
      vertex 23.908102350834433 4.990000000000009 21.6187889968578
      vertex 24.363443371601793 4.990000000000009 23.348187859547963
    endloop
  endfacet
  facet normal 0 1 0
    outer loop
      vertex 24.76313972081441 4.990000000000009 17.25
      vertex 24.363443371601793 4.990000000000009 23.348187859547963
      vertex 24.76313972081441 4.990000000000009 22.75
    endloop
  endfacet
  facet normal -0.8314696123025455 0 -0.555570233019602
    outer loop
      vertex 24.363443371601793 4.990000000000009 23.348187859547963
      vertex 24.363443371601793 10 23.348187859547963
      vertex 24.76313972081441 4.990000000000009 22.75
    endloop
  endfacet
  facet normal -0.7518398074789773 0 -0.659345815100069
    outer loop
      vertex 24.363443371601793 4.990000000000009 23.348187859547963
      vertex 23.88908729652601 4.990000000000009 23.88908729652601
      vertex 23.88908729652601 10 23.88908729652601
    endloop
  endfacet
  facet normal -0.8968727415326883 0 -0.44228869021900125
    outer loop
      vertex 25.081337428812077 4.990000000000009 22.104758878007992
      vertex 24.76313972081441 4.990000000000009 22.75
      vertex 24.76313972081441 10 22.75
    endloop
  endfacet
  facet normal 0 1 0
    outer loop
      vertex 23.908102350834433 4.990000000000009 21.6187889968578
      vertex 23.88908729652601 4.990000000000009 23.88908729652601
      vertex 24.363443371601793 4.990000000000009 23.348187859547963
    endloop
  endfacet
  facet normal 0.6593458151000634 0 0.7518398074789822
    outer loop
      vertex 16.11091270347399 4.990000000000009 168.11091270347399
      vertex 16.651812140452037 10 167.6365566283982
      vertex 16.11091270347399 10 168.11091270347399
    endloop
  endfacet
  facet normal 0.5555702330196156 0 0.8314696123025362
    outer loop
      vertex 16.651812140452037 4.990000000000009 167.6365566283982
      vertex 17.25 10 167.23686027918558
      vertex 16.651812140452037 10 167.6365566283982
    endloop
  endfacet
  facet normal 0.44228869021898937 0 0.8968727415326941
    outer loop
      vertex 17.25 4.990000000000009 167.23686027918558
      vertex 17.895241121992008 10 166.91866257118792
      vertex 17.25 10 167.23686027918558
    endloop
  endfacet
  facet normal 0.6593458151000634 0 0.7518398074789822
    outer loop
      vertex 16.651812140452037 4.990000000000009 167.6365566283982
      vertex 16.651812140452037 10 167.6365566283982
      vertex 16.11091270347399 4.990000000000009 168.11091270347399
    endloop
  endfacet
  facet normal 0.5555702330196156 0 0.8314696123025362
    outer loop
      vertex 16.651812140452037 4.990000000000009 167.6365566283982
      vertex 17.25 4.990000000000009 167.23686027918558
      vertex 17.25 10 167.23686027918558
    endloop
  endfacet
  facet normal 0.44228869021898937 0 0.8968727415326941
    outer loop
      vertex 17.25 4.990000000000009 167.23686027918558
      vertex 17.895241121992008 4.990000000000009 166.91866257118792
      vertex 17.895241121992008 10 166.91866257118792
    endloop
  endfacet
  facet normal 0 1 0
    outer loop
      vertex 16.651812140452037 4.990000000000009 167.6365566283982
      vertex 17.424878582016593 4.990000000000009 168.6440364299372
      vertex 17.25 4.990000000000009 167.23686027918558
    endloop
  endfacet
  facet normal 0 1 0
    outer loop
      vertex 17.25 4.990000000000009 167.23686027918558
      vertex 17.88495024875622 4.990000000000009 168.33662637030986
      vertex 17.895241121992008 4.990000000000009 166.91866257118792
    endloop
  endfacet
  facet normal 0.32143946530316386 0 0.9469301294951048
    outer loop
      vertex 17.895241121992008 4.990000000000009 166.91866257118792
      vertex 18.576495251936137 10 166.68740795541012
      vertex 17.895241121992008 10 166.91866257118792
    endloop
  endfacet
  facet normal 0.19509032201611387 0 0.9807852804032333
    outer loop
      vertex 18.576495251936137 4.990000000000009 166.68740795541012
      vertex 19.282105942789716 10 166.54705326244405
      vertex 18.576495251936137 10 166.68740795541012
    endloop
  endfacet
  facet normal 0.06540312923015626 0 0.9978589232386026
    outer loop
      vertex 19.282105942789716 4.990000000000009 166.54705326244405
      vertex 20 10 166.5
      vertex 19.282105942789716 10 166.54705326244405
    endloop
  endfacet
  facet normal -0.06540312923015626 0 0.9978589232386026
    outer loop
      vertex 20 4.990000000000009 166.5
      vertex 20.717894057210284 10 166.54705326244405
      vertex 20 10 166.5
    endloop
  endfacet
  facet normal -0.19509032201611387 0 0.9807852804032333
    outer loop
      vertex 20.717894057210284 4.990000000000009 166.54705326244405
      vertex 21.423504748063863 10 166.68740795541012
      vertex 20.717894057210284 10 166.54705326244405
    endloop
  endfacet
  facet normal -0.32143946530316386 0 0.9469301294951048
    outer loop
      vertex 21.423504748063863 4.990000000000009 166.68740795541012
      vertex 22.104758878007992 10 166.91866257118792
      vertex 21.423504748063863 10 166.68740795541012
    endloop
  endfacet
  facet normal -0.44228869021898937 0 0.8968727415326941
    outer loop
      vertex 22.104758878007992 4.990000000000009 166.91866257118792
      vertex 22.75 10 167.23686027918558
      vertex 22.104758878007992 10 166.91866257118792
    endloop
  endfacet
  facet normal -0.5555702330196156 0 0.8314696123025362
    outer loop
      vertex 22.75 4.990000000000009 167.23686027918558
      vertex 23.348187859547963 10 167.6365566283982
      vertex 22.75 10 167.23686027918558
    endloop
  endfacet
  facet normal -0.6593458151000634 0 0.7518398074789822
    outer loop
      vertex 23.348187859547963 4.990000000000009 167.6365566283982
      vertex 23.88908729652601 10 168.11091270347399
      vertex 23.348187859547963 10 167.6365566283982
    endloop
  endfacet
  facet normal 0.32143946530316386 0 0.9469301294951048
    outer loop
      vertex 17.895241121992008 4.990000000000009 166.91866257118792
      vertex 18.576495251936137 4.990000000000009 166.68740795541012
      vertex 18.576495251936137 10 166.68740795541012
    endloop
  endfacet
  facet normal 0.19509032201611387 0 0.9807852804032333
    outer loop
      vertex 18.576495251936137 4.990000000000009 166.68740795541012
      vertex 19.282105942789716 4.990000000000009 166.54705326244405
      vertex 19.282105942789716 10 166.54705326244405
    endloop
  endfacet
  facet normal 0 1 0
    outer loop
      vertex 17.895241121992008 4.990000000000009 166.91866257118792
      vertex 18.90516968607752 4.990000000000009 167.91403764277473
      vertex 18.576495251936137 4.990000000000009 166.68740795541012
    endloop
  endfacet
  facet normal 0 1 0
    outer loop
      vertex 17.895241121992008 4.990000000000009 166.91866257118792
      vertex 17.88495024875622 4.990000000000009 168.33662637030986
      vertex 18.3812110031422 4.990000000000009 168.09189764916556
    endloop
  endfacet
  facet normal 0 1 0
    outer loop
      vertex 17.895241121992008 4.990000000000009 166.91866257118792
      vertex 18.3812110031422 4.990000000000009 168.09189764916556
      vertex 18.90516968607752 4.990000000000009 167.91403764277473
    endloop
  endfacet
  facet normal 0 1 0
    outer loop
      vertex 18.576495251936137 4.990000000000009 166.68740795541012
      vertex 19.447861219228365 4.990000000000009 167.8060895851588
      vertex 19.282105942789716 4.990000000000009 166.54705326244405
    endloop
  endfacet
  facet normal 0 1 0
    outer loop
      vertex 18.576495251936137 4.990000000000009 166.68740795541012
      vertex 18.90516968607752 4.990000000000009 167.91403764277473
      vertex 19.447861219228365 4.990000000000009 167.8060895851588
    endloop
  endfacet
  facet normal 0.06540312923015626 0 0.9978589232386026
    outer loop
      vertex 19.282105942789716 4.990000000000009 166.54705326244405
      vertex 20 4.990000000000009 166.5
      vertex 20 10 166.5
    endloop
  endfacet
  facet normal -0.06540312923015626 0 0.9978589232386026
    outer loop
      vertex 20 4.990000000000009 166.5
      vertex 20.717894057210284 4.990000000000009 166.54705326244405
      vertex 20.717894057210284 10 166.54705326244405
    endloop
  endfacet
  facet normal 0 1 0
    outer loop
      vertex 19.282105942789716 4.990000000000009 166.54705326244405
      vertex 20 4.990000000000009 167.76990049751242
      vertex 20 4.990000000000009 166.5
    endloop
  endfacet
  facet normal 0 1 0
    outer loop
      vertex 19.282105942789716 4.990000000000009 166.54705326244405
      vertex 19.447861219228365 4.990000000000009 167.8060895851588
      vertex 20 4.990000000000009 167.76990049751242
    endloop
  endfacet
  facet normal 0 1 0
    outer loop
      vertex 20 4.990000000000009 166.5
      vertex 20.552138780771635 4.990000000000009 167.8060895851588
      vertex 20.717894057210284 4.990000000000009 166.54705326244405
    endloop
  endfacet
  facet normal 0 1 0
    outer loop
      vertex 20 4.990000000000009 166.5
      vertex 20 4.990000000000009 167.76990049751242
      vertex 20.552138780771635 4.990000000000009 167.8060895851588
    endloop
  endfacet
  facet normal 0 1 0
    outer loop
      vertex 20.717894057210284 4.990000000000009 166.54705326244405
      vertex 20.552138780771635 4.990000000000009 167.8060895851588
      vertex 21.09483031392248 4.990000000000009 167.91403764277473
    endloop
  endfacet
  facet normal -0.19509032201611387 0 0.9807852804032333
    outer loop
      vertex 20.717894057210284 4.990000000000009 166.54705326244405
      vertex 21.423504748063863 4.990000000000009 166.68740795541012
      vertex 21.423504748063863 10 166.68740795541012
    endloop
  endfacet
  facet normal -0.32143946530316386 0 0.9469301294951048
    outer loop
      vertex 21.423504748063863 4.990000000000009 166.68740795541012
      vertex 22.104758878007992 4.990000000000009 166.91866257118792
      vertex 22.104758878007992 10 166.91866257118792
    endloop
  endfacet
  facet normal 0 1 0
    outer loop
      vertex 20.717894057210284 4.990000000000009 166.54705326244405
      vertex 21.09483031392248 4.990000000000009 167.91403764277473
      vertex 21.423504748063863 4.990000000000009 166.68740795541012
    endloop
  endfacet
  facet normal 0 1 0
    outer loop
      vertex 21.423504748063863 4.990000000000009 166.68740795541012
      vertex 21.09483031392248 4.990000000000009 167.91403764277473
      vertex 21.6187889968578 4.990000000000009 168.09189764916556
    endloop
  endfacet
  facet normal 0 1 0
    outer loop
      vertex 21.423504748063863 4.990000000000009 166.68740795541012
      vertex 21.6187889968578 4.990000000000009 168.09189764916556
      vertex 22.104758878007992 4.990000000000009 166.91866257118792
    endloop
  endfacet
  facet normal 0 1 0
    outer loop
      vertex 22.104758878007992 4.990000000000009 166.91866257118792
      vertex 21.6187889968578 4.990000000000009 168.09189764916556
      vertex 22.11504975124378 4.990000000000009 168.33662637030986
    endloop
  endfacet
  facet normal 0 1 0
    outer loop
      vertex 22.104758878007992 4.990000000000009 166.91866257118792
      vertex 22.11504975124378 4.990000000000009 168.33662637030986
      vertex 22.75 4.990000000000009 167.23686027918558
    endloop
  endfacet
  facet normal -0.44228869021898937 0 0.8968727415326941
    outer loop
      vertex 22.104758878007992 4.990000000000009 166.91866257118792
      vertex 22.75 4.990000000000009 167.23686027918558
      vertex 22.75 10 167.23686027918558
    endloop
  endfacet
  facet normal -0.5555702330196156 0 0.8314696123025362
    outer loop
      vertex 22.75 4.990000000000009 167.23686027918558
      vertex 23.348187859547963 4.990000000000009 167.6365566283982
      vertex 23.348187859547963 10 167.6365566283982
    endloop
  endfacet
  facet normal -0.6593458151000634 0 0.7518398074789822
    outer loop
      vertex 23.348187859547963 4.990000000000009 167.6365566283982
      vertex 23.88908729652601 4.990000000000009 168.11091270347399
      vertex 23.88908729652601 10 168.11091270347399
    endloop
  endfacet
  facet normal 0 1 0
    outer loop
      vertex 22.75 4.990000000000009 167.23686027918558
      vertex 22.991132043302795 4.990000000000009 169.0088679566972
      vertex 23.348187859547963 4.990000000000009 167.6365566283982
    endloop
  endfacet
  facet normal 0.9469301294951067 0 0.3214394653031587
    outer loop
      vertex 14.687407955410125 4.990000000000009 170.57649525193614
      vertex 14.918662571187923 10 169.895241121992
      vertex 14.687407955410125 10 170.57649525193614
    endloop
  endfacet
  facet normal 0.9807852804032298 0 0.19509032201613147
    outer loop
      vertex 14.547053262444042 4.990000000000009 171.2821059427897
      vertex 14.687407955410125 10 170.57649525193614
      vertex 14.547053262444042 10 171.2821059427897
    endloop
  endfacet
  facet normal 0.9978589232386036 0 0.06540312923014119
    outer loop
      vertex 14.5 4.990000000000009 172
      vertex 14.547053262444042 10 171.2821059427897
      vertex 14.5 10 172
    endloop
  endfacet
  facet normal 0.9978589232386036 0 -0.06540312923014119
    outer loop
      vertex 14.547053262444042 4.990000000000009 172.7178940572103
      vertex 14.5 10 172
      vertex 14.547053262444042 10 172.7178940572103
    endloop
  endfacet
  facet normal 0.9807852804032298 0 -0.19509032201613147
    outer loop
      vertex 14.687407955410125 4.990000000000009 173.42350474806386
      vertex 14.547053262444042 10 172.7178940572103
      vertex 14.687407955410125 10 173.42350474806386
    endloop
  endfacet
  facet normal 0.9469301294951067 0 -0.3214394653031587
    outer loop
      vertex 14.918662571187923 4.990000000000009 174.104758878008
      vertex 14.687407955410125 10 173.42350474806386
      vertex 14.918662571187923 10 174.104758878008
    endloop
  endfacet
  facet normal 0.8314696123025516 0 0.5555702330195929
    outer loop
      vertex 15.236860279185588 4.990000000000009 169.25
      vertex 15.636556628398207 10 168.65181214045202
      vertex 15.236860279185588 10 169.25
    endloop
  endfacet
  facet normal 0.7518398074789708 0 0.6593458151000763
    outer loop
      vertex 15.636556628398207 4.990000000000009 168.65181214045202
      vertex 16.11091270347399 10 168.11091270347399
      vertex 15.636556628398207 10 168.65181214045202
    endloop
  endfacet
  facet normal 0.8968727415326864 0 0.4422886902190052
    outer loop
      vertex 14.918662571187923 4.990000000000009 169.895241121992
      vertex 15.236860279185588 10 169.25
      vertex 14.918662571187923 10 169.895241121992
    endloop
  endfacet
  facet normal 0.9469301294951067 0 0.3214394653031587
    outer loop
      vertex 14.918662571187923 4.990000000000009 169.895241121992
      vertex 14.918662571187923 10 169.895241121992
      vertex 14.687407955410125 4.990000000000009 170.57649525193614
    endloop
  endfacet
  facet normal 0.9807852804032298 0 0.19509032201613147
    outer loop
      vertex 14.687407955410125 4.990000000000009 170.57649525193614
      vertex 14.687407955410125 10 170.57649525193614
      vertex 14.547053262444042 4.990000000000009 171.2821059427897
    endloop
  endfacet
  facet normal 0.9978589232386036 0 0.06540312923014119
    outer loop
      vertex 14.547053262444042 4.990000000000009 171.2821059427897
      vertex 14.547053262444042 10 171.2821059427897
      vertex 14.5 4.990000000000009 172
    endloop
  endfacet
  facet normal 0.9978589232386036 0 -0.06540312923014119
    outer loop
      vertex 14.5 4.990000000000009 172
      vertex 14.5 10 172
      vertex 14.547053262444042 4.990000000000009 172.7178940572103
    endloop
  endfacet
  facet normal 0 1 0
    outer loop
      vertex 14.918662571187923 4.990000000000009 169.895241121992
      vertex 14.687407955410125 4.990000000000009 170.57649525193614
      vertex 14.687407955410125 4.990000000000009 173.42350474806386
    endloop
  endfacet
  facet normal 0 1 0
    outer loop
      vertex 14.687407955410125 4.990000000000009 170.57649525193614
      vertex 14.547053262444042 4.990000000000009 171.2821059427897
      vertex 14.547053262444042 4.990000000000009 172.7178940572103
    endloop
  endfacet
  facet normal 0 1 0
    outer loop
      vertex 14.547053262444042 4.990000000000009 171.2821059427897
      vertex 14.5 4.990000000000009 172
      vertex 14.547053262444042 4.990000000000009 172.7178940572103
    endloop
  endfacet
  facet normal 0 1 0
    outer loop
      vertex 14.687407955410125 4.990000000000009 170.57649525193614
      vertex 14.547053262444042 4.990000000000009 172.7178940572103
      vertex 14.687407955410125 4.990000000000009 173.42350474806386
    endloop
  endfacet
  facet normal 0 1 0
    outer loop
      vertex 14.918662571187923 4.990000000000009 169.895241121992
      vertex 14.687407955410125 4.990000000000009 173.42350474806386
      vertex 14.918662571187923 4.990000000000009 174.104758878008
    endloop
  endfacet
  facet normal 0.9807852804032298 0 -0.19509032201613147
    outer loop
      vertex 14.547053262444042 4.990000000000009 172.7178940572103
      vertex 14.547053262444042 10 172.7178940572103
      vertex 14.687407955410125 4.990000000000009 173.42350474806386
    endloop
  endfacet
  facet normal 0.9469301294951067 0 -0.3214394653031587
    outer loop
      vertex 14.687407955410125 4.990000000000009 173.42350474806386
      vertex 14.687407955410125 10 173.42350474806386
      vertex 14.918662571187923 4.990000000000009 174.104758878008
    endloop
  endfacet
  facet normal 0.8968727415326864 0 0.4422886902190052
    outer loop
      vertex 15.236860279185588 4.990000000000009 169.25
      vertex 15.236860279185588 10 169.25
      vertex 14.918662571187923 4.990000000000009 169.895241121992
    endloop
  endfacet
  facet normal 0.8314696123025516 0 0.5555702330195929
    outer loop
      vertex 15.636556628398207 4.990000000000009 168.65181214045202
      vertex 15.636556628398207 10 168.65181214045202
      vertex 15.236860279185588 4.990000000000009 169.25
    endloop
  endfacet
  facet normal 0.7518398074789708 0 0.6593458151000763
    outer loop
      vertex 16.11091270347399 4.990000000000009 168.11091270347399
      vertex 16.11091270347399 10 168.11091270347399
      vertex 15.636556628398207 4.990000000000009 168.65181214045202
    endloop
  endfacet
  facet normal 0 1 0
    outer loop
      vertex 16.11091270347399 4.990000000000009 168.11091270347399
      vertex 15.636556628398207 4.990000000000009 168.65181214045202
      vertex 16.091897649165567 4.990000000000009 170.3812110031422
    endloop
  endfacet
  facet normal 0 1 0
    outer loop
      vertex 16.11091270347399 4.990000000000009 168.11091270347399
      vertex 16.091897649165567 4.990000000000009 170.3812110031422
      vertex 16.336626370309858 4.990000000000009 169.8849502487562
    endloop
  endfacet
  facet normal 0 1 0
    outer loop
      vertex 16.11091270347399 4.990000000000009 168.11091270347399
      vertex 16.336626370309858 4.990000000000009 169.8849502487562
      vertex 16.644036429937202 4.990000000000009 169.4248785820166
    endloop
  endfacet
  facet normal 0 1 0
    outer loop
      vertex 15.636556628398207 4.990000000000009 168.65181214045202
      vertex 15.236860279185588 4.990000000000009 169.25
      vertex 15.236860279185588 4.990000000000009 174.75
    endloop
  endfacet
  facet normal 0 1 0
    outer loop
      vertex 15.636556628398207 4.990000000000009 168.65181214045202
      vertex 15.914037642774726 4.990000000000009 170.90516968607753
      vertex 16.091897649165567 4.990000000000009 170.3812110031422
    endloop
  endfacet
  facet normal 0 1 0
    outer loop
      vertex 15.636556628398207 4.990000000000009 168.65181214045202
      vertex 15.806089585158794 4.990000000000009 171.44786121922837
      vertex 15.914037642774726 4.990000000000009 170.90516968607753
    endloop
  endfacet
  facet normal 0 1 0
    outer loop
      vertex 15.636556628398207 4.990000000000009 168.65181214045202
      vertex 15.769900497512438 4.990000000000009 172
      vertex 15.806089585158794 4.990000000000009 171.44786121922837
    endloop
  endfacet
  facet normal 0 1 0
    outer loop
      vertex 16.651812140452037 4.990000000000009 167.6365566283982
      vertex 16.11091270347399 4.990000000000009 168.11091270347399
      vertex 16.644036429937202 4.990000000000009 169.4248785820166
    endloop
  endfacet
  facet normal 0 1 0
    outer loop
      vertex 16.651812140452037 4.990000000000009 167.6365566283982
      vertex 16.644036429937202 4.990000000000009 169.4248785820166
      vertex 17.008867956697205 4.990000000000009 169.0088679566972
    endloop
  endfacet
  facet normal 0 1 0
    outer loop
      vertex 16.651812140452037 4.990000000000009 167.6365566283982
      vertex 17.008867956697205 4.990000000000009 169.0088679566972
      vertex 17.424878582016593 4.990000000000009 168.6440364299372
    endloop
  endfacet
  facet normal 0 1 0
    outer loop
      vertex 17.25 4.990000000000009 167.23686027918558
      vertex 17.424878582016593 4.990000000000009 168.6440364299372
      vertex 17.88495024875622 4.990000000000009 168.33662637030986
    endloop
  endfacet
  facet normal 0 1 0
    outer loop
      vertex 15.236860279185588 4.990000000000009 169.25
      vertex 14.918662571187923 4.990000000000009 169.895241121992
      vertex 14.918662571187923 4.990000000000009 174.104758878008
    endloop
  endfacet
  facet normal 0 1 0
    outer loop
      vertex 15.636556628398207 4.990000000000009 168.65181214045202
      vertex 15.636556628398207 4.990000000000009 175.34818785954798
      vertex 15.769900497512438 4.990000000000009 172
    endloop
  endfacet
  facet normal 0 1 0
    outer loop
      vertex 15.236860279185588 4.990000000000009 169.25
      vertex 14.918662571187923 4.990000000000009 174.104758878008
      vertex 15.236860279185588 4.990000000000009 174.75
    endloop
  endfacet
  facet normal 0 1 0
    outer loop
      vertex 15.636556628398207 4.990000000000009 168.65181214045202
      vertex 15.236860279185588 4.990000000000009 174.75
      vertex 15.636556628398207 4.990000000000009 175.34818785954798
    endloop
  endfacet
  facet normal 0 1 0
    outer loop
      vertex 15.769900497512438 4.990000000000009 172
      vertex 15.636556628398207 4.990000000000009 175.34818785954798
      vertex 15.806089585158794 4.990000000000009 172.55213878077163
    endloop
  endfacet
  facet normal 0 1 0
    outer loop
      vertex 15.806089585158794 4.990000000000009 172.55213878077163
      vertex 15.636556628398207 4.990000000000009 175.34818785954798
      vertex 15.914037642774726 4.990000000000009 173.09483031392247
    endloop
  endfacet
  facet normal 0.8968727415326864 0 -0.4422886902190052
    outer loop
      vertex 15.236860279185588 4.990000000000009 174.75
      vertex 14.918662571187923 10 174.104758878008
      vertex 15.236860279185588 10 174.75
    endloop
  endfacet
  facet normal 0.8314696123025516 0 -0.5555702330195929
    outer loop
      vertex 15.636556628398207 4.990000000000009 175.34818785954798
      vertex 15.236860279185588 10 174.75
      vertex 15.636556628398207 10 175.34818785954798
    endloop
  endfacet
  facet normal 0.7518398074789708 0 -0.6593458151000763
    outer loop
      vertex 16.11091270347399 4.990000000000009 175.88908729652601
      vertex 15.636556628398207 10 175.34818785954798
      vertex 16.11091270347399 10 175.88908729652601
    endloop
  endfacet
  facet normal 0.6593458151000634 0 -0.7518398074789822
    outer loop
      vertex 16.651812140452037 4.990000000000009 176.3634433716018
      vertex 16.11091270347399 10 175.88908729652601
      vertex 16.651812140452037 10 176.3634433716018
    endloop
  endfacet
  facet normal 0.5555702330196156 0 -0.8314696123025362
    outer loop
      vertex 17.25 4.990000000000009 176.76313972081442
      vertex 16.651812140452037 10 176.3634433716018
      vertex 17.25 10 176.76313972081442
    endloop
  endfacet
  facet normal 0.44228869021898937 0 -0.8968727415326941
    outer loop
      vertex 17.895241121992008 4.990000000000009 177.08133742881208
      vertex 17.25 10 176.76313972081442
      vertex 17.895241121992008 10 177.08133742881208
    endloop
  endfacet
  facet normal 0.8968727415326864 0 -0.4422886902190052
    outer loop
      vertex 14.918662571187923 4.990000000000009 174.104758878008
      vertex 14.918662571187923 10 174.104758878008
      vertex 15.236860279185588 4.990000000000009 174.75
    endloop
  endfacet
  facet normal 0.8314696123025516 0 -0.5555702330195929
    outer loop
      vertex 15.236860279185588 4.990000000000009 174.75
      vertex 15.236860279185588 10 174.75
      vertex 15.636556628398207 4.990000000000009 175.34818785954798
    endloop
  endfacet
  facet normal 0 1 0
    outer loop
      vertex 15.914037642774726 4.990000000000009 173.09483031392247
      vertex 15.636556628398207 4.990000000000009 175.34818785954798
      vertex 16.091897649165567 4.990000000000009 173.6187889968578
    endloop
  endfacet
  facet normal 0 1 0
    outer loop
      vertex 16.091897649165567 4.990000000000009 173.6187889968578
      vertex 16.11091270347399 4.990000000000009 175.88908729652601
      vertex 16.336626370309858 4.990000000000009 174.1150497512438
    endloop
  endfacet
  facet normal 0 1 0
    outer loop
      vertex 16.091897649165567 4.990000000000009 173.6187889968578
      vertex 15.636556628398207 4.990000000000009 175.34818785954798
      vertex 16.11091270347399 4.990000000000009 175.88908729652601
    endloop
  endfacet
  facet normal 0 1 0
    outer loop
      vertex 16.336626370309858 4.990000000000009 174.1150497512438
      vertex 16.11091270347399 4.990000000000009 175.88908729652601
      vertex 16.644036429937202 4.990000000000009 174.5751214179834
    endloop
  endfacet
  facet normal 0.7518398074789708 0 -0.6593458151000763
    outer loop
      vertex 15.636556628398207 4.990000000000009 175.34818785954798
      vertex 15.636556628398207 10 175.34818785954798
      vertex 16.11091270347399 4.990000000000009 175.88908729652601
    endloop
  endfacet
  facet normal 0.6593458151000634 0 -0.7518398074789822
    outer loop
      vertex 16.11091270347399 4.990000000000009 175.88908729652601
      vertex 16.11091270347399 10 175.88908729652601
      vertex 16.651812140452037 4.990000000000009 176.3634433716018
    endloop
  endfacet
  facet normal 0 1 0
    outer loop
      vertex 16.644036429937202 4.990000000000009 174.5751214179834
      vertex 16.651812140452037 4.990000000000009 176.3634433716018
      vertex 17.008867956697205 4.990000000000009 174.9911320433028
    endloop
  endfacet
  facet normal 0.5555702330196156 0 -0.8314696123025362
    outer loop
      vertex 16.651812140452037 4.990000000000009 176.3634433716018
      vertex 16.651812140452037 10 176.3634433716018
      vertex 17.25 4.990000000000009 176.76313972081442
    endloop
  endfacet
  facet normal 0.44228869021898937 0 -0.8968727415326941
    outer loop
      vertex 17.25 4.990000000000009 176.76313972081442
      vertex 17.25 10 176.76313972081442
      vertex 17.895241121992008 4.990000000000009 177.08133742881208
    endloop
  endfacet
  facet normal 0 1 0
    outer loop
      vertex 16.644036429937202 4.990000000000009 174.5751214179834
      vertex 16.11091270347399 4.990000000000009 175.88908729652601
      vertex 16.651812140452037 4.990000000000009 176.3634433716018
    endloop
  endfacet
  facet normal 0 1 0
    outer loop
      vertex 17.008867956697205 4.990000000000009 174.9911320433028
      vertex 16.651812140452037 4.990000000000009 176.3634433716018
      vertex 17.25 4.990000000000009 176.76313972081442
    endloop
  endfacet
  facet normal 0 1 0
    outer loop
      vertex 17.008867956697205 4.990000000000009 174.9911320433028
      vertex 17.25 4.990000000000009 176.76313972081442
      vertex 17.424878582016593 4.990000000000009 175.3559635700628
    endloop
  endfacet
  facet normal 0 1 0
    outer loop
      vertex 17.424878582016593 4.990000000000009 175.3559635700628
      vertex 17.25 4.990000000000009 176.76313972081442
      vertex 17.88495024875622 4.990000000000009 175.66337362969014
    endloop
  endfacet
  facet normal 0 1 0
    outer loop
      vertex 17.88495024875622 4.990000000000009 175.66337362969014
      vertex 17.25 4.990000000000009 176.76313972081442
      vertex 17.895241121992008 4.990000000000009 177.08133742881208
    endloop
  endfacet
  facet normal 0 1 0
    outer loop
      vertex 22.75 4.990000000000009 167.23686027918558
      vertex 22.11504975124378 4.990000000000009 168.33662637030986
      vertex 22.575121417983407 4.990000000000009 168.6440364299372
    endloop
  endfacet
  facet normal 0 1 0
    outer loop
      vertex 22.75 4.990000000000009 167.23686027918558
      vertex 22.575121417983407 4.990000000000009 168.6440364299372
      vertex 22.991132043302795 4.990000000000009 169.0088679566972
    endloop
  endfacet
  facet normal 0 1 0
    outer loop
      vertex 22.991132043302795 4.990000000000009 169.0088679566972
      vertex 23.355963570062798 4.990000000000009 169.4248785820166
      vertex 23.348187859547963 4.990000000000009 167.6365566283982
    endloop
  endfacet
  facet normal 0 1 0
    outer loop
      vertex 23.348187859547963 4.990000000000009 167.6365566283982
      vertex 23.355963570062798 4.990000000000009 169.4248785820166
      vertex 23.88908729652601 4.990000000000009 168.11091270347399
    endloop
  endfacet
  facet normal 0 1 0
    outer loop
      vertex 23.88908729652601 4.990000000000009 168.11091270347399
      vertex 23.355963570062798 4.990000000000009 169.4248785820166
      vertex 23.663373629690142 4.990000000000009 169.8849502487562
    endloop
  endfacet
  facet normal 0 1 0
    outer loop
      vertex 23.88908729652601 4.990000000000009 168.11091270347399
      vertex 23.663373629690142 4.990000000000009 169.8849502487562
      vertex 23.908102350834433 4.990000000000009 170.3812110031422
    endloop
  endfacet
  facet normal 0.32143946530316386 0 -0.9469301294951048
    outer loop
      vertex 18.576495251936137 4.990000000000009 177.31259204458988
      vertex 17.895241121992008 10 177.08133742881208
      vertex 18.576495251936137 10 177.31259204458988
    endloop
  endfacet
  facet normal 0.19509032201611387 0 -0.9807852804032333
    outer loop
      vertex 19.282105942789716 4.990000000000009 177.45294673755595
      vertex 18.576495251936137 10 177.31259204458988
      vertex 19.282105942789716 10 177.45294673755595
    endloop
  endfacet
  facet normal 0.06540312923015626 0 -0.9978589232386026
    outer loop
      vertex 20 4.990000000000009 177.5
      vertex 19.282105942789716 10 177.45294673755595
      vertex 20 10 177.5
    endloop
  endfacet
  facet normal -0.06540312923015626 0 -0.9978589232386026
    outer loop
      vertex 20.717894057210284 4.990000000000009 177.45294673755595
      vertex 20 10 177.5
      vertex 20.717894057210284 10 177.45294673755595
    endloop
  endfacet
  facet normal -0.44228869021898937 0 -0.8968727415326941
    outer loop
      vertex 22.75 4.990000000000009 176.76313972081442
      vertex 22.104758878007992 10 177.08133742881208
      vertex 22.75 10 176.76313972081442
    endloop
  endfacet
  facet normal -0.6593458151000634 0 -0.7518398074789822
    outer loop
      vertex 23.88908729652601 4.990000000000009 175.88908729652601
      vertex 23.348187859547963 10 176.3634433716018
      vertex 23.88908729652601 10 175.88908729652601
    endloop
  endfacet
  facet normal -0.5555702330196156 0 -0.8314696123025362
    outer loop
      vertex 23.348187859547963 4.990000000000009 176.3634433716018
      vertex 22.75 10 176.76313972081442
      vertex 23.348187859547963 10 176.3634433716018
    endloop
  endfacet
  facet normal -0.19509032201611387 0 -0.9807852804032333
    outer loop
      vertex 21.423504748063863 4.990000000000009 177.31259204458988
      vertex 20.717894057210284 10 177.45294673755595
      vertex 21.423504748063863 10 177.31259204458988
    endloop
  endfacet
  facet normal -0.32143946530316386 0 -0.9469301294951048
    outer loop
      vertex 22.104758878007992 4.990000000000009 177.08133742881208
      vertex 21.423504748063863 10 177.31259204458988
      vertex 22.104758878007992 10 177.08133742881208
    endloop
  endfacet
  facet normal 0 1 0
    outer loop
      vertex 17.88495024875622 4.990000000000009 175.66337362969014
      vertex 17.895241121992008 4.990000000000009 177.08133742881208
      vertex 18.3812110031422 4.990000000000009 175.90810235083444
    endloop
  endfacet
  facet normal 0 1 0
    outer loop
      vertex 18.3812110031422 4.990000000000009 175.90810235083444
      vertex 18.576495251936137 4.990000000000009 177.31259204458988
      vertex 18.90516968607752 4.990000000000009 176.08596235722527
    endloop
  endfacet
  facet normal 0 1 0
    outer loop
      vertex 18.3812110031422 4.990000000000009 175.90810235083444
      vertex 17.895241121992008 4.990000000000009 177.08133742881208
      vertex 18.576495251936137 4.990000000000009 177.31259204458988
    endloop
  endfacet
  facet normal 0 1 0
    outer loop
      vertex 18.576495251936137 4.990000000000009 177.31259204458988
      vertex 19.282105942789716 4.990000000000009 177.45294673755595
      vertex 18.90516968607752 4.990000000000009 176.08596235722527
    endloop
  endfacet
  facet normal 0 1 0
    outer loop
      vertex 18.90516968607752 4.990000000000009 176.08596235722527
      vertex 19.282105942789716 4.990000000000009 177.45294673755595
      vertex 19.447861219228365 4.990000000000009 176.1939104148412
    endloop
  endfacet
  facet normal 0 1 0
    outer loop
      vertex 19.447861219228365 4.990000000000009 176.1939104148412
      vertex 20 4.990000000000009 177.5
      vertex 20 4.990000000000009 176.23009950248758
    endloop
  endfacet
  facet normal 0 1 0
    outer loop
      vertex 20 4.990000000000009 176.23009950248758
      vertex 20.717894057210284 4.990000000000009 177.45294673755595
      vertex 20.552138780771635 4.990000000000009 176.1939104148412
    endloop
  endfacet
  facet normal 0.32143946530316386 0 -0.9469301294951048
    outer loop
      vertex 17.895241121992008 4.990000000000009 177.08133742881208
      vertex 17.895241121992008 10 177.08133742881208
      vertex 18.576495251936137 4.990000000000009 177.31259204458988
    endloop
  endfacet
  facet normal 0.19509032201611387 0 -0.9807852804032333
    outer loop
      vertex 18.576495251936137 4.990000000000009 177.31259204458988
      vertex 18.576495251936137 10 177.31259204458988
      vertex 19.282105942789716 4.990000000000009 177.45294673755595
    endloop
  endfacet
  facet normal 0.06540312923015626 0 -0.9978589232386026
    outer loop
      vertex 19.282105942789716 4.990000000000009 177.45294673755595
      vertex 19.282105942789716 10 177.45294673755595
      vertex 20 4.990000000000009 177.5
    endloop
  endfacet
  facet normal -0.06540312923015626 0 -0.9978589232386026
    outer loop
      vertex 20 4.990000000000009 177.5
      vertex 20 10 177.5
      vertex 20.717894057210284 4.990000000000009 177.45294673755595
    endloop
  endfacet
  facet normal 0 1 0
    outer loop
      vertex 19.282105942789716 4.990000000000009 177.45294673755595
      vertex 20 4.990000000000009 177.5
      vertex 19.447861219228365 4.990000000000009 176.1939104148412
    endloop
  endfacet
  facet normal 0 1 0
    outer loop
      vertex 20 4.990000000000009 176.23009950248758
      vertex 20 4.990000000000009 177.5
      vertex 20.717894057210284 4.990000000000009 177.45294673755595
    endloop
  endfacet
  facet normal -0.44228869021898937 0 -0.8968727415326941
    outer loop
      vertex 22.104758878007992 4.990000000000009 177.08133742881208
      vertex 22.104758878007992 10 177.08133742881208
      vertex 22.75 4.990000000000009 176.76313972081442
    endloop
  endfacet
  facet normal 0 1 0
    outer loop
      vertex 21.09483031392248 4.990000000000009 176.08596235722527
      vertex 20.552138780771635 4.990000000000009 176.1939104148412
      vertex 21.423504748063863 4.990000000000009 177.31259204458988
    endloop
  endfacet
  facet normal 0 1 0
    outer loop
      vertex 20.552138780771635 4.990000000000009 176.1939104148412
      vertex 20.717894057210284 4.990000000000009 177.45294673755595
      vertex 21.423504748063863 4.990000000000009 177.31259204458988
    endloop
  endfacet
  facet normal 0 1 0
    outer loop
      vertex 21.09483031392248 4.990000000000009 176.08596235722527
      vertex 22.104758878007992 4.990000000000009 177.08133742881208
      vertex 21.6187889968578 4.990000000000009 175.90810235083444
    endloop
  endfacet
  facet normal 0 1 0
    outer loop
      vertex 21.09483031392248 4.990000000000009 176.08596235722527
      vertex 21.423504748063863 4.990000000000009 177.31259204458988
      vertex 22.104758878007992 4.990000000000009 177.08133742881208
    endloop
  endfacet
  facet normal 0 1 0
    outer loop
      vertex 21.6187889968578 4.990000000000009 175.90810235083444
      vertex 22.104758878007992 4.990000000000009 177.08133742881208
      vertex 22.11504975124378 4.990000000000009 175.66337362969014
    endloop
  endfacet
  facet normal 0 1 0
    outer loop
      vertex 22.11504975124378 4.990000000000009 175.66337362969014
      vertex 22.104758878007992 4.990000000000009 177.08133742881208
      vertex 22.75 4.990000000000009 176.76313972081442
    endloop
  endfacet
  facet normal 0 1 0
    outer loop
      vertex 23.663373629690142 4.990000000000009 174.1150497512438
      vertex 23.88908729652601 4.990000000000009 175.88908729652601
      vertex 23.908102350834433 4.990000000000009 173.6187889968578
    endloop
  endfacet
  facet normal 0 1 0
    outer loop
      vertex 22.991132043302795 4.990000000000009 174.9911320433028
      vertex 23.348187859547963 4.990000000000009 176.3634433716018
      vertex 23.355963570062798 4.990000000000009 174.5751214179834
    endloop
  endfacet
  facet normal 0 1 0
    outer loop
      vertex 23.355963570062798 4.990000000000009 174.5751214179834
      vertex 23.88908729652601 4.990000000000009 175.88908729652601
      vertex 23.663373629690142 4.990000000000009 174.1150497512438
    endloop
  endfacet
  facet normal -0.5555702330196156 0 -0.8314696123025362
    outer loop
      vertex 22.75 4.990000000000009 176.76313972081442
      vertex 22.75 10 176.76313972081442
      vertex 23.348187859547963 4.990000000000009 176.3634433716018
    endloop
  endfacet
  facet normal -0.6593458151000634 0 -0.7518398074789822
    outer loop
      vertex 23.88908729652601 4.990000000000009 175.88908729652601
      vertex 23.348187859547963 4.990000000000009 176.3634433716018
      vertex 23.348187859547963 10 176.3634433716018
    endloop
  endfacet
  facet normal 0 1 0
    outer loop
      vertex 22.11504975124378 4.990000000000009 175.66337362969014
      vertex 22.75 4.990000000000009 176.76313972081442
      vertex 22.575121417983407 4.990000000000009 175.3559635700628
    endloop
  endfacet
  facet normal 0 1 0
    outer loop
      vertex 22.575121417983407 4.990000000000009 175.3559635700628
      vertex 23.348187859547963 4.990000000000009 176.3634433716018
      vertex 22.991132043302795 4.990000000000009 174.9911320433028
    endloop
  endfacet
  facet normal 0 1 0
    outer loop
      vertex 22.575121417983407 4.990000000000009 175.3559635700628
      vertex 22.75 4.990000000000009 176.76313972081442
      vertex 23.348187859547963 4.990000000000009 176.3634433716018
    endloop
  endfacet
  facet normal 0 1 0
    outer loop
      vertex 23.355963570062798 4.990000000000009 174.5751214179834
      vertex 23.348187859547963 4.990000000000009 176.3634433716018
      vertex 23.88908729652601 4.990000000000009 175.88908729652601
    endloop
  endfacet
  facet normal -0.19509032201611387 0 -0.9807852804032333
    outer loop
      vertex 20.717894057210284 4.990000000000009 177.45294673755595
      vertex 20.717894057210284 10 177.45294673755595
      vertex 21.423504748063863 4.990000000000009 177.31259204458988
    endloop
  endfacet
  facet normal -0.32143946530316386 0 -0.9469301294951048
    outer loop
      vertex 21.423504748063863 4.990000000000009 177.31259204458988
      vertex 21.423504748063863 10 177.31259204458988
      vertex 22.104758878007992 4.990000000000009 177.08133742881208
    endloop
  endfacet
  facet normal -0.7518398074789708 0 0.6593458151000763
    outer loop
      vertex 23.88908729652601 4.990000000000009 168.11091270347399
      vertex 24.363443371601793 10 168.65181214045202
      vertex 23.88908729652601 10 168.11091270347399
    endloop
  endfacet
  facet normal -0.8314696123025516 0 0.5555702330195929
    outer loop
      vertex 24.363443371601793 4.990000000000009 168.65181214045202
      vertex 24.76313972081441 10 169.25
      vertex 24.363443371601793 10 168.65181214045202
    endloop
  endfacet
  facet normal -0.8968727415326864 0 0.4422886902190052
    outer loop
      vertex 24.76313972081441 4.990000000000009 169.25
      vertex 25.081337428812077 10 169.895241121992
      vertex 24.76313972081441 10 169.25
    endloop
  endfacet
  facet normal -0.9469301294951059 0 0.3214394653031609
    outer loop
      vertex 25.081337428812077 4.990000000000009 169.895241121992
      vertex 25.312592044589877 10 170.57649525193614
      vertex 25.081337428812077 10 169.895241121992
    endloop
  endfacet
  facet normal -0.9807852804032303 0 0.19509032201612905
    outer loop
      vertex 25.312592044589877 4.990000000000009 170.57649525193614
      vertex 25.45294673755596 10 171.2821059427897
      vertex 25.312592044589877 10 170.57649525193614
    endloop
  endfacet
  facet normal -0.9469301294951059 0 -0.3214394653031609
    outer loop
      vertex 25.312592044589877 4.990000000000009 173.42350474806386
      vertex 25.081337428812077 10 174.104758878008
      vertex 25.312592044589877 10 173.42350474806386
    endloop
  endfacet
  facet normal -0.9978589232386036 0 0.06540312923014119
    outer loop
      vertex 25.45294673755596 4.990000000000009 171.2821059427897
      vertex 25.5 10 172
      vertex 25.45294673755596 10 171.2821059427897
    endloop
  endfacet
  facet normal -0.9978589232386036 0 -0.06540312923014119
    outer loop
      vertex 25.5 4.990000000000009 172
      vertex 25.45294673755596 10 172.7178940572103
      vertex 25.5 10 172
    endloop
  endfacet
  facet normal -0.9807852804032303 0 -0.19509032201612905
    outer loop
      vertex 25.45294673755596 4.990000000000009 172.7178940572103
      vertex 25.312592044589877 10 173.42350474806386
      vertex 25.45294673755596 10 172.7178940572103
    endloop
  endfacet
  facet normal -0.7518398074789708 0 0.6593458151000763
    outer loop
      vertex 23.88908729652601 4.990000000000009 168.11091270347399
      vertex 24.363443371601793 4.990000000000009 168.65181214045202
      vertex 24.363443371601793 10 168.65181214045202
    endloop
  endfacet
  facet normal -0.8314696123025516 0 0.5555702330195929
    outer loop
      vertex 24.363443371601793 4.990000000000009 168.65181214045202
      vertex 24.76313972081441 4.990000000000009 169.25
      vertex 24.76313972081441 10 169.25
    endloop
  endfacet
  facet normal 0 1 0
    outer loop
      vertex 23.88908729652601 4.990000000000009 168.11091270347399
      vertex 23.908102350834433 4.990000000000009 170.3812110031422
      vertex 24.363443371601793 4.990000000000009 168.65181214045202
    endloop
  endfacet
  facet normal -0.8968727415326864 0 0.4422886902190052
    outer loop
      vertex 24.76313972081441 4.990000000000009 169.25
      vertex 25.081337428812077 4.990000000000009 169.895241121992
      vertex 25.081337428812077 10 169.895241121992
    endloop
  endfacet
  facet normal -0.9469301294951059 0 0.3214394653031609
    outer loop
      vertex 25.081337428812077 4.990000000000009 169.895241121992
      vertex 25.312592044589877 4.990000000000009 170.57649525193614
      vertex 25.312592044589877 10 170.57649525193614
    endloop
  endfacet
  facet normal 0 1 0
    outer loop
      vertex 24.363443371601793 4.990000000000009 168.65181214045202
      vertex 23.908102350834433 4.990000000000009 170.3812110031422
      vertex 24.085962357225274 4.990000000000009 170.90516968607753
    endloop
  endfacet
  facet normal 0 1 0
    outer loop
      vertex 24.363443371601793 4.990000000000009 168.65181214045202
      vertex 24.085962357225274 4.990000000000009 170.90516968607753
      vertex 24.193910414841206 4.990000000000009 171.44786121922837
    endloop
  endfacet
  facet normal 0 1 0
    outer loop
      vertex 24.363443371601793 4.990000000000009 168.65181214045202
      vertex 24.193910414841206 4.990000000000009 171.44786121922837
      vertex 24.230099502487562 4.990000000000009 172
    endloop
  endfacet
  facet normal 0 1 0
    outer loop
      vertex 24.363443371601793 4.990000000000009 168.65181214045202
      vertex 24.363443371601793 4.990000000000009 175.34818785954798
      vertex 24.76313972081441 4.990000000000009 169.25
    endloop
  endfacet
  facet normal 0 1 0
    outer loop
      vertex 24.363443371601793 4.990000000000009 168.65181214045202
      vertex 24.230099502487562 4.990000000000009 172
      vertex 24.363443371601793 4.990000000000009 175.34818785954798
    endloop
  endfacet
  facet normal 0 1 0
    outer loop
      vertex 24.76313972081441 4.990000000000009 169.25
      vertex 24.76313972081441 4.990000000000009 174.75
      vertex 25.081337428812077 4.990000000000009 169.895241121992
    endloop
  endfacet
  facet normal 0 1 0
    outer loop
      vertex 25.081337428812077 4.990000000000009 169.895241121992
      vertex 25.081337428812077 4.990000000000009 174.104758878008
      vertex 25.312592044589877 4.990000000000009 170.57649525193614
    endloop
  endfacet
  facet normal 0 1 0
    outer loop
      vertex 25.312592044589877 4.990000000000009 170.57649525193614
      vertex 25.312592044589877 4.990000000000009 173.42350474806386
      vertex 25.45294673755596 4.990000000000009 171.2821059427897
    endloop
  endfacet
  facet normal -0.9807852804032303 0 -0.19509032201612905
    outer loop
      vertex 25.45294673755596 4.990000000000009 172.7178940572103
      vertex 25.312592044589877 4.990000000000009 173.42350474806386
      vertex 25.312592044589877 10 173.42350474806386
    endloop
  endfacet
  facet normal -0.9469301294951059 0 -0.3214394653031609
    outer loop
      vertex 25.312592044589877 4.990000000000009 173.42350474806386
      vertex 25.081337428812077 4.990000000000009 174.104758878008
      vertex 25.081337428812077 10 174.104758878008
    endloop
  endfacet
  facet normal 0 1 0
    outer loop
      vertex 24.193910414841206 4.990000000000009 172.55213878077163
      vertex 24.085962357225274 4.990000000000009 173.09483031392247
      vertex 24.363443371601793 4.990000000000009 175.34818785954798
    endloop
  endfacet
  facet normal 0 1 0
    outer loop
      vertex 24.230099502487562 4.990000000000009 172
      vertex 24.193910414841206 4.990000000000009 172.55213878077163
      vertex 24.363443371601793 4.990000000000009 175.34818785954798
    endloop
  endfacet
  facet normal 0 1 0
    outer loop
      vertex 24.76313972081441 4.990000000000009 169.25
      vertex 24.363443371601793 4.990000000000009 175.34818785954798
      vertex 24.76313972081441 4.990000000000009 174.75
    endloop
  endfacet
  facet normal 0 1 0
    outer loop
      vertex 25.081337428812077 4.990000000000009 169.895241121992
      vertex 24.76313972081441 4.990000000000009 174.75
      vertex 25.081337428812077 4.990000000000009 174.104758878008
    endloop
  endfacet
  facet normal 0 1 0
    outer loop
      vertex 25.312592044589877 4.990000000000009 170.57649525193614
      vertex 25.081337428812077 4.990000000000009 174.104758878008
      vertex 25.312592044589877 4.990000000000009 173.42350474806386
    endloop
  endfacet
  facet normal -0.9807852804032303 0 0.19509032201612905
    outer loop
      vertex 25.312592044589877 4.990000000000009 170.57649525193614
      vertex 25.45294673755596 4.990000000000009 171.2821059427897
      vertex 25.45294673755596 10 171.2821059427897
    endloop
  endfacet
  facet normal -0.9978589232386036 0 0.06540312923014119
    outer loop
      vertex 25.45294673755596 4.990000000000009 171.2821059427897
      vertex 25.5 4.990000000000009 172
      vertex 25.5 10 172
    endloop
  endfacet
  facet normal -0.9978589232386036 0 -0.06540312923014119
    outer loop
      vertex 25.5 4.990000000000009 172
      vertex 25.45294673755596 4.990000000000009 172.7178940572103
      vertex 25.45294673755596 10 172.7178940572103
    endloop
  endfacet
  facet normal 0 1 0
    outer loop
      vertex 25.45294673755596 4.990000000000009 171.2821059427897
      vertex 25.45294673755596 4.990000000000009 172.7178940572103
      vertex 25.5 4.990000000000009 172
    endloop
  endfacet
  facet normal 0 1 0
    outer loop
      vertex 25.45294673755596 4.990000000000009 171.2821059427897
      vertex 25.312592044589877 4.990000000000009 173.42350474806386
      vertex 25.45294673755596 4.990000000000009 172.7178940572103
    endloop
  endfacet
  facet normal -0.8968727415326864 0 -0.4422886902190052
    outer loop
      vertex 25.081337428812077 4.990000000000009 174.104758878008
      vertex 24.76313972081441 10 174.75
      vertex 25.081337428812077 10 174.104758878008
    endloop
  endfacet
  facet normal -0.8314696123025516 0 -0.5555702330195929
    outer loop
      vertex 24.76313972081441 4.990000000000009 174.75
      vertex 24.363443371601793 10 175.34818785954798
      vertex 24.76313972081441 10 174.75
    endloop
  endfacet
  facet normal -0.7518398074789708 0 -0.6593458151000763
    outer loop
      vertex 24.363443371601793 4.990000000000009 175.34818785954798
      vertex 23.88908729652601 10 175.88908729652601
      vertex 24.363443371601793 10 175.34818785954798
    endloop
  endfacet
  facet normal -0.8314696123025516 0 -0.5555702330195929
    outer loop
      vertex 24.363443371601793 4.990000000000009 175.34818785954798
      vertex 24.363443371601793 10 175.34818785954798
      vertex 24.76313972081441 4.990000000000009 174.75
    endloop
  endfacet
  facet normal -0.8968727415326864 0 -0.4422886902190052
    outer loop
      vertex 25.081337428812077 4.990000000000009 174.104758878008
      vertex 24.76313972081441 4.990000000000009 174.75
      vertex 24.76313972081441 10 174.75
    endloop
  endfacet
  facet normal 0 1 0
    outer loop
      vertex 24.085962357225274 4.990000000000009 173.09483031392247
      vertex 23.908102350834433 4.990000000000009 173.6187889968578
      vertex 24.363443371601793 4.990000000000009 175.34818785954798
    endloop
  endfacet
  facet normal 0 1 0
    outer loop
      vertex 23.908102350834433 4.990000000000009 173.6187889968578
      vertex 23.88908729652601 4.990000000000009 175.88908729652601
      vertex 24.363443371601793 4.990000000000009 175.34818785954798
    endloop
  endfacet
  facet normal -0.7518398074789708 0 -0.6593458151000763
    outer loop
      vertex 24.363443371601793 4.990000000000009 175.34818785954798
      vertex 23.88908729652601 4.990000000000009 175.88908729652601
      vertex 23.88908729652601 10 175.88908729652601
    endloop
  endfacet
  facet normal 0.7518398074789822 0 0.6593458151000634
    outer loop
      vertex 166.6365566283982 4.990000000000009 16.651812140452037
      vertex 167.11091270347399 10 16.11091270347399
      vertex 166.6365566283982 10 16.651812140452037
    endloop
  endfacet
  facet normal 0.8314696123025362 0 0.5555702330196156
    outer loop
      vertex 166.23686027918558 4.990000000000009 17.25
      vertex 166.6365566283982 10 16.651812140452037
      vertex 166.23686027918558 10 17.25
    endloop
  endfacet
  facet normal 0.8968727415326941 0 0.44228869021898937
    outer loop
      vertex 165.91866257118792 4.990000000000009 17.895241121992008
      vertex 166.23686027918558 10 17.25
      vertex 165.91866257118792 10 17.895241121992008
    endloop
  endfacet
  facet normal 0.7518398074789822 0 0.6593458151000634
    outer loop
      vertex 167.11091270347399 4.990000000000009 16.11091270347399
      vertex 167.11091270347399 10 16.11091270347399
      vertex 166.6365566283982 4.990000000000009 16.651812140452037
    endloop
  endfacet
  facet normal 0.8968727415326941 0 0.44228869021898937
    outer loop
      vertex 166.23686027918558 4.990000000000009 17.25
      vertex 166.23686027918558 10 17.25
      vertex 165.91866257118792 4.990000000000009 17.895241121992008
    endloop
  endfacet
  facet normal 0.8314696123025362 0 0.5555702330196156
    outer loop
      vertex 166.23686027918558 4.990000000000009 17.25
      vertex 166.6365566283982 4.990000000000009 16.651812140452037
      vertex 166.6365566283982 10 16.651812140452037
    endloop
  endfacet
  facet normal 0 1 0
    outer loop
      vertex 167.11091270347399 4.990000000000009 16.11091270347399
      vertex 166.6365566283982 4.990000000000009 16.651812140452037
      vertex 167.09189764916556 4.990000000000009 18.3812110031422
    endloop
  endfacet
  facet normal 0 1 0
    outer loop
      vertex 166.6365566283982 4.990000000000009 16.651812140452037
      vertex 166.91403764277473 4.990000000000009 18.90516968607752
      vertex 167.09189764916556 4.990000000000009 18.3812110031422
    endloop
  endfacet
  facet normal 0.9807852804032333 0 0.19509032201611387
    outer loop
      vertex 165.54705326244405 4.990000000000009 19.282105942789716
      vertex 165.68740795541012 10 18.576495251936137
      vertex 165.54705326244405 10 19.282105942789716
    endloop
  endfacet
  facet normal 0.9978589232386026 0 0.06540312923015626
    outer loop
      vertex 165.5 4.990000000000009 20
      vertex 165.54705326244405 10 19.282105942789716
      vertex 165.5 10 20
    endloop
  endfacet
  facet normal 0.9978589232386026 0 -0.06540312923015626
    outer loop
      vertex 165.54705326244405 4.990000000000009 20.717894057210284
      vertex 165.5 10 20
      vertex 165.54705326244405 10 20.717894057210284
    endloop
  endfacet
  facet normal 0.9469301294951048 0 0.32143946530316386
    outer loop
      vertex 165.68740795541012 4.990000000000009 18.576495251936137
      vertex 165.91866257118792 10 17.895241121992008
      vertex 165.68740795541012 10 18.576495251936137
    endloop
  endfacet
  facet normal 0.9807852804032333 0 -0.19509032201611387
    outer loop
      vertex 165.68740795541012 4.990000000000009 21.423504748063863
      vertex 165.54705326244405 10 20.717894057210284
      vertex 165.68740795541012 10 21.423504748063863
    endloop
  endfacet
  facet normal 0.9469301294951048 0 -0.32143946530316386
    outer loop
      vertex 165.91866257118792 4.990000000000009 22.104758878007992
      vertex 165.68740795541012 10 21.423504748063863
      vertex 165.91866257118792 10 22.104758878007992
    endloop
  endfacet
  facet normal 0.8968727415326941 0 -0.44228869021898937
    outer loop
      vertex 166.23686027918558 4.990000000000009 22.75
      vertex 165.91866257118792 10 22.104758878007992
      vertex 166.23686027918558 10 22.75
    endloop
  endfacet
  facet normal 0.8314696123025362 0 -0.5555702330196156
    outer loop
      vertex 166.6365566283982 4.990000000000009 23.348187859547963
      vertex 166.23686027918558 10 22.75
      vertex 166.6365566283982 10 23.348187859547963
    endloop
  endfacet
  facet normal 0.7518398074789822 0 -0.6593458151000634
    outer loop
      vertex 167.11091270347399 4.990000000000009 23.88908729652601
      vertex 166.6365566283982 10 23.348187859547963
      vertex 167.11091270347399 10 23.88908729652601
    endloop
  endfacet
  facet normal 0.9978589232386026 0 0.06540312923015626
    outer loop
      vertex 165.54705326244405 4.990000000000009 19.282105942789716
      vertex 165.54705326244405 10 19.282105942789716
      vertex 165.5 4.990000000000009 20
    endloop
  endfacet
  facet normal 0.9978589232386026 0 -0.06540312923015626
    outer loop
      vertex 165.5 4.990000000000009 20
      vertex 165.5 10 20
      vertex 165.54705326244405 4.990000000000009 20.717894057210284
    endloop
  endfacet
  facet normal 0.9807852804032333 0 -0.19509032201611387
    outer loop
      vertex 165.54705326244405 4.990000000000009 20.717894057210284
      vertex 165.54705326244405 10 20.717894057210284
      vertex 165.68740795541012 4.990000000000009 21.423504748063863
    endloop
  endfacet
  facet normal 0 1 0
    outer loop
      vertex 165.54705326244405 4.990000000000009 19.282105942789716
      vertex 165.54705326244405 4.990000000000009 20.717894057210284
      vertex 165.68740795541012 4.990000000000009 18.576495251936137
    endloop
  endfacet
  facet normal 0 1 0
    outer loop
      vertex 165.54705326244405 4.990000000000009 19.282105942789716
      vertex 165.5 4.990000000000009 20
      vertex 165.54705326244405 4.990000000000009 20.717894057210284
    endloop
  endfacet
  facet normal 0.9469301294951048 0 0.32143946530316386
    outer loop
      vertex 165.91866257118792 4.990000000000009 17.895241121992008
      vertex 165.91866257118792 10 17.895241121992008
      vertex 165.68740795541012 4.990000000000009 18.576495251936137
    endloop
  endfacet
  facet normal 0.9807852804032333 0 0.19509032201611387
    outer loop
      vertex 165.54705326244405 4.990000000000009 19.282105942789716
      vertex 165.68740795541012 4.990000000000009 18.576495251936137
      vertex 165.68740795541012 10 18.576495251936137
    endloop
  endfacet
  facet normal 0 1 0
    outer loop
      vertex 165.91866257118792 4.990000000000009 17.895241121992008
      vertex 165.68740795541012 4.990000000000009 18.576495251936137
      vertex 165.68740795541012 4.990000000000009 21.423504748063863
    endloop
  endfacet
  facet normal 0 1 0
    outer loop
      vertex 166.23686027918558 4.990000000000009 17.25
      vertex 165.91866257118792 4.990000000000009 17.895241121992008
      vertex 165.91866257118792 4.990000000000009 22.104758878007992
    endloop
  endfacet
  facet normal 0 1 0
    outer loop
      vertex 166.23686027918558 4.990000000000009 17.25
      vertex 166.23686027918558 4.990000000000009 22.75
      vertex 166.6365566283982 4.990000000000009 16.651812140452037
    endloop
  endfacet
  facet normal 0 1 0
    outer loop
      vertex 166.6365566283982 4.990000000000009 16.651812140452037
      vertex 166.76990049751242 4.990000000000009 20
      vertex 166.8060895851588 4.990000000000009 19.447861219228365
    endloop
  endfacet
  facet normal 0 1 0
    outer loop
      vertex 166.6365566283982 4.990000000000009 16.651812140452037
      vertex 166.8060895851588 4.990000000000009 19.447861219228365
      vertex 166.91403764277473 4.990000000000009 18.90516968607752
    endloop
  endfacet
  facet normal 0 1 0
    outer loop
      vertex 165.68740795541012 4.990000000000009 18.576495251936137
      vertex 165.54705326244405 4.990000000000009 20.717894057210284
      vertex 165.68740795541012 4.990000000000009 21.423504748063863
    endloop
  endfacet
  facet normal 0 1 0
    outer loop
      vertex 165.91866257118792 4.990000000000009 17.895241121992008
      vertex 165.68740795541012 4.990000000000009 21.423504748063863
      vertex 165.91866257118792 4.990000000000009 22.104758878007992
    endloop
  endfacet
  facet normal 0 1 0
    outer loop
      vertex 166.23686027918558 4.990000000000009 17.25
      vertex 165.91866257118792 4.990000000000009 22.104758878007992
      vertex 166.23686027918558 4.990000000000009 22.75
    endloop
  endfacet
  facet normal 0 1 0
    outer loop
      vertex 166.6365566283982 4.990000000000009 16.651812140452037
      vertex 166.6365566283982 4.990000000000009 23.348187859547963
      vertex 166.76990049751242 4.990000000000009 20
    endloop
  endfacet
  facet normal 0 1 0
    outer loop
      vertex 166.6365566283982 4.990000000000009 16.651812140452037
      vertex 166.23686027918558 4.990000000000009 22.75
      vertex 166.6365566283982 4.990000000000009 23.348187859547963
    endloop
  endfacet
  facet normal 0.9469301294951048 0 -0.32143946530316386
    outer loop
      vertex 165.68740795541012 4.990000000000009 21.423504748063863
      vertex 165.68740795541012 10 21.423504748063863
      vertex 165.91866257118792 4.990000000000009 22.104758878007992
    endloop
  endfacet
  facet normal 0.8968727415326941 0 -0.44228869021898937
    outer loop
      vertex 165.91866257118792 4.990000000000009 22.104758878007992
      vertex 165.91866257118792 10 22.104758878007992
      vertex 166.23686027918558 4.990000000000009 22.75
    endloop
  endfacet
  facet normal 0 1 0
    outer loop
      vertex 166.76990049751242 4.990000000000009 20
      vertex 166.6365566283982 4.990000000000009 23.348187859547963
      vertex 166.8060895851588 4.990000000000009 20.552138780771635
    endloop
  endfacet
  facet normal 0 1 0
    outer loop
      vertex 166.8060895851588 4.990000000000009 20.552138780771635
      vertex 166.6365566283982 4.990000000000009 23.348187859547963
      vertex 166.91403764277473 4.990000000000009 21.09483031392248
    endloop
  endfacet
  facet normal 0 1 0
    outer loop
      vertex 166.91403764277473 4.990000000000009 21.09483031392248
      vertex 166.6365566283982 4.990000000000009 23.348187859547963
      vertex 167.09189764916556 4.990000000000009 21.6187889968578
    endloop
  endfacet
  facet normal 0.8314696123025362 0 -0.5555702330196156
    outer loop
      vertex 166.23686027918558 4.990000000000009 22.75
      vertex 166.23686027918558 10 22.75
      vertex 166.6365566283982 4.990000000000009 23.348187859547963
    endloop
  endfacet
  facet normal 0.7518398074789822 0 -0.6593458151000634
    outer loop
      vertex 166.6365566283982 4.990000000000009 23.348187859547963
      vertex 166.6365566283982 10 23.348187859547963
      vertex 167.11091270347399 4.990000000000009 23.88908729652601
    endloop
  endfacet
  facet normal 0 1 0
    outer loop
      vertex 167.09189764916556 4.990000000000009 21.6187889968578
      vertex 166.6365566283982 4.990000000000009 23.348187859547963
      vertex 167.11091270347399 4.990000000000009 23.88908729652601
    endloop
  endfacet
  facet normal 0.3214394653031587 0 0.9469301294951067
    outer loop
      vertex 168.895241121992 4.990000000000009 14.918662571187923
      vertex 169.57649525193614 10 14.687407955410125
      vertex 168.895241121992 10 14.918662571187923
    endloop
  endfacet
  facet normal 0.19509032201613147 0 0.9807852804032298
    outer loop
      vertex 169.57649525193614 4.990000000000009 14.687407955410125
      vertex 170.2821059427897 10 14.547053262444042
      vertex 169.57649525193614 10 14.687407955410125
    endloop
  endfacet
  facet normal 0.5555702330195929 0 0.8314696123025516
    outer loop
      vertex 167.65181214045202 4.990000000000009 15.636556628398207
      vertex 168.25 10 15.236860279185588
      vertex 167.65181214045202 10 15.636556628398207
    endloop
  endfacet
  facet normal 0.6593458151000763 0 0.7518398074789708
    outer loop
      vertex 167.11091270347399 4.990000000000009 16.11091270347399
      vertex 167.65181214045202 10 15.636556628398207
      vertex 167.11091270347399 10 16.11091270347399
    endloop
  endfacet
  facet normal 0.4422886902190052 0 0.8968727415326864
    outer loop
      vertex 168.25 4.990000000000009 15.236860279185588
      vertex 168.895241121992 10 14.918662571187923
      vertex 168.25 10 15.236860279185588
    endloop
  endfacet
  facet normal 0.06540312923014119 0 0.9978589232386036
    outer loop
      vertex 170.2821059427897 4.990000000000009 14.547053262444042
      vertex 171 10 14.5
      vertex 170.2821059427897 10 14.547053262444042
    endloop
  endfacet
  facet normal -0.06540312923014119 0 0.9978589232386036
    outer loop
      vertex 171 4.990000000000009 14.5
      vertex 171.7178940572103 10 14.547053262444042
      vertex 171 10 14.5
    endloop
  endfacet
  facet normal -0.19509032201613147 0 0.9807852804032298
    outer loop
      vertex 171.7178940572103 4.990000000000009 14.547053262444042
      vertex 172.42350474806386 10 14.687407955410125
      vertex 171.7178940572103 10 14.547053262444042
    endloop
  endfacet
  facet normal -0.3214394653031587 0 0.9469301294951067
    outer loop
      vertex 172.42350474806386 4.990000000000009 14.687407955410125
      vertex 173.104758878008 10 14.918662571187923
      vertex 172.42350474806386 10 14.687407955410125
    endloop
  endfacet
  facet normal 0.3214394653031587 0 0.9469301294951067
    outer loop
      vertex 168.895241121992 4.990000000000009 14.918662571187923
      vertex 169.57649525193614 4.990000000000009 14.687407955410125
      vertex 169.57649525193614 10 14.687407955410125
    endloop
  endfacet
  facet normal 0.19509032201613147 0 0.9807852804032298
    outer loop
      vertex 169.57649525193614 4.990000000000009 14.687407955410125
      vertex 170.2821059427897 4.990000000000009 14.547053262444042
      vertex 170.2821059427897 10 14.547053262444042
    endloop
  endfacet
  facet normal 0.6593458151000763 0 0.7518398074789708
    outer loop
      vertex 167.65181214045202 4.990000000000009 15.636556628398207
      vertex 167.65181214045202 10 15.636556628398207
      vertex 167.11091270347399 4.990000000000009 16.11091270347399
    endloop
  endfacet
  facet normal 0.5555702330195929 0 0.8314696123025516
    outer loop
      vertex 167.65181214045202 4.990000000000009 15.636556628398207
      vertex 168.25 4.990000000000009 15.236860279185588
      vertex 168.25 10 15.236860279185588
    endloop
  endfacet
  facet normal 0 1 0
    outer loop
      vertex 167.65181214045202 4.990000000000009 15.636556628398207
      vertex 167.11091270347399 4.990000000000009 16.11091270347399
      vertex 167.6440364299372 4.990000000000009 17.424878582016593
    endloop
  endfacet
  facet normal 0 1 0
    outer loop
      vertex 167.65181214045202 4.990000000000009 15.636556628398207
      vertex 168.4248785820166 4.990000000000009 16.644036429937202
      vertex 168.25 4.990000000000009 15.236860279185588
    endloop
  endfacet
  facet normal 0 1 0
    outer loop
      vertex 167.65181214045202 4.990000000000009 15.636556628398207
      vertex 168.0088679566972 4.990000000000009 17.008867956697205
      vertex 168.4248785820166 4.990000000000009 16.644036429937202
    endloop
  endfacet
  facet normal 0 1 0
    outer loop
      vertex 168.25 4.990000000000009 15.236860279185588
      vertex 168.4248785820166 4.990000000000009 16.644036429937202
      vertex 168.8849502487562 4.990000000000009 16.336626370309858
    endloop
  endfacet
  facet normal 0 1 0
    outer loop
      vertex 167.11091270347399 4.990000000000009 16.11091270347399
      vertex 167.33662637030986 4.990000000000009 17.88495024875622
      vertex 167.6440364299372 4.990000000000009 17.424878582016593
    endloop
  endfacet
  facet normal 0 1 0
    outer loop
      vertex 167.65181214045202 4.990000000000009 15.636556628398207
      vertex 167.6440364299372 4.990000000000009 17.424878582016593
      vertex 168.0088679566972 4.990000000000009 17.008867956697205
    endloop
  endfacet
  facet normal 0 1 0
    outer loop
      vertex 167.11091270347399 4.990000000000009 16.11091270347399
      vertex 167.09189764916556 4.990000000000009 18.3812110031422
      vertex 167.33662637030986 4.990000000000009 17.88495024875622
    endloop
  endfacet
  facet normal 0.4422886902190052 0 0.8968727415326864
    outer loop
      vertex 168.25 4.990000000000009 15.236860279185588
      vertex 168.895241121992 4.990000000000009 14.918662571187923
      vertex 168.895241121992 10 14.918662571187923
    endloop
  endfacet
  facet normal 0 1 0
    outer loop
      vertex 168.25 4.990000000000009 15.236860279185588
      vertex 168.8849502487562 4.990000000000009 16.336626370309858
      vertex 168.895241121992 4.990000000000009 14.918662571187923
    endloop
  endfacet
  facet normal 0 1 0
    outer loop
      vertex 168.895241121992 4.990000000000009 14.918662571187923
      vertex 168.8849502487562 4.990000000000009 16.336626370309858
      vertex 169.3812110031422 4.990000000000009 16.091897649165567
    endloop
  endfacet
  facet normal 0 1 0
    outer loop
      vertex 168.895241121992 4.990000000000009 14.918662571187923
      vertex 169.90516968607753 4.990000000000009 15.914037642774726
      vertex 169.57649525193614 4.990000000000009 14.687407955410125
    endloop
  endfacet
  facet normal 0 1 0
    outer loop
      vertex 168.895241121992 4.990000000000009 14.918662571187923
      vertex 169.3812110031422 4.990000000000009 16.091897649165567
      vertex 169.90516968607753 4.990000000000009 15.914037642774726
    endloop
  endfacet
  facet normal 0 1 0
    outer loop
      vertex 169.57649525193614 4.990000000000009 14.687407955410125
      vertex 170.44786121922837 4.990000000000009 15.806089585158794
      vertex 170.2821059427897 4.990000000000009 14.547053262444042
    endloop
  endfacet
  facet normal 0 1 0
    outer loop
      vertex 169.57649525193614 4.990000000000009 14.687407955410125
      vertex 169.90516968607753 4.990000000000009 15.914037642774726
      vertex 170.44786121922837 4.990000000000009 15.806089585158794
    endloop
  endfacet
  facet normal 0.06540312923014119 0 0.9978589232386036
    outer loop
      vertex 170.2821059427897 4.990000000000009 14.547053262444042
      vertex 171 4.990000000000009 14.5
      vertex 171 10 14.5
    endloop
  endfacet
  facet normal -0.06540312923014119 0 0.9978589232386036
    outer loop
      vertex 171 4.990000000000009 14.5
      vertex 171.7178940572103 4.990000000000009 14.547053262444042
      vertex 171.7178940572103 10 14.547053262444042
    endloop
  endfacet
  facet normal 0 1 0
    outer loop
      vertex 170.2821059427897 4.990000000000009 14.547053262444042
      vertex 171 4.990000000000009 15.769900497512438
      vertex 171 4.990000000000009 14.5
    endloop
  endfacet
  facet normal 0 1 0
    outer loop
      vertex 171 4.990000000000009 14.5
      vertex 171.55213878077163 4.990000000000009 15.806089585158794
      vertex 171.7178940572103 4.990000000000009 14.547053262444042
    endloop
  endfacet
  facet normal -0.19509032201613147 0 0.9807852804032298
    outer loop
      vertex 171.7178940572103 4.990000000000009 14.547053262444042
      vertex 172.42350474806386 4.990000000000009 14.687407955410125
      vertex 172.42350474806386 10 14.687407955410125
    endloop
  endfacet
  facet normal -0.3214394653031587 0 0.9469301294951067
    outer loop
      vertex 172.42350474806386 4.990000000000009 14.687407955410125
      vertex 173.104758878008 4.990000000000009 14.918662571187923
      vertex 173.104758878008 10 14.918662571187923
    endloop
  endfacet
  facet normal 0 1 0
    outer loop
      vertex 170.2821059427897 4.990000000000009 14.547053262444042
      vertex 170.44786121922837 4.990000000000009 15.806089585158794
      vertex 171 4.990000000000009 15.769900497512438
    endloop
  endfacet
  facet normal 0 1 0
    outer loop
      vertex 171 4.990000000000009 14.5
      vertex 171 4.990000000000009 15.769900497512438
      vertex 171.55213878077163 4.990000000000009 15.806089585158794
    endloop
  endfacet
  facet normal 0 1 0
    outer loop
      vertex 171.7178940572103 4.990000000000009 14.547053262444042
      vertex 171.55213878077163 4.990000000000009 15.806089585158794
      vertex 172.09483031392247 4.990000000000009 15.914037642774726
    endloop
  endfacet
  facet normal 0 1 0
    outer loop
      vertex 171.7178940572103 4.990000000000009 14.547053262444042
      vertex 172.09483031392247 4.990000000000009 15.914037642774726
      vertex 172.42350474806386 4.990000000000009 14.687407955410125
    endloop
  endfacet
  facet normal 0 1 0
    outer loop
      vertex 172.42350474806386 4.990000000000009 14.687407955410125
      vertex 172.6187889968578 4.990000000000009 16.091897649165567
      vertex 173.104758878008 4.990000000000009 14.918662571187923
    endloop
  endfacet
  facet normal 0 1 0
    outer loop
      vertex 172.42350474806386 4.990000000000009 14.687407955410125
      vertex 172.09483031392247 4.990000000000009 15.914037642774726
      vertex 172.6187889968578 4.990000000000009 16.091897649165567
    endloop
  endfacet
  facet normal 0 1 0
    outer loop
      vertex 173.104758878008 4.990000000000009 14.918662571187923
      vertex 172.6187889968578 4.990000000000009 16.091897649165567
      vertex 173.1150497512438 4.990000000000009 16.336626370309858
    endloop
  endfacet
  facet normal 0 1 0
    outer loop
      vertex 167.09189764916556 4.990000000000009 21.6187889968578
      vertex 167.11091270347399 4.990000000000009 23.88908729652601
      vertex 167.33662637030986 4.990000000000009 22.11504975124378
    endloop
  endfacet
  facet normal 0 1 0
    outer loop
      vertex 167.33662637030986 4.990000000000009 22.11504975124378
      vertex 167.11091270347399 4.990000000000009 23.88908729652601
      vertex 167.6440364299372 4.990000000000009 22.575121417983407
    endloop
  endfacet
  facet normal 0 1 0
    outer loop
      vertex 167.6440364299372 4.990000000000009 22.575121417983407
      vertex 167.11091270347399 4.990000000000009 23.88908729652601
      vertex 167.65181214045202 4.990000000000009 24.363443371601793
    endloop
  endfacet
  facet normal 0 1 0
    outer loop
      vertex 167.6440364299372 4.990000000000009 22.575121417983407
      vertex 167.65181214045202 4.990000000000009 24.363443371601793
      vertex 168.0088679566972 4.990000000000009 22.991132043302795
    endloop
  endfacet
  facet normal 0 1 0
    outer loop
      vertex 168.0088679566972 4.990000000000009 22.991132043302795
      vertex 168.25 4.990000000000009 24.76313972081441
      vertex 168.4248785820166 4.990000000000009 23.355963570062798
    endloop
  endfacet
  facet normal 0 1 0
    outer loop
      vertex 168.4248785820166 4.990000000000009 23.355963570062798
      vertex 168.25 4.990000000000009 24.76313972081441
      vertex 168.8849502487562 4.990000000000009 23.663373629690142
    endloop
  endfacet
  facet normal -0.4422886902190052 0 0.8968727415326864
    outer loop
      vertex 173.104758878008 4.990000000000009 14.918662571187923
      vertex 173.75 10 15.236860279185588
      vertex 173.104758878008 10 14.918662571187923
    endloop
  endfacet
  facet normal -0.5555702330195929 0 0.8314696123025516
    outer loop
      vertex 173.75 4.990000000000009 15.236860279185588
      vertex 174.34818785954798 10 15.636556628398207
      vertex 173.75 10 15.236860279185588
    endloop
  endfacet
  facet normal -0.6593458151000763 0 0.7518398074789708
    outer loop
      vertex 174.34818785954798 4.990000000000009 15.636556628398207
      vertex 174.88908729652601 10 16.11091270347399
      vertex 174.34818785954798 10 15.636556628398207
    endloop
  endfacet
  facet normal -0.7518398074789822 0 0.6593458151000634
    outer loop
      vertex 174.88908729652601 4.990000000000009 16.11091270347399
      vertex 175.3634433716018 10 16.651812140452037
      vertex 174.88908729652601 10 16.11091270347399
    endloop
  endfacet
  facet normal -0.8314696123025362 0 0.5555702330196156
    outer loop
      vertex 175.3634433716018 4.990000000000009 16.651812140452037
      vertex 175.76313972081442 10 17.25
      vertex 175.3634433716018 10 16.651812140452037
    endloop
  endfacet
  facet normal -0.8968727415326941 0 0.44228869021898937
    outer loop
      vertex 175.76313972081442 4.990000000000009 17.25
      vertex 176.08133742881208 10 17.895241121992008
      vertex 175.76313972081442 10 17.25
    endloop
  endfacet
  facet normal -0.4422886902190052 0 0.8968727415326864
    outer loop
      vertex 173.104758878008 4.990000000000009 14.918662571187923
      vertex 173.75 4.990000000000009 15.236860279185588
      vertex 173.75 10 15.236860279185588
    endloop
  endfacet
  facet normal -0.5555702330195929 0 0.8314696123025516
    outer loop
      vertex 173.75 4.990000000000009 15.236860279185588
      vertex 174.34818785954798 4.990000000000009 15.636556628398207
      vertex 174.34818785954798 10 15.636556628398207
    endloop
  endfacet
  facet normal 0 1 0
    outer loop
      vertex 173.104758878008 4.990000000000009 14.918662571187923
      vertex 173.1150497512438 4.990000000000009 16.336626370309858
      vertex 173.75 4.990000000000009 15.236860279185588
    endloop
  endfacet
  facet normal 0 1 0
    outer loop
      vertex 173.75 4.990000000000009 15.236860279185588
      vertex 173.1150497512438 4.990000000000009 16.336626370309858
      vertex 173.5751214179834 4.990000000000009 16.644036429937202
    endloop
  endfacet
  facet normal 0 1 0
    outer loop
      vertex 173.75 4.990000000000009 15.236860279185588
      vertex 173.5751214179834 4.990000000000009 16.644036429937202
      vertex 173.9911320433028 4.990000000000009 17.008867956697205
    endloop
  endfacet
  facet normal 0 1 0
    outer loop
      vertex 173.75 4.990000000000009 15.236860279185588
      vertex 173.9911320433028 4.990000000000009 17.008867956697205
      vertex 174.34818785954798 4.990000000000009 15.636556628398207
    endloop
  endfacet
  facet normal 0 1 0
    outer loop
      vertex 174.34818785954798 4.990000000000009 15.636556628398207
      vertex 174.3559635700628 4.990000000000009 17.424878582016593
      vertex 174.88908729652601 4.990000000000009 16.11091270347399
    endloop
  endfacet
  facet normal 0 1 0
    outer loop
      vertex 174.34818785954798 4.990000000000009 15.636556628398207
      vertex 173.9911320433028 4.990000000000009 17.008867956697205
      vertex 174.3559635700628 4.990000000000009 17.424878582016593
    endloop
  endfacet
  facet normal -0.6593458151000763 0 0.7518398074789708
    outer loop
      vertex 174.34818785954798 4.990000000000009 15.636556628398207
      vertex 174.88908729652601 4.990000000000009 16.11091270347399
      vertex 174.88908729652601 10 16.11091270347399
    endloop
  endfacet
  facet normal -0.7518398074789822 0 0.6593458151000634
    outer loop
      vertex 174.88908729652601 4.990000000000009 16.11091270347399
      vertex 175.3634433716018 4.990000000000009 16.651812140452037
      vertex 175.3634433716018 10 16.651812140452037
    endloop
  endfacet
  facet normal -0.8314696123025362 0 0.5555702330196156
    outer loop
      vertex 175.3634433716018 4.990000000000009 16.651812140452037
      vertex 175.76313972081442 4.990000000000009 17.25
      vertex 175.76313972081442 10 17.25
    endloop
  endfacet
  facet normal -0.8968727415326941 0 0.44228869021898937
    outer loop
      vertex 175.76313972081442 4.990000000000009 17.25
      vertex 176.08133742881208 4.990000000000009 17.895241121992008
      vertex 176.08133742881208 10 17.895241121992008
    endloop
  endfacet
  facet normal 0 1 0
    outer loop
      vertex 174.88908729652601 4.990000000000009 16.11091270347399
      vertex 174.3559635700628 4.990000000000009 17.424878582016593
      vertex 174.66337362969014 4.990000000000009 17.88495024875622
    endloop
  endfacet
  facet normal 0 1 0
    outer loop
      vertex 174.88908729652601 4.990000000000009 16.11091270347399
      vertex 174.90810235083444 4.990000000000009 18.3812110031422
      vertex 175.3634433716018 4.990000000000009 16.651812140452037
    endloop
  endfacet
  facet normal 0 1 0
    outer loop
      vertex 174.88908729652601 4.990000000000009 16.11091270347399
      vertex 174.66337362969014 4.990000000000009 17.88495024875622
      vertex 174.90810235083444 4.990000000000009 18.3812110031422
    endloop
  endfacet
  facet normal 0 1 0
    outer loop
      vertex 175.3634433716018 4.990000000000009 16.651812140452037
      vertex 174.90810235083444 4.990000000000009 18.3812110031422
      vertex 175.08596235722527 4.990000000000009 18.90516968607752
    endloop
  endfacet
  facet normal -0.8968727415326941 0 -0.44228869021898937
    outer loop
      vertex 176.08133742881208 4.990000000000009 22.104758878007992
      vertex 175.76313972081442 10 22.75
      vertex 176.08133742881208 10 22.104758878007992
    endloop
  endfacet
  facet normal -0.7518398074789822 0 -0.6593458151000634
    outer loop
      vertex 175.3634433716018 4.990000000000009 23.348187859547963
      vertex 174.88908729652601 10 23.88908729652601
      vertex 175.3634433716018 10 23.348187859547963
    endloop
  endfacet
  facet normal -0.8314696123025362 0 -0.5555702330196156
    outer loop
      vertex 175.76313972081442 4.990000000000009 22.75
      vertex 175.3634433716018 10 23.348187859547963
      vertex 175.76313972081442 10 22.75
    endloop
  endfacet
  facet normal -0.9469301294951048 0 0.32143946530316386
    outer loop
      vertex 176.08133742881208 4.990000000000009 17.895241121992008
      vertex 176.31259204458988 10 18.576495251936137
      vertex 176.08133742881208 10 17.895241121992008
    endloop
  endfacet
  facet normal -0.9807852804032333 0 0.19509032201611387
    outer loop
      vertex 176.31259204458988 4.990000000000009 18.576495251936137
      vertex 176.45294673755595 10 19.282105942789716
      vertex 176.31259204458988 10 18.576495251936137
    endloop
  endfacet
  facet normal -0.9978589232386026 0 0.06540312923015626
    outer loop
      vertex 176.45294673755595 4.990000000000009 19.282105942789716
      vertex 176.5 10 20
      vertex 176.45294673755595 10 19.282105942789716
    endloop
  endfacet
  facet normal -0.9978589232386026 0 -0.06540312923015626
    outer loop
      vertex 176.5 4.990000000000009 20
      vertex 176.45294673755595 10 20.717894057210284
      vertex 176.5 10 20
    endloop
  endfacet
  facet normal -0.9807852804032333 0 -0.19509032201611387
    outer loop
      vertex 176.45294673755595 4.990000000000009 20.717894057210284
      vertex 176.31259204458988 10 21.423504748063863
      vertex 176.45294673755595 10 20.717894057210284
    endloop
  endfacet
  facet normal -0.9469301294951048 0 -0.32143946530316386
    outer loop
      vertex 176.31259204458988 4.990000000000009 21.423504748063863
      vertex 176.08133742881208 10 22.104758878007992
      vertex 176.31259204458988 10 21.423504748063863
    endloop
  endfacet
  facet normal 0 1 0
    outer loop
      vertex 175.3634433716018 4.990000000000009 16.651812140452037
      vertex 175.08596235722527 4.990000000000009 18.90516968607752
      vertex 175.1939104148412 4.990000000000009 19.447861219228365
    endloop
  endfacet
  facet normal 0 1 0
    outer loop
      vertex 175.3634433716018 4.990000000000009 16.651812140452037
      vertex 175.1939104148412 4.990000000000009 19.447861219228365
      vertex 175.23009950248758 4.990000000000009 20
    endloop
  endfacet
  facet normal 0 1 0
    outer loop
      vertex 175.3634433716018 4.990000000000009 16.651812140452037
      vertex 175.3634433716018 4.990000000000009 23.348187859547963
      vertex 175.76313972081442 4.990000000000009 17.25
    endloop
  endfacet
  facet normal 0 1 0
    outer loop
      vertex 175.76313972081442 4.990000000000009 17.25
      vertex 175.76313972081442 4.990000000000009 22.75
      vertex 176.08133742881208 4.990000000000009 17.895241121992008
    endloop
  endfacet
  facet normal 0 1 0
    outer loop
      vertex 175.3634433716018 4.990000000000009 16.651812140452037
      vertex 175.23009950248758 4.990000000000009 20
      vertex 175.3634433716018 4.990000000000009 23.348187859547963
    endloop
  endfacet
  facet normal 0 1 0
    outer loop
      vertex 176.08133742881208 4.990000000000009 17.895241121992008
      vertex 175.76313972081442 4.990000000000009 22.75
      vertex 176.08133742881208 4.990000000000009 22.104758878007992
    endloop
  endfacet
  facet normal 0 1 0
    outer loop
      vertex 173.1150497512438 4.990000000000009 23.663373629690142
      vertex 173.75 4.990000000000009 24.76313972081441
      vertex 173.5751214179834 4.990000000000009 23.355963570062798
    endloop
  endfacet
  facet normal 0 1 0
    outer loop
      vertex 173.5751214179834 4.990000000000009 23.355963570062798
      vertex 174.34818785954798 4.990000000000009 24.363443371601793
      vertex 173.9911320433028 4.990000000000009 22.991132043302795
    endloop
  endfacet
  facet normal 0 1 0
    outer loop
      vertex 174.3559635700628 4.990000000000009 22.575121417983407
      vertex 173.9911320433028 4.990000000000009 22.991132043302795
      vertex 174.34818785954798 4.990000000000009 24.363443371601793
    endloop
  endfacet
  facet normal 0 1 0
    outer loop
      vertex 174.3559635700628 4.990000000000009 22.575121417983407
      vertex 174.34818785954798 4.990000000000009 24.363443371601793
      vertex 174.88908729652601 4.990000000000009 23.88908729652601
    endloop
  endfacet
  facet normal 0 1 0
    outer loop
      vertex 175.23009950248758 4.990000000000009 20
      vertex 175.1939104148412 4.990000000000009 20.552138780771635
      vertex 175.3634433716018 4.990000000000009 23.348187859547963
    endloop
  endfacet
  facet normal 0 1 0
    outer loop
      vertex 175.1939104148412 4.990000000000009 20.552138780771635
      vertex 175.08596235722527 4.990000000000009 21.09483031392248
      vertex 175.3634433716018 4.990000000000009 23.348187859547963
    endloop
  endfacet
  facet normal 0 1 0
    outer loop
      vertex 175.08596235722527 4.990000000000009 21.09483031392248
      vertex 174.90810235083444 4.990000000000009 21.6187889968578
      vertex 175.3634433716018 4.990000000000009 23.348187859547963
    endloop
  endfacet
  facet normal 0 1 0
    outer loop
      vertex 175.76313972081442 4.990000000000009 17.25
      vertex 175.3634433716018 4.990000000000009 23.348187859547963
      vertex 175.76313972081442 4.990000000000009 22.75
    endloop
  endfacet
  facet normal -0.7518398074789822 0 -0.6593458151000634
    outer loop
      vertex 175.3634433716018 4.990000000000009 23.348187859547963
      vertex 174.88908729652601 4.990000000000009 23.88908729652601
      vertex 174.88908729652601 10 23.88908729652601
    endloop
  endfacet
  facet normal -0.8314696123025362 0 -0.5555702330196156
    outer loop
      vertex 175.3634433716018 4.990000000000009 23.348187859547963
      vertex 175.3634433716018 10 23.348187859547963
      vertex 175.76313972081442 4.990000000000009 22.75
    endloop
  endfacet
  facet normal -0.8968727415326941 0 -0.44228869021898937
    outer loop
      vertex 176.08133742881208 4.990000000000009 22.104758878007992
      vertex 175.76313972081442 4.990000000000009 22.75
      vertex 175.76313972081442 10 22.75
    endloop
  endfacet
  facet normal 0 1 0
    outer loop
      vertex 174.3559635700628 4.990000000000009 22.575121417983407
      vertex 174.88908729652601 4.990000000000009 23.88908729652601
      vertex 174.66337362969014 4.990000000000009 22.11504975124378
    endloop
  endfacet
  facet normal 0 1 0
    outer loop
      vertex 174.90810235083444 4.990000000000009 21.6187889968578
      vertex 174.66337362969014 4.990000000000009 22.11504975124378
      vertex 174.88908729652601 4.990000000000009 23.88908729652601
    endloop
  endfacet
  facet normal 0 1 0
    outer loop
      vertex 174.90810235083444 4.990000000000009 21.6187889968578
      vertex 174.88908729652601 4.990000000000009 23.88908729652601
      vertex 175.3634433716018 4.990000000000009 23.348187859547963
    endloop
  endfacet
  facet normal -0.9469301294951048 0 0.32143946530316386
    outer loop
      vertex 176.08133742881208 4.990000000000009 17.895241121992008
      vertex 176.31259204458988 4.990000000000009 18.576495251936137
      vertex 176.31259204458988 10 18.576495251936137
    endloop
  endfacet
  facet normal -0.9807852804032333 0 0.19509032201611387
    outer loop
      vertex 176.31259204458988 4.990000000000009 18.576495251936137
      vertex 176.45294673755595 4.990000000000009 19.282105942789716
      vertex 176.45294673755595 10 19.282105942789716
    endloop
  endfacet
  facet normal -0.9978589232386026 0 0.06540312923015626
    outer loop
      vertex 176.45294673755595 4.990000000000009 19.282105942789716
      vertex 176.5 4.990000000000009 20
      vertex 176.5 10 20
    endloop
  endfacet
  facet normal -0.9978589232386026 0 -0.06540312923015626
    outer loop
      vertex 176.5 4.990000000000009 20
      vertex 176.45294673755595 4.990000000000009 20.717894057210284
      vertex 176.45294673755595 10 20.717894057210284
    endloop
  endfacet
  facet normal 0 1 0
    outer loop
      vertex 176.08133742881208 4.990000000000009 17.895241121992008
      vertex 176.08133742881208 4.990000000000009 22.104758878007992
      vertex 176.31259204458988 4.990000000000009 18.576495251936137
    endloop
  endfacet
  facet normal 0 1 0
    outer loop
      vertex 176.31259204458988 4.990000000000009 18.576495251936137
      vertex 176.31259204458988 4.990000000000009 21.423504748063863
      vertex 176.45294673755595 4.990000000000009 19.282105942789716
    endloop
  endfacet
  facet normal 0 1 0
    outer loop
      vertex 176.45294673755595 4.990000000000009 19.282105942789716
      vertex 176.45294673755595 4.990000000000009 20.717894057210284
      vertex 176.5 4.990000000000009 20
    endloop
  endfacet
  facet normal 0 1 0
    outer loop
      vertex 176.45294673755595 4.990000000000009 19.282105942789716
      vertex 176.31259204458988 4.990000000000009 21.423504748063863
      vertex 176.45294673755595 4.990000000000009 20.717894057210284
    endloop
  endfacet
  facet normal 0 1 0
    outer loop
      vertex 176.31259204458988 4.990000000000009 18.576495251936137
      vertex 176.08133742881208 4.990000000000009 22.104758878007992
      vertex 176.31259204458988 4.990000000000009 21.423504748063863
    endloop
  endfacet
  facet normal -0.9807852804032333 0 -0.19509032201611387
    outer loop
      vertex 176.45294673755595 4.990000000000009 20.717894057210284
      vertex 176.31259204458988 4.990000000000009 21.423504748063863
      vertex 176.31259204458988 10 21.423504748063863
    endloop
  endfacet
  facet normal -0.9469301294951048 0 -0.32143946530316386
    outer loop
      vertex 176.08133742881208 4.990000000000009 22.104758878007992
      vertex 176.08133742881208 10 22.104758878007992
      vertex 176.31259204458988 4.990000000000009 21.423504748063863
    endloop
  endfacet
  facet normal 0.6593458151000763 0 -0.7518398074789708
    outer loop
      vertex 167.65181214045202 4.990000000000009 24.363443371601793
      vertex 167.11091270347399 10 23.88908729652601
      vertex 167.65181214045202 10 24.363443371601793
    endloop
  endfacet
  facet normal 0.5555702330195929 0 -0.8314696123025516
    outer loop
      vertex 168.25 4.990000000000009 24.76313972081441
      vertex 167.65181214045202 10 24.363443371601793
      vertex 168.25 10 24.76313972081441
    endloop
  endfacet
  facet normal 0.4422886902190052 0 -0.8968727415326864
    outer loop
      vertex 168.895241121992 4.990000000000009 25.081337428812077
      vertex 168.25 10 24.76313972081441
      vertex 168.895241121992 10 25.081337428812077
    endloop
  endfacet
  facet normal 0.3214394653031609 0 -0.9469301294951059
    outer loop
      vertex 169.57649525193614 4.990000000000009 25.312592044589877
      vertex 168.895241121992 10 25.081337428812077
      vertex 169.57649525193614 10 25.312592044589877
    endloop
  endfacet
  facet normal 0.19509032201612905 0 -0.9807852804032303
    outer loop
      vertex 170.2821059427897 4.990000000000009 25.45294673755596
      vertex 169.57649525193614 10 25.312592044589877
      vertex 170.2821059427897 10 25.45294673755596
    endloop
  endfacet
  facet normal 0.06540312923014119 0 -0.9978589232386036
    outer loop
      vertex 171 4.990000000000009 25.5
      vertex 170.2821059427897 10 25.45294673755596
      vertex 171 10 25.5
    endloop
  endfacet
  facet normal -0.06540312923014119 0 -0.9978589232386036
    outer loop
      vertex 171.7178940572103 4.990000000000009 25.45294673755596
      vertex 171 10 25.5
      vertex 171.7178940572103 10 25.45294673755596
    endloop
  endfacet
  facet normal -0.19509032201612905 0 -0.9807852804032303
    outer loop
      vertex 172.42350474806386 4.990000000000009 25.312592044589877
      vertex 171.7178940572103 10 25.45294673755596
      vertex 172.42350474806386 10 25.312592044589877
    endloop
  endfacet
  facet normal -0.3214394653031609 0 -0.9469301294951059
    outer loop
      vertex 173.104758878008 4.990000000000009 25.081337428812077
      vertex 172.42350474806386 10 25.312592044589877
      vertex 173.104758878008 10 25.081337428812077
    endloop
  endfacet
  facet normal 0.6593458151000763 0 -0.7518398074789708
    outer loop
      vertex 167.11091270347399 4.990000000000009 23.88908729652601
      vertex 167.11091270347399 10 23.88908729652601
      vertex 167.65181214045202 4.990000000000009 24.363443371601793
    endloop
  endfacet
  facet normal 0.5555702330195929 0 -0.8314696123025516
    outer loop
      vertex 167.65181214045202 4.990000000000009 24.363443371601793
      vertex 167.65181214045202 10 24.363443371601793
      vertex 168.25 4.990000000000009 24.76313972081441
    endloop
  endfacet
  facet normal 0.4422886902190052 0 -0.8968727415326864
    outer loop
      vertex 168.25 4.990000000000009 24.76313972081441
      vertex 168.25 10 24.76313972081441
      vertex 168.895241121992 4.990000000000009 25.081337428812077
    endloop
  endfacet
  facet normal 0 1 0
    outer loop
      vertex 167.65181214045202 4.990000000000009 24.363443371601793
      vertex 168.25 4.990000000000009 24.76313972081441
      vertex 168.0088679566972 4.990000000000009 22.991132043302795
    endloop
  endfacet
  facet normal 0.3214394653031609 0 -0.9469301294951059
    outer loop
      vertex 168.895241121992 4.990000000000009 25.081337428812077
      vertex 168.895241121992 10 25.081337428812077
      vertex 169.57649525193614 4.990000000000009 25.312592044589877
    endloop
  endfacet
  facet normal 0.19509032201612905 0 -0.9807852804032303
    outer loop
      vertex 169.57649525193614 4.990000000000009 25.312592044589877
      vertex 169.57649525193614 10 25.312592044589877
      vertex 170.2821059427897 4.990000000000009 25.45294673755596
    endloop
  endfacet
  facet normal 0 1 0
    outer loop
      vertex 168.8849502487562 4.990000000000009 23.663373629690142
      vertex 168.25 4.990000000000009 24.76313972081441
      vertex 168.895241121992 4.990000000000009 25.081337428812077
    endloop
  endfacet
  facet normal 0 1 0
    outer loop
      vertex 168.8849502487562 4.990000000000009 23.663373629690142
      vertex 168.895241121992 4.990000000000009 25.081337428812077
      vertex 169.3812110031422 4.990000000000009 23.908102350834433
    endloop
  endfacet
  facet normal 0 1 0
    outer loop
      vertex 169.3812110031422 4.990000000000009 23.908102350834433
      vertex 168.895241121992 4.990000000000009 25.081337428812077
      vertex 169.57649525193614 4.990000000000009 25.312592044589877
    endloop
  endfacet
  facet normal 0 1 0
    outer loop
      vertex 169.3812110031422 4.990000000000009 23.908102350834433
      vertex 169.57649525193614 4.990000000000009 25.312592044589877
      vertex 169.90516968607753 4.990000000000009 24.085962357225274
    endloop
  endfacet
  facet normal 0 1 0
    outer loop
      vertex 169.90516968607753 4.990000000000009 24.085962357225274
      vertex 169.57649525193614 4.990000000000009 25.312592044589877
      vertex 170.2821059427897 4.990000000000009 25.45294673755596
    endloop
  endfacet
  facet normal 0.06540312923014119 0 -0.9978589232386036
    outer loop
      vertex 170.2821059427897 4.990000000000009 25.45294673755596
      vertex 170.2821059427897 10 25.45294673755596
      vertex 171 4.990000000000009 25.5
    endloop
  endfacet
  facet normal -0.06540312923014119 0 -0.9978589232386036
    outer loop
      vertex 171.7178940572103 4.990000000000009 25.45294673755596
      vertex 171 4.990000000000009 25.5
      vertex 171 10 25.5
    endloop
  endfacet
  facet normal 0 1 0
    outer loop
      vertex 169.90516968607753 4.990000000000009 24.085962357225274
      vertex 170.2821059427897 4.990000000000009 25.45294673755596
      vertex 170.44786121922837 4.990000000000009 24.193910414841206
    endloop
  endfacet
  facet normal 0 1 0
    outer loop
      vertex 170.44786121922837 4.990000000000009 24.193910414841206
      vertex 171 4.990000000000009 25.5
      vertex 171 4.990000000000009 24.230099502487562
    endloop
  endfacet
  facet normal 0 1 0
    outer loop
      vertex 170.44786121922837 4.990000000000009 24.193910414841206
      vertex 170.2821059427897 4.990000000000009 25.45294673755596
      vertex 171 4.990000000000009 25.5
    endloop
  endfacet
  facet normal 0 1 0
    outer loop
      vertex 171 4.990000000000009 24.230099502487562
      vertex 171.7178940572103 4.990000000000009 25.45294673755596
      vertex 171.55213878077163 4.990000000000009 24.193910414841206
    endloop
  endfacet
  facet normal 0 1 0
    outer loop
      vertex 171 4.990000000000009 24.230099502487562
      vertex 171 4.990000000000009 25.5
      vertex 171.7178940572103 4.990000000000009 25.45294673755596
    endloop
  endfacet
  facet normal -0.19509032201612905 0 -0.9807852804032303
    outer loop
      vertex 171.7178940572103 4.990000000000009 25.45294673755596
      vertex 171.7178940572103 10 25.45294673755596
      vertex 172.42350474806386 4.990000000000009 25.312592044589877
    endloop
  endfacet
  facet normal -0.3214394653031609 0 -0.9469301294951059
    outer loop
      vertex 172.42350474806386 4.990000000000009 25.312592044589877
      vertex 172.42350474806386 10 25.312592044589877
      vertex 173.104758878008 4.990000000000009 25.081337428812077
    endloop
  endfacet
  facet normal 0 1 0
    outer loop
      vertex 172.09483031392247 4.990000000000009 24.085962357225274
      vertex 171.55213878077163 4.990000000000009 24.193910414841206
      vertex 172.42350474806386 4.990000000000009 25.312592044589877
    endloop
  endfacet
  facet normal 0 1 0
    outer loop
      vertex 171.55213878077163 4.990000000000009 24.193910414841206
      vertex 171.7178940572103 4.990000000000009 25.45294673755596
      vertex 172.42350474806386 4.990000000000009 25.312592044589877
    endloop
  endfacet
  facet normal 0 1 0
    outer loop
      vertex 172.09483031392247 4.990000000000009 24.085962357225274
      vertex 173.104758878008 4.990000000000009 25.081337428812077
      vertex 172.6187889968578 4.990000000000009 23.908102350834433
    endloop
  endfacet
  facet normal 0 1 0
    outer loop
      vertex 172.6187889968578 4.990000000000009 23.908102350834433
      vertex 173.104758878008 4.990000000000009 25.081337428812077
      vertex 173.1150497512438 4.990000000000009 23.663373629690142
    endloop
  endfacet
  facet normal 0 1 0
    outer loop
      vertex 172.09483031392247 4.990000000000009 24.085962357225274
      vertex 172.42350474806386 4.990000000000009 25.312592044589877
      vertex 173.104758878008 4.990000000000009 25.081337428812077
    endloop
  endfacet
  facet normal -0.4422886902190052 0 -0.8968727415326864
    outer loop
      vertex 173.75 4.990000000000009 24.76313972081441
      vertex 173.104758878008 10 25.081337428812077
      vertex 173.75 10 24.76313972081441
    endloop
  endfacet
  facet normal -0.5555702330195929 0 -0.8314696123025516
    outer loop
      vertex 174.34818785954798 4.990000000000009 24.363443371601793
      vertex 173.75 10 24.76313972081441
      vertex 174.34818785954798 10 24.363443371601793
    endloop
  endfacet
  facet normal -0.6593458151000763 0 -0.7518398074789708
    outer loop
      vertex 174.88908729652601 4.990000000000009 23.88908729652601
      vertex 174.34818785954798 10 24.363443371601793
      vertex 174.88908729652601 10 23.88908729652601
    endloop
  endfacet
  facet normal -0.4422886902190052 0 -0.8968727415326864
    outer loop
      vertex 173.104758878008 4.990000000000009 25.081337428812077
      vertex 173.104758878008 10 25.081337428812077
      vertex 173.75 4.990000000000009 24.76313972081441
    endloop
  endfacet
  facet normal -0.5555702330195929 0 -0.8314696123025516
    outer loop
      vertex 173.75 4.990000000000009 24.76313972081441
      vertex 173.75 10 24.76313972081441
      vertex 174.34818785954798 4.990000000000009 24.363443371601793
    endloop
  endfacet
  facet normal -0.6593458151000763 0 -0.7518398074789708
    outer loop
      vertex 174.88908729652601 4.990000000000009 23.88908729652601
      vertex 174.34818785954798 4.990000000000009 24.363443371601793
      vertex 174.34818785954798 10 24.363443371601793
    endloop
  endfacet
  facet normal 0 1 0
    outer loop
      vertex 173.1150497512438 4.990000000000009 23.663373629690142
      vertex 173.104758878008 4.990000000000009 25.081337428812077
      vertex 173.75 4.990000000000009 24.76313972081441
    endloop
  endfacet
  facet normal 0 1 0
    outer loop
      vertex 173.5751214179834 4.990000000000009 23.355963570062798
      vertex 173.75 4.990000000000009 24.76313972081441
      vertex 174.34818785954798 4.990000000000009 24.363443371601793
    endloop
  endfacet
  facet normal 0.8314696123025423 0 0.5555702330196065
    outer loop
      vertex 166.23686027918558 4.990000000000009 169.25
      vertex 166.6365566283982 10 168.65181214045202
      vertex 166.23686027918558 10 169.25
    endloop
  endfacet
  facet normal 0.7518398074789758 0 0.6593458151000707
    outer loop
      vertex 166.6365566283982 4.990000000000009 168.65181214045202
      vertex 167.11091270347399 10 168.11091270347399
      vertex 166.6365566283982 10 168.65181214045202
    endloop
  endfacet
  facet normal 0.8968727415326923 0 0.4422886902189933
    outer loop
      vertex 165.91866257118792 4.990000000000009 169.895241121992
      vertex 166.23686027918558 10 169.25
      vertex 165.91866257118792 10 169.895241121992
    endloop
  endfacet
  facet normal 0.9469301294951059 0 0.3214394653031609
    outer loop
      vertex 165.68740795541012 4.990000000000009 170.57649525193614
      vertex 165.91866257118792 10 169.895241121992
      vertex 165.68740795541012 10 170.57649525193614
    endloop
  endfacet
  facet normal 0.9807852804032332 0 0.19509032201611481
    outer loop
      vertex 165.54705326244405 4.990000000000009 171.2821059427897
      vertex 165.68740795541012 10 170.57649525193614
      vertex 165.54705326244405 10 171.2821059427897
    endloop
  endfacet
  facet normal 0.9978589232386026 0 0.06540312923015594
    outer loop
      vertex 165.5 4.990000000000009 172
      vertex 165.54705326244405 10 171.2821059427897
      vertex 165.5 10 172
    endloop
  endfacet
  facet normal 0.9978589232386026 0 -0.06540312923015594
    outer loop
      vertex 165.54705326244405 4.990000000000009 172.7178940572103
      vertex 165.5 10 172
      vertex 165.54705326244405 10 172.7178940572103
    endloop
  endfacet
  facet normal 0.9807852804032332 0 -0.19509032201611481
    outer loop
      vertex 165.68740795541012 4.990000000000009 173.42350474806386
      vertex 165.54705326244405 10 172.7178940572103
      vertex 165.68740795541012 10 173.42350474806386
    endloop
  endfacet
  facet normal 0.9469301294951059 0 -0.3214394653031609
    outer loop
      vertex 165.91866257118792 4.990000000000009 174.104758878008
      vertex 165.68740795541012 10 173.42350474806386
      vertex 165.91866257118792 10 174.104758878008
    endloop
  endfacet
  facet normal 0.8968727415326923 0 0.4422886902189933
    outer loop
      vertex 166.23686027918558 4.990000000000009 169.25
      vertex 166.23686027918558 10 169.25
      vertex 165.91866257118792 4.990000000000009 169.895241121992
    endloop
  endfacet
  facet normal 0.7518398074789758 0 0.6593458151000707
    outer loop
      vertex 167.11091270347399 4.990000000000009 168.11091270347399
      vertex 167.11091270347399 10 168.11091270347399
      vertex 166.6365566283982 4.990000000000009 168.65181214045202
    endloop
  endfacet
  facet normal 0.8314696123025423 0 0.5555702330196065
    outer loop
      vertex 166.6365566283982 4.990000000000009 168.65181214045202
      vertex 166.6365566283982 10 168.65181214045202
      vertex 166.23686027918558 4.990000000000009 169.25
    endloop
  endfacet
  facet normal 0 1 0
    outer loop
      vertex 167.11091270347399 4.990000000000009 168.11091270347399
      vertex 166.6365566283982 4.990000000000009 168.65181214045202
      vertex 167.09189764916556 4.990000000000009 170.3812110031422
    endloop
  endfacet
  facet normal 0.9469301294951059 0 0.3214394653031609
    outer loop
      vertex 165.91866257118792 4.990000000000009 169.895241121992
      vertex 165.91866257118792 10 169.895241121992
      vertex 165.68740795541012 4.990000000000009 170.57649525193614
    endloop
  endfacet
  facet normal 0.9807852804032332 0 0.19509032201611481
    outer loop
      vertex 165.54705326244405 4.990000000000009 171.2821059427897
      vertex 165.68740795541012 4.990000000000009 170.57649525193614
      vertex 165.68740795541012 10 170.57649525193614
    endloop
  endfacet
  facet normal 0 1 0
    outer loop
      vertex 166.6365566283982 4.990000000000009 168.65181214045202
      vertex 166.23686027918558 4.990000000000009 169.25
      vertex 166.23686027918558 4.990000000000009 174.75
    endloop
  endfacet
  facet normal 0 1 0
    outer loop
      vertex 166.6365566283982 4.990000000000009 168.65181214045202
      vertex 166.91403764277473 4.990000000000009 170.90516968607753
      vertex 167.09189764916556 4.990000000000009 170.3812110031422
    endloop
  endfacet
  facet normal 0 1 0
    outer loop
      vertex 166.6365566283982 4.990000000000009 168.65181214045202
      vertex 166.76990049751242 4.990000000000009 172
      vertex 166.8060895851588 4.990000000000009 171.44786121922837
    endloop
  endfacet
  facet normal 0 1 0
    outer loop
      vertex 166.6365566283982 4.990000000000009 168.65181214045202
      vertex 166.8060895851588 4.990000000000009 171.44786121922837
      vertex 166.91403764277473 4.990000000000009 170.90516968607753
    endloop
  endfacet
  facet normal 0.9978589232386026 0 0.06540312923015594
    outer loop
      vertex 165.54705326244405 4.990000000000009 171.2821059427897
      vertex 165.54705326244405 10 171.2821059427897
      vertex 165.5 4.990000000000009 172
    endloop
  endfacet
  facet normal 0.9978589232386026 0 -0.06540312923015594
    outer loop
      vertex 165.5 4.990000000000009 172
      vertex 165.5 10 172
      vertex 165.54705326244405 4.990000000000009 172.7178940572103
    endloop
  endfacet
  facet normal 0 1 0
    outer loop
      vertex 165.54705326244405 4.990000000000009 171.2821059427897
      vertex 165.54705326244405 4.990000000000009 172.7178940572103
      vertex 165.68740795541012 4.990000000000009 170.57649525193614
    endloop
  endfacet
  facet normal 0 1 0
    outer loop
      vertex 165.54705326244405 4.990000000000009 171.2821059427897
      vertex 165.5 4.990000000000009 172
      vertex 165.54705326244405 4.990000000000009 172.7178940572103
    endloop
  endfacet
  facet normal 0.9807852804032332 0 -0.19509032201611481
    outer loop
      vertex 165.54705326244405 4.990000000000009 172.7178940572103
      vertex 165.54705326244405 10 172.7178940572103
      vertex 165.68740795541012 4.990000000000009 173.42350474806386
    endloop
  endfacet
  facet normal 0 1 0
    outer loop
      vertex 165.91866257118792 4.990000000000009 169.895241121992
      vertex 165.68740795541012 4.990000000000009 170.57649525193614
      vertex 165.68740795541012 4.990000000000009 173.42350474806386
    endloop
  endfacet
  facet normal 0 1 0
    outer loop
      vertex 166.23686027918558 4.990000000000009 169.25
      vertex 165.91866257118792 4.990000000000009 169.895241121992
      vertex 165.91866257118792 4.990000000000009 174.104758878008
    endloop
  endfacet
  facet normal 0 1 0
    outer loop
      vertex 165.68740795541012 4.990000000000009 170.57649525193614
      vertex 165.54705326244405 4.990000000000009 172.7178940572103
      vertex 165.68740795541012 4.990000000000009 173.42350474806386
    endloop
  endfacet
  facet normal 0 1 0
    outer loop
      vertex 165.91866257118792 4.990000000000009 169.895241121992
      vertex 165.68740795541012 4.990000000000009 173.42350474806386
      vertex 165.91866257118792 4.990000000000009 174.104758878008
    endloop
  endfacet
  facet normal 0 1 0
    outer loop
      vertex 166.6365566283982 4.990000000000009 168.65181214045202
      vertex 166.6365566283982 4.990000000000009 175.34818785954798
      vertex 166.76990049751242 4.990000000000009 172
    endloop
  endfacet
  facet normal 0.9469301294951059 0 -0.3214394653031609
    outer loop
      vertex 165.68740795541012 4.990000000000009 173.42350474806386
      vertex 165.68740795541012 10 173.42350474806386
      vertex 165.91866257118792 4.990000000000009 174.104758878008
    endloop
  endfacet
  facet normal 0 1 0
    outer loop
      vertex 166.23686027918558 4.990000000000009 169.25
      vertex 165.91866257118792 4.990000000000009 174.104758878008
      vertex 166.23686027918558 4.990000000000009 174.75
    endloop
  endfacet
  facet normal 0 1 0
    outer loop
      vertex 166.6365566283982 4.990000000000009 168.65181214045202
      vertex 166.23686027918558 4.990000000000009 174.75
      vertex 166.6365566283982 4.990000000000009 175.34818785954798
    endloop
  endfacet
  facet normal 0 1 0
    outer loop
      vertex 166.76990049751242 4.990000000000009 172
      vertex 166.6365566283982 4.990000000000009 175.34818785954798
      vertex 166.8060895851588 4.990000000000009 172.55213878077163
    endloop
  endfacet
  facet normal 0 1 0
    outer loop
      vertex 166.8060895851588 4.990000000000009 172.55213878077163
      vertex 166.6365566283982 4.990000000000009 175.34818785954798
      vertex 166.91403764277473 4.990000000000009 173.09483031392247
    endloop
  endfacet
  facet normal 0.8968727415326923 0 -0.4422886902189933
    outer loop
      vertex 166.23686027918558 4.990000000000009 174.75
      vertex 165.91866257118792 10 174.104758878008
      vertex 166.23686027918558 10 174.75
    endloop
  endfacet
  facet normal 0.8314696123025423 0 -0.5555702330196065
    outer loop
      vertex 166.6365566283982 4.990000000000009 175.34818785954798
      vertex 166.23686027918558 10 174.75
      vertex 166.6365566283982 10 175.34818785954798
    endloop
  endfacet
  facet normal 0.7518398074789758 0 -0.6593458151000707
    outer loop
      vertex 167.11091270347399 4.990000000000009 175.88908729652601
      vertex 166.6365566283982 10 175.34818785954798
      vertex 167.11091270347399 10 175.88908729652601
    endloop
  endfacet
  facet normal 0.8968727415326923 0 -0.4422886902189933
    outer loop
      vertex 165.91866257118792 4.990000000000009 174.104758878008
      vertex 165.91866257118792 10 174.104758878008
      vertex 166.23686027918558 4.990000000000009 174.75
    endloop
  endfacet
  facet normal 0.8314696123025423 0 -0.5555702330196065
    outer loop
      vertex 166.23686027918558 4.990000000000009 174.75
      vertex 166.23686027918558 10 174.75
      vertex 166.6365566283982 4.990000000000009 175.34818785954798
    endloop
  endfacet
  facet normal 0 1 0
    outer loop
      vertex 166.91403764277473 4.990000000000009 173.09483031392247
      vertex 166.6365566283982 4.990000000000009 175.34818785954798
      vertex 167.09189764916556 4.990000000000009 173.6187889968578
    endloop
  endfacet
  facet normal 0 1 0
    outer loop
      vertex 167.09189764916556 4.990000000000009 173.6187889968578
      vertex 166.6365566283982 4.990000000000009 175.34818785954798
      vertex 167.11091270347399 4.990000000000009 175.88908729652601
    endloop
  endfacet
  facet normal 0.7518398074789758 0 -0.6593458151000707
    outer loop
      vertex 166.6365566283982 4.990000000000009 175.34818785954798
      vertex 166.6365566283982 10 175.34818785954798
      vertex 167.11091270347399 4.990000000000009 175.88908729652601
    endloop
  endfacet
  facet normal 0.6593458151000707 0 0.7518398074789758
    outer loop
      vertex 167.11091270347399 4.990000000000009 168.11091270347399
      vertex 167.65181214045202 10 167.6365566283982
      vertex 167.11091270347399 10 168.11091270347399
    endloop
  endfacet
  facet normal 0.5555702330196065 0 0.8314696123025423
    outer loop
      vertex 167.65181214045202 4.990000000000009 167.6365566283982
      vertex 168.25 10 167.23686027918558
      vertex 167.65181214045202 10 167.6365566283982
    endloop
  endfacet
  facet normal 0.4422886902189933 0 0.8968727415326923
    outer loop
      vertex 168.25 4.990000000000009 167.23686027918558
      vertex 168.895241121992 10 166.91866257118792
      vertex 168.25 10 167.23686027918558
    endloop
  endfacet
  facet normal 0.3214394653031609 0 0.9469301294951059
    outer loop
      vertex 168.895241121992 4.990000000000009 166.91866257118792
      vertex 169.57649525193614 10 166.68740795541012
      vertex 168.895241121992 10 166.91866257118792
    endloop
  endfacet
  facet normal 0.19509032201611481 0 0.9807852804032332
    outer loop
      vertex 169.57649525193614 4.990000000000009 166.68740795541012
      vertex 170.2821059427897 10 166.54705326244405
      vertex 169.57649525193614 10 166.68740795541012
    endloop
  endfacet
  facet normal 0.06540312923015594 0 0.9978589232386026
    outer loop
      vertex 170.2821059427897 4.990000000000009 166.54705326244405
      vertex 171 10 166.5
      vertex 170.2821059427897 10 166.54705326244405
    endloop
  endfacet
  facet normal -0.06540312923015594 0 0.9978589232386026
    outer loop
      vertex 171 4.990000000000009 166.5
      vertex 171.7178940572103 10 166.54705326244405
      vertex 171 10 166.5
    endloop
  endfacet
  facet normal -0.19509032201611481 0 0.9807852804032332
    outer loop
      vertex 171.7178940572103 4.990000000000009 166.54705326244405
      vertex 172.42350474806386 10 166.68740795541012
      vertex 171.7178940572103 10 166.54705326244405
    endloop
  endfacet
  facet normal -0.3214394653031609 0 0.9469301294951059
    outer loop
      vertex 172.42350474806386 4.990000000000009 166.68740795541012
      vertex 173.104758878008 10 166.91866257118792
      vertex 172.42350474806386 10 166.68740795541012
    endloop
  endfacet
  facet normal 0.6593458151000707 0 0.7518398074789758
    outer loop
      vertex 167.65181214045202 4.990000000000009 167.6365566283982
      vertex 167.65181214045202 10 167.6365566283982
      vertex 167.11091270347399 4.990000000000009 168.11091270347399
    endloop
  endfacet
  facet normal 0.5555702330196065 0 0.8314696123025423
    outer loop
      vertex 167.65181214045202 4.990000000000009 167.6365566283982
      vertex 168.25 4.990000000000009 167.23686027918558
      vertex 168.25 10 167.23686027918558
    endloop
  endfacet
  facet normal 0 1 0
    outer loop
      vertex 167.65181214045202 4.990000000000009 167.6365566283982
      vertex 168.4248785820166 4.990000000000009 168.6440364299372
      vertex 168.25 4.990000000000009 167.23686027918558
    endloop
  endfacet
  facet normal 0.4422886902189933 0 0.8968727415326923
    outer loop
      vertex 168.25 4.990000000000009 167.23686027918558
      vertex 168.895241121992 4.990000000000009 166.91866257118792
      vertex 168.895241121992 10 166.91866257118792
    endloop
  endfacet
  facet normal 0.3214394653031609 0 0.9469301294951059
    outer loop
      vertex 168.895241121992 4.990000000000009 166.91866257118792
      vertex 169.57649525193614 4.990000000000009 166.68740795541012
      vertex 169.57649525193614 10 166.68740795541012
    endloop
  endfacet
  facet normal 0.19509032201611481 0 0.9807852804032332
    outer loop
      vertex 169.57649525193614 4.990000000000009 166.68740795541012
      vertex 170.2821059427897 4.990000000000009 166.54705326244405
      vertex 170.2821059427897 10 166.54705326244405
    endloop
  endfacet
  facet normal 0 1 0
    outer loop
      vertex 168.25 4.990000000000009 167.23686027918558
      vertex 168.8849502487562 4.990000000000009 168.33662637030986
      vertex 168.895241121992 4.990000000000009 166.91866257118792
    endloop
  endfacet
  facet normal 0 1 0
    outer loop
      vertex 168.895241121992 4.990000000000009 166.91866257118792
      vertex 168.8849502487562 4.990000000000009 168.33662637030986
      vertex 169.3812110031422 4.990000000000009 168.09189764916556
    endloop
  endfacet
  facet normal 0 1 0
    outer loop
      vertex 168.895241121992 4.990000000000009 166.91866257118792
      vertex 169.90516968607753 4.990000000000009 167.91403764277473
      vertex 169.57649525193614 4.990000000000009 166.68740795541012
    endloop
  endfacet
  facet normal 0 1 0
    outer loop
      vertex 169.57649525193614 4.990000000000009 166.68740795541012
      vertex 170.44786121922837 4.990000000000009 167.8060895851588
      vertex 170.2821059427897 4.990000000000009 166.54705326244405
    endloop
  endfacet
  facet normal 0 1 0
    outer loop
      vertex 168.895241121992 4.990000000000009 166.91866257118792
      vertex 169.3812110031422 4.990000000000009 168.09189764916556
      vertex 169.90516968607753 4.990000000000009 167.91403764277473
    endloop
  endfacet
  facet normal 0 1 0
    outer loop
      vertex 169.57649525193614 4.990000000000009 166.68740795541012
      vertex 169.90516968607753 4.990000000000009 167.91403764277473
      vertex 170.44786121922837 4.990000000000009 167.8060895851588
    endloop
  endfacet
  facet normal 0.06540312923015594 0 0.9978589232386026
    outer loop
      vertex 170.2821059427897 4.990000000000009 166.54705326244405
      vertex 171 4.990000000000009 166.5
      vertex 171 10 166.5
    endloop
  endfacet
  facet normal -0.06540312923015594 0 0.9978589232386026
    outer loop
      vertex 171 4.990000000000009 166.5
      vertex 171.7178940572103 4.990000000000009 166.54705326244405
      vertex 171.7178940572103 10 166.54705326244405
    endloop
  endfacet
  facet normal 0 1 0
    outer loop
      vertex 170.2821059427897 4.990000000000009 166.54705326244405
      vertex 171 4.990000000000009 167.76990049751242
      vertex 171 4.990000000000009 166.5
    endloop
  endfacet
  facet normal 0 1 0
    outer loop
      vertex 170.2821059427897 4.990000000000009 166.54705326244405
      vertex 170.44786121922837 4.990000000000009 167.8060895851588
      vertex 171 4.990000000000009 167.76990049751242
    endloop
  endfacet
  facet normal 0 1 0
    outer loop
      vertex 171 4.990000000000009 166.5
      vertex 171.55213878077163 4.990000000000009 167.8060895851588
      vertex 171.7178940572103 4.990000000000009 166.54705326244405
    endloop
  endfacet
  facet normal 0 1 0
    outer loop
      vertex 171 4.990000000000009 166.5
      vertex 171 4.990000000000009 167.76990049751242
      vertex 171.55213878077163 4.990000000000009 167.8060895851588
    endloop
  endfacet
  facet normal -0.19509032201611481 0 0.9807852804032332
    outer loop
      vertex 171.7178940572103 4.990000000000009 166.54705326244405
      vertex 172.42350474806386 4.990000000000009 166.68740795541012
      vertex 172.42350474806386 10 166.68740795541012
    endloop
  endfacet
  facet normal -0.3214394653031609 0 0.9469301294951059
    outer loop
      vertex 172.42350474806386 4.990000000000009 166.68740795541012
      vertex 173.104758878008 4.990000000000009 166.91866257118792
      vertex 173.104758878008 10 166.91866257118792
    endloop
  endfacet
  facet normal 0 1 0
    outer loop
      vertex 171.7178940572103 4.990000000000009 166.54705326244405
      vertex 172.09483031392247 4.990000000000009 167.91403764277473
      vertex 172.42350474806386 4.990000000000009 166.68740795541012
    endloop
  endfacet
  facet normal 0 1 0
    outer loop
      vertex 171.7178940572103 4.990000000000009 166.54705326244405
      vertex 171.55213878077163 4.990000000000009 167.8060895851588
      vertex 172.09483031392247 4.990000000000009 167.91403764277473
    endloop
  endfacet
  facet normal 0 1 0
    outer loop
      vertex 172.42350474806386 4.990000000000009 166.68740795541012
      vertex 172.6187889968578 4.990000000000009 168.09189764916556
      vertex 173.104758878008 4.990000000000009 166.91866257118792
    endloop
  endfacet
  facet normal 0 1 0
    outer loop
      vertex 172.09483031392247 4.990000000000009 167.91403764277473
      vertex 172.6187889968578 4.990000000000009 168.09189764916556
      vertex 172.42350474806386 4.990000000000009 166.68740795541012
    endloop
  endfacet
  facet normal 0 1 0
    outer loop
      vertex 173.104758878008 4.990000000000009 166.91866257118792
      vertex 172.6187889968578 4.990000000000009 168.09189764916556
      vertex 173.1150497512438 4.990000000000009 168.33662637030986
    endloop
  endfacet
  facet normal -0.4422886902189933 0 0.8968727415326923
    outer loop
      vertex 173.104758878008 4.990000000000009 166.91866257118792
      vertex 173.75 10 167.23686027918558
      vertex 173.104758878008 10 166.91866257118792
    endloop
  endfacet
  facet normal -0.5555702330196065 0 0.8314696123025423
    outer loop
      vertex 173.75 4.990000000000009 167.23686027918558
      vertex 174.34818785954798 10 167.6365566283982
      vertex 173.75 10 167.23686027918558
    endloop
  endfacet
  facet normal -0.6593458151000707 0 0.7518398074789758
    outer loop
      vertex 174.34818785954798 4.990000000000009 167.6365566283982
      vertex 174.88908729652601 10 168.11091270347399
      vertex 174.34818785954798 10 167.6365566283982
    endloop
  endfacet
  facet normal -0.4422886902189933 0 0.8968727415326923
    outer loop
      vertex 173.104758878008 4.990000000000009 166.91866257118792
      vertex 173.75 4.990000000000009 167.23686027918558
      vertex 173.75 10 167.23686027918558
    endloop
  endfacet
  facet normal -0.5555702330196065 0 0.8314696123025423
    outer loop
      vertex 173.75 4.990000000000009 167.23686027918558
      vertex 174.34818785954798 4.990000000000009 167.6365566283982
      vertex 174.34818785954798 10 167.6365566283982
    endloop
  endfacet
  facet normal 0 1 0
    outer loop
      vertex 173.104758878008 4.990000000000009 166.91866257118792
      vertex 173.1150497512438 4.990000000000009 168.33662637030986
      vertex 173.75 4.990000000000009 167.23686027918558
    endloop
  endfacet
  facet normal 0 1 0
    outer loop
      vertex 173.75 4.990000000000009 167.23686027918558
      vertex 173.9911320433028 4.990000000000009 169.0088679566972
      vertex 174.34818785954798 4.990000000000009 167.6365566283982
    endloop
  endfacet
  facet normal -0.6593458151000707 0 0.7518398074789758
    outer loop
      vertex 174.34818785954798 4.990000000000009 167.6365566283982
      vertex 174.88908729652601 4.990000000000009 168.11091270347399
      vertex 174.88908729652601 10 168.11091270347399
    endloop
  endfacet
  facet normal 0 1 0
    outer loop
      vertex 167.65181214045202 4.990000000000009 167.6365566283982
      vertex 167.11091270347399 4.990000000000009 168.11091270347399
      vertex 167.6440364299372 4.990000000000009 169.4248785820166
    endloop
  endfacet
  facet normal 0 1 0
    outer loop
      vertex 167.65181214045202 4.990000000000009 167.6365566283982
      vertex 167.6440364299372 4.990000000000009 169.4248785820166
      vertex 168.0088679566972 4.990000000000009 169.0088679566972
    endloop
  endfacet
  facet normal 0 1 0
    outer loop
      vertex 167.11091270347399 4.990000000000009 168.11091270347399
      vertex 167.09189764916556 4.990000000000009 170.3812110031422
      vertex 167.33662637030986 4.990000000000009 169.8849502487562
    endloop
  endfacet
  facet normal 0 1 0
    outer loop
      vertex 167.11091270347399 4.990000000000009 168.11091270347399
      vertex 167.33662637030986 4.990000000000009 169.8849502487562
      vertex 167.6440364299372 4.990000000000009 169.4248785820166
    endloop
  endfacet
  facet normal 0 1 0
    outer loop
      vertex 167.65181214045202 4.990000000000009 167.6365566283982
      vertex 168.0088679566972 4.990000000000009 169.0088679566972
      vertex 168.4248785820166 4.990000000000009 168.6440364299372
    endloop
  endfacet
  facet normal 0 1 0
    outer loop
      vertex 168.25 4.990000000000009 167.23686027918558
      vertex 168.4248785820166 4.990000000000009 168.6440364299372
      vertex 168.8849502487562 4.990000000000009 168.33662637030986
    endloop
  endfacet
  facet normal 0.6593458151000707 0 -0.7518398074789758
    outer loop
      vertex 167.65181214045202 4.990000000000009 176.3634433716018
      vertex 167.11091270347399 10 175.88908729652601
      vertex 167.65181214045202 10 176.3634433716018
    endloop
  endfacet
  facet normal 0.5555702330196065 0 -0.8314696123025423
    outer loop
      vertex 168.25 4.990000000000009 176.76313972081442
      vertex 167.65181214045202 10 176.3634433716018
      vertex 168.25 10 176.76313972081442
    endloop
  endfacet
  facet normal 0.4422886902189933 0 -0.8968727415326923
    outer loop
      vertex 168.895241121992 4.990000000000009 177.08133742881208
      vertex 168.25 10 176.76313972081442
      vertex 168.895241121992 10 177.08133742881208
    endloop
  endfacet
  facet normal 0.3214394653031609 0 -0.9469301294951059
    outer loop
      vertex 169.57649525193614 4.990000000000009 177.31259204458988
      vertex 168.895241121992 10 177.08133742881208
      vertex 169.57649525193614 10 177.31259204458988
    endloop
  endfacet
  facet normal 0.19509032201611481 0 -0.9807852804032332
    outer loop
      vertex 170.2821059427897 4.990000000000009 177.45294673755595
      vertex 169.57649525193614 10 177.31259204458988
      vertex 170.2821059427897 10 177.45294673755595
    endloop
  endfacet
  facet normal 0.06540312923015594 0 -0.9978589232386026
    outer loop
      vertex 171 4.990000000000009 177.5
      vertex 170.2821059427897 10 177.45294673755595
      vertex 171 10 177.5
    endloop
  endfacet
  facet normal -0.06540312923015594 0 -0.9978589232386026
    outer loop
      vertex 171.7178940572103 4.990000000000009 177.45294673755595
      vertex 171 10 177.5
      vertex 171.7178940572103 10 177.45294673755595
    endloop
  endfacet
  facet normal -0.19509032201611481 0 -0.9807852804032332
    outer loop
      vertex 172.42350474806386 4.990000000000009 177.31259204458988
      vertex 171.7178940572103 10 177.45294673755595
      vertex 172.42350474806386 10 177.31259204458988
    endloop
  endfacet
  facet normal -0.3214394653031609 0 -0.9469301294951059
    outer loop
      vertex 173.104758878008 4.990000000000009 177.08133742881208
      vertex 172.42350474806386 10 177.31259204458988
      vertex 173.104758878008 10 177.08133742881208
    endloop
  endfacet
  facet normal 0 1 0
    outer loop
      vertex 167.09189764916556 4.990000000000009 173.6187889968578
      vertex 167.11091270347399 4.990000000000009 175.88908729652601
      vertex 167.33662637030986 4.990000000000009 174.1150497512438
    endloop
  endfacet
  facet normal 0 1 0
    outer loop
      vertex 167.33662637030986 4.990000000000009 174.1150497512438
      vertex 167.11091270347399 4.990000000000009 175.88908729652601
      vertex 167.6440364299372 4.990000000000009 174.5751214179834
    endloop
  endfacet
  facet normal 0 1 0
    outer loop
      vertex 167.6440364299372 4.990000000000009 174.5751214179834
      vertex 167.65181214045202 4.990000000000009 176.3634433716018
      vertex 168.0088679566972 4.990000000000009 174.9911320433028
    endloop
  endfacet
  facet normal 0.6593458151000707 0 -0.7518398074789758
    outer loop
      vertex 167.11091270347399 4.990000000000009 175.88908729652601
      vertex 167.11091270347399 10 175.88908729652601
      vertex 167.65181214045202 4.990000000000009 176.3634433716018
    endloop
  endfacet
  facet normal 0.5555702330196065 0 -0.8314696123025423
    outer loop
      vertex 167.65181214045202 4.990000000000009 176.3634433716018
      vertex 167.65181214045202 10 176.3634433716018
      vertex 168.25 4.990000000000009 176.76313972081442
    endloop
  endfacet
  facet normal 0.4422886902189933 0 -0.8968727415326923
    outer loop
      vertex 168.25 4.990000000000009 176.76313972081442
      vertex 168.25 10 176.76313972081442
      vertex 168.895241121992 4.990000000000009 177.08133742881208
    endloop
  endfacet
  facet normal 0 1 0
    outer loop
      vertex 167.6440364299372 4.990000000000009 174.5751214179834
      vertex 167.11091270347399 4.990000000000009 175.88908729652601
      vertex 167.65181214045202 4.990000000000009 176.3634433716018
    endloop
  endfacet
  facet normal 0 1 0
    outer loop
      vertex 168.0088679566972 4.990000000000009 174.9911320433028
      vertex 168.25 4.990000000000009 176.76313972081442
      vertex 168.4248785820166 4.990000000000009 175.3559635700628
    endloop
  endfacet
  facet normal 0 1 0
    outer loop
      vertex 167.65181214045202 4.990000000000009 176.3634433716018
      vertex 168.25 4.990000000000009 176.76313972081442
      vertex 168.0088679566972 4.990000000000009 174.9911320433028
    endloop
  endfacet
  facet normal 0 1 0
    outer loop
      vertex 168.4248785820166 4.990000000000009 175.3559635700628
      vertex 168.25 4.990000000000009 176.76313972081442
      vertex 168.8849502487562 4.990000000000009 175.66337362969014
    endloop
  endfacet
  facet normal 0 1 0
    outer loop
      vertex 168.8849502487562 4.990000000000009 175.66337362969014
      vertex 168.895241121992 4.990000000000009 177.08133742881208
      vertex 169.3812110031422 4.990000000000009 175.90810235083444
    endloop
  endfacet
  facet normal 0 1 0
    outer loop
      vertex 168.8849502487562 4.990000000000009 175.66337362969014
      vertex 168.25 4.990000000000009 176.76313972081442
      vertex 168.895241121992 4.990000000000009 177.08133742881208
    endloop
  endfacet
  facet normal 0 1 0
    outer loop
      vertex 169.3812110031422 4.990000000000009 175.90810235083444
      vertex 168.895241121992 4.990000000000009 177.08133742881208
      vertex 169.57649525193614 4.990000000000009 177.31259204458988
    endloop
  endfacet
  facet normal 0 1 0
    outer loop
      vertex 169.3812110031422 4.990000000000009 175.90810235083444
      vertex 169.57649525193614 4.990000000000009 177.31259204458988
      vertex 169.90516968607753 4.990000000000009 176.08596235722527
    endloop
  endfacet
  facet normal 0 1 0
    outer loop
      vertex 169.90516968607753 4.990000000000009 176.08596235722527
      vertex 169.57649525193614 4.990000000000009 177.31259204458988
      vertex 170.2821059427897 4.990000000000009 177.45294673755595
    endloop
  endfacet
  facet normal 0.3214394653031609 0 -0.9469301294951059
    outer loop
      vertex 168.895241121992 4.990000000000009 177.08133742881208
      vertex 168.895241121992 10 177.08133742881208
      vertex 169.57649525193614 4.990000000000009 177.31259204458988
    endloop
  endfacet
  facet normal 0.19509032201611481 0 -0.9807852804032332
    outer loop
      vertex 169.57649525193614 4.990000000000009 177.31259204458988
      vertex 169.57649525193614 10 177.31259204458988
      vertex 170.2821059427897 4.990000000000009 177.45294673755595
    endloop
  endfacet
  facet normal 0 1 0
    outer loop
      vertex 169.90516968607753 4.990000000000009 176.08596235722527
      vertex 170.2821059427897 4.990000000000009 177.45294673755595
      vertex 170.44786121922837 4.990000000000009 176.1939104148412
    endloop
  endfacet
  facet normal 0 1 0
    outer loop
      vertex 170.44786121922837 4.990000000000009 176.1939104148412
      vertex 171 4.990000000000009 177.5
      vertex 171 4.990000000000009 176.23009950248758
    endloop
  endfacet
  facet normal 0 1 0
    outer loop
      vertex 171 4.990000000000009 176.23009950248758
      vertex 171.7178940572103 4.990000000000009 177.45294673755595
      vertex 171.55213878077163 4.990000000000009 176.1939104148412
    endloop
  endfacet
  facet normal 0 1 0
    outer loop
      vertex 171.55213878077163 4.990000000000009 176.1939104148412
      vertex 171.7178940572103 4.990000000000009 177.45294673755595
      vertex 172.42350474806386 4.990000000000009 177.31259204458988
    endloop
  endfacet
  facet normal 0 1 0
    outer loop
      vertex 172.09483031392247 4.990000000000009 176.08596235722527
      vertex 171.55213878077163 4.990000000000009 176.1939104148412
      vertex 172.42350474806386 4.990000000000009 177.31259204458988
    endloop
  endfacet
  facet normal 0 1 0
    outer loop
      vertex 172.6187889968578 4.990000000000009 175.90810235083444
      vertex 173.104758878008 4.990000000000009 177.08133742881208
      vertex 173.1150497512438 4.990000000000009 175.66337362969014
    endloop
  endfacet
  facet normal 0 1 0
    outer loop
      vertex 172.09483031392247 4.990000000000009 176.08596235722527
      vertex 173.104758878008 4.990000000000009 177.08133742881208
      vertex 172.6187889968578 4.990000000000009 175.90810235083444
    endloop
  endfacet
  facet normal 0 1 0
    outer loop
      vertex 172.09483031392247 4.990000000000009 176.08596235722527
      vertex 172.42350474806386 4.990000000000009 177.31259204458988
      vertex 173.104758878008 4.990000000000009 177.08133742881208
    endloop
  endfacet
  facet normal 0.06540312923015594 0 -0.9978589232386026
    outer loop
      vertex 170.2821059427897 4.990000000000009 177.45294673755595
      vertex 170.2821059427897 10 177.45294673755595
      vertex 171 4.990000000000009 177.5
    endloop
  endfacet
  facet normal -0.06540312923015594 0 -0.9978589232386026
    outer loop
      vertex 171 4.990000000000009 177.5
      vertex 171 10 177.5
      vertex 171.7178940572103 4.990000000000009 177.45294673755595
    endloop
  endfacet
  facet normal 0 1 0
    outer loop
      vertex 170.44786121922837 4.990000000000009 176.1939104148412
      vertex 170.2821059427897 4.990000000000009 177.45294673755595
      vertex 171 4.990000000000009 177.5
    endloop
  endfacet
  facet normal 0 1 0
    outer loop
      vertex 171 4.990000000000009 176.23009950248758
      vertex 171 4.990000000000009 177.5
      vertex 171.7178940572103 4.990000000000009 177.45294673755595
    endloop
  endfacet
  facet normal -0.19509032201611481 0 -0.9807852804032332
    outer loop
      vertex 171.7178940572103 4.990000000000009 177.45294673755595
      vertex 171.7178940572103 10 177.45294673755595
      vertex 172.42350474806386 4.990000000000009 177.31259204458988
    endloop
  endfacet
  facet normal -0.3214394653031609 0 -0.9469301294951059
    outer loop
      vertex 172.42350474806386 4.990000000000009 177.31259204458988
      vertex 172.42350474806386 10 177.31259204458988
      vertex 173.104758878008 4.990000000000009 177.08133742881208
    endloop
  endfacet
  facet normal -0.7518398074789758 0 0.6593458151000707
    outer loop
      vertex 174.88908729652601 4.990000000000009 168.11091270347399
      vertex 175.3634433716018 10 168.65181214045202
      vertex 174.88908729652601 10 168.11091270347399
    endloop
  endfacet
  facet normal -0.8314696123025423 0 0.5555702330196065
    outer loop
      vertex 175.3634433716018 4.990000000000009 168.65181214045202
      vertex 175.76313972081442 10 169.25
      vertex 175.3634433716018 10 168.65181214045202
    endloop
  endfacet
  facet normal -0.8968727415326923 0 0.4422886902189933
    outer loop
      vertex 175.76313972081442 4.990000000000009 169.25
      vertex 176.08133742881208 10 169.895241121992
      vertex 175.76313972081442 10 169.25
    endloop
  endfacet
  facet normal -0.9469301294951059 0 0.3214394653031609
    outer loop
      vertex 176.08133742881208 4.990000000000009 169.895241121992
      vertex 176.31259204458988 10 170.57649525193614
      vertex 176.08133742881208 10 169.895241121992
    endloop
  endfacet
  facet normal -0.9807852804032332 0 0.19509032201611481
    outer loop
      vertex 176.31259204458988 4.990000000000009 170.57649525193614
      vertex 176.45294673755595 10 171.2821059427897
      vertex 176.31259204458988 10 170.57649525193614
    endloop
  endfacet
  facet normal -0.9978589232386026 0 0.06540312923015594
    outer loop
      vertex 176.45294673755595 4.990000000000009 171.2821059427897
      vertex 176.5 10 172
      vertex 176.45294673755595 10 171.2821059427897
    endloop
  endfacet
  facet normal -0.9978589232386026 0 -0.06540312923015594
    outer loop
      vertex 176.5 4.990000000000009 172
      vertex 176.45294673755595 10 172.7178940572103
      vertex 176.5 10 172
    endloop
  endfacet
  facet normal -0.9807852804032332 0 -0.19509032201611481
    outer loop
      vertex 176.45294673755595 4.990000000000009 172.7178940572103
      vertex 176.31259204458988 10 173.42350474806386
      vertex 176.45294673755595 10 172.7178940572103
    endloop
  endfacet
  facet normal -0.9469301294951059 0 -0.3214394653031609
    outer loop
      vertex 176.31259204458988 4.990000000000009 173.42350474806386
      vertex 176.08133742881208 10 174.104758878008
      vertex 176.31259204458988 10 173.42350474806386
    endloop
  endfacet
  facet normal 0 1 0
    outer loop
      vertex 173.75 4.990000000000009 167.23686027918558
      vertex 173.1150497512438 4.990000000000009 168.33662637030986
      vertex 173.5751214179834 4.990000000000009 168.6440364299372
    endloop
  endfacet
  facet normal 0 1 0
    outer loop
      vertex 173.75 4.990000000000009 167.23686027918558
      vertex 173.5751214179834 4.990000000000009 168.6440364299372
      vertex 173.9911320433028 4.990000000000009 169.0088679566972
    endloop
  endfacet
  facet normal 0 1 0
    outer loop
      vertex 174.34818785954798 4.990000000000009 167.6365566283982
      vertex 173.9911320433028 4.990000000000009 169.0088679566972
      vertex 174.3559635700628 4.990000000000009 169.4248785820166
    endloop
  endfacet
  facet normal 0 1 0
    outer loop
      vertex 174.34818785954798 4.990000000000009 167.6365566283982
      vertex 174.3559635700628 4.990000000000009 169.4248785820166
      vertex 174.88908729652601 4.990000000000009 168.11091270347399
    endloop
  endfacet
  facet normal -0.7518398074789758 0 0.6593458151000707
    outer loop
      vertex 174.88908729652601 4.990000000000009 168.11091270347399
      vertex 175.3634433716018 4.990000000000009 168.65181214045202
      vertex 175.3634433716018 10 168.65181214045202
    endloop
  endfacet
  facet normal -0.8314696123025423 0 0.5555702330196065
    outer loop
      vertex 175.3634433716018 4.990000000000009 168.65181214045202
      vertex 175.76313972081442 4.990000000000009 169.25
      vertex 175.76313972081442 10 169.25
    endloop
  endfacet
  facet normal 0 1 0
    outer loop
      vertex 174.88908729652601 4.990000000000009 168.11091270347399
      vertex 174.3559635700628 4.990000000000009 169.4248785820166
      vertex 174.66337362969014 4.990000000000009 169.8849502487562
    endloop
  endfacet
  facet normal 0 1 0
    outer loop
      vertex 174.88908729652601 4.990000000000009 168.11091270347399
      vertex 174.66337362969014 4.990000000000009 169.8849502487562
      vertex 174.90810235083444 4.990000000000009 170.3812110031422
    endloop
  endfacet
  facet normal 0 1 0
    outer loop
      vertex 174.88908729652601 4.990000000000009 168.11091270347399
      vertex 174.90810235083444 4.990000000000009 170.3812110031422
      vertex 175.3634433716018 4.990000000000009 168.65181214045202
    endloop
  endfacet
  facet normal -0.8968727415326923 0 0.4422886902189933
    outer loop
      vertex 175.76313972081442 4.990000000000009 169.25
      vertex 176.08133742881208 4.990000000000009 169.895241121992
      vertex 176.08133742881208 10 169.895241121992
    endloop
  endfacet
  facet normal 0 1 0
    outer loop
      vertex 175.3634433716018 4.990000000000009 168.65181214045202
      vertex 174.90810235083444 4.990000000000009 170.3812110031422
      vertex 175.08596235722527 4.990000000000009 170.90516968607753
    endloop
  endfacet
  facet normal 0 1 0
    outer loop
      vertex 175.3634433716018 4.990000000000009 168.65181214045202
      vertex 175.08596235722527 4.990000000000009 170.90516968607753
      vertex 175.1939104148412 4.990000000000009 171.44786121922837
    endloop
  endfacet
  facet normal 0 1 0
    outer loop
      vertex 175.3634433716018 4.990000000000009 168.65181214045202
      vertex 175.1939104148412 4.990000000000009 171.44786121922837
      vertex 175.23009950248758 4.990000000000009 172
    endloop
  endfacet
  facet normal 0 1 0
    outer loop
      vertex 175.3634433716018 4.990000000000009 168.65181214045202
      vertex 175.23009950248758 4.990000000000009 172
      vertex 175.3634433716018 4.990000000000009 175.34818785954798
    endloop
  endfacet
  facet normal 0 1 0
    outer loop
      vertex 175.3634433716018 4.990000000000009 168.65181214045202
      vertex 175.3634433716018 4.990000000000009 175.34818785954798
      vertex 175.76313972081442 4.990000000000009 169.25
    endloop
  endfacet
  facet normal 0 1 0
    outer loop
      vertex 175.76313972081442 4.990000000000009 169.25
      vertex 175.76313972081442 4.990000000000009 174.75
      vertex 176.08133742881208 4.990000000000009 169.895241121992
    endloop
  endfacet
  facet normal 0 1 0
    outer loop
      vertex 175.23009950248758 4.990000000000009 172
      vertex 175.1939104148412 4.990000000000009 172.55213878077163
      vertex 175.3634433716018 4.990000000000009 175.34818785954798
    endloop
  endfacet
  facet normal 0 1 0
    outer loop
      vertex 175.1939104148412 4.990000000000009 172.55213878077163
      vertex 175.08596235722527 4.990000000000009 173.09483031392247
      vertex 175.3634433716018 4.990000000000009 175.34818785954798
    endloop
  endfacet
  facet normal 0 1 0
    outer loop
      vertex 175.76313972081442 4.990000000000009 169.25
      vertex 175.3634433716018 4.990000000000009 175.34818785954798
      vertex 175.76313972081442 4.990000000000009 174.75
    endloop
  endfacet
  facet normal 0 1 0
    outer loop
      vertex 176.08133742881208 4.990000000000009 169.895241121992
      vertex 175.76313972081442 4.990000000000009 174.75
      vertex 176.08133742881208 4.990000000000009 174.104758878008
    endloop
  endfacet
  facet normal -0.9469301294951059 0 0.3214394653031609
    outer loop
      vertex 176.08133742881208 4.990000000000009 169.895241121992
      vertex 176.31259204458988 4.990000000000009 170.57649525193614
      vertex 176.31259204458988 10 170.57649525193614
    endloop
  endfacet
  facet normal -0.9807852804032332 0 0.19509032201611481
    outer loop
      vertex 176.31259204458988 4.990000000000009 170.57649525193614
      vertex 176.45294673755595 4.990000000000009 171.2821059427897
      vertex 176.45294673755595 10 171.2821059427897
    endloop
  endfacet
  facet normal -0.9978589232386026 0 0.06540312923015594
    outer loop
      vertex 176.45294673755595 4.990000000000009 171.2821059427897
      vertex 176.5 4.990000000000009 172
      vertex 176.5 10 172
    endloop
  endfacet
  facet normal -0.9978589232386026 0 -0.06540312923015594
    outer loop
      vertex 176.5 4.990000000000009 172
      vertex 176.45294673755595 4.990000000000009 172.7178940572103
      vertex 176.45294673755595 10 172.7178940572103
    endloop
  endfacet
  facet normal 0 1 0
    outer loop
      vertex 176.08133742881208 4.990000000000009 169.895241121992
      vertex 176.08133742881208 4.990000000000009 174.104758878008
      vertex 176.31259204458988 4.990000000000009 170.57649525193614
    endloop
  endfacet
  facet normal 0 1 0
    outer loop
      vertex 176.31259204458988 4.990000000000009 170.57649525193614
      vertex 176.31259204458988 4.990000000000009 173.42350474806386
      vertex 176.45294673755595 4.990000000000009 171.2821059427897
    endloop
  endfacet
  facet normal 0 1 0
    outer loop
      vertex 176.45294673755595 4.990000000000009 171.2821059427897
      vertex 176.31259204458988 4.990000000000009 173.42350474806386
      vertex 176.45294673755595 4.990000000000009 172.7178940572103
    endloop
  endfacet
  facet normal 0 1 0
    outer loop
      vertex 176.45294673755595 4.990000000000009 171.2821059427897
      vertex 176.45294673755595 4.990000000000009 172.7178940572103
      vertex 176.5 4.990000000000009 172
    endloop
  endfacet
  facet normal -0.9807852804032332 0 -0.19509032201611481
    outer loop
      vertex 176.45294673755595 4.990000000000009 172.7178940572103
      vertex 176.31259204458988 4.990000000000009 173.42350474806386
      vertex 176.31259204458988 10 173.42350474806386
    endloop
  endfacet
  facet normal -0.9469301294951059 0 -0.3214394653031609
    outer loop
      vertex 176.08133742881208 4.990000000000009 174.104758878008
      vertex 176.08133742881208 10 174.104758878008
      vertex 176.31259204458988 4.990000000000009 173.42350474806386
    endloop
  endfacet
  facet normal 0 1 0
    outer loop
      vertex 176.31259204458988 4.990000000000009 170.57649525193614
      vertex 176.08133742881208 4.990000000000009 174.104758878008
      vertex 176.31259204458988 4.990000000000009 173.42350474806386
    endloop
  endfacet
  facet normal -0.4422886902189933 0 -0.8968727415326923
    outer loop
      vertex 173.75 4.990000000000009 176.76313972081442
      vertex 173.104758878008 10 177.08133742881208
      vertex 173.75 10 176.76313972081442
    endloop
  endfacet
  facet normal -0.5555702330196065 0 -0.8314696123025423
    outer loop
      vertex 174.34818785954798 4.990000000000009 176.3634433716018
      vertex 173.75 10 176.76313972081442
      vertex 174.34818785954798 10 176.3634433716018
    endloop
  endfacet
  facet normal -0.8968727415326923 0 -0.4422886902189933
    outer loop
      vertex 176.08133742881208 4.990000000000009 174.104758878008
      vertex 175.76313972081442 10 174.75
      vertex 176.08133742881208 10 174.104758878008
    endloop
  endfacet
  facet normal -0.8314696123025423 0 -0.5555702330196065
    outer loop
      vertex 175.76313972081442 4.990000000000009 174.75
      vertex 175.3634433716018 10 175.34818785954798
      vertex 175.76313972081442 10 174.75
    endloop
  endfacet
  facet normal -0.6593458151000707 0 -0.7518398074789758
    outer loop
      vertex 174.88908729652601 4.990000000000009 175.88908729652601
      vertex 174.34818785954798 10 176.3634433716018
      vertex 174.88908729652601 10 175.88908729652601
    endloop
  endfacet
  facet normal -0.7518398074789758 0 -0.6593458151000707
    outer loop
      vertex 175.3634433716018 4.990000000000009 175.34818785954798
      vertex 174.88908729652601 10 175.88908729652601
      vertex 175.3634433716018 10 175.34818785954798
    endloop
  endfacet
  facet normal 0 1 0
    outer loop
      vertex 174.3559635700628 4.990000000000009 174.5751214179834
      vertex 173.9911320433028 4.990000000000009 174.9911320433028
      vertex 174.34818785954798 4.990000000000009 176.3634433716018
    endloop
  endfacet
  facet normal -0.4422886902189933 0 -0.8968727415326923
    outer loop
      vertex 173.104758878008 4.990000000000009 177.08133742881208
      vertex 173.104758878008 10 177.08133742881208
      vertex 173.75 4.990000000000009 176.76313972081442
    endloop
  endfacet
  facet normal -0.6593458151000707 0 -0.7518398074789758
    outer loop
      vertex 174.88908729652601 4.990000000000009 175.88908729652601
      vertex 174.34818785954798 4.990000000000009 176.3634433716018
      vertex 174.34818785954798 10 176.3634433716018
    endloop
  endfacet
  facet normal -0.5555702330196065 0 -0.8314696123025423
    outer loop
      vertex 173.75 4.990000000000009 176.76313972081442
      vertex 173.75 10 176.76313972081442
      vertex 174.34818785954798 4.990000000000009 176.3634433716018
    endloop
  endfacet
  facet normal 0 1 0
    outer loop
      vertex 173.1150497512438 4.990000000000009 175.66337362969014
      vertex 173.75 4.990000000000009 176.76313972081442
      vertex 173.5751214179834 4.990000000000009 175.3559635700628
    endloop
  endfacet
  facet normal 0 1 0
    outer loop
      vertex 173.1150497512438 4.990000000000009 175.66337362969014
      vertex 173.104758878008 4.990000000000009 177.08133742881208
      vertex 173.75 4.990000000000009 176.76313972081442
    endloop
  endfacet
  facet normal 0 1 0
    outer loop
      vertex 173.5751214179834 4.990000000000009 175.3559635700628
      vertex 174.34818785954798 4.990000000000009 176.3634433716018
      vertex 173.9911320433028 4.990000000000009 174.9911320433028
    endloop
  endfacet
  facet normal 0 1 0
    outer loop
      vertex 173.5751214179834 4.990000000000009 175.3559635700628
      vertex 173.75 4.990000000000009 176.76313972081442
      vertex 174.34818785954798 4.990000000000009 176.3634433716018
    endloop
  endfacet
  facet normal 0 1 0
    outer loop
      vertex 174.3559635700628 4.990000000000009 174.5751214179834
      vertex 174.34818785954798 4.990000000000009 176.3634433716018
      vertex 174.88908729652601 4.990000000000009 175.88908729652601
    endloop
  endfacet
  facet normal -0.8968727415326923 0 -0.4422886902189933
    outer loop
      vertex 176.08133742881208 4.990000000000009 174.104758878008
      vertex 175.76313972081442 4.990000000000009 174.75
      vertex 175.76313972081442 10 174.75
    endloop
  endfacet
  facet normal -0.8314696123025423 0 -0.5555702330196065
    outer loop
      vertex 175.3634433716018 4.990000000000009 175.34818785954798
      vertex 175.3634433716018 10 175.34818785954798
      vertex 175.76313972081442 4.990000000000009 174.75
    endloop
  endfacet
  facet normal 0 1 0
    outer loop
      vertex 174.90810235083444 4.990000000000009 173.6187889968578
      vertex 174.66337362969014 4.990000000000009 174.1150497512438
      vertex 174.88908729652601 4.990000000000009 175.88908729652601
    endloop
  endfacet
  facet normal 0 1 0
    outer loop
      vertex 175.08596235722527 4.990000000000009 173.09483031392247
      vertex 174.90810235083444 4.990000000000009 173.6187889968578
      vertex 175.3634433716018 4.990000000000009 175.34818785954798
    endloop
  endfacet
  facet normal 0 1 0
    outer loop
      vertex 174.3559635700628 4.990000000000009 174.5751214179834
      vertex 174.88908729652601 4.990000000000009 175.88908729652601
      vertex 174.66337362969014 4.990000000000009 174.1150497512438
    endloop
  endfacet
  facet normal 0 1 0
    outer loop
      vertex 174.90810235083444 4.990000000000009 173.6187889968578
      vertex 174.88908729652601 4.990000000000009 175.88908729652601
      vertex 175.3634433716018 4.990000000000009 175.34818785954798
    endloop
  endfacet
  facet normal -0.7518398074789758 0 -0.6593458151000707
    outer loop
      vertex 175.3634433716018 4.990000000000009 175.34818785954798
      vertex 174.88908729652601 4.990000000000009 175.88908729652601
      vertex 174.88908729652601 10 175.88908729652601
    endloop
  endfacet
  facet normal 1 0 0
    outer loop
      vertex 89.5 210.5 0
      vertex 89.5 210.5 3
      vertex 89.5 190.5 0
    endloop
  endfacet
  facet normal 0 -1 0
    outer loop
      vertex 89.5 210.5 3
      vertex 89.5 210.5 0
      vertex 101.5 210.5 3
    endloop
  endfacet
  facet normal 1 0 0
    outer loop
      vertex 89.5 190.5 0
      vertex 89.5 210.5 3
      vertex 89.5 190.5 3
    endloop
  endfacet
  facet normal 0 1 0
    outer loop
      vertex 89.5 190.5 3
      vertex 91.5 190.5 0
      vertex 89.5 190.5 0
    endloop
  endfacet
  facet normal 0 1 0
    outer loop
      vertex 91.5 190.5 3
      vertex 91.5 190.5 0
      vertex 89.5 190.5 3
    endloop
  endfacet
  facet normal 0 -1 0
    outer loop
      vertex 89.5 210.5 0
      vertex 101.5 210.5 0
      vertex 101.5 210.5 3
    endloop
  endfacet
  facet normal -1 0 0
    outer loop
      vertex 101.5 210.5 0
      vertex 101.5 190.5 3
      vertex 101.5 210.5 3
    endloop
  endfacet
  facet normal 0 1 0
    outer loop
      vertex 99.5 190.5 3
      vertex 101.5 190.5 0
      vertex 99.5 190.5 0
    endloop
  endfacet
  facet normal 0 1 0
    outer loop
      vertex 101.5 190.5 3
      vertex 101.5 190.5 0
      vertex 99.5 190.5 3
    endloop
  endfacet
  facet normal -1 0 0
    outer loop
      vertex 101.5 210.5 0
      vertex 101.5 190.5 0
      vertex 101.5 190.5 3
    endloop
  endfacet
  facet normal 0 -1 0
    outer loop
      vertex 91.5 150 0
      vertex 91.5 150 3
      vertex 89.5 150 0
    endloop
  endfacet
  facet normal 0 -1 0
    outer loop
      vertex 89.5 150 0
      vertex 91.5 150 3
      vertex 89.5 150 3
    endloop
  endfacet
  facet normal 1 0 0
    outer loop
      vertex 89.5 150 0
      vertex 89.5 150 3
      vertex 89.5 130 0
    endloop
  endfacet
  facet normal 1 0 0
    outer loop
      vertex 89.5 150 3
      vertex 89.5 130 3
      vertex 89.5 130 0
    endloop
  endfacet
  facet normal 0 1 0
    outer loop
      vertex 89.5 130 0
      vertex 89.5 130 3
      vertex 91.5 130 0
    endloop
  endfacet
  facet normal 0 1 0
    outer loop
      vertex 91.5 130 0
      vertex 89.5 130 3
      vertex 91.5 130 3
    endloop
  endfacet
  facet normal 0 -1 0
    outer loop
      vertex 99.5 150 0
      vertex 101.5 150 0
      vertex 101.5 150 3
    endloop
  endfacet
  facet normal 0 -1 0
    outer loop
      vertex 99.5 150 0
      vertex 101.5 150 3
      vertex 99.5 150 3
    endloop
  endfacet
  facet normal -1 0 0
    outer loop
      vertex 101.5 150 0
      vertex 101.5 130 3
      vertex 101.5 150 3
    endloop
  endfacet
  facet normal -1 0 0
    outer loop
      vertex 101.5 150 0
      vertex 101.5 130 0
      vertex 101.5 130 3
    endloop
  endfacet
  facet normal 0 1 0
    outer loop
      vertex 101.5 130 0
      vertex 99.5 130 0
      vertex 99.5 130 3
    endloop
  endfacet
  facet normal 0 1 0
    outer loop
      vertex 101.5 130 0
      vertex 99.5 130 3
      vertex 101.5 130 3
    endloop
  endfacet
  facet normal 0 -1 0
    outer loop
      vertex 89.5 83.5 0
      vertex 91.5 83.5 0
      vertex 91.5 83.5 3
    endloop
  endfacet
  facet normal 0 -1 0
    outer loop
      vertex 89.5 83.5 0
      vertex 91.5 83.5 3
      vertex 89.5 83.5 3
    endloop
  endfacet
  facet normal 1 0 0
    outer loop
      vertex 89.5 83.5 0
      vertex 89.5 83.5 3
      vertex 89.5 63.5 0
    endloop
  endfacet
  facet normal 1 0 0
    outer loop
      vertex 89.5 83.5 3
      vertex 89.5 63.5 3
      vertex 89.5 63.5 0
    endloop
  endfacet
  facet normal 0 1 0
    outer loop
      vertex 89.5 63.5 3
      vertex 91.5 63.5 0
      vertex 89.5 63.5 0
    endloop
  endfacet
  facet normal 0 1 0
    outer loop
      vertex 91.5 63.5 3
      vertex 91.5 63.5 0
      vertex 89.5 63.5 3
    endloop
  endfacet
  facet normal 0 -1 0
    outer loop
      vertex 99.5 83.5 0
      vertex 101.5 83.5 0
      vertex 101.5 83.5 3
    endloop
  endfacet
  facet normal 0 -1 0
    outer loop
      vertex 99.5 83.5 3
      vertex 99.5 83.5 0
      vertex 101.5 83.5 3
    endloop
  endfacet
  facet normal -1 0 0
    outer loop
      vertex 101.5 83.5 3
      vertex 101.5 83.5 0
      vertex 101.5 63.5 3
    endloop
  endfacet
  facet normal -1 0 0
    outer loop
      vertex 101.5 83.5 0
      vertex 101.5 63.5 0
      vertex 101.5 63.5 3
    endloop
  endfacet
  facet normal 0 1 0
    outer loop
      vertex 101.5 63.5 0
      vertex 99.5 63.5 0
      vertex 99.5 63.5 3
    endloop
  endfacet
  facet normal 0 1 0
    outer loop
      vertex 101.5 63.5 3
      vertex 101.5 63.5 0
      vertex 99.5 63.5 3
    endloop
  endfacet
endsolid OpenSCAD_Model
