solid OpenSCAD_Model
  facet normal -0.6030109516704224 -0.36952558644063566 -0.7069855961271316
    outer loop
      vertex 162.71057693725524 -12.526697805345623 0.8000000000000007
      vertex 162.08141571295792 -11.5 0.8000000000000007
      vertex 163.38151339161158 -12.0909865773336 0
    endloop
  endfacet
  facet normal -0.6030109516704225 -0.3695255864406365 -0.7069855961271312
    outer loop
      vertex 163.38151339161158 -12.0909865773336 0
      vertex 162.08141571295792 -11.5 0.8000000000000007
      vertex 162.77423603598547 -11.1 0
    endloop
  endfacet
  facet normal -0.5828450711959361 -0.4005783192477741 -0.7069855961271293
    outer loop
      vertex 162.71057693725524 -12.526697805345623 0.8000000000000007
      vertex 164.03982272487616 -13.048832600892903 0
      vertex 163.3926091293762 -13.519060802726882 0.8000000000000007
    endloop
  endfacet
  facet normal -0.5610816528943678 -0.43053309472568385 -0.7069855961271414
    outer loop
      vertex 164.12564288648966 -14.47436899414626 0.8000000000000007
      vertex 163.3926091293762 -13.519060802726882 0.8000000000000007
      vertex 164.74735965565526 -13.97091268130639 0
    endloop
  endfacet
  facet normal -0.5610816528943675 -0.4305330947257043 -0.7069855961271293
    outer loop
      vertex 163.3926091293762 -13.519060802726882 0.8000000000000007
      vertex 164.03982272487616 -13.048832600892903 0
      vertex 164.74735965565526 -13.97091268130639 0
    endloop
  endfacet
  facet normal -0.582845071195936 -0.40057831924777 -0.7069855961271319
    outer loop
      vertex 162.71057693725524 -12.526697805345623 0.8000000000000007
      vertex 163.38151339161158 -12.0909865773336 0
      vertex 164.03982272487616 -13.048832600892903 0
    endloop
  endfacet
  facet normal -0.4593078089169714 -0.5377803487825292 -0.7069855961271292
    outer loop
      vertex 167.52563100585374 -17.87435711351033 0.8000000000000007
      vertex 166.60999605374627 -17.092330985980066 0.8000000000000007
      vertex 168.0290873186936 -17.252640344344755 0
    endloop
  endfacet
  facet normal -0.4305330947256911 -0.5610816528943737 -0.7069855961271323
    outer loop
      vertex 167.52563100585374 -17.87435711351033 0.8000000000000007
      vertex 168.9511673991071 -17.960177275123833 0
      vertex 168.48093919727313 -18.607390870623792 0.8000000000000007
    endloop
  endfacet
  facet normal -0.4305330947256897 -0.5610816528943785 -0.7069855961271293
    outer loop
      vertex 167.52563100585374 -17.87435711351033 0.8000000000000007
      vertex 168.0290873186936 -17.252640344344755 0
      vertex 168.9511673991071 -17.960177275123833 0
    endloop
  endfacet
  facet normal -0.4005783192477739 -0.5828450711959313 -0.7069855961271335
    outer loop
      vertex 168.48093919727313 -18.607390870623792 0.8000000000000007
      vertex 169.9090134226664 -18.618486608388412 0
      vertex 169.47330219465437 -19.289423062744753 0.8000000000000007
    endloop
  endfacet
  facet normal -0.3695255864406379 -0.6030109516704187 -0.7069855961271337
    outer loop
      vertex 169.47330219465437 -19.289423062744753 0.8000000000000007
      vertex 170.9 -19.225763964014536 0
      vertex 170.5 -19.918584287042087 0.8000000000000007
    endloop
  endfacet
  facet normal -0.3695255864406377 -0.6030109516704191 -0.7069855961271334
    outer loop
      vertex 169.47330219465437 -19.289423062744753 0.8000000000000007
      vertex 169.9090134226664 -18.618486608388412 0
      vertex 170.9 -19.225763964014536 0
    endloop
  endfacet
  facet normal -0.4005783192477732 -0.5828450711959331 -0.7069855961271324
    outer loop
      vertex 168.48093919727313 -18.607390870623792 0.8000000000000007
      vertex 168.9511673991071 -17.960177275123833 0
      vertex 169.9090134226664 -18.618486608388412 0
    endloop
  endfacet
  facet normal -0.5377803487825259 -0.45930780891697576 -0.7069855961271289
    outer loop
      vertex 164.12564288648966 -14.47436899414626 0.8000000000000007
      vertex 165.50218487440185 -14.854699461166652 0
      vertex 164.90766901401994 -15.390003946253739 0.8000000000000007
    endloop
  endfacet
  facet normal -0.5377803487825273 -0.45930780891695494 -0.7069855961271412
    outer loop
      vertex 164.12564288648966 -14.47436899414626 0.8000000000000007
      vertex 164.74735965565526 -13.97091268130639 0
      vertex 165.50218487440185 -14.854699461166652 0
    endloop
  endfacet
  facet normal -0.5130050261153306 -0.4868235923300894 -0.7069855961271317
    outer loop
      vertex 165.73654403270942 -16.263455967290593 0.8000000000000007
      vertex 164.90766901401994 -15.390003946253739 0.8000000000000007
      vertex 166.30222945765865 -15.697770542341356 0
    endloop
  endfacet
  facet normal -0.51300502611533 -0.4868235923300943 -0.7069855961271287
    outer loop
      vertex 164.90766901401994 -15.390003946253739 0.8000000000000007
      vertex 165.50218487440185 -14.854699461166652 0
      vertex 166.30222945765865 -15.697770542341356 0
    endloop
  endfacet
  facet normal -0.48682359233009315 -0.5130050261153345 -0.7069855961271264
    outer loop
      vertex 165.73654403270942 -16.263455967290593 0.8000000000000007
      vertex 167.14530053883334 -16.49781512559815 0
      vertex 166.60999605374627 -17.092330985980066 0.8000000000000007
    endloop
  endfacet
  facet normal -0.4868235923300948 -0.5130050261153254 -0.7069855961271319
    outer loop
      vertex 165.73654403270942 -16.263455967290593 0.8000000000000007
      vertex 166.30222945765865 -15.697770542341356 0
      vertex 167.14530053883334 -16.49781512559815 0
    endloop
  endfacet
  facet normal -0.4593078089169704 -0.5377803487825332 -0.7069855961271266
    outer loop
      vertex 168.0290873186936 -17.252640344344755 0
      vertex 166.60999605374627 -17.092330985980066 0.8000000000000007
      vertex 167.14530053883334 -16.49781512559815 0
    endloop
  endfacet
  facet normal -0.7604059656000212 -0.649448048330195 0
    outer loop
      vertex 164.12564288648966 -14.47436899414626 0.8000000000000007
      vertex 164.90766901401994 -15.390003946253739 0.8000000000000007
      vertex 164.12564288648966 -14.47436899414626 57.5
    endloop
  endfacet
  facet normal -0.8526401643540983 -0.5224985647159389 0
    outer loop
      vertex 162.71057693725524 -12.526697805345623 0.8000000000000007
      vertex 162.08141571295792 -11.5 57.5
      vertex 162.08141571295792 -11.5 0.8000000000000007
    endloop
  endfacet
  facet normal -0.8241261886220119 -0.5664062369248383 0
    outer loop
      vertex 162.71057693725524 -12.526697805345623 0.8000000000000007
      vertex 163.3926091293762 -13.519060802726882 0.8000000000000007
      vertex 162.71057693725524 -12.526697805345623 57.5
    endloop
  endfacet
  facet normal -0.7933533402912406 -0.6087614290087137 0
    outer loop
      vertex 164.12564288648966 -14.47436899414626 0.8000000000000007
      vertex 163.3926091293762 -13.519060802726882 57.5
      vertex 163.3926091293762 -13.519060802726882 0.8000000000000007
    endloop
  endfacet
  facet normal -0.649448048330189 -0.7604059656000263 0
    outer loop
      vertex 167.52563100585374 -17.87435711351033 0.8000000000000007
      vertex 166.60999605374627 -17.092330985980066 57.5
      vertex 166.60999605374627 -17.092330985980066 0.8000000000000007
    endloop
  endfacet
  facet normal -0.5664062369248412 -0.8241261886220098 0
    outer loop
      vertex 168.48093919727313 -18.607390870623792 0.8000000000000007
      vertex 169.47330219465437 -19.289423062744753 0.8000000000000007
      vertex 168.48093919727313 -18.607390870623792 57.5
    endloop
  endfacet
  facet normal -0.608761429008716 -0.7933533402912386 0
    outer loop
      vertex 167.52563100585374 -17.87435711351033 0.8000000000000007
      vertex 168.48093919727313 -18.607390870623792 0.8000000000000007
      vertex 167.52563100585374 -17.87435711351033 57.5
    endloop
  endfacet
  facet normal -0.5224985647159436 -0.8526401643540954 0
    outer loop
      vertex 169.47330219465437 -19.289423062744753 0.8000000000000007
      vertex 170.5 -19.918584287042087 0.8000000000000007
      vertex 169.47330219465437 -19.289423062744753 57.5
    endloop
  endfacet
  facet normal -0.6883545756937534 -0.7253743710122882 0
    outer loop
      vertex 165.73654403270942 -16.263455967290593 0.8000000000000007
      vertex 166.60999605374627 -17.092330985980066 0.8000000000000007
      vertex 165.73654403270942 -16.263455967290593 57.5
    endloop
  endfacet
  facet normal -0.7253743710122882 -0.6883545756937534 0
    outer loop
      vertex 165.73654403270942 -16.263455967290593 0.8000000000000007
      vertex 164.90766901401994 -15.390003946253739 57.5
      vertex 164.90766901401994 -15.390003946253739 0.8000000000000007
    endloop
  endfacet
  facet normal -0.6533934236495764 -0.2706444176410432 -0.7069855961271247
    outer loop
      vertex 160.9884544742202 -9.354942790743404 0.8000000000000007
      vertex 160.52765019056437 -8.242462839541906 0.8000000000000007
      vertex 161.71929084033425 -9.029553476282764 0
    endloop
  endfacet
  facet normal -0.6383335362718061 -0.30446947850233447 -0.70698559612714
    outer loop
      vertex 161.50684994366753 -10.441781494009575 0.8000000000000007
      vertex 160.9884544742202 -9.354942790743404 0.8000000000000007
      vertex 162.21965516301825 -10.078589094217937 0
    endloop
  endfacet
  facet normal -0.638333536271811 -0.30446947850235945 -0.7069855961271247
    outer loop
      vertex 160.9884544742202 -9.354942790743404 0.8000000000000007
      vertex 161.71929084033425 -9.029553476282764 0
      vertex 162.21965516301825 -10.078589094217937 0
    endloop
  endfacet
  facet normal -0.6781041111771164 -0.20086358871992993 -0.7069855961271373
    outer loop
      vertex 160.12570012521147 -7.1073908706237905 0.8000000000000007
      vertex 159.78370599535143 -5.952838037357977 0.8000000000000007
      vertex 160.8865453382476 -6.860177275123832 0
    endloop
  endfacet
  facet normal -0.678104111177117 -0.20086358871993137 -0.7069855961271365
    outer loop
      vertex 159.78370599535143 -5.952838037357977 0.8000000000000007
      vertex 160.5564466563827 -5.74578280127596 0
      vertex 160.8865453382476 -6.860177275123832 0
    endloop
  endfacet
  facet normal -0.6666624050699275 -0.23607753924325325 -0.7069855961271276
    outer loop
      vertex 160.12570012521147 -7.1073908706237905 0.8000000000000007
      vertex 161.27451453176212 -7.955768479905665 0
      vertex 160.52765019056437 -8.242462839541906 0.8000000000000007
    endloop
  endfacet
  facet normal -0.6666624050699228 -0.23607753924323782 -0.7069855961271373
    outer loop
      vertex 160.12570012521147 -7.1073908706237905 0.8000000000000007
      vertex 160.8865453382476 -6.860177275123832 0
      vertex 161.27451453176212 -7.955768479905665 0
    endloop
  endfacet
  facet normal -0.6533934236495751 -0.2706444176410382 -0.7069855961271279
    outer loop
      vertex 161.71929084033425 -9.029553476282764 0
      vertex 160.52765019056437 -8.242462839541906 0.8000000000000007
      vertex 161.27451453176212 -7.955768479905665 0
    endloop
  endfacet
  facet normal -0.6215240210411449 -0.3374600096864983 -0.7069855961271312
    outer loop
      vertex 161.50684994366753 -10.441781494009575 0.8000000000000007
      vertex 162.77423603598547 -11.1 0
      vertex 162.08141571295792 -11.5 0.8000000000000007
    endloop
  endfacet
  facet normal -0.6215240210411428 -0.33746000968648376 -0.7069855961271398
    outer loop
      vertex 161.50684994366753 -10.441781494009575 0.8000000000000007
      vertex 162.21965516301825 -10.078589094217937 0
      vertex 162.77423603598547 -11.1 0
    endloop
  endfacet
  facet normal -0.6953853481602021 -0.12888205628738145 -0.7069855961271422
    outer loop
      vertex 159.50260518312245 -4.781968888808465 0.8000000000000007
      vertex 159.28316816631184 -3.59799269592531 0.8000000000000007
      vertex 160.28512326370952 -4.615639536154257 0
    endloop
  endfacet
  facet normal -0.687687181050014 -0.16509908506179735 -0.7069855961271366
    outer loop
      vertex 159.78370599535143 -5.952838037357977 0.8000000000000007
      vertex 159.50260518312245 -4.781968888808465 0.8000000000000007
      vertex 160.5564466563827 -5.74578280127596 0
    endloop
  endfacet
  facet normal -0.6876871810500101 -0.16509908506178858 -0.7069855961271423
    outer loop
      vertex 159.50260518312245 -4.781968888808465 0.8000000000000007
      vertex 160.28512326370952 -4.615639536154257 0
      vertex 160.5564466563827 -5.74578280127596 0
    endloop
  endfacet
  facet normal -0.7011775123667378 -0.0923117707552049 -0.7069855961271291
    outer loop
      vertex 159.28316816631184 -3.59799269592531 0.8000000000000007
      vertex 159.1259964065297 -2.40415465515603 0.8000000000000007
      vertex 160.07331883878794 -3.472845123893125 0
    endloop
  endfacet
  facet normal -0.695385348160212 -0.1288820562874017 -0.706985596127129
    outer loop
      vertex 160.28512326370952 -4.615639536154257 0
      vertex 159.28316816631184 -3.59799269592531 0.8000000000000007
      vertex 160.07331883878794 -3.472845123893125 0
    endloop
  endfacet
  facet normal -0.7011775123667269 -0.09231177075518529 -0.7069855961271423
    outer loop
      vertex 160.07331883878794 -3.472845123893125 0
      vertex 159.1259964065297 -2.40415465515603 0.8000000000000007
      vertex 159.92161392282435 -2.320531884541907 0
    endloop
  endfacet
  facet normal -0.7050477977501048 -0.05548846507587478 -0.7069855961271423
    outer loop
      vertex 159.1259964065297 -2.40415465515603 0.8000000000000007
      vertex 159.0315207006448 -1.2037269935877082 0.8000000000000007
      vertex 159.92161392282435 -2.320531884541907 0
    endloop
  endfacet
  facet normal -0.7050477977501102 -0.05548846507588348 -0.7069855961271361
    outer loop
      vertex 159.92161392282435 -2.320531884541907 0
      vertex 159.0315207006448 -1.2037269935877082 0.8000000000000007
      vertex 159.83042432844846 -1.1618582285933532 0
    endloop
  endfacet
  facet normal -0.7069855961271294 -0.01851306937072384 -0.7069855961271362
    outer loop
      vertex 159.0315207006448 -1.2037269935877082 0.8000000000000007
      vertex 159 0 0.8000000000000007
      vertex 159.83042432844846 -1.1618582285933532 0
    endloop
  endfacet
  facet normal -0.7069855961271281 -0.018513069370722 -0.7069855961271375
    outer loop
      vertex 159.83042432844846 -1.1618582285933532 0
      vertex 159 0 0.8000000000000007
      vertex 159.8 0 0
    endloop
  endfacet
  facet normal 0 0 -1
    outer loop
      vertex 164.74735965565526 -13.97091268130639 0
      vertex 164.03982272487616 -13.048832600892903 0
      vertex 182 0 0
    endloop
  endfacet
  facet normal 0 0 -1
    outer loop
      vertex 162.21965516301825 -10.078589094217937 0
      vertex 182 0 0
      vertex 162.77423603598547 -11.1 0
    endloop
  endfacet
  facet normal 0 0 -1
    outer loop
      vertex 161.71929084033425 -9.029553476282764 0
      vertex 182 0 0
      vertex 162.21965516301825 -10.078589094217937 0
    endloop
  endfacet
  facet normal 0 0 -1
    outer loop
      vertex 163.38151339161158 -12.0909865773336 0
      vertex 162.77423603598547 -11.1 0
      vertex 182 0 0
    endloop
  endfacet
  facet normal 0 0 -1
    outer loop
      vertex 164.03982272487616 -13.048832600892903 0
      vertex 163.38151339161158 -12.0909865773336 0
      vertex 182 0 0
    endloop
  endfacet
  facet normal 0 0 -1
    outer loop
      vertex 160.28512326370952 -4.615639536154257 0
      vertex 182 0 0
      vertex 160.5564466563827 -5.74578280127596 0
    endloop
  endfacet
  facet normal 0 0 -1
    outer loop
      vertex 160.28512326370952 -4.615639536154257 0
      vertex 160.07331883878794 -3.472845123893125 0
      vertex 182 0 0
    endloop
  endfacet
  facet normal 0 0 -1
    outer loop
      vertex 160.07331883878794 -3.472845123893125 0
      vertex 159.92161392282435 -2.320531884541907 0
      vertex 182 0 0
    endloop
  endfacet
  facet normal 0 0 -1
    outer loop
      vertex 159.92161392282435 -2.320531884541907 0
      vertex 159.83042432844846 -1.1618582285933532 0
      vertex 182 0 0
    endloop
  endfacet
  facet normal 0 0 -1
    outer loop
      vertex 159.83042432844846 -1.1618582285933532 0
      vertex 159.8 0 0
      vertex 182 0 0
    endloop
  endfacet
  facet normal 0 0 -1
    outer loop
      vertex 161.71929084033425 -9.029553476282764 0
      vertex 161.27451453176212 -7.955768479905665 0
      vertex 182 0 0
    endloop
  endfacet
  facet normal 0 0 -1
    outer loop
      vertex 161.27451453176212 -7.955768479905665 0
      vertex 160.8865453382476 -6.860177275123832 0
      vertex 182 0 0
    endloop
  endfacet
  facet normal 0 0 -1
    outer loop
      vertex 160.8865453382476 -6.860177275123832 0
      vertex 160.5564466563827 -5.74578280127596 0
      vertex 182 0 0
    endloop
  endfacet
  facet normal -0.8788171126619602 -0.4771587602596181 0
    outer loop
      vertex 161.50684994366753 -10.441781494009575 0.8000000000000007
      vertex 162.08141571295792 -11.5 0.8000000000000007
      vertex 161.50684994366753 -10.441781494009575 57.5
    endloop
  endfacet
  facet normal -0.9025852843498665 -0.4305110968082829 0
    outer loop
      vertex 161.50684994366753 -10.441781494009575 0.8000000000000007
      vertex 160.9884544742202 -9.354942790743404 57.5
      vertex 160.9884544742202 -9.354942790743404 0.8000000000000007
    endloop
  endfacet
  facet normal -0.9426414910921745 -0.3338068592337816 0
    outer loop
      vertex 160.12570012521147 -7.1073908706237905 0.8000000000000007
      vertex 160.52765019056437 -8.242462839541906 0.8000000000000007
      vertex 160.12570012521147 -7.1073908706237905 57.5
    endloop
  endfacet
  facet normal -0.9588197348681927 -0.28401534470392426 0
    outer loop
      vertex 160.12570012521147 -7.1073908706237905 0.8000000000000007
      vertex 159.78370599535143 -5.952838037357977 57.5
      vertex 159.78370599535143 -5.952838037357977 0.8000000000000007
    endloop
  endfacet
  facet normal -0.9238795325112872 -0.38268343236508895 0
    outer loop
      vertex 160.9884544742202 -9.354942790743404 0.8000000000000007
      vertex 160.52765019056437 -8.242462839541906 57.5
      vertex 160.52765019056437 -8.242462839541906 0.8000000000000007
    endloop
  endfacet
  facet normal -0.9723699203976743 -0.23344536385591466 0
    outer loop
      vertex 159.78370599535143 -5.952838037357977 0.8000000000000007
      vertex 159.50260518312245 -4.781968888808465 57.5
      vertex 159.50260518312245 -4.781968888808465 0.8000000000000007
    endloop
  endfacet
  facet normal -0.9832549075639577 -0.1822355254921298 0
    outer loop
      vertex 159.50260518312245 -4.781968888808465 0.8000000000000007
      vertex 159.28316816631184 -3.59799269592531 57.5
      vertex 159.28316816631184 -3.59799269592531 0.8000000000000007
    endloop
  endfacet
  facet normal -0.9914448613738093 -0.13052619222006095 0
    outer loop
      vertex 159.28316816631184 -3.59799269592531 0.8000000000000007
      vertex 159.1259964065297 -2.40415465515603 57.5
      vertex 159.1259964065297 -2.40415465515603 0.8000000000000007
    endloop
  endfacet
  facet normal -0.9969173337331275 -0.07845909572784936 0
    outer loop
      vertex 159.1259964065297 -2.40415465515603 0.8000000000000007
      vertex 159.0315207006448 -1.2037269935877082 57.5
      vertex 159.0315207006448 -1.2037269935877082 0.8000000000000007
    endloop
  endfacet
  facet normal -0.9996573249755575 -0.026176948307864625 0
    outer loop
      vertex 159.0315207006448 -1.2037269935877082 0.8000000000000007
      vertex 159 0 57.5
      vertex 159 0 0.8000000000000007
    endloop
  endfacet
  facet normal -0.30446947850234624 -0.638333536271807 -0.7069855961271339
    outer loop
      vertex 171.55821850599042 -20.49315005633246 0.8000000000000007
      vertex 171.92141090578207 -19.780344836981765 0
      vertex 172.97044652371724 -20.28070915966574 0
    endloop
  endfacet
  facet normal -0.3044694785023442 -0.6383335362718109 -0.7069855961271313
    outer loop
      vertex 171.55821850599042 -20.49315005633246 0.8000000000000007
      vertex 172.97044652371724 -20.28070915966574 0
      vertex 172.6450572092566 -21.01154552577982 0.8000000000000007
    endloop
  endfacet
  facet normal -0.2706444176410403 -0.6533934236495703 -0.7069855961271314
    outer loop
      vertex 172.6450572092566 -21.01154552577982 0.8000000000000007
      vertex 172.97044652371724 -20.28070915966574 0
      vertex 174.04423152009434 -20.725485468237878 0
    endloop
  endfacet
  facet normal -0.33746000968649015 -0.6215240210411467 -0.7069855961271335
    outer loop
      vertex 170.5 -19.918584287042087 0.8000000000000007
      vertex 170.9 -19.225763964014536 0
      vertex 171.92141090578207 -19.780344836981765 0
    endloop
  endfacet
  facet normal -0.3374600096864904 -0.6215240210411458 -0.706985596127134
    outer loop
      vertex 171.55821850599042 -20.49315005633246 0.8000000000000007
      vertex 170.5 -19.918584287042087 0.8000000000000007
      vertex 171.92141090578207 -19.780344836981765 0
    endloop
  endfacet
  facet normal -0.2706444176410425 -0.6533934236495667 -0.7069855961271339
    outer loop
      vertex 172.6450572092566 -21.01154552577982 0.8000000000000007
      vertex 174.04423152009434 -20.725485468237878 0
      vertex 173.7575371604581 -21.47234980943564 0.8000000000000007
    endloop
  endfacet
  facet normal -0.23607753924324687 -0.6666624050699232 -0.706985596127134
    outer loop
      vertex 173.7575371604581 -21.47234980943564 0.8000000000000007
      vertex 174.04423152009434 -20.725485468237878 0
      vertex 175.13982272487615 -21.113454661752407 0
    endloop
  endfacet
  facet normal -0.23607753924324368 -0.6666624050699279 -0.7069855961271306
    outer loop
      vertex 173.7575371604581 -21.47234980943564 0.8000000000000007
      vertex 175.13982272487615 -21.113454661752407 0
      vertex 174.8926091293762 -21.87429987478853 0.8000000000000007
    endloop
  endfacet
  facet normal -0.20086358871993024 -0.6781041111771242 -0.7069855961271297
    outer loop
      vertex 174.8926091293762 -21.87429987478853 0.8000000000000007
      vertex 176.25421719872404 -21.443553343617317 0
      vertex 176.04716196264204 -22.21629400464857 0.8000000000000007
    endloop
  endfacet
  facet normal -0.2008635887199314 -0.6781041111771227 -0.706985596127131
    outer loop
      vertex 174.8926091293762 -21.87429987478853 0.8000000000000007
      vertex 175.13982272487615 -21.113454661752407 0
      vertex 176.25421719872404 -21.443553343617317 0
    endloop
  endfacet
  facet normal 0 0 -1
    outer loop
      vertex 168.0290873186936 -17.252640344344755 0
      vertex 182 0 0
      vertex 168.9511673991071 -17.960177275123833 0
    endloop
  endfacet
  facet normal 0 0 -1
    outer loop
      vertex 168.9511673991071 -17.960177275123833 0
      vertex 182 0 0
      vertex 169.9090134226664 -18.618486608388412 0
    endloop
  endfacet
  facet normal 0 0 -1
    outer loop
      vertex 169.9090134226664 -18.618486608388412 0
      vertex 182 0 0
      vertex 170.9 -19.225763964014536 0
    endloop
  endfacet
  facet normal 0 0 -1
    outer loop
      vertex 170.9 -19.225763964014536 0
      vertex 182 0 0
      vertex 171.92141090578207 -19.780344836981765 0
    endloop
  endfacet
  facet normal 0 0 -1
    outer loop
      vertex 172.97044652371724 -20.28070915966574 0
      vertex 171.92141090578207 -19.780344836981765 0
      vertex 182 0 0
    endloop
  endfacet
  facet normal -0.16509908506178952 -0.6876871810500226 -0.7069855961271301
    outer loop
      vertex 176.04716196264204 -22.21629400464857 0.8000000000000007
      vertex 176.25421719872404 -21.443553343617317 0
      vertex 177.38436046384575 -21.714876736290485 0
    endloop
  endfacet
  facet normal -0.16509908506179527 -0.6876871810500157 -0.7069855961271354
    outer loop
      vertex 176.04716196264204 -22.21629400464857 0.8000000000000007
      vertex 177.38436046384575 -21.714876736290485 0
      vertex 177.21803111119152 -22.49739481687753 0.8000000000000007
    endloop
  endfacet
  facet normal -0.12888205628739452 -0.6953853481602108 -0.7069855961271313
    outer loop
      vertex 177.21803111119152 -22.49739481687753 0.8000000000000007
      vertex 178.52715487610686 -21.92668116121206 0
      vertex 178.4020073040747 -22.71683183368817 0.8000000000000007
    endloop
  endfacet
  facet normal -0.1288820562873987 -0.6953853481602063 -0.7069855961271349
    outer loop
      vertex 177.21803111119152 -22.49739481687753 0.8000000000000007
      vertex 177.38436046384575 -21.714876736290485 0
      vertex 178.52715487610686 -21.92668116121206 0
    endloop
  endfacet
  facet normal -0.09231177075519427 -0.7011775123667365 -0.7069855961271315
    outer loop
      vertex 178.4020073040747 -22.71683183368817 0.8000000000000007
      vertex 178.52715487610686 -21.92668116121206 0
      vertex 179.6794681154581 -22.078386077175665 0
    endloop
  endfacet
  facet normal -0.09231177075519525 -0.7011775123667356 -0.7069855961271323
    outer loop
      vertex 178.4020073040747 -22.71683183368817 0.8000000000000007
      vertex 179.6794681154581 -22.078386077175665 0
      vertex 179.59584534484398 -22.874003593470285 0.8000000000000007
    endloop
  endfacet
  facet normal -0.05548846507587331 -0.7050477977501147 -0.7069855961271324
    outer loop
      vertex 179.59584534484398 -22.874003593470285 0.8000000000000007
      vertex 179.6794681154581 -22.078386077175665 0
      vertex 180.83814177140664 -22.169575671551538 0
    endloop
  endfacet
  facet normal -0.05548846507587387 -0.7050477977501143 -0.706985596127133
    outer loop
      vertex 179.59584534484398 -22.874003593470285 0.8000000000000007
      vertex 180.83814177140664 -22.169575671551538 0
      vertex 180.7962730064123 -22.9684792993552 0.8000000000000007
    endloop
  endfacet
  facet normal -0.018513069370730655 -0.7069855961271325 -0.7069855961271331
    outer loop
      vertex 180.7962730064123 -22.9684792993552 0.8000000000000007
      vertex 180.83814177140664 -22.169575671551538 0
      vertex 182 -22.2 0
    endloop
  endfacet
  facet normal -0.01851306937073019 -0.7069855961271327 -0.7069855961271327
    outer loop
      vertex 180.7962730064123 -22.9684792993552 0.8000000000000007
      vertex 182 -22.2 0
      vertex 182 -23 0.8000000000000007
    endloop
  endfacet
  facet normal 0 0 -1
    outer loop
      vertex 177.38436046384575 -21.714876736290485 0
      vertex 176.25421719872404 -21.443553343617317 0
      vertex 182 0 0
    endloop
  endfacet
  facet normal 0 0 -1
    outer loop
      vertex 172.97044652371724 -20.28070915966574 0
      vertex 182 0 0
      vertex 174.04423152009434 -20.725485468237878 0
    endloop
  endfacet
  facet normal 0 0 -1
    outer loop
      vertex 174.04423152009434 -20.725485468237878 0
      vertex 182 0 0
      vertex 175.13982272487615 -21.113454661752407 0
    endloop
  endfacet
  facet normal 0 0 -1
    outer loop
      vertex 175.13982272487615 -21.113454661752407 0
      vertex 182 0 0
      vertex 176.25421719872404 -21.443553343617317 0
    endloop
  endfacet
  facet normal 0 0 -1
    outer loop
      vertex 177.38436046384575 -21.714876736290485 0
      vertex 182 0 0
      vertex 178.52715487610686 -21.92668116121206 0
    endloop
  endfacet
  facet normal 0 0 -1
    outer loop
      vertex 178.52715487610686 -21.92668116121206 0
      vertex 182 0 0
      vertex 179.6794681154581 -22.078386077175665 0
    endloop
  endfacet
  facet normal 0 0 -1
    outer loop
      vertex 179.6794681154581 -22.078386077175665 0
      vertex 182 0 0
      vertex 180.83814177140664 -22.169575671551538 0
    endloop
  endfacet
  facet normal 0 0 -1
    outer loop
      vertex 180.83814177140664 -22.169575671551538 0
      vertex 182 0 0
      vertex 182 -22.2 0
    endloop
  endfacet
  facet normal -0.4305110968082915 -0.9025852843498624 0
    outer loop
      vertex 171.55821850599042 -20.49315005633246 0.8000000000000007
      vertex 172.6450572092566 -21.01154552577982 0.8000000000000007
      vertex 171.55821850599042 -20.49315005633246 57.5
    endloop
  endfacet
  facet normal -0.38268343236509295 -0.9238795325112855 0
    outer loop
      vertex 172.6450572092566 -21.01154552577982 0.8000000000000007
      vertex 173.7575371604581 -21.47234980943564 0.8000000000000007
      vertex 172.6450572092566 -21.01154552577982 57.5
    endloop
  endfacet
  facet normal -0.477158760259609 -0.878817112661965 0
    outer loop
      vertex 171.55821850599042 -20.49315005633246 0.8000000000000007
      vertex 170.5 -19.918584287042087 57.5
      vertex 170.5 -19.918584287042087 0.8000000000000007
    endloop
  endfacet
  facet normal -0.3338068592337695 -0.9426414910921789 0
    outer loop
      vertex 173.7575371604581 -21.47234980943564 0.8000000000000007
      vertex 174.8926091293762 -21.87429987478853 0.8000000000000007
      vertex 173.7575371604581 -21.47234980943564 57.5
    endloop
  endfacet
  facet normal -0.28401534470392165 -0.9588197348681935 0
    outer loop
      vertex 174.8926091293762 -21.87429987478853 0.8000000000000007
      vertex 176.04716196264204 -22.21629400464857 0.8000000000000007
      vertex 174.8926091293762 -21.87429987478853 57.5
    endloop
  endfacet
  facet normal -0.2334453638559113 -0.9723699203976751 0
    outer loop
      vertex 176.04716196264204 -22.21629400464857 0.8000000000000007
      vertex 177.21803111119152 -22.49739481687753 0.8000000000000007
      vertex 176.04716196264204 -22.21629400464857 57.5
    endloop
  endfacet
  facet normal -0.18223552549214547 -0.9832549075639551 0
    outer loop
      vertex 177.21803111119152 -22.49739481687753 0.8000000000000007
      vertex 178.4020073040747 -22.71683183368817 0.8000000000000007
      vertex 177.21803111119152 -22.49739481687753 57.5
    endloop
  endfacet
  facet normal -0.1305261922200479 -0.9914448613738108 0
    outer loop
      vertex 178.4020073040747 -22.71683183368817 0.8000000000000007
      vertex 179.59584534484398 -22.874003593470285 0.8000000000000007
      vertex 178.4020073040747 -22.71683183368817 57.5
    endloop
  endfacet
  facet normal -0.07845909572784704 -0.9969173337331277 0
    outer loop
      vertex 179.59584534484398 -22.874003593470285 0.8000000000000007
      vertex 180.7962730064123 -22.9684792993552 0.8000000000000007
      vertex 179.59584534484398 -22.874003593470285 57.5
    endloop
  endfacet
  facet normal -0.026176948307873472 -0.9996573249755573 0
    outer loop
      vertex 180.7962730064123 -22.9684792993552 0.8000000000000007
      vertex 182 -23 0.8000000000000007
      vertex 180.7962730064123 -22.9684792993552 57.5
    endloop
  endfacet
  facet normal 0 0 -1
    outer loop
      vertex 165.50218487440185 -14.854699461166652 0
      vertex 182 0 0
      vertex 166.30222945765865 -15.697770542341356 0
    endloop
  endfacet
  facet normal 0 0 -1
    outer loop
      vertex 167.14530053883334 -16.49781512559815 0
      vertex 166.30222945765865 -15.697770542341356 0
      vertex 182 0 0
    endloop
  endfacet
  facet normal 0 0 -1
    outer loop
      vertex 164.74735965565526 -13.97091268130639 0
      vertex 182 0 0
      vertex 165.50218487440185 -14.854699461166652 0
    endloop
  endfacet
  facet normal 0 0 -1
    outer loop
      vertex 168.0290873186936 -17.252640344344755 0
      vertex 167.14530053883334 -16.49781512559815 0
      vertex 182 0 0
    endloop
  endfacet
  facet normal -0.7604059656000212 -0.649448048330195 0
    outer loop
      vertex 164.90766901401994 -15.390003946253739 0.8000000000000007
      vertex 164.90766901401994 -15.390003946253739 57.5
      vertex 164.12564288648966 -14.47436899414626 57.5
    endloop
  endfacet
  facet normal -0.8241261886220119 -0.5664062369248383 0
    outer loop
      vertex 163.3926091293762 -13.519060802726882 0.8000000000000007
      vertex 163.3926091293762 -13.519060802726882 57.5
      vertex 162.71057693725524 -12.526697805345623 57.5
    endloop
  endfacet
  facet normal -0.8526401643540983 -0.5224985647159389 0
    outer loop
      vertex 162.71057693725524 -12.526697805345623 0.8000000000000007
      vertex 162.71057693725524 -12.526697805345623 57.5
      vertex 162.08141571295792 -11.5 57.5
    endloop
  endfacet
  facet normal -0.7933533402912406 -0.6087614290087137 0
    outer loop
      vertex 164.12564288648966 -14.47436899414626 0.8000000000000007
      vertex 164.12564288648966 -14.47436899414626 57.5
      vertex 163.3926091293762 -13.519060802726882 57.5
    endloop
  endfacet
  facet normal -0.649448048330189 -0.7604059656000263 0
    outer loop
      vertex 167.52563100585374 -17.87435711351033 0.8000000000000007
      vertex 167.52563100585374 -17.87435711351033 57.5
      vertex 166.60999605374627 -17.092330985980066 57.5
    endloop
  endfacet
  facet normal -0.608761429008716 -0.7933533402912386 0
    outer loop
      vertex 168.48093919727313 -18.607390870623792 0.8000000000000007
      vertex 168.48093919727313 -18.607390870623792 57.5
      vertex 167.52563100585374 -17.87435711351033 57.5
    endloop
  endfacet
  facet normal -0.5664062369248412 -0.8241261886220098 0
    outer loop
      vertex 169.47330219465437 -19.289423062744753 0.8000000000000007
      vertex 169.47330219465437 -19.289423062744753 57.5
      vertex 168.48093919727313 -18.607390870623792 57.5
    endloop
  endfacet
  facet normal -0.5224985647159436 -0.8526401643540954 0
    outer loop
      vertex 170.5 -19.918584287042087 0.8000000000000007
      vertex 170.5 -19.918584287042087 57.5
      vertex 169.47330219465437 -19.289423062744753 57.5
    endloop
  endfacet
  facet normal -0.7253743710122882 -0.6883545756937534 0
    outer loop
      vertex 165.73654403270942 -16.263455967290593 0.8000000000000007
      vertex 165.73654403270942 -16.263455967290593 57.5
      vertex 164.90766901401994 -15.390003946253739 57.5
    endloop
  endfacet
  facet normal -0.6883545756937534 -0.7253743710122882 0
    outer loop
      vertex 166.60999605374627 -17.092330985980066 0.8000000000000007
      vertex 166.60999605374627 -17.092330985980066 57.5
      vertex 165.73654403270942 -16.263455967290593 57.5
    endloop
  endfacet
  facet normal 0 0 1
    outer loop
      vertex 164.12564288648966 -14.47436899414626 57.5
      vertex 165.4278703918541 -14.921612521802539 57.5
      vertex 164.66964505950955 -14.033844720411373 57.5
    endloop
  endfacet
  facet normal 0 0 1
    outer loop
      vertex 162.71057693725524 -12.526697805345623 57.5
      vertex 163.29764633481705 -12.145450480835104 57.5
      vertex 162.08141571295792 -11.5 57.5
    endloop
  endfacet
  facet normal 0 0 1
    outer loop
      vertex 163.29764633481705 -12.145450480835104 57.5
      vertex 162.68763349560703 -11.15 57.5
      vertex 162.08141571295792 -11.5 57.5
    endloop
  endfacet
  facet normal 0 0 1
    outer loop
      vertex 164.12564288648966 -14.47436899414626 57.5
      vertex 163.95892102543866 -13.107611126122151 57.5
      vertex 163.3926091293762 -13.519060802726882 57.5
    endloop
  endfacet
  facet normal 0 0 1
    outer loop
      vertex 162.71057693725524 -12.526697805345623 57.5
      vertex 163.3926091293762 -13.519060802726882 57.5
      vertex 163.95892102543866 -13.107611126122151 57.5
    endloop
  endfacet
  facet normal 0 0 1
    outer loop
      vertex 164.12564288648966 -14.47436899414626 57.5
      vertex 164.66964505950955 -14.033844720411373 57.5
      vertex 163.95892102543866 -13.107611126122151 57.5
    endloop
  endfacet
  facet normal 0 0 1
    outer loop
      vertex 162.71057693725524 -12.526697805345623 57.5
      vertex 163.95892102543866 -13.107611126122151 57.5
      vertex 163.29764633481705 -12.145450480835104 57.5
    endloop
  endfacet
  facet normal 0 0 1
    outer loop
      vertex 167.52563100585374 -17.87435711351033 57.5
      vertex 167.96615527958863 -17.33035494049045 57.5
      vertex 166.60999605374627 -17.092330985980066 57.5
    endloop
  endfacet
  facet normal 0 0 1
    outer loop
      vertex 167.52563100585374 -17.87435711351033 57.5
      vertex 168.48093919727313 -18.607390870623792 57.5
      vertex 168.89238887387785 -18.04107897456133 57.5
    endloop
  endfacet
  facet normal 0 0 1
    outer loop
      vertex 167.52563100585374 -17.87435711351033 57.5
      vertex 168.89238887387785 -18.04107897456133 57.5
      vertex 167.96615527958863 -17.33035494049045 57.5
    endloop
  endfacet
  facet normal 0 0 1
    outer loop
      vertex 168.48093919727313 -18.607390870623792 57.5
      vertex 169.47330219465437 -19.289423062744753 57.5
      vertex 168.89238887387785 -18.04107897456133 57.5
    endloop
  endfacet
  facet normal 0 0 1
    outer loop
      vertex 169.47330219465437 -19.289423062744753 57.5
      vertex 170.5 -19.918584287042087 57.5
      vertex 170.85 -19.31236650439298 57.5
    endloop
  endfacet
  facet normal 0 0 1
    outer loop
      vertex 169.47330219465437 -19.289423062744753 57.5
      vertex 170.85 -19.31236650439298 57.5
      vertex 169.8545495191649 -18.702353665182955 57.5
    endloop
  endfacet
  facet normal 0 0 1
    outer loop
      vertex 168.89238887387785 -18.04107897456133 57.5
      vertex 169.47330219465437 -19.289423062744753 57.5
      vertex 169.8545495191649 -18.702353665182955 57.5
    endloop
  endfacet
  facet normal 0 0 1
    outer loop
      vertex 165.73654403270942 -16.263455967290593 57.5
      vertex 165.4278703918541 -14.921612521802539 57.5
      vertex 164.90766901401994 -15.390003946253739 57.5
    endloop
  endfacet
  facet normal 0 0 1
    outer loop
      vertex 164.12564288648966 -14.47436899414626 57.5
      vertex 164.90766901401994 -15.390003946253739 57.5
      vertex 165.4278703918541 -14.921612521802539 57.5
    endloop
  endfacet
  facet normal 0 0 1
    outer loop
      vertex 165.73654403270942 -16.263455967290593 57.5
      vertex 166.23151877953998 -15.76848122046001 57.5
      vertex 165.4278703918541 -14.921612521802539 57.5
    endloop
  endfacet
  facet normal 0 0 1
    outer loop
      vertex 165.73654403270942 -16.263455967290593 57.5
      vertex 166.60999605374627 -17.092330985980066 57.5
      vertex 166.23151877953998 -15.76848122046001 57.5
    endloop
  endfacet
  facet normal 0 0 1
    outer loop
      vertex 166.60999605374627 -17.092330985980066 57.5
      vertex 167.07838747819747 -16.57212960814589 57.5
      vertex 166.23151877953998 -15.76848122046001 57.5
    endloop
  endfacet
  facet normal 0 0 1
    outer loop
      vertex 167.96615527958863 -17.33035494049045 57.5
      vertex 167.07838747819747 -16.57212960814589 57.5
      vertex 166.60999605374627 -17.092330985980066 57.5
    endloop
  endfacet
  facet normal -0.9025852843498665 -0.4305110968082829 0
    outer loop
      vertex 161.50684994366753 -10.441781494009575 0.8000000000000007
      vertex 161.50684994366753 -10.441781494009575 57.5
      vertex 160.9884544742202 -9.354942790743404 57.5
    endloop
  endfacet
  facet normal -0.9238795325112872 -0.38268343236508895 0
    outer loop
      vertex 160.9884544742202 -9.354942790743404 0.8000000000000007
      vertex 160.9884544742202 -9.354942790743404 57.5
      vertex 160.52765019056437 -8.242462839541906 57.5
    endloop
  endfacet
  facet normal -0.9426414910921745 -0.3338068592337816 0
    outer loop
      vertex 160.52765019056437 -8.242462839541906 0.8000000000000007
      vertex 160.52765019056437 -8.242462839541906 57.5
      vertex 160.12570012521147 -7.1073908706237905 57.5
    endloop
  endfacet
  facet normal -0.9588197348681927 -0.28401534470392426 0
    outer loop
      vertex 160.12570012521147 -7.1073908706237905 0.8000000000000007
      vertex 160.12570012521147 -7.1073908706237905 57.5
      vertex 159.78370599535143 -5.952838037357977 57.5
    endloop
  endfacet
  facet normal -0.8788171126619602 -0.4771587602596181 0
    outer loop
      vertex 162.08141571295792 -11.5 0.8000000000000007
      vertex 162.08141571295792 -11.5 57.5
      vertex 161.50684994366753 -10.441781494009575 57.5
    endloop
  endfacet
  facet normal -0.9723699203976743 -0.23344536385591466 0
    outer loop
      vertex 159.78370599535143 -5.952838037357977 0.8000000000000007
      vertex 159.78370599535143 -5.952838037357977 57.5
      vertex 159.50260518312245 -4.781968888808465 57.5
    endloop
  endfacet
  facet normal -0.9832549075639577 -0.1822355254921298 0
    outer loop
      vertex 159.50260518312245 -4.781968888808465 0.8000000000000007
      vertex 159.50260518312245 -4.781968888808465 57.5
      vertex 159.28316816631184 -3.59799269592531 57.5
    endloop
  endfacet
  facet normal -0.9914448613738093 -0.13052619222006095 0
    outer loop
      vertex 159.28316816631184 -3.59799269592531 0.8000000000000007
      vertex 159.28316816631184 -3.59799269592531 57.5
      vertex 159.1259964065297 -2.40415465515603 57.5
    endloop
  endfacet
  facet normal -0.9969173337331275 -0.07845909572784936 0
    outer loop
      vertex 159.1259964065297 -2.40415465515603 0.8000000000000007
      vertex 159.1259964065297 -2.40415465515603 57.5
      vertex 159.0315207006448 -1.2037269935877082 57.5
    endloop
  endfacet
  facet normal -0.9996573249755575 -0.026176948307864625 0
    outer loop
      vertex 159.0315207006448 -1.2037269935877082 0.8000000000000007
      vertex 159.0315207006448 -1.2037269935877082 57.5
      vertex 159 0 57.5
    endloop
  endfacet
  facet normal 0 0 1
    outer loop
      vertex 160.9884544742202 -9.354942790743404 57.5
      vertex 161.62793629457 -9.070227140590346 57.5
      vertex 160.52765019056437 -8.242462839541906 57.5
    endloop
  endfacet
  facet normal 0 0 1
    outer loop
      vertex 161.50684994366753 -10.441781494009575 57.5
      vertex 161.62793629457 -9.070227140590346 57.5
      vertex 160.9884544742202 -9.354942790743404 57.5
    endloop
  endfacet
  facet normal 0 0 1
    outer loop
      vertex 161.50684994366753 -10.441781494009575 57.5
      vertex 162.13055451059938 -10.123988144191893 57.5
      vertex 161.62793629457 -9.070227140590346 57.5
    endloop
  endfacet
  facet normal 0 0 1
    outer loop
      vertex 160.12570012521147 -7.1073908706237905 57.5
      vertex 160.45985407375377 -5.771664705786213 57.5
      vertex 159.78370599535143 -5.952838037357977 57.5
    endloop
  endfacet
  facet normal 0 0 1
    outer loop
      vertex 161.62793629457 -9.070227140590346 57.5
      vertex 161.1811564891124 -7.991605274860196 57.5
      vertex 160.52765019056437 -8.242462839541906 57.5
    endloop
  endfacet
  facet normal 0 0 1
    outer loop
      vertex 160.12570012521147 -7.1073908706237905 57.5
      vertex 160.52765019056437 -8.242462839541906 57.5
      vertex 161.1811564891124 -7.991605274860196 57.5
    endloop
  endfacet
  facet normal 0 0 1
    outer loop
      vertex 160.12570012521147 -7.1073908706237905 57.5
      vertex 161.1811564891124 -7.991605274860196 57.5
      vertex 160.79143968661808 -6.891078974561327 57.5
    endloop
  endfacet
  facet normal 0 0 1
    outer loop
      vertex 160.12570012521147 -7.1073908706237905 57.5
      vertex 160.79143968661808 -6.891078974561327 57.5
      vertex 160.45985407375377 -5.771664705786213 57.5
    endloop
  endfacet
  facet normal 0 0 1
    outer loop
      vertex 162.08141571295792 -11.5 57.5
      vertex 162.68763349560703 -11.15 57.5
      vertex 162.13055451059938 -10.123988144191893 57.5
    endloop
  endfacet
  facet normal 0 0 1
    outer loop
      vertex 161.50684994366753 -10.441781494009575 57.5
      vertex 162.08141571295792 -11.5 57.5
      vertex 162.13055451059938 -10.123988144191893 57.5
    endloop
  endfacet
  facet normal 0 0 1
    outer loop
      vertex 159.50260518312245 -4.781968888808465 57.5
      vertex 160.18730850363613 -4.636430705236034 57.5
      vertex 159.28316816631184 -3.59799269592531 57.5
    endloop
  endfacet
  facet normal 0 0 1
    outer loop
      vertex 159.78370599535143 -5.952838037357977 57.5
      vertex 160.18730850363613 -4.636430705236034 57.5
      vertex 159.50260518312245 -4.781968888808465 57.5
    endloop
  endfacet
  facet normal 0 0 1
    outer loop
      vertex 159.78370599535143 -5.952838037357977 57.5
      vertex 160.45985407375377 -5.771664705786213 57.5
      vertex 160.18730850363613 -4.636430705236034 57.5
    endloop
  endfacet
  facet normal 0 0 1
    outer loop
      vertex 159.28316816631184 -3.59799269592531 57.5
      vertex 159.97455000472843 -3.4884885703971484 57.5
      vertex 159.1259964065297 -2.40415465515603 57.5
    endloop
  endfacet
  facet normal 0 0 1
    outer loop
      vertex 160.18730850363613 -4.636430705236034 57.5
      vertex 159.97455000472843 -3.4884885703971484 57.5
      vertex 159.28316816631184 -3.59799269592531 57.5
    endloop
  endfacet
  facet normal 0 0 1
    outer loop
      vertex 159.97455000472843 -3.4884885703971484 57.5
      vertex 159.82216173328752 -2.3309847308686726 57.5
      vertex 159.1259964065297 -2.40415465515603 57.5
    endloop
  endfacet
  facet normal 0 0 1
    outer loop
      vertex 159.1259964065297 -2.40415465515603 57.5
      vertex 159.82216173328752 -2.3309847308686726 57.5
      vertex 159.0315207006448 -1.2037269935877082 57.5
    endloop
  endfacet
  facet normal 0 0 1
    outer loop
      vertex 159.82216173328752 -2.3309847308686726 57.5
      vertex 159.730561374973 -1.1670918242176476 57.5
      vertex 159.0315207006448 -1.2037269935877082 57.5
    endloop
  endfacet
  facet normal 0 0 1
    outer loop
      vertex 159.0315207006448 -1.2037269935877082 57.5
      vertex 159.730561374973 -1.1670918242176476 57.5
      vertex 159.7 0 57.5
    endloop
  endfacet
  facet normal 0 0 1
    outer loop
      vertex 159.0315207006448 -1.2037269935877082 57.5
      vertex 159.7 0 57.5
      vertex 159 0 57.5
    endloop
  endfacet
  facet normal -0.477158760259609 -0.878817112661965 0
    outer loop
      vertex 171.55821850599042 -20.49315005633246 0.8000000000000007
      vertex 171.55821850599042 -20.49315005633246 57.5
      vertex 170.5 -19.918584287042087 57.5
    endloop
  endfacet
  facet normal -0.4305110968082915 -0.9025852843498624 0
    outer loop
      vertex 172.6450572092566 -21.01154552577982 0.8000000000000007
      vertex 172.6450572092566 -21.01154552577982 57.5
      vertex 171.55821850599042 -20.49315005633246 57.5
    endloop
  endfacet
  facet normal -0.3338068592337695 -0.9426414910921789 0
    outer loop
      vertex 174.8926091293762 -21.87429987478853 0.8000000000000007
      vertex 174.8926091293762 -21.87429987478853 57.5
      vertex 173.7575371604581 -21.47234980943564 57.5
    endloop
  endfacet
  facet normal -0.38268343236509295 -0.9238795325112855 0
    outer loop
      vertex 173.7575371604581 -21.47234980943564 0.8000000000000007
      vertex 173.7575371604581 -21.47234980943564 57.5
      vertex 172.6450572092566 -21.01154552577982 57.5
    endloop
  endfacet
  facet normal -0.28401534470392165 -0.9588197348681935 0
    outer loop
      vertex 176.04716196264204 -22.21629400464857 0.8000000000000007
      vertex 176.04716196264204 -22.21629400464857 57.5
      vertex 174.8926091293762 -21.87429987478853 57.5
    endloop
  endfacet
  facet normal -0.2334453638559113 -0.9723699203976751 0
    outer loop
      vertex 177.21803111119152 -22.49739481687753 0.8000000000000007
      vertex 177.21803111119152 -22.49739481687753 57.5
      vertex 176.04716196264204 -22.21629400464857 57.5
    endloop
  endfacet
  facet normal -0.18223552549214547 -0.9832549075639551 0
    outer loop
      vertex 178.4020073040747 -22.71683183368817 0.8000000000000007
      vertex 178.4020073040747 -22.71683183368817 57.5
      vertex 177.21803111119152 -22.49739481687753 57.5
    endloop
  endfacet
  facet normal -0.1305261922200479 -0.9914448613738108 0
    outer loop
      vertex 179.59584534484398 -22.874003593470285 0.8000000000000007
      vertex 179.59584534484398 -22.874003593470285 57.5
      vertex 178.4020073040747 -22.71683183368817 57.5
    endloop
  endfacet
  facet normal -0.07845909572784704 -0.9969173337331277 0
    outer loop
      vertex 180.7962730064123 -22.9684792993552 0.8000000000000007
      vertex 180.7962730064123 -22.9684792993552 57.5
      vertex 179.59584534484398 -22.874003593470285 57.5
    endloop
  endfacet
  facet normal -0.026176948307873472 -0.9996573249755573 0
    outer loop
      vertex 180.7962730064123 -22.9684792993552 57.5
      vertex 182 -23 0.8000000000000007
      vertex 182 -23 57.5
    endloop
  endfacet
  facet normal 0 0 1
    outer loop
      vertex 171.55821850599042 -20.49315005633246 57.5
      vertex 172.92977285940967 -20.37206370543 57.5
      vertex 171.87601185580812 -19.869445489400604 57.5
    endloop
  endfacet
  facet normal 0 0 1
    outer loop
      vertex 171.55821850599042 -20.49315005633246 57.5
      vertex 172.6450572092566 -21.01154552577982 57.5
      vertex 172.92977285940967 -20.37206370543 57.5
    endloop
  endfacet
  facet normal 0 0 1
    outer loop
      vertex 172.6450572092566 -21.01154552577982 57.5
      vertex 174.0083947251398 -20.8188435108876 57.5
      vertex 172.92977285940967 -20.37206370543 57.5
    endloop
  endfacet
  facet normal 0 0 1
    outer loop
      vertex 170.5 -19.918584287042087 57.5
      vertex 171.87601185580812 -19.869445489400604 57.5
      vertex 170.85 -19.31236650439298 57.5
    endloop
  endfacet
  facet normal 0 0 1
    outer loop
      vertex 171.55821850599042 -20.49315005633246 57.5
      vertex 171.87601185580812 -19.869445489400604 57.5
      vertex 170.5 -19.918584287042087 57.5
    endloop
  endfacet
  facet normal 0 0 1
    outer loop
      vertex 172.6450572092566 -21.01154552577982 57.5
      vertex 173.7575371604581 -21.47234980943564 57.5
      vertex 174.0083947251398 -20.8188435108876 57.5
    endloop
  endfacet
  facet normal 0 0 1
    outer loop
      vertex 173.7575371604581 -21.47234980943564 57.5
      vertex 174.8926091293762 -21.87429987478853 57.5
      vertex 174.0083947251398 -20.8188435108876 57.5
    endloop
  endfacet
  facet normal 0 0 1
    outer loop
      vertex 174.0083947251398 -20.8188435108876 57.5
      vertex 174.8926091293762 -21.87429987478853 57.5
      vertex 175.10892102543866 -21.208560313381923 57.5
    endloop
  endfacet
  facet normal 0 0 1
    outer loop
      vertex 174.8926091293762 -21.87429987478853 57.5
      vertex 176.04716196264204 -22.21629400464857 57.5
      vertex 176.2283352942138 -21.540145926246225 57.5
    endloop
  endfacet
  facet normal 0 0 1
    outer loop
      vertex 174.8926091293762 -21.87429987478853 57.5
      vertex 176.2283352942138 -21.540145926246225 57.5
      vertex 175.10892102543866 -21.208560313381923 57.5
    endloop
  endfacet
  facet normal 0 0 1
    outer loop
      vertex 176.04716196264204 -22.21629400464857 57.5
      vertex 177.36356929476398 -21.81269149636387 57.5
      vertex 176.2283352942138 -21.540145926246225 57.5
    endloop
  endfacet
  facet normal 0 0 1
    outer loop
      vertex 176.04716196264204 -22.21629400464857 57.5
      vertex 177.21803111119152 -22.49739481687753 57.5
      vertex 177.36356929476398 -21.81269149636387 57.5
    endloop
  endfacet
  facet normal 0 0 1
    outer loop
      vertex 177.21803111119152 -22.49739481687753 57.5
      vertex 178.4020073040747 -22.71683183368817 57.5
      vertex 177.36356929476398 -21.81269149636387 57.5
    endloop
  endfacet
  facet normal 0 0 1
    outer loop
      vertex 177.36356929476398 -21.81269149636387 57.5
      vertex 178.4020073040747 -22.71683183368817 57.5
      vertex 178.51151142960285 -22.025449995271572 57.5
    endloop
  endfacet
  facet normal 0 0 1
    outer loop
      vertex 178.4020073040747 -22.71683183368817 57.5
      vertex 179.59584534484398 -22.874003593470285 57.5
      vertex 178.51151142960285 -22.025449995271572 57.5
    endloop
  endfacet
  facet normal 0 0 1
    outer loop
      vertex 178.51151142960285 -22.025449995271572 57.5
      vertex 179.59584534484398 -22.874003593470285 57.5
      vertex 179.66901526913134 -22.177838266712495 57.5
    endloop
  endfacet
  facet normal 0 0 1
    outer loop
      vertex 179.59584534484398 -22.874003593470285 57.5
      vertex 180.7962730064123 -22.9684792993552 57.5
      vertex 179.66901526913134 -22.177838266712495 57.5
    endloop
  endfacet
  facet normal 0 0 1
    outer loop
      vertex 179.66901526913134 -22.177838266712495 57.5
      vertex 180.7962730064123 -22.9684792993552 57.5
      vertex 180.83290817578236 -22.269438625026996 57.5
    endloop
  endfacet
  facet normal 0 0 1
    outer loop
      vertex 180.7962730064123 -22.9684792993552 57.5
      vertex 182 -22.3 57.5
      vertex 180.83290817578236 -22.269438625026996 57.5
    endloop
  endfacet
  facet normal 0 0 1
    outer loop
      vertex 180.7962730064123 -22.9684792993552 57.5
      vertex 182 -23 57.5
      vertex 182 -22.3 57.5
    endloop
  endfacet
  facet normal -0.7069855961271282 0.018513069370723806 -0.7069855961271375
    outer loop
      vertex 159 0 0.8000000000000007
      vertex 159.0315207006448 1.2037269935877082 0.8000000000000007
      vertex 159.8 0 0
    endloop
  endfacet
  facet normal -0.7069855961271295 0.018513069370722068 -0.7069855961271362
    outer loop
      vertex 159.0315207006448 1.2037269935877082 0.8000000000000007
      vertex 159.83042432844846 1.1618582285933532 0
      vertex 159.8 0 0
    endloop
  endfacet
  facet normal -0.7050477977501108 0.05548846507587525 -0.7069855961271362
    outer loop
      vertex 159.0315207006448 1.2037269935877082 0.8000000000000007
      vertex 159.1259964065297 2.40415465515603 0.8000000000000007
      vertex 159.83042432844846 1.1618582285933532 0
    endloop
  endfacet
  facet normal -0.7050477977501041 0.055488465075882995 -0.7069855961271424
    outer loop
      vertex 159.83042432844846 1.1618582285933532 0
      vertex 159.1259964065297 2.40415465515603 0.8000000000000007
      vertex 159.92161392282435 2.320531884541907 0
    endloop
  endfacet
  facet normal -0.7011775123667248 0.09231177075520319 -0.7069855961271421
    outer loop
      vertex 159.1259964065297 2.40415465515603 0.8000000000000007
      vertex 159.28316816631184 3.59799269592531 0.8000000000000007
      vertex 159.92161392282435 2.320531884541907 0
    endloop
  endfacet
  facet normal -0.6953853481602151 0.12888205628738386 -0.7069855961271291
    outer loop
      vertex 159.28316816631184 3.59799269592531 0.8000000000000007
      vertex 159.50260518312245 4.781968888808465 0.8000000000000007
      vertex 160.07331883878794 3.472845123893125 0
    endloop
  endfacet
  facet normal -0.7011775123667403 0.09231177075518705 -0.7069855961271287
    outer loop
      vertex 159.92161392282435 2.320531884541907 0
      vertex 159.28316816631184 3.59799269592531 0.8000000000000007
      vertex 160.07331883878794 3.472845123893125 0
    endloop
  endfacet
  facet normal -0.6953853481601987 0.12888205628739924 -0.7069855961271425
    outer loop
      vertex 160.07331883878794 3.472845123893125 0
      vertex 159.50260518312245 4.781968888808465 0.8000000000000007
      vertex 160.28512326370952 4.615639536154257 0
    endloop
  endfacet
  facet normal -0.6876871810500085 0.16509908506179605 -0.7069855961271422
    outer loop
      vertex 159.50260518312245 4.781968888808465 0.8000000000000007
      vertex 159.78370599535143 5.952838037357977 0.8000000000000007
      vertex 160.28512326370952 4.615639536154257 0
    endloop
  endfacet
  facet normal -0.6876871810500158 0.16509908506178989 -0.7069855961271365
    outer loop
      vertex 160.28512326370952 4.615639536154257 0
      vertex 159.78370599535143 5.952838037357977 0.8000000000000007
      vertex 160.5564466563827 5.74578280127596 0
    endloop
  endfacet
  facet normal -0.6781041111771173 0.20086358871993013 -0.7069855961271364
    outer loop
      vertex 160.5564466563827 5.74578280127596 0
      vertex 159.78370599535143 5.952838037357977 0.8000000000000007
      vertex 160.12570012521147 7.1073908706237905 0.8000000000000007
    endloop
  endfacet
  facet normal -0.6781041111771161 0.20086358871993107 -0.7069855961271374
    outer loop
      vertex 160.5564466563827 5.74578280127596 0
      vertex 160.12570012521147 7.1073908706237905 0.8000000000000007
      vertex 160.8865453382476 6.860177275123832 0
    endloop
  endfacet
  facet normal -0.6666624050699186 0.23607753924325012 -0.7069855961271372
    outer loop
      vertex 160.12570012521147 7.1073908706237905 0.8000000000000007
      vertex 160.52765019056437 8.242462839541906 0.8000000000000007
      vertex 160.8865453382476 6.860177275123832 0
    endloop
  endfacet
  facet normal -0.666662405069932 0.23607753924324104 -0.7069855961271275
    outer loop
      vertex 160.8865453382476 6.860177275123832 0
      vertex 160.52765019056437 8.242462839541906 0.8000000000000007
      vertex 161.27451453176212 7.955768479905665 0
    endloop
  endfacet
  facet normal -0.6533934236495736 0.270644417641042 -0.7069855961271277
    outer loop
      vertex 160.52765019056437 8.242462839541906 0.8000000000000007
      vertex 160.9884544742202 9.354942790743404 0.8000000000000007
      vertex 161.27451453176212 7.955768479905665 0
    endloop
  endfacet
  facet normal -0.653393423649578 0.2706444176410394 -0.7069855961271246
    outer loop
      vertex 161.27451453176212 7.955768479905665 0
      vertex 160.9884544742202 9.354942790743404 0.8000000000000007
      vertex 161.71929084033425 9.029553476282764 0
    endloop
  endfacet
  facet normal -0.6383335362718194 0.30446947850234085 -0.706985596127125
    outer loop
      vertex 160.9884544742202 9.354942790743404 0.8000000000000007
      vertex 161.50684994366753 10.441781494009575 0.8000000000000007
      vertex 161.71929084033425 9.029553476282764 0
    endloop
  endfacet
  facet normal -0.6383335362717971 0.3044694785023528 -0.7069855961271402
    outer loop
      vertex 161.71929084033425 9.029553476282764 0
      vertex 161.50684994366753 10.441781494009575 0.8000000000000007
      vertex 162.21965516301825 10.078589094217937 0
    endloop
  endfacet
  facet normal -0.6215240210411374 0.33746000968649414 -0.7069855961271396
    outer loop
      vertex 161.50684994366753 10.441781494009575 0.8000000000000007
      vertex 162.08141571295792 11.5 0.8000000000000007
      vertex 162.21965516301825 10.078589094217937 0
    endloop
  endfacet
  facet normal -0.6215240210411506 0.337460009686488 -0.706985596127131
    outer loop
      vertex 162.21965516301825 10.078589094217937 0
      vertex 162.08141571295792 11.5 0.8000000000000007
      vertex 162.77423603598547 11.1 0
    endloop
  endfacet
  facet normal 0 0 -1
    outer loop
      vertex 159.8 0 0
      vertex 159.83042432844846 1.1618582285933532 0
      vertex 182 0 0
    endloop
  endfacet
  facet normal 0 0 -1
    outer loop
      vertex 159.83042432844846 1.1618582285933532 0
      vertex 159.92161392282435 2.320531884541907 0
      vertex 182 0 0
    endloop
  endfacet
  facet normal 0 0 -1
    outer loop
      vertex 159.92161392282435 2.320531884541907 0
      vertex 160.07331883878794 3.472845123893125 0
      vertex 182 0 0
    endloop
  endfacet
  facet normal 0 0 -1
    outer loop
      vertex 160.07331883878794 3.472845123893125 0
      vertex 160.28512326370952 4.615639536154257 0
      vertex 182 0 0
    endloop
  endfacet
  facet normal 0 0 -1
    outer loop
      vertex 160.28512326370952 4.615639536154257 0
      vertex 160.5564466563827 5.74578280127596 0
      vertex 182 0 0
    endloop
  endfacet
  facet normal 0 0 -1
    outer loop
      vertex 160.5564466563827 5.74578280127596 0
      vertex 160.8865453382476 6.860177275123832 0
      vertex 182 0 0
    endloop
  endfacet
  facet normal 0 0 -1
    outer loop
      vertex 160.8865453382476 6.860177275123832 0
      vertex 161.27451453176212 7.955768479905665 0
      vertex 182 0 0
    endloop
  endfacet
  facet normal 0 0 -1
    outer loop
      vertex 161.27451453176212 7.955768479905665 0
      vertex 161.71929084033425 9.029553476282764 0
      vertex 182 0 0
    endloop
  endfacet
  facet normal 0 0 -1
    outer loop
      vertex 161.71929084033425 9.029553476282764 0
      vertex 162.21965516301825 10.078589094217937 0
      vertex 182 0 0
    endloop
  endfacet
  facet normal 0 0 -1
    outer loop
      vertex 162.21965516301825 10.078589094217937 0
      vertex 162.77423603598547 11.1 0
      vertex 182 0 0
    endloop
  endfacet
  facet normal 0 0 -1
    outer loop
      vertex 162.77423603598547 11.1 0
      vertex 163.38151339161158 12.0909865773336 0
      vertex 182 0 0
    endloop
  endfacet
  facet normal 0 0 -1
    outer loop
      vertex 163.38151339161158 12.0909865773336 0
      vertex 164.03982272487616 13.048832600892903 0
      vertex 182 0 0
    endloop
  endfacet
  facet normal 0 0 -1
    outer loop
      vertex 164.03982272487616 13.048832600892903 0
      vertex 164.74735965565526 13.97091268130639 0
      vertex 182 0 0
    endloop
  endfacet
  facet normal -0.9996573249755575 0.026176948307864625 0
    outer loop
      vertex 159 0 0.8000000000000007
      vertex 159.0315207006448 1.2037269935877082 57.5
      vertex 159.0315207006448 1.2037269935877082 0.8000000000000007
    endloop
  endfacet
  facet normal -0.9969173337331275 0.07845909572784936 0
    outer loop
      vertex 159.0315207006448 1.2037269935877082 0.8000000000000007
      vertex 159.1259964065297 2.40415465515603 57.5
      vertex 159.1259964065297 2.40415465515603 0.8000000000000007
    endloop
  endfacet
  facet normal -0.9914448613738093 0.13052619222006095 0
    outer loop
      vertex 159.1259964065297 2.40415465515603 0.8000000000000007
      vertex 159.28316816631184 3.59799269592531 57.5
      vertex 159.28316816631184 3.59799269592531 0.8000000000000007
    endloop
  endfacet
  facet normal -0.9832549075639577 0.1822355254921298 0
    outer loop
      vertex 159.28316816631184 3.59799269592531 0.8000000000000007
      vertex 159.50260518312245 4.781968888808465 57.5
      vertex 159.50260518312245 4.781968888808465 0.8000000000000007
    endloop
  endfacet
  facet normal -0.9723699203976743 0.23344536385591466 0
    outer loop
      vertex 159.50260518312245 4.781968888808465 0.8000000000000007
      vertex 159.78370599535143 5.952838037357977 57.5
      vertex 159.78370599535143 5.952838037357977 0.8000000000000007
    endloop
  endfacet
  facet normal -0.9588197348681927 0.28401534470392426 0
    outer loop
      vertex 159.78370599535143 5.952838037357977 0.8000000000000007
      vertex 160.12570012521147 7.1073908706237905 57.5
      vertex 160.12570012521147 7.1073908706237905 0.8000000000000007
    endloop
  endfacet
  facet normal -0.9426414910921745 0.3338068592337816 0
    outer loop
      vertex 160.12570012521147 7.1073908706237905 0.8000000000000007
      vertex 160.52765019056437 8.242462839541906 57.5
      vertex 160.52765019056437 8.242462839541906 0.8000000000000007
    endloop
  endfacet
  facet normal -0.9238795325112872 0.38268343236508895 0
    outer loop
      vertex 160.52765019056437 8.242462839541906 0.8000000000000007
      vertex 160.9884544742202 9.354942790743404 57.5
      vertex 160.9884544742202 9.354942790743404 0.8000000000000007
    endloop
  endfacet
  facet normal -0.9025852843498665 0.4305110968082829 0
    outer loop
      vertex 160.9884544742202 9.354942790743404 0.8000000000000007
      vertex 161.50684994366753 10.441781494009575 57.5
      vertex 161.50684994366753 10.441781494009575 0.8000000000000007
    endloop
  endfacet
  facet normal -0.8788171126619602 0.4771587602596181 0
    outer loop
      vertex 161.50684994366753 10.441781494009575 0.8000000000000007
      vertex 162.08141571295792 11.5 57.5
      vertex 162.08141571295792 11.5 0.8000000000000007
    endloop
  endfacet
  facet normal -0.6030109516704228 0.3695255864406359 -0.7069855961271313
    outer loop
      vertex 162.77423603598547 11.1 0
      vertex 162.08141571295792 11.5 0.8000000000000007
      vertex 162.71057693725524 12.526697805345623 0.8000000000000007
    endloop
  endfacet
  facet normal -0.603010951670422 0.36952558644063616 -0.7069855961271316
    outer loop
      vertex 162.77423603598547 11.1 0
      vertex 162.71057693725524 12.526697805345623 0.8000000000000007
      vertex 163.38151339161158 12.0909865773336 0
    endloop
  endfacet
  facet normal -0.5828450711959341 0.4005783192477727 -0.7069855961271317
    outer loop
      vertex 162.71057693725524 12.526697805345623 0.8000000000000007
      vertex 163.3926091293762 13.519060802726882 0.8000000000000007
      vertex 163.38151339161158 12.0909865773336 0
    endloop
  endfacet
  facet normal -0.5828450711959381 0.40057831924777143 -0.7069855961271293
    outer loop
      vertex 163.38151339161158 12.0909865773336 0
      vertex 163.3926091293762 13.519060802726882 0.8000000000000007
      vertex 164.03982272487616 13.048832600892903 0
    endloop
  endfacet
  facet normal -0.5610816528943773 0.43053309472569107 -0.7069855961271295
    outer loop
      vertex 163.3926091293762 13.519060802726882 0.8000000000000007
      vertex 164.12564288648966 14.47436899414626 0.8000000000000007
      vertex 164.03982272487616 13.048832600892903 0
    endloop
  endfacet
  facet normal -0.5610816528943577 0.43053309472569673 -0.7069855961271416
    outer loop
      vertex 164.03982272487616 13.048832600892903 0
      vertex 164.12564288648966 14.47436899414626 0.8000000000000007
      vertex 164.74735965565526 13.97091268130639 0
    endloop
  endfacet
  facet normal -0.5377803487825167 0.4593078089169678 -0.7069855961271411
    outer loop
      vertex 164.74735965565526 13.97091268130639 0
      vertex 164.12564288648966 14.47436899414626 0.8000000000000007
      vertex 164.90766901401994 15.390003946253739 0.8000000000000007
    endloop
  endfacet
  facet normal -0.537780348782537 0.45930780891696316 -0.7069855961271286
    outer loop
      vertex 164.74735965565526 13.97091268130639 0
      vertex 164.90766901401994 15.390003946253739 0.8000000000000007
      vertex 165.50218487440185 14.854699461166652 0
    endloop
  endfacet
  facet normal -0.5130050261153327 0.4868235923300914 -0.7069855961271289
    outer loop
      vertex 164.90766901401994 15.390003946253739 0.8000000000000007
      vertex 165.73654403270942 16.263455967290593 0.8000000000000007
      vertex 165.50218487440185 14.854699461166652 0
    endloop
  endfacet
  facet normal -0.5130050261153278 0.4868235923300923 -0.7069855961271317
    outer loop
      vertex 165.50218487440185 14.854699461166652 0
      vertex 165.73654403270942 16.263455967290593 0.8000000000000007
      vertex 166.30222945765865 15.697770542341356 0
    endloop
  endfacet
  facet normal -0.4868235923300894 0.5130050261153306 -0.7069855961271317
    outer loop
      vertex 165.73654403270942 16.263455967290593 0.8000000000000007
      vertex 166.60999605374627 17.092330985980066 0.8000000000000007
      vertex 166.30222945765865 15.697770542341356 0
    endloop
  endfacet
  facet normal -0.48682359233009864 0.5130050261153295 -0.7069855961271263
    outer loop
      vertex 166.30222945765865 15.697770542341356 0
      vertex 166.60999605374627 17.092330985980066 0.8000000000000007
      vertex 167.14530053883334 16.49781512559815 0
    endloop
  endfacet
  facet normal -0.4593078089169729 0.537780348782531 -0.7069855961271266
    outer loop
      vertex 166.60999605374627 17.092330985980066 0.8000000000000007
      vertex 167.52563100585374 17.87435711351033 0.8000000000000007
      vertex 167.14530053883334 16.49781512559815 0
    endloop
  endfacet
  facet normal -0.4593078089169687 0.5377803487825313 -0.7069855961271292
    outer loop
      vertex 167.14530053883334 16.49781512559815 0
      vertex 167.52563100585374 17.87435711351033 0.8000000000000007
      vertex 168.0290873186936 17.252640344344755 0
    endloop
  endfacet
  facet normal -0.43053309472569284 0.561081652894376 -0.7069855961271294
    outer loop
      vertex 167.52563100585374 17.87435711351033 0.8000000000000007
      vertex 168.48093919727313 18.607390870623792 0.8000000000000007
      vertex 168.0290873186936 17.252640344344755 0
    endloop
  endfacet
  facet normal -0.43053309472568796 0.5610816528943761 -0.7069855961271324
    outer loop
      vertex 168.0290873186936 17.252640344344755 0
      vertex 168.48093919727313 18.607390870623792 0.8000000000000007
      vertex 168.9511673991071 17.960177275123833 0
    endloop
  endfacet
  facet normal -0.4005783192477745 0.5828450711959322 -0.7069855961271324
    outer loop
      vertex 168.9511673991071 17.960177275123833 0
      vertex 168.48093919727313 18.607390870623792 0.8000000000000007
      vertex 169.47330219465437 19.289423062744753 0.8000000000000007
    endloop
  endfacet
  facet normal -0.40057831924777254 0.5828450711959322 -0.7069855961271335
    outer loop
      vertex 168.9511673991071 17.960177275123833 0
      vertex 169.47330219465437 19.289423062744753 0.8000000000000007
      vertex 169.9090134226664 18.618486608388412 0
    endloop
  endfacet
  facet normal -0.369525586440638 0.603010951670419 -0.7069855961271335
    outer loop
      vertex 169.9090134226664 18.618486608388412 0
      vertex 169.47330219465437 19.289423062744753 0.8000000000000007
      vertex 170.5 19.918584287042087 0.8000000000000007
    endloop
  endfacet
  facet normal -0.3695255864406376 0.6030109516704188 -0.7069855961271337
    outer loop
      vertex 169.9090134226664 18.618486608388412 0
      vertex 170.5 19.918584287042087 0.8000000000000007
      vertex 170.9 19.225763964014536 0
    endloop
  endfacet
  facet normal -0.8526401643540983 0.5224985647159389 0
    outer loop
      vertex 162.08141571295792 11.5 0.8000000000000007
      vertex 162.71057693725524 12.526697805345623 57.5
      vertex 162.71057693725524 12.526697805345623 0.8000000000000007
    endloop
  endfacet
  facet normal -0.8241261886220119 0.5664062369248383 0
    outer loop
      vertex 162.71057693725524 12.526697805345623 0.8000000000000007
      vertex 163.3926091293762 13.519060802726882 57.5
      vertex 163.3926091293762 13.519060802726882 0.8000000000000007
    endloop
  endfacet
  facet normal -0.7933533402912406 0.6087614290087137 0
    outer loop
      vertex 163.3926091293762 13.519060802726882 0.8000000000000007
      vertex 164.12564288648966 14.47436899414626 57.5
      vertex 164.12564288648966 14.47436899414626 0.8000000000000007
    endloop
  endfacet
  facet normal -0.7604059656000212 0.649448048330195 0
    outer loop
      vertex 164.12564288648966 14.47436899414626 0.8000000000000007
      vertex 164.90766901401994 15.390003946253739 57.5
      vertex 164.90766901401994 15.390003946253739 0.8000000000000007
    endloop
  endfacet
  facet normal -0.7253743710122882 0.6883545756937534 0
    outer loop
      vertex 164.90766901401994 15.390003946253739 0.8000000000000007
      vertex 165.73654403270942 16.263455967290593 57.5
      vertex 165.73654403270942 16.263455967290593 0.8000000000000007
    endloop
  endfacet
  facet normal -0.6883545756937534 0.7253743710122882 0
    outer loop
      vertex 165.73654403270942 16.263455967290593 0.8000000000000007
      vertex 166.60999605374627 17.092330985980066 57.5
      vertex 166.60999605374627 17.092330985980066 0.8000000000000007
    endloop
  endfacet
  facet normal -0.649448048330189 0.7604059656000263 0
    outer loop
      vertex 166.60999605374627 17.092330985980066 0.8000000000000007
      vertex 167.52563100585374 17.87435711351033 57.5
      vertex 167.52563100585374 17.87435711351033 0.8000000000000007
    endloop
  endfacet
  facet normal -0.608761429008716 0.7933533402912386 0
    outer loop
      vertex 167.52563100585374 17.87435711351033 0.8000000000000007
      vertex 168.48093919727313 18.607390870623792 57.5
      vertex 168.48093919727313 18.607390870623792 0.8000000000000007
    endloop
  endfacet
  facet normal -0.5664062369248412 0.8241261886220098 0
    outer loop
      vertex 168.48093919727313 18.607390870623792 0.8000000000000007
      vertex 169.47330219465437 19.289423062744753 57.5
      vertex 169.47330219465437 19.289423062744753 0.8000000000000007
    endloop
  endfacet
  facet normal -0.5224985647159436 0.8526401643540954 0
    outer loop
      vertex 169.47330219465437 19.289423062744753 0.8000000000000007
      vertex 170.5 19.918584287042087 57.5
      vertex 170.5 19.918584287042087 0.8000000000000007
    endloop
  endfacet
  facet normal 0 0 -1
    outer loop
      vertex 164.74735965565526 13.97091268130639 0
      vertex 165.50218487440185 14.854699461166652 0
      vertex 182 0 0
    endloop
  endfacet
  facet normal 0 0 -1
    outer loop
      vertex 165.50218487440185 14.854699461166652 0
      vertex 166.30222945765865 15.697770542341356 0
      vertex 182 0 0
    endloop
  endfacet
  facet normal 0 0 -1
    outer loop
      vertex 166.30222945765865 15.697770542341356 0
      vertex 167.14530053883334 16.49781512559815 0
      vertex 182 0 0
    endloop
  endfacet
  facet normal 0 0 -1
    outer loop
      vertex 167.14530053883334 16.49781512559815 0
      vertex 168.0290873186936 17.252640344344755 0
      vertex 182 0 0
    endloop
  endfacet
  facet normal 0 0 -1
    outer loop
      vertex 168.0290873186936 17.252640344344755 0
      vertex 168.9511673991071 17.960177275123833 0
      vertex 182 0 0
    endloop
  endfacet
  facet normal 0 0 -1
    outer loop
      vertex 168.9511673991071 17.960177275123833 0
      vertex 169.9090134226664 18.618486608388412 0
      vertex 182 0 0
    endloop
  endfacet
  facet normal 0 0 -1
    outer loop
      vertex 169.9090134226664 18.618486608388412 0
      vertex 170.9 19.225763964014536 0
      vertex 182 0 0
    endloop
  endfacet
  facet normal 0 0 -1
    outer loop
      vertex 170.9 19.225763964014536 0
      vertex 171.92141090578207 19.780344836981765 0
      vertex 182 0 0
    endloop
  endfacet
  facet normal 0 0 -1
    outer loop
      vertex 171.92141090578207 19.780344836981765 0
      vertex 172.97044652371724 20.28070915966574 0
      vertex 182 0 0
    endloop
  endfacet
  facet normal -0.3374600096864907 0.6215240210411462 -0.7069855961271335
    outer loop
      vertex 170.9 19.225763964014536 0
      vertex 170.5 19.918584287042087 0.8000000000000007
      vertex 171.55821850599042 20.49315005633246 0.8000000000000007
    endloop
  endfacet
  facet normal -0.33746000968648987 0.6215240210411461 -0.706985596127134
    outer loop
      vertex 170.9 19.225763964014536 0
      vertex 171.55821850599042 20.49315005633246 0.8000000000000007
      vertex 171.92141090578207 19.780344836981765 0
    endloop
  endfacet
  facet normal -0.30446947850234307 0.6383335362718087 -0.7069855961271339
    outer loop
      vertex 171.92141090578207 19.780344836981765 0
      vertex 171.55821850599042 20.49315005633246 0.8000000000000007
      vertex 172.6450572092566 21.01154552577982 0.8000000000000007
    endloop
  endfacet
  facet normal -0.30446947850234735 0.6383335362718094 -0.7069855961271313
    outer loop
      vertex 171.92141090578207 19.780344836981765 0
      vertex 172.6450572092566 21.01154552577982 0.8000000000000007
      vertex 172.97044652371724 20.28070915966574 0
    endloop
  endfacet
  facet normal -0.27064441764104347 0.653393423649569 -0.7069855961271314
    outer loop
      vertex 172.6450572092566 21.01154552577982 0.8000000000000007
      vertex 173.7575371604581 21.47234980943564 0.8000000000000007
      vertex 172.97044652371724 20.28070915966574 0
    endloop
  endfacet
  facet normal -0.2706444176410393 0.6533934236495679 -0.706985596127134
    outer loop
      vertex 172.97044652371724 20.28070915966574 0
      vertex 173.7575371604581 21.47234980943564 0.8000000000000007
      vertex 174.04423152009434 20.725485468237878 0
    endloop
  endfacet
  facet normal -0.23607753924324257 0.6666624050699247 -0.7069855961271337
    outer loop
      vertex 174.04423152009434 20.725485468237878 0
      vertex 173.7575371604581 21.47234980943564 0.8000000000000007
      vertex 174.8926091293762 21.87429987478853 0.8000000000000007
    endloop
  endfacet
  facet normal -0.23607753924324798 0.6666624050699264 -0.7069855961271305
    outer loop
      vertex 174.04423152009434 20.725485468237878 0
      vertex 174.8926091293762 21.87429987478853 0.8000000000000007
      vertex 175.13982272487615 21.113454661752407 0
    endloop
  endfacet
  facet normal -0.2008635887199299 0.6781041111771231 -0.7069855961271309
    outer loop
      vertex 175.13982272487615 21.113454661752407 0
      vertex 174.8926091293762 21.87429987478853 0.8000000000000007
      vertex 176.04716196264204 22.21629400464857 0.8000000000000007
    endloop
  endfacet
  facet normal -0.20086358871993176 0.6781041111771239 -0.7069855961271296
    outer loop
      vertex 175.13982272487615 21.113454661752407 0
      vertex 176.04716196264204 22.21629400464857 0.8000000000000007
      vertex 176.25421719872404 21.443553343617317 0
    endloop
  endfacet
  facet normal 0 0 -1
    outer loop
      vertex 172.97044652371724 20.28070915966574 0
      vertex 174.04423152009434 20.725485468237878 0
      vertex 182 0 0
    endloop
  endfacet
  facet normal 0 0 -1
    outer loop
      vertex 174.04423152009434 20.725485468237878 0
      vertex 175.13982272487615 21.113454661752407 0
      vertex 182 0 0
    endloop
  endfacet
  facet normal 0 0 -1
    outer loop
      vertex 175.13982272487615 21.113454661752407 0
      vertex 176.25421719872404 21.443553343617317 0
      vertex 182 0 0
    endloop
  endfacet
  facet normal 0 0 -1
    outer loop
      vertex 176.25421719872404 21.443553343617317 0
      vertex 177.38436046384575 21.714876736290485 0
      vertex 182 0 0
    endloop
  endfacet
  facet normal 0 0 -1
    outer loop
      vertex 177.38436046384575 21.714876736290485 0
      vertex 178.52715487610686 21.92668116121206 0
      vertex 182 0 0
    endloop
  endfacet
  facet normal 0 0 -1
    outer loop
      vertex 178.52715487610686 21.92668116121206 0
      vertex 179.6794681154581 22.078386077175665 0
      vertex 182 0 0
    endloop
  endfacet
  facet normal 0 0 -1
    outer loop
      vertex 179.6794681154581 22.078386077175665 0
      vertex 180.83814177140664 22.169575671551538 0
      vertex 182 0 0
    endloop
  endfacet
  facet normal 0 0 -1
    outer loop
      vertex 180.83814177140664 22.169575671551538 0
      vertex 182 22.2 0
      vertex 182 0 0
    endloop
  endfacet
  facet normal -0.16509908506179646 0.6876871810500208 -0.7069855961271301
    outer loop
      vertex 176.04716196264204 22.21629400464857 0.8000000000000007
      vertex 177.21803111119152 22.49739481687753 0.8000000000000007
      vertex 176.25421719872404 21.443553343617317 0
    endloop
  endfacet
  facet normal -0.16509908506178828 0.6876871810500174 -0.7069855961271356
    outer loop
      vertex 176.25421719872404 21.443553343617317 0
      vertex 177.21803111119152 22.49739481687753 0.8000000000000007
      vertex 177.38436046384575 21.714876736290485 0
    endloop
  endfacet
  facet normal -0.12888205628739385 0.6953853481602074 -0.706985596127135
    outer loop
      vertex 177.38436046384575 21.714876736290485 0
      vertex 177.21803111119152 22.49739481687753 0.8000000000000007
      vertex 178.4020073040747 22.71683183368817 0.8000000000000007
    endloop
  endfacet
  facet normal -0.12888205628739935 0.6953853481602099 -0.7069855961271313
    outer loop
      vertex 177.38436046384575 21.714876736290485 0
      vertex 178.4020073040747 22.71683183368817 0.8000000000000007
      vertex 178.52715487610686 21.92668116121206 0
    endloop
  endfacet
  facet normal -0.09231177075519537 0.7011775123667364 -0.7069855961271315
    outer loop
      vertex 178.4020073040747 22.71683183368817 0.8000000000000007
      vertex 179.59584534484398 22.874003593470285 0.8000000000000007
      vertex 178.52715487610686 21.92668116121206 0
    endloop
  endfacet
  facet normal -0.09231177075519414 0.7011775123667356 -0.7069855961271324
    outer loop
      vertex 178.52715487610686 21.92668116121206 0
      vertex 179.59584534484398 22.874003593470285 0.8000000000000007
      vertex 179.6794681154581 22.078386077175665 0
    endloop
  endfacet
  facet normal -0.055488465075873905 0.7050477977501147 -0.7069855961271325
    outer loop
      vertex 179.6794681154581 22.078386077175665 0
      vertex 179.59584534484398 22.874003593470285 0.8000000000000007
      vertex 180.7962730064123 22.9684792993552 0.8000000000000007
    endloop
  endfacet
  facet normal -0.055488465075873315 0.7050477977501144 -0.706985596127133
    outer loop
      vertex 179.6794681154581 22.078386077175665 0
      vertex 180.7962730064123 22.9684792993552 0.8000000000000007
      vertex 180.83814177140664 22.169575671551538 0
    endloop
  endfacet
  facet normal -0.018513069370730138 0.7069855961271324 -0.7069855961271332
    outer loop
      vertex 180.83814177140664 22.169575671551538 0
      vertex 180.7962730064123 22.9684792993552 0.8000000000000007
      vertex 182 23 0.8000000000000007
    endloop
  endfacet
  facet normal -0.01851306937073066 0.7069855961271327 -0.7069855961271327
    outer loop
      vertex 180.83814177140664 22.169575671551538 0
      vertex 182 23 0.8000000000000007
      vertex 182 22.2 0
    endloop
  endfacet
  facet normal -0.477158760259609 0.878817112661965 0
    outer loop
      vertex 170.5 19.918584287042087 0.8000000000000007
      vertex 171.55821850599042 20.49315005633246 57.5
      vertex 171.55821850599042 20.49315005633246 0.8000000000000007
    endloop
  endfacet
  facet normal -0.4305110968082915 0.9025852843498624 0
    outer loop
      vertex 171.55821850599042 20.49315005633246 0.8000000000000007
      vertex 172.6450572092566 21.01154552577982 57.5
      vertex 172.6450572092566 21.01154552577982 0.8000000000000007
    endloop
  endfacet
  facet normal -0.38268343236509295 0.9238795325112855 0
    outer loop
      vertex 172.6450572092566 21.01154552577982 0.8000000000000007
      vertex 173.7575371604581 21.47234980943564 57.5
      vertex 173.7575371604581 21.47234980943564 0.8000000000000007
    endloop
  endfacet
  facet normal -0.3338068592337695 0.9426414910921789 0
    outer loop
      vertex 173.7575371604581 21.47234980943564 0.8000000000000007
      vertex 174.8926091293762 21.87429987478853 57.5
      vertex 174.8926091293762 21.87429987478853 0.8000000000000007
    endloop
  endfacet
  facet normal -0.28401534470392165 0.9588197348681935 0
    outer loop
      vertex 174.8926091293762 21.87429987478853 0.8000000000000007
      vertex 176.04716196264204 22.21629400464857 57.5
      vertex 176.04716196264204 22.21629400464857 0.8000000000000007
    endloop
  endfacet
  facet normal -0.2334453638559113 0.9723699203976751 0
    outer loop
      vertex 176.04716196264204 22.21629400464857 0.8000000000000007
      vertex 177.21803111119152 22.49739481687753 57.5
      vertex 177.21803111119152 22.49739481687753 0.8000000000000007
    endloop
  endfacet
  facet normal -0.18223552549214547 0.9832549075639551 0
    outer loop
      vertex 177.21803111119152 22.49739481687753 0.8000000000000007
      vertex 178.4020073040747 22.71683183368817 57.5
      vertex 178.4020073040747 22.71683183368817 0.8000000000000007
    endloop
  endfacet
  facet normal -0.1305261922200479 0.9914448613738108 0
    outer loop
      vertex 178.4020073040747 22.71683183368817 0.8000000000000007
      vertex 179.59584534484398 22.874003593470285 57.5
      vertex 179.59584534484398 22.874003593470285 0.8000000000000007
    endloop
  endfacet
  facet normal -0.07845909572784704 0.9969173337331277 0
    outer loop
      vertex 179.59584534484398 22.874003593470285 0.8000000000000007
      vertex 180.7962730064123 22.9684792993552 57.5
      vertex 180.7962730064123 22.9684792993552 0.8000000000000007
    endloop
  endfacet
  facet normal -0.026176948307873472 0.9996573249755573 0
    outer loop
      vertex 180.7962730064123 22.9684792993552 0.8000000000000007
      vertex 182 23 57.5
      vertex 182 23 0.8000000000000007
    endloop
  endfacet
  facet normal -0.9996573249755575 0.026176948307864625 0
    outer loop
      vertex 159 0 0.8000000000000007
      vertex 159 0 57.5
      vertex 159.0315207006448 1.2037269935877082 57.5
    endloop
  endfacet
  facet normal -0.9969173337331275 0.07845909572784936 0
    outer loop
      vertex 159.0315207006448 1.2037269935877082 0.8000000000000007
      vertex 159.0315207006448 1.2037269935877082 57.5
      vertex 159.1259964065297 2.40415465515603 57.5
    endloop
  endfacet
  facet normal -0.9914448613738093 0.13052619222006095 0
    outer loop
      vertex 159.1259964065297 2.40415465515603 0.8000000000000007
      vertex 159.1259964065297 2.40415465515603 57.5
      vertex 159.28316816631184 3.59799269592531 57.5
    endloop
  endfacet
  facet normal -0.9832549075639577 0.1822355254921298 0
    outer loop
      vertex 159.28316816631184 3.59799269592531 0.8000000000000007
      vertex 159.28316816631184 3.59799269592531 57.5
      vertex 159.50260518312245 4.781968888808465 57.5
    endloop
  endfacet
  facet normal -0.9723699203976743 0.23344536385591466 0
    outer loop
      vertex 159.50260518312245 4.781968888808465 0.8000000000000007
      vertex 159.50260518312245 4.781968888808465 57.5
      vertex 159.78370599535143 5.952838037357977 57.5
    endloop
  endfacet
  facet normal -0.9588197348681927 0.28401534470392426 0
    outer loop
      vertex 159.78370599535143 5.952838037357977 0.8000000000000007
      vertex 159.78370599535143 5.952838037357977 57.5
      vertex 160.12570012521147 7.1073908706237905 57.5
    endloop
  endfacet
  facet normal -0.9426414910921745 0.3338068592337816 0
    outer loop
      vertex 160.12570012521147 7.1073908706237905 0.8000000000000007
      vertex 160.12570012521147 7.1073908706237905 57.5
      vertex 160.52765019056437 8.242462839541906 57.5
    endloop
  endfacet
  facet normal -0.9238795325112872 0.38268343236508895 0
    outer loop
      vertex 160.52765019056437 8.242462839541906 0.8000000000000007
      vertex 160.52765019056437 8.242462839541906 57.5
      vertex 160.9884544742202 9.354942790743404 57.5
    endloop
  endfacet
  facet normal -0.9025852843498665 0.4305110968082829 0
    outer loop
      vertex 160.9884544742202 9.354942790743404 0.8000000000000007
      vertex 160.9884544742202 9.354942790743404 57.5
      vertex 161.50684994366753 10.441781494009575 57.5
    endloop
  endfacet
  facet normal -0.8788171126619602 0.4771587602596181 0
    outer loop
      vertex 161.50684994366753 10.441781494009575 0.8000000000000007
      vertex 161.50684994366753 10.441781494009575 57.5
      vertex 162.08141571295792 11.5 57.5
    endloop
  endfacet
  facet normal 0 0 1
    outer loop
      vertex 159 0 57.5
      vertex 159.7 0 57.5
      vertex 159.0315207006448 1.2037269935877082 57.5
    endloop
  endfacet
  facet normal 0 0 1
    outer loop
      vertex 159.7 0 57.5
      vertex 159.730561374973 1.1670918242176476 57.5
      vertex 159.0315207006448 1.2037269935877082 57.5
    endloop
  endfacet
  facet normal 0 0 1
    outer loop
      vertex 159.0315207006448 1.2037269935877082 57.5
      vertex 159.82216173328752 2.3309847308686726 57.5
      vertex 159.1259964065297 2.40415465515603 57.5
    endloop
  endfacet
  facet normal 0 0 1
    outer loop
      vertex 159.0315207006448 1.2037269935877082 57.5
      vertex 159.730561374973 1.1670918242176476 57.5
      vertex 159.82216173328752 2.3309847308686726 57.5
    endloop
  endfacet
  facet normal 0 0 1
    outer loop
      vertex 159.1259964065297 2.40415465515603 57.5
      vertex 159.82216173328752 2.3309847308686726 57.5
      vertex 159.97455000472843 3.4884885703971484 57.5
    endloop
  endfacet
  facet normal 0 0 1
    outer loop
      vertex 159.1259964065297 2.40415465515603 57.5
      vertex 159.97455000472843 3.4884885703971484 57.5
      vertex 159.28316816631184 3.59799269592531 57.5
    endloop
  endfacet
  facet normal 0 0 1
    outer loop
      vertex 159.28316816631184 3.59799269592531 57.5
      vertex 159.97455000472843 3.4884885703971484 57.5
      vertex 160.18730850363613 4.636430705236034 57.5
    endloop
  endfacet
  facet normal 0 0 1
    outer loop
      vertex 159.28316816631184 3.59799269592531 57.5
      vertex 160.18730850363613 4.636430705236034 57.5
      vertex 159.50260518312245 4.781968888808465 57.5
    endloop
  endfacet
  facet normal 0 0 1
    outer loop
      vertex 159.50260518312245 4.781968888808465 57.5
      vertex 160.18730850363613 4.636430705236034 57.5
      vertex 159.78370599535143 5.952838037357977 57.5
    endloop
  endfacet
  facet normal 0 0 1
    outer loop
      vertex 160.18730850363613 4.636430705236034 57.5
      vertex 160.45985407375377 5.771664705786213 57.5
      vertex 159.78370599535143 5.952838037357977 57.5
    endloop
  endfacet
  facet normal 0 0 1
    outer loop
      vertex 159.78370599535143 5.952838037357977 57.5
      vertex 160.45985407375377 5.771664705786213 57.5
      vertex 160.12570012521147 7.1073908706237905 57.5
    endloop
  endfacet
  facet normal 0 0 1
    outer loop
      vertex 160.12570012521147 7.1073908706237905 57.5
      vertex 160.45985407375377 5.771664705786213 57.5
      vertex 160.79143968661808 6.891078974561328 57.5
    endloop
  endfacet
  facet normal 0 0 1
    outer loop
      vertex 160.12570012521147 7.1073908706237905 57.5
      vertex 160.79143968661808 6.891078974561328 57.5
      vertex 161.1811564891124 7.991605274860197 57.5
    endloop
  endfacet
  facet normal 0 0 1
    outer loop
      vertex 160.12570012521147 7.1073908706237905 57.5
      vertex 161.1811564891124 7.991605274860197 57.5
      vertex 160.52765019056437 8.242462839541906 57.5
    endloop
  endfacet
  facet normal 0 0 1
    outer loop
      vertex 160.52765019056437 8.242462839541906 57.5
      vertex 161.1811564891124 7.991605274860197 57.5
      vertex 160.9884544742202 9.354942790743404 57.5
    endloop
  endfacet
  facet normal 0 0 1
    outer loop
      vertex 161.1811564891124 7.991605274860197 57.5
      vertex 161.62793629457 9.070227140590346 57.5
      vertex 160.9884544742202 9.354942790743404 57.5
    endloop
  endfacet
  facet normal 0 0 1
    outer loop
      vertex 160.9884544742202 9.354942790743404 57.5
      vertex 161.62793629457 9.070227140590346 57.5
      vertex 161.50684994366753 10.441781494009575 57.5
    endloop
  endfacet
  facet normal 0 0 1
    outer loop
      vertex 161.62793629457 9.070227140590346 57.5
      vertex 162.13055451059938 10.123988144191893 57.5
      vertex 161.50684994366753 10.441781494009575 57.5
    endloop
  endfacet
  facet normal 0 0 1
    outer loop
      vertex 161.50684994366753 10.441781494009575 57.5
      vertex 162.13055451059938 10.123988144191893 57.5
      vertex 162.08141571295792 11.5 57.5
    endloop
  endfacet
  facet normal 0 0 1
    outer loop
      vertex 162.13055451059938 10.123988144191893 57.5
      vertex 162.68763349560703 11.15 57.5
      vertex 162.08141571295792 11.5 57.5
    endloop
  endfacet
  facet normal -0.8526401643540983 0.5224985647159389 0
    outer loop
      vertex 162.08141571295792 11.5 0.8000000000000007
      vertex 162.08141571295792 11.5 57.5
      vertex 162.71057693725524 12.526697805345623 57.5
    endloop
  endfacet
  facet normal -0.8241261886220119 0.5664062369248383 0
    outer loop
      vertex 162.71057693725524 12.526697805345623 0.8000000000000007
      vertex 162.71057693725524 12.526697805345623 57.5
      vertex 163.3926091293762 13.519060802726882 57.5
    endloop
  endfacet
  facet normal -0.7933533402912406 0.6087614290087137 0
    outer loop
      vertex 163.3926091293762 13.519060802726882 0.8000000000000007
      vertex 163.3926091293762 13.519060802726882 57.5
      vertex 164.12564288648966 14.47436899414626 57.5
    endloop
  endfacet
  facet normal -0.7604059656000212 0.649448048330195 0
    outer loop
      vertex 164.12564288648966 14.47436899414626 0.8000000000000007
      vertex 164.12564288648966 14.47436899414626 57.5
      vertex 164.90766901401994 15.390003946253739 57.5
    endloop
  endfacet
  facet normal -0.7253743710122882 0.6883545756937534 0
    outer loop
      vertex 164.90766901401994 15.390003946253739 0.8000000000000007
      vertex 164.90766901401994 15.390003946253739 57.5
      vertex 165.73654403270942 16.263455967290593 57.5
    endloop
  endfacet
  facet normal -0.6883545756937534 0.7253743710122882 0
    outer loop
      vertex 165.73654403270942 16.263455967290593 0.8000000000000007
      vertex 165.73654403270942 16.263455967290593 57.5
      vertex 166.60999605374627 17.092330985980066 57.5
    endloop
  endfacet
  facet normal -0.649448048330189 0.7604059656000263 0
    outer loop
      vertex 166.60999605374627 17.092330985980066 0.8000000000000007
      vertex 166.60999605374627 17.092330985980066 57.5
      vertex 167.52563100585374 17.87435711351033 57.5
    endloop
  endfacet
  facet normal -0.608761429008716 0.7933533402912386 0
    outer loop
      vertex 167.52563100585374 17.87435711351033 0.8000000000000007
      vertex 167.52563100585374 17.87435711351033 57.5
      vertex 168.48093919727313 18.607390870623792 57.5
    endloop
  endfacet
  facet normal -0.5664062369248412 0.8241261886220098 0
    outer loop
      vertex 168.48093919727313 18.607390870623792 0.8000000000000007
      vertex 168.48093919727313 18.607390870623792 57.5
      vertex 169.47330219465437 19.289423062744753 57.5
    endloop
  endfacet
  facet normal -0.5224985647159436 0.8526401643540954 0
    outer loop
      vertex 169.47330219465437 19.289423062744753 0.8000000000000007
      vertex 169.47330219465437 19.289423062744753 57.5
      vertex 170.5 19.918584287042087 57.5
    endloop
  endfacet
  facet normal 0 0 1
    outer loop
      vertex 162.68763349560703 11.15 57.5
      vertex 163.29764633481705 12.145450480835105 57.5
      vertex 162.08141571295792 11.5 57.5
    endloop
  endfacet
  facet normal 0 0 1
    outer loop
      vertex 162.08141571295792 11.5 57.5
      vertex 163.29764633481705 12.145450480835105 57.5
      vertex 162.71057693725524 12.526697805345623 57.5
    endloop
  endfacet
  facet normal 0 0 1
    outer loop
      vertex 163.29764633481705 12.145450480835105 57.5
      vertex 163.95892102543866 13.107611126122151 57.5
      vertex 162.71057693725524 12.526697805345623 57.5
    endloop
  endfacet
  facet normal 0 0 1
    outer loop
      vertex 162.71057693725524 12.526697805345623 57.5
      vertex 163.95892102543866 13.107611126122151 57.5
      vertex 163.3926091293762 13.519060802726882 57.5
    endloop
  endfacet
  facet normal 0 0 1
    outer loop
      vertex 163.3926091293762 13.519060802726882 57.5
      vertex 163.95892102543866 13.107611126122151 57.5
      vertex 164.12564288648966 14.47436899414626 57.5
    endloop
  endfacet
  facet normal 0 0 1
    outer loop
      vertex 163.95892102543866 13.107611126122151 57.5
      vertex 164.66964505950955 14.033844720411373 57.5
      vertex 164.12564288648966 14.47436899414626 57.5
    endloop
  endfacet
  facet normal 0 0 1
    outer loop
      vertex 164.66964505950955 14.033844720411373 57.5
      vertex 165.4278703918541 14.92161252180254 57.5
      vertex 164.12564288648966 14.47436899414626 57.5
    endloop
  endfacet
  facet normal 0 0 1
    outer loop
      vertex 164.12564288648966 14.47436899414626 57.5
      vertex 165.4278703918541 14.92161252180254 57.5
      vertex 164.90766901401994 15.390003946253739 57.5
    endloop
  endfacet
  facet normal 0 0 1
    outer loop
      vertex 165.4278703918541 14.92161252180254 57.5
      vertex 165.73654403270942 16.263455967290593 57.5
      vertex 164.90766901401994 15.390003946253739 57.5
    endloop
  endfacet
  facet normal 0 0 1
    outer loop
      vertex 165.4278703918541 14.92161252180254 57.5
      vertex 166.23151877953998 15.76848122046001 57.5
      vertex 165.73654403270942 16.263455967290593 57.5
    endloop
  endfacet
  facet normal 0 0 1
    outer loop
      vertex 165.73654403270942 16.263455967290593 57.5
      vertex 166.23151877953998 15.76848122046001 57.5
      vertex 166.60999605374627 17.092330985980066 57.5
    endloop
  endfacet
  facet normal 0 0 1
    outer loop
      vertex 166.23151877953998 15.76848122046001 57.5
      vertex 167.07838747819747 16.572129608145893 57.5
      vertex 166.60999605374627 17.092330985980066 57.5
    endloop
  endfacet
  facet normal 0 0 1
    outer loop
      vertex 166.60999605374627 17.092330985980066 57.5
      vertex 167.07838747819747 16.572129608145893 57.5
      vertex 167.52563100585374 17.87435711351033 57.5
    endloop
  endfacet
  facet normal 0 0 1
    outer loop
      vertex 167.07838747819747 16.572129608145893 57.5
      vertex 167.96615527958863 17.33035494049045 57.5
      vertex 167.52563100585374 17.87435711351033 57.5
    endloop
  endfacet
  facet normal 0 0 1
    outer loop
      vertex 167.52563100585374 17.87435711351033 57.5
      vertex 167.96615527958863 17.33035494049045 57.5
      vertex 168.89238887387785 18.04107897456133 57.5
    endloop
  endfacet
  facet normal 0 0 1
    outer loop
      vertex 167.52563100585374 17.87435711351033 57.5
      vertex 168.89238887387785 18.04107897456133 57.5
      vertex 168.48093919727313 18.607390870623792 57.5
    endloop
  endfacet
  facet normal 0 0 1
    outer loop
      vertex 168.48093919727313 18.607390870623792 57.5
      vertex 168.89238887387785 18.04107897456133 57.5
      vertex 169.47330219465437 19.289423062744753 57.5
    endloop
  endfacet
  facet normal 0 0 1
    outer loop
      vertex 168.89238887387785 18.04107897456133 57.5
      vertex 169.8545495191649 18.702353665182958 57.5
      vertex 169.47330219465437 19.289423062744753 57.5
    endloop
  endfacet
  facet normal 0 0 1
    outer loop
      vertex 169.47330219465437 19.289423062744753 57.5
      vertex 169.8545495191649 18.702353665182958 57.5
      vertex 170.5 19.918584287042087 57.5
    endloop
  endfacet
  facet normal 0 0 1
    outer loop
      vertex 169.8545495191649 18.702353665182958 57.5
      vertex 170.85 19.31236650439298 57.5
      vertex 170.5 19.918584287042087 57.5
    endloop
  endfacet
  facet normal -0.477158760259609 0.878817112661965 0
    outer loop
      vertex 170.5 19.918584287042087 0.8000000000000007
      vertex 170.5 19.918584287042087 57.5
      vertex 171.55821850599042 20.49315005633246 57.5
    endloop
  endfacet
  facet normal -0.4305110968082915 0.9025852843498624 0
    outer loop
      vertex 171.55821850599042 20.49315005633246 0.8000000000000007
      vertex 171.55821850599042 20.49315005633246 57.5
      vertex 172.6450572092566 21.01154552577982 57.5
    endloop
  endfacet
  facet normal -0.38268343236509295 0.9238795325112855 0
    outer loop
      vertex 172.6450572092566 21.01154552577982 0.8000000000000007
      vertex 172.6450572092566 21.01154552577982 57.5
      vertex 173.7575371604581 21.47234980943564 57.5
    endloop
  endfacet
  facet normal -0.3338068592337695 0.9426414910921789 0
    outer loop
      vertex 173.7575371604581 21.47234980943564 0.8000000000000007
      vertex 173.7575371604581 21.47234980943564 57.5
      vertex 174.8926091293762 21.87429987478853 57.5
    endloop
  endfacet
  facet normal -0.28401534470392165 0.9588197348681935 0
    outer loop
      vertex 174.8926091293762 21.87429987478853 0.8000000000000007
      vertex 174.8926091293762 21.87429987478853 57.5
      vertex 176.04716196264204 22.21629400464857 57.5
    endloop
  endfacet
  facet normal -0.2334453638559113 0.9723699203976751 0
    outer loop
      vertex 176.04716196264204 22.21629400464857 0.8000000000000007
      vertex 176.04716196264204 22.21629400464857 57.5
      vertex 177.21803111119152 22.49739481687753 57.5
    endloop
  endfacet
  facet normal -0.18223552549214547 0.9832549075639551 0
    outer loop
      vertex 177.21803111119152 22.49739481687753 0.8000000000000007
      vertex 177.21803111119152 22.49739481687753 57.5
      vertex 178.4020073040747 22.71683183368817 57.5
    endloop
  endfacet
  facet normal -0.1305261922200479 0.9914448613738108 0
    outer loop
      vertex 178.4020073040747 22.71683183368817 0.8000000000000007
      vertex 178.4020073040747 22.71683183368817 57.5
      vertex 179.59584534484398 22.874003593470285 57.5
    endloop
  endfacet
  facet normal -0.07845909572784704 0.9969173337331277 0
    outer loop
      vertex 179.59584534484398 22.874003593470285 0.8000000000000007
      vertex 179.59584534484398 22.874003593470285 57.5
      vertex 180.7962730064123 22.9684792993552 57.5
    endloop
  endfacet
  facet normal -0.026176948307873472 0.9996573249755573 0
    outer loop
      vertex 180.7962730064123 22.9684792993552 0.8000000000000007
      vertex 180.7962730064123 22.9684792993552 57.5
      vertex 182 23 57.5
    endloop
  endfacet
  facet normal 0 0 1
    outer loop
      vertex 170.85 19.31236650439298 57.5
      vertex 171.87601185580812 19.869445489400604 57.5
      vertex 170.5 19.918584287042087 57.5
    endloop
  endfacet
  facet normal 0 0 1
    outer loop
      vertex 170.5 19.918584287042087 57.5
      vertex 171.87601185580812 19.869445489400604 57.5
      vertex 171.55821850599042 20.49315005633246 57.5
    endloop
  endfacet
  facet normal 0 0 1
    outer loop
      vertex 171.87601185580812 19.869445489400604 57.5
      vertex 172.92977285940967 20.37206370543 57.5
      vertex 171.55821850599042 20.49315005633246 57.5
    endloop
  endfacet
  facet normal 0 0 1
    outer loop
      vertex 171.55821850599042 20.49315005633246 57.5
      vertex 172.92977285940967 20.37206370543 57.5
      vertex 172.6450572092566 21.01154552577982 57.5
    endloop
  endfacet
  facet normal 0 0 1
    outer loop
      vertex 172.6450572092566 21.01154552577982 57.5
      vertex 172.92977285940967 20.37206370543 57.5
      vertex 173.7575371604581 21.47234980943564 57.5
    endloop
  endfacet
  facet normal 0 0 1
    outer loop
      vertex 172.92977285940967 20.37206370543 57.5
      vertex 174.0083947251398 20.8188435108876 57.5
      vertex 173.7575371604581 21.47234980943564 57.5
    endloop
  endfacet
  facet normal 0 0 1
    outer loop
      vertex 174.0083947251398 20.8188435108876 57.5
      vertex 174.8926091293762 21.87429987478853 57.5
      vertex 173.7575371604581 21.47234980943564 57.5
    endloop
  endfacet
  facet normal 0 0 1
    outer loop
      vertex 174.0083947251398 20.8188435108876 57.5
      vertex 175.10892102543866 21.208560313381923 57.5
      vertex 174.8926091293762 21.87429987478853 57.5
    endloop
  endfacet
  facet normal 0 0 1
    outer loop
      vertex 175.10892102543866 21.208560313381923 57.5
      vertex 176.2283352942138 21.540145926246225 57.5
      vertex 174.8926091293762 21.87429987478853 57.5
    endloop
  endfacet
  facet normal 0 0 1
    outer loop
      vertex 176.2283352942138 21.540145926246225 57.5
      vertex 176.04716196264204 22.21629400464857 57.5
      vertex 174.8926091293762 21.87429987478853 57.5
    endloop
  endfacet
  facet normal 0 0 1
    outer loop
      vertex 176.2283352942138 21.540145926246225 57.5
      vertex 177.36356929476398 21.81269149636387 57.5
      vertex 176.04716196264204 22.21629400464857 57.5
    endloop
  endfacet
  facet normal 0 0 1
    outer loop
      vertex 176.04716196264204 22.21629400464857 57.5
      vertex 177.36356929476398 21.81269149636387 57.5
      vertex 177.21803111119152 22.49739481687753 57.5
    endloop
  endfacet
  facet normal 0 0 1
    outer loop
      vertex 177.36356929476398 21.81269149636387 57.5
      vertex 178.4020073040747 22.71683183368817 57.5
      vertex 177.21803111119152 22.49739481687753 57.5
    endloop
  endfacet
  facet normal 0 0 1
    outer loop
      vertex 177.36356929476398 21.81269149636387 57.5
      vertex 178.51151142960285 22.025449995271572 57.5
      vertex 178.4020073040747 22.71683183368817 57.5
    endloop
  endfacet
  facet normal 0 0 1
    outer loop
      vertex 178.4020073040747 22.71683183368817 57.5
      vertex 178.51151142960285 22.025449995271572 57.5
      vertex 179.59584534484398 22.874003593470285 57.5
    endloop
  endfacet
  facet normal 0 0 1
    outer loop
      vertex 178.51151142960285 22.025449995271572 57.5
      vertex 179.66901526913134 22.177838266712495 57.5
      vertex 179.59584534484398 22.874003593470285 57.5
    endloop
  endfacet
  facet normal 0 0 1
    outer loop
      vertex 179.66901526913134 22.177838266712495 57.5
      vertex 180.7962730064123 22.9684792993552 57.5
      vertex 179.59584534484398 22.874003593470285 57.5
    endloop
  endfacet
  facet normal 0 0 1
    outer loop
      vertex 179.66901526913134 22.177838266712495 57.5
      vertex 180.83290817578236 22.269438625026996 57.5
      vertex 180.7962730064123 22.9684792993552 57.5
    endloop
  endfacet
  facet normal 0 0 1
    outer loop
      vertex 180.83290817578236 22.269438625026996 57.5
      vertex 182 22.3 57.5
      vertex 180.7962730064123 22.9684792993552 57.5
    endloop
  endfacet
  facet normal 0 0 1
    outer loop
      vertex 180.7962730064123 22.9684792993552 57.5
      vertex 182 22.3 57.5
      vertex 182 23 57.5
    endloop
  endfacet
  facet normal 0.01851306937073066 -0.7069855961271327 -0.7069855961271327
    outer loop
      vertex 182 -23 0.8000000000000007
      vertex 182 -22.2 0
      vertex 183.16185822859336 -22.169575671551538 0
    endloop
  endfacet
  facet normal 0.018513069370730183 -0.7069855961271324 -0.7069855961271331
    outer loop
      vertex 182 -23 0.8000000000000007
      vertex 183.16185822859336 -22.169575671551538 0
      vertex 183.2037269935877 -22.9684792993552 0.8000000000000007
    endloop
  endfacet
  facet normal 0.05548846507587329 -0.7050477977501144 -0.706985596127133
    outer loop
      vertex 183.2037269935877 -22.9684792993552 0.8000000000000007
      vertex 183.16185822859336 -22.169575671551538 0
      vertex 184.3205318845419 -22.078386077175665 0
    endloop
  endfacet
  facet normal 0.055488465075873905 -0.7050477977501147 -0.7069855961271325
    outer loop
      vertex 183.2037269935877 -22.9684792993552 0.8000000000000007
      vertex 184.3205318845419 -22.078386077175665 0
      vertex 184.40415465515602 -22.874003593470285 0.8000000000000007
    endloop
  endfacet
  facet normal 0.09231177075519417 -0.7011775123667358 -0.7069855961271323
    outer loop
      vertex 184.40415465515602 -22.874003593470285 0.8000000000000007
      vertex 184.3205318845419 -22.078386077175665 0
      vertex 185.47284512389314 -21.92668116121206 0
    endloop
  endfacet
  facet normal 0.09231177075519537 -0.7011775123667364 -0.7069855961271315
    outer loop
      vertex 184.40415465515602 -22.874003593470285 0.8000000000000007
      vertex 185.47284512389314 -21.92668116121206 0
      vertex 185.5979926959253 -22.71683183368817 0.8000000000000007
    endloop
  endfacet
  facet normal 0.12888205628739935 -0.6953853481602099 -0.7069855961271312
    outer loop
      vertex 185.47284512389314 -21.92668116121206 0
      vertex 186.61563953615425 -21.714876736290485 0
      vertex 185.5979926959253 -22.71683183368817 0.8000000000000007
    endloop
  endfacet
  facet normal 0.12888205628739388 -0.6953853481602074 -0.706985596127135
    outer loop
      vertex 185.5979926959253 -22.71683183368817 0.8000000000000007
      vertex 186.61563953615425 -21.714876736290485 0
      vertex 186.78196888880848 -22.49739481687753 0.8000000000000007
    endloop
  endfacet
  facet normal 0.16509908506178828 -0.6876871810500174 -0.7069855961271356
    outer loop
      vertex 186.78196888880848 -22.49739481687753 0.8000000000000007
      vertex 186.61563953615425 -21.714876736290485 0
      vertex 187.74578280127596 -21.443553343617317 0
    endloop
  endfacet
  facet normal 0.16509908506179646 -0.6876871810500208 -0.7069855961271302
    outer loop
      vertex 186.78196888880848 -22.49739481687753 0.8000000000000007
      vertex 187.74578280127596 -21.443553343617317 0
      vertex 187.95283803735796 -22.21629400464857 0.8000000000000007
    endloop
  endfacet
  facet normal 0 0 -1
    outer loop
      vertex 182 -22.2 0
      vertex 182 0 0
      vertex 183.16185822859336 -22.169575671551538 0
    endloop
  endfacet
  facet normal 0 0 -1
    outer loop
      vertex 183.16185822859336 -22.169575671551538 0
      vertex 182 0 0
      vertex 184.3205318845419 -22.078386077175665 0
    endloop
  endfacet
  facet normal 0 0 -1
    outer loop
      vertex 184.3205318845419 -22.078386077175665 0
      vertex 182 0 0
      vertex 185.47284512389314 -21.92668116121206 0
    endloop
  endfacet
  facet normal 0 0 -1
    outer loop
      vertex 185.47284512389314 -21.92668116121206 0
      vertex 182 0 0
      vertex 186.61563953615425 -21.714876736290485 0
    endloop
  endfacet
  facet normal 0 0 -1
    outer loop
      vertex 186.61563953615425 -21.714876736290485 0
      vertex 182 0 0
      vertex 187.74578280127596 -21.443553343617317 0
    endloop
  endfacet
  facet normal 0 0 -1
    outer loop
      vertex 187.74578280127596 -21.443553343617317 0
      vertex 182 0 0
      vertex 188.86017727512385 -21.113454661752407 0
    endloop
  endfacet
  facet normal 0 0 -1
    outer loop
      vertex 188.86017727512385 -21.113454661752407 0
      vertex 182 0 0
      vertex 189.95576847990566 -20.725485468237878 0
    endloop
  endfacet
  facet normal 0 0 -1
    outer loop
      vertex 189.95576847990566 -20.725485468237878 0
      vertex 182 0 0
      vertex 191.02955347628276 -20.28070915966574 0
    endloop
  endfacet
  facet normal 0.20086358871993176 -0.6781041111771239 -0.7069855961271297
    outer loop
      vertex 187.74578280127596 -21.443553343617317 0
      vertex 188.86017727512385 -21.113454661752407 0
      vertex 187.95283803735796 -22.21629400464857 0.8000000000000007
    endloop
  endfacet
  facet normal 0.20086358871992993 -0.6781041111771232 -0.7069855961271309
    outer loop
      vertex 187.95283803735796 -22.21629400464857 0.8000000000000007
      vertex 188.86017727512385 -21.113454661752407 0
      vertex 189.1073908706238 -21.87429987478853 0.8000000000000007
    endloop
  endfacet
  facet normal 0.23607753924324798 -0.6666624050699264 -0.7069855961271305
    outer loop
      vertex 189.1073908706238 -21.87429987478853 0.8000000000000007
      vertex 188.86017727512385 -21.113454661752407 0
      vertex 189.95576847990566 -20.725485468237878 0
    endloop
  endfacet
  facet normal 0.23607753924324257 -0.6666624050699247 -0.7069855961271339
    outer loop
      vertex 189.1073908706238 -21.87429987478853 0.8000000000000007
      vertex 189.95576847990566 -20.725485468237878 0
      vertex 190.2424628395419 -21.47234980943564 0.8000000000000007
    endloop
  endfacet
  facet normal 0.27064441764103925 -0.6533934236495679 -0.7069855961271339
    outer loop
      vertex 190.2424628395419 -21.47234980943564 0.8000000000000007
      vertex 189.95576847990566 -20.725485468237878 0
      vertex 191.02955347628276 -20.28070915966574 0
    endloop
  endfacet
  facet normal 0.27064441764104347 -0.653393423649569 -0.7069855961271315
    outer loop
      vertex 190.2424628395419 -21.47234980943564 0.8000000000000007
      vertex 191.02955347628276 -20.28070915966574 0
      vertex 191.3549427907434 -21.01154552577982 0.8000000000000007
    endloop
  endfacet
  facet normal 0.30446947850234735 -0.6383335362718094 -0.7069855961271313
    outer loop
      vertex 191.02955347628276 -20.28070915966574 0
      vertex 192.07858909421793 -19.780344836981765 0
      vertex 191.3549427907434 -21.01154552577982 0.8000000000000007
    endloop
  endfacet
  facet normal 0.30446947850234307 -0.6383335362718086 -0.706985596127134
    outer loop
      vertex 191.3549427907434 -21.01154552577982 0.8000000000000007
      vertex 192.07858909421793 -19.780344836981765 0
      vertex 192.44178149400958 -20.49315005633246 0.8000000000000007
    endloop
  endfacet
  facet normal 0.3374600096864899 -0.621524021041146 -0.706985596127134
    outer loop
      vertex 192.44178149400958 -20.49315005633246 0.8000000000000007
      vertex 192.07858909421793 -19.780344836981765 0
      vertex 193.1 -19.225763964014536 0
    endloop
  endfacet
  facet normal 0.3374600096864906 -0.6215240210411461 -0.7069855961271335
    outer loop
      vertex 192.44178149400958 -20.49315005633246 0.8000000000000007
      vertex 193.1 -19.225763964014536 0
      vertex 193.5 -19.918584287042087 0.8000000000000007
    endloop
  endfacet
  facet normal 0 0 -1
    outer loop
      vertex 191.02955347628276 -20.28070915966574 0
      vertex 182 0 0
      vertex 192.07858909421793 -19.780344836981765 0
    endloop
  endfacet
  facet normal 0 0 -1
    outer loop
      vertex 192.07858909421793 -19.780344836981765 0
      vertex 182 0 0
      vertex 193.1 -19.225763964014536 0
    endloop
  endfacet
  facet normal 0 0 -1
    outer loop
      vertex 193.1 -19.225763964014536 0
      vertex 182 0 0
      vertex 194.0909865773336 -18.618486608388412 0
    endloop
  endfacet
  facet normal 0 0 -1
    outer loop
      vertex 194.0909865773336 -18.618486608388412 0
      vertex 182 0 0
      vertex 195.0488326008929 -17.960177275123833 0
    endloop
  endfacet
  facet normal 0 0 -1
    outer loop
      vertex 195.0488326008929 -17.960177275123833 0
      vertex 182 0 0
      vertex 195.9709126813064 -17.252640344344755 0
    endloop
  endfacet
  facet normal 0.026176948307873472 -0.9996573249755573 0
    outer loop
      vertex 182 -23 0.8000000000000007
      vertex 183.2037269935877 -22.9684792993552 0.8000000000000007
      vertex 182 -23 57.5
    endloop
  endfacet
  facet normal 0.07845909572784704 -0.9969173337331277 0
    outer loop
      vertex 183.2037269935877 -22.9684792993552 0.8000000000000007
      vertex 184.40415465515602 -22.874003593470285 0.8000000000000007
      vertex 183.2037269935877 -22.9684792993552 57.5
    endloop
  endfacet
  facet normal 0.1305261922200479 -0.9914448613738108 0
    outer loop
      vertex 184.40415465515602 -22.874003593470285 0.8000000000000007
      vertex 185.5979926959253 -22.71683183368817 0.8000000000000007
      vertex 184.40415465515602 -22.874003593470285 57.5
    endloop
  endfacet
  facet normal 0.18223552549214547 -0.9832549075639551 0
    outer loop
      vertex 185.5979926959253 -22.71683183368817 0.8000000000000007
      vertex 186.78196888880848 -22.49739481687753 0.8000000000000007
      vertex 185.5979926959253 -22.71683183368817 57.5
    endloop
  endfacet
  facet normal 0.2334453638559113 -0.9723699203976751 0
    outer loop
      vertex 186.78196888880848 -22.49739481687753 0.8000000000000007
      vertex 187.95283803735796 -22.21629400464857 0.8000000000000007
      vertex 186.78196888880848 -22.49739481687753 57.5
    endloop
  endfacet
  facet normal 0.28401534470392165 -0.9588197348681935 0
    outer loop
      vertex 187.95283803735796 -22.21629400464857 0.8000000000000007
      vertex 189.1073908706238 -21.87429987478853 0.8000000000000007
      vertex 187.95283803735796 -22.21629400464857 57.5
    endloop
  endfacet
  facet normal 0.3338068592337695 -0.9426414910921789 0
    outer loop
      vertex 189.1073908706238 -21.87429987478853 0.8000000000000007
      vertex 190.2424628395419 -21.47234980943564 0.8000000000000007
      vertex 189.1073908706238 -21.87429987478853 57.5
    endloop
  endfacet
  facet normal 0.38268343236509295 -0.9238795325112855 0
    outer loop
      vertex 190.2424628395419 -21.47234980943564 0.8000000000000007
      vertex 191.3549427907434 -21.01154552577982 0.8000000000000007
      vertex 190.2424628395419 -21.47234980943564 57.5
    endloop
  endfacet
  facet normal 0.4305110968082915 -0.9025852843498624 0
    outer loop
      vertex 191.3549427907434 -21.01154552577982 0.8000000000000007
      vertex 192.44178149400958 -20.49315005633246 0.8000000000000007
      vertex 191.3549427907434 -21.01154552577982 57.5
    endloop
  endfacet
  facet normal 0.477158760259609 -0.878817112661965 0
    outer loop
      vertex 192.44178149400958 -20.49315005633246 0.8000000000000007
      vertex 193.5 -19.918584287042087 0.8000000000000007
      vertex 192.44178149400958 -20.49315005633246 57.5
    endloop
  endfacet
  facet normal 0 0 -1
    outer loop
      vertex 195.9709126813064 -17.252640344344755 0
      vertex 182 0 0
      vertex 196.85469946116666 -16.49781512559815 0
    endloop
  endfacet
  facet normal 0 0 -1
    outer loop
      vertex 196.85469946116666 -16.49781512559815 0
      vertex 182 0 0
      vertex 197.69777054234135 -15.697770542341356 0
    endloop
  endfacet
  facet normal 0 0 -1
    outer loop
      vertex 197.69777054234135 -15.697770542341356 0
      vertex 182 0 0
      vertex 198.49781512559815 -14.854699461166652 0
    endloop
  endfacet
  facet normal 0 0 -1
    outer loop
      vertex 198.49781512559815 -14.854699461166652 0
      vertex 182 0 0
      vertex 199.25264034434474 -13.97091268130639 0
    endloop
  endfacet
  facet normal 0.3695255864406376 -0.6030109516704188 -0.7069855961271337
    outer loop
      vertex 193.1 -19.225763964014536 0
      vertex 194.0909865773336 -18.618486608388412 0
      vertex 193.5 -19.918584287042087 0.8000000000000007
    endloop
  endfacet
  facet normal 0.369525586440638 -0.603010951670419 -0.7069855961271335
    outer loop
      vertex 193.5 -19.918584287042087 0.8000000000000007
      vertex 194.0909865773336 -18.618486608388412 0
      vertex 194.52669780534563 -19.289423062744753 0.8000000000000007
    endloop
  endfacet
  facet normal 0.40057831924777254 -0.5828450711959321 -0.7069855961271335
    outer loop
      vertex 194.52669780534563 -19.289423062744753 0.8000000000000007
      vertex 194.0909865773336 -18.618486608388412 0
      vertex 195.0488326008929 -17.960177275123833 0
    endloop
  endfacet
  facet normal 0.4005783192477745 -0.5828450711959322 -0.7069855961271324
    outer loop
      vertex 194.52669780534563 -19.289423062744753 0.8000000000000007
      vertex 195.0488326008929 -17.960177275123833 0
      vertex 195.51906080272687 -18.607390870623792 0.8000000000000007
    endloop
  endfacet
  facet normal 0.43053309472568796 -0.5610816528943762 -0.7069855961271324
    outer loop
      vertex 195.51906080272687 -18.607390870623792 0.8000000000000007
      vertex 195.0488326008929 -17.960177275123833 0
      vertex 195.9709126813064 -17.252640344344755 0
    endloop
  endfacet
  facet normal 0.43053309472569284 -0.561081652894376 -0.7069855961271294
    outer loop
      vertex 195.51906080272687 -18.607390870623792 0.8000000000000007
      vertex 195.9709126813064 -17.252640344344755 0
      vertex 196.47436899414626 -17.87435711351033 0.8000000000000007
    endloop
  endfacet
  facet normal 0.4593078089169687 -0.5377803487825313 -0.7069855961271292
    outer loop
      vertex 195.9709126813064 -17.252640344344755 0
      vertex 196.85469946116666 -16.49781512559815 0
      vertex 196.47436899414626 -17.87435711351033 0.8000000000000007
    endloop
  endfacet
  facet normal 0.45930780891697304 -0.537780348782531 -0.7069855961271267
    outer loop
      vertex 196.47436899414626 -17.87435711351033 0.8000000000000007
      vertex 196.85469946116666 -16.49781512559815 0
      vertex 197.39000394625373 -17.092330985980066 0.8000000000000007
    endloop
  endfacet
  facet normal 0.48682359233009864 -0.5130050261153295 -0.7069855961271263
    outer loop
      vertex 196.85469946116666 -16.49781512559815 0
      vertex 197.69777054234135 -15.697770542341356 0
      vertex 197.39000394625373 -17.092330985980066 0.8000000000000007
    endloop
  endfacet
  facet normal 0.4868235923300894 -0.5130050261153306 -0.7069855961271317
    outer loop
      vertex 197.39000394625373 -17.092330985980066 0.8000000000000007
      vertex 197.69777054234135 -15.697770542341356 0
      vertex 198.26345596729058 -16.263455967290593 0.8000000000000007
    endloop
  endfacet
  facet normal 0.5130050261153278 -0.4868235923300923 -0.7069855961271317
    outer loop
      vertex 197.69777054234135 -15.697770542341356 0
      vertex 198.49781512559815 -14.854699461166652 0
      vertex 198.26345596729058 -16.263455967290593 0.8000000000000007
    endloop
  endfacet
  facet normal 0.5130050261153327 -0.4868235923300914 -0.7069855961271289
    outer loop
      vertex 198.26345596729058 -16.263455967290593 0.8000000000000007
      vertex 198.49781512559815 -14.854699461166652 0
      vertex 199.09233098598006 -15.390003946253739 0.8000000000000007
    endloop
  endfacet
  facet normal 0.537780348782537 -0.45930780891696316 -0.7069855961271286
    outer loop
      vertex 198.49781512559815 -14.854699461166652 0
      vertex 199.25264034434474 -13.97091268130639 0
      vertex 199.09233098598006 -15.390003946253739 0.8000000000000007
    endloop
  endfacet
  facet normal 0.5377803487825167 -0.4593078089169678 -0.7069855961271411
    outer loop
      vertex 199.09233098598006 -15.390003946253739 0.8000000000000007
      vertex 199.25264034434474 -13.97091268130639 0
      vertex 199.87435711351034 -14.47436899414626 0.8000000000000007
    endloop
  endfacet
  facet normal 0.5610816528943576 -0.4305330947256967 -0.7069855961271416
    outer loop
      vertex 199.87435711351034 -14.47436899414626 0.8000000000000007
      vertex 199.25264034434474 -13.97091268130639 0
      vertex 199.96017727512384 -13.048832600892903 0
    endloop
  endfacet
  facet normal 0.5610816528943773 -0.43053309472569107 -0.7069855961271294
    outer loop
      vertex 199.87435711351034 -14.47436899414626 0.8000000000000007
      vertex 199.96017727512384 -13.048832600892903 0
      vertex 200.6073908706238 -13.519060802726882 0.8000000000000007
    endloop
  endfacet
  facet normal 0.5828450711959381 -0.40057831924777143 -0.7069855961271293
    outer loop
      vertex 199.96017727512384 -13.048832600892903 0
      vertex 200.61848660838842 -12.0909865773336 0
      vertex 200.6073908706238 -13.519060802726882 0.8000000000000007
    endloop
  endfacet
  facet normal 0.5828450711959341 -0.4005783192477727 -0.7069855961271317
    outer loop
      vertex 200.6073908706238 -13.519060802726882 0.8000000000000007
      vertex 200.61848660838842 -12.0909865773336 0
      vertex 201.28942306274476 -12.526697805345623 0.8000000000000007
    endloop
  endfacet
  facet normal 0.6030109516704221 -0.3695255864406362 -0.7069855961271317
    outer loop
      vertex 200.61848660838842 -12.0909865773336 0
      vertex 201.22576396401453 -11.1 0
      vertex 201.28942306274476 -12.526697805345623 0.8000000000000007
    endloop
  endfacet
  facet normal 0.6030109516704227 -0.3695255864406359 -0.7069855961271312
    outer loop
      vertex 201.28942306274476 -12.526697805345623 0.8000000000000007
      vertex 201.22576396401453 -11.1 0
      vertex 201.91858428704208 -11.5 0.8000000000000007
    endloop
  endfacet
  facet normal 0.5224985647159436 -0.8526401643540954 0
    outer loop
      vertex 193.5 -19.918584287042087 0.8000000000000007
      vertex 194.52669780534563 -19.289423062744753 0.8000000000000007
      vertex 193.5 -19.918584287042087 57.5
    endloop
  endfacet
  facet normal 0.5664062369248412 -0.8241261886220098 0
    outer loop
      vertex 194.52669780534563 -19.289423062744753 0.8000000000000007
      vertex 195.51906080272687 -18.607390870623792 0.8000000000000007
      vertex 194.52669780534563 -19.289423062744753 57.5
    endloop
  endfacet
  facet normal 0.608761429008716 -0.7933533402912386 0
    outer loop
      vertex 195.51906080272687 -18.607390870623792 0.8000000000000007
      vertex 196.47436899414626 -17.87435711351033 0.8000000000000007
      vertex 195.51906080272687 -18.607390870623792 57.5
    endloop
  endfacet
  facet normal 0.649448048330189 -0.7604059656000263 0
    outer loop
      vertex 196.47436899414626 -17.87435711351033 0.8000000000000007
      vertex 197.39000394625373 -17.092330985980066 0.8000000000000007
      vertex 196.47436899414626 -17.87435711351033 57.5
    endloop
  endfacet
  facet normal 0.6883545756937534 -0.7253743710122882 0
    outer loop
      vertex 197.39000394625373 -17.092330985980066 0.8000000000000007
      vertex 198.26345596729058 -16.263455967290593 0.8000000000000007
      vertex 197.39000394625373 -17.092330985980066 57.5
    endloop
  endfacet
  facet normal 0.7253743710122882 -0.6883545756937534 0
    outer loop
      vertex 198.26345596729058 -16.263455967290593 0.8000000000000007
      vertex 199.09233098598006 -15.390003946253739 0.8000000000000007
      vertex 198.26345596729058 -16.263455967290593 57.5
    endloop
  endfacet
  facet normal 0.7604059656000212 -0.649448048330195 0
    outer loop
      vertex 199.09233098598006 -15.390003946253739 0.8000000000000007
      vertex 199.87435711351034 -14.47436899414626 0.8000000000000007
      vertex 199.09233098598006 -15.390003946253739 57.5
    endloop
  endfacet
  facet normal 0.7933533402912406 -0.6087614290087137 0
    outer loop
      vertex 199.87435711351034 -14.47436899414626 0.8000000000000007
      vertex 200.6073908706238 -13.519060802726882 0.8000000000000007
      vertex 199.87435711351034 -14.47436899414626 57.5
    endloop
  endfacet
  facet normal 0.8241261886220119 -0.5664062369248383 0
    outer loop
      vertex 200.6073908706238 -13.519060802726882 0.8000000000000007
      vertex 201.28942306274476 -12.526697805345623 0.8000000000000007
      vertex 200.6073908706238 -13.519060802726882 57.5
    endloop
  endfacet
  facet normal 0.8526401643540983 -0.5224985647159389 0
    outer loop
      vertex 201.28942306274476 -12.526697805345623 0.8000000000000007
      vertex 201.91858428704208 -11.5 0.8000000000000007
      vertex 201.28942306274476 -12.526697805345623 57.5
    endloop
  endfacet
  facet normal 0 0 -1
    outer loop
      vertex 199.25264034434474 -13.97091268130639 0
      vertex 182 0 0
      vertex 199.96017727512384 -13.048832600892903 0
    endloop
  endfacet
  facet normal 0 0 -1
    outer loop
      vertex 199.96017727512384 -13.048832600892903 0
      vertex 182 0 0
      vertex 200.61848660838842 -12.0909865773336 0
    endloop
  endfacet
  facet normal 0 0 -1
    outer loop
      vertex 200.61848660838842 -12.0909865773336 0
      vertex 182 0 0
      vertex 201.22576396401453 -11.1 0
    endloop
  endfacet
  facet normal 0 0 -1
    outer loop
      vertex 201.22576396401453 -11.1 0
      vertex 182 0 0
      vertex 201.78034483698175 -10.078589094217937 0
    endloop
  endfacet
  facet normal 0 0 -1
    outer loop
      vertex 201.78034483698175 -10.078589094217937 0
      vertex 182 0 0
      vertex 202.28070915966575 -9.029553476282764 0
    endloop
  endfacet
  facet normal 0 0 -1
    outer loop
      vertex 202.28070915966575 -9.029553476282764 0
      vertex 182 0 0
      vertex 202.72548546823788 -7.955768479905665 0
    endloop
  endfacet
  facet normal 0 0 -1
    outer loop
      vertex 202.72548546823788 -7.955768479905665 0
      vertex 182 0 0
      vertex 203.1134546617524 -6.860177275123832 0
    endloop
  endfacet
  facet normal 0 0 -1
    outer loop
      vertex 203.1134546617524 -6.860177275123832 0
      vertex 182 0 0
      vertex 203.4435533436173 -5.74578280127596 0
    endloop
  endfacet
  facet normal 0 0 -1
    outer loop
      vertex 203.4435533436173 -5.74578280127596 0
      vertex 182 0 0
      vertex 203.71487673629048 -4.615639536154257 0
    endloop
  endfacet
  facet normal 0 0 -1
    outer loop
      vertex 203.71487673629048 -4.615639536154257 0
      vertex 182 0 0
      vertex 203.92668116121206 -3.472845123893125 0
    endloop
  endfacet
  facet normal 0 0 -1
    outer loop
      vertex 203.92668116121206 -3.472845123893125 0
      vertex 182 0 0
      vertex 204.07838607717565 -2.320531884541907 0
    endloop
  endfacet
  facet normal 0 0 -1
    outer loop
      vertex 204.07838607717565 -2.320531884541907 0
      vertex 182 0 0
      vertex 204.16957567155154 -1.1618582285933532 0
    endloop
  endfacet
  facet normal 0 0 -1
    outer loop
      vertex 204.16957567155154 -1.1618582285933532 0
      vertex 182 0 0
      vertex 204.2 0 0
    endloop
  endfacet
  facet normal 0.6215240210411506 -0.337460009686488 -0.706985596127131
    outer loop
      vertex 201.22576396401453 -11.1 0
      vertex 201.78034483698175 -10.078589094217937 0
      vertex 201.91858428704208 -11.5 0.8000000000000007
    endloop
  endfacet
  facet normal 0.6215240210411374 -0.33746000968649414 -0.7069855961271396
    outer loop
      vertex 201.91858428704208 -11.5 0.8000000000000007
      vertex 201.78034483698175 -10.078589094217937 0
      vertex 202.49315005633247 -10.441781494009575 0.8000000000000007
    endloop
  endfacet
  facet normal 0.6383335362717971 -0.3044694785023528 -0.7069855961271401
    outer loop
      vertex 201.78034483698175 -10.078589094217937 0
      vertex 202.28070915966575 -9.029553476282764 0
      vertex 202.49315005633247 -10.441781494009575 0.8000000000000007
    endloop
  endfacet
  facet normal 0.6383335362718194 -0.30446947850234085 -0.706985596127125
    outer loop
      vertex 202.49315005633247 -10.441781494009575 0.8000000000000007
      vertex 202.28070915966575 -9.029553476282764 0
      vertex 203.0115455257798 -9.354942790743404 0.8000000000000007
    endloop
  endfacet
  facet normal 0.653393423649578 -0.2706444176410394 -0.7069855961271246
    outer loop
      vertex 202.28070915966575 -9.029553476282764 0
      vertex 202.72548546823788 -7.955768479905665 0
      vertex 203.0115455257798 -9.354942790743404 0.8000000000000007
    endloop
  endfacet
  facet normal 0.6533934236495736 -0.270644417641042 -0.7069855961271277
    outer loop
      vertex 203.0115455257798 -9.354942790743404 0.8000000000000007
      vertex 202.72548546823788 -7.955768479905665 0
      vertex 203.47234980943563 -8.242462839541906 0.8000000000000007
    endloop
  endfacet
  facet normal 0.666662405069932 -0.23607753924324104 -0.7069855961271275
    outer loop
      vertex 202.72548546823788 -7.955768479905665 0
      vertex 203.1134546617524 -6.860177275123832 0
      vertex 203.47234980943563 -8.242462839541906 0.8000000000000007
    endloop
  endfacet
  facet normal 0.6666624050699186 -0.23607753924325012 -0.7069855961271372
    outer loop
      vertex 203.47234980943563 -8.242462839541906 0.8000000000000007
      vertex 203.1134546617524 -6.860177275123832 0
      vertex 203.87429987478853 -7.1073908706237905 0.8000000000000007
    endloop
  endfacet
  facet normal 0.6781041111771161 -0.20086358871993107 -0.7069855961271374
    outer loop
      vertex 203.1134546617524 -6.860177275123832 0
      vertex 203.4435533436173 -5.74578280127596 0
      vertex 203.87429987478853 -7.1073908706237905 0.8000000000000007
    endloop
  endfacet
  facet normal 0.6781041111771173 -0.2008635887199302 -0.7069855961271364
    outer loop
      vertex 203.87429987478853 -7.1073908706237905 0.8000000000000007
      vertex 203.4435533436173 -5.74578280127596 0
      vertex 204.21629400464857 -5.952838037357977 0.8000000000000007
    endloop
  endfacet
  facet normal 0.6876871810500158 -0.16509908506178986 -0.7069855961271365
    outer loop
      vertex 204.21629400464857 -5.952838037357977 0.8000000000000007
      vertex 203.4435533436173 -5.74578280127596 0
      vertex 203.71487673629048 -4.615639536154257 0
    endloop
  endfacet
  facet normal 0.6876871810500085 -0.16509908506179605 -0.7069855961271422
    outer loop
      vertex 204.21629400464857 -5.952838037357977 0.8000000000000007
      vertex 203.71487673629048 -4.615639536154257 0
      vertex 204.49739481687755 -4.781968888808465 0.8000000000000007
    endloop
  endfacet
  facet normal 0.6953853481601987 -0.12888205628739924 -0.7069855961271425
    outer loop
      vertex 203.71487673629048 -4.615639536154257 0
      vertex 203.92668116121206 -3.472845123893125 0
      vertex 204.49739481687755 -4.781968888808465 0.8000000000000007
    endloop
  endfacet
  facet normal 0.7011775123667403 -0.09231177075518705 -0.7069855961271287
    outer loop
      vertex 203.92668116121206 -3.472845123893125 0
      vertex 204.07838607717565 -2.320531884541907 0
      vertex 204.71683183368816 -3.59799269592531 0.8000000000000007
    endloop
  endfacet
  facet normal 0.695385348160215 -0.12888205628738386 -0.7069855961271291
    outer loop
      vertex 204.49739481687755 -4.781968888808465 0.8000000000000007
      vertex 203.92668116121206 -3.472845123893125 0
      vertex 204.71683183368816 -3.59799269592531 0.8000000000000007
    endloop
  endfacet
  facet normal 0.7011775123667248 -0.09231177075520319 -0.7069855961271421
    outer loop
      vertex 204.71683183368816 -3.59799269592531 0.8000000000000007
      vertex 204.07838607717565 -2.320531884541907 0
      vertex 204.8740035934703 -2.40415465515603 0.8000000000000007
    endloop
  endfacet
  facet normal 0.7050477977501041 -0.055488465075882995 -0.7069855961271424
    outer loop
      vertex 204.07838607717565 -2.320531884541907 0
      vertex 204.16957567155154 -1.1618582285933532 0
      vertex 204.8740035934703 -2.40415465515603 0.8000000000000007
    endloop
  endfacet
  facet normal 0.7050477977501108 -0.05548846507587525 -0.7069855961271362
    outer loop
      vertex 204.8740035934703 -2.40415465515603 0.8000000000000007
      vertex 204.16957567155154 -1.1618582285933532 0
      vertex 204.9684792993552 -1.2037269935877082 0.8000000000000007
    endloop
  endfacet
  facet normal 0.7069855961271295 -0.018513069370722036 -0.7069855961271362
    outer loop
      vertex 204.16957567155154 -1.1618582285933532 0
      vertex 204.2 0 0
      vertex 204.9684792993552 -1.2037269935877082 0.8000000000000007
    endloop
  endfacet
  facet normal 0.7069855961271282 -0.018513069370723806 -0.7069855961271375
    outer loop
      vertex 204.9684792993552 -1.2037269935877082 0.8000000000000007
      vertex 204.2 0 0
      vertex 205 0 0.8000000000000007
    endloop
  endfacet
  facet normal 0.8788171126619602 -0.4771587602596181 0
    outer loop
      vertex 201.91858428704208 -11.5 0.8000000000000007
      vertex 202.49315005633247 -10.441781494009575 0.8000000000000007
      vertex 201.91858428704208 -11.5 57.5
    endloop
  endfacet
  facet normal 0.9025852843498665 -0.4305110968082829 0
    outer loop
      vertex 202.49315005633247 -10.441781494009575 0.8000000000000007
      vertex 203.0115455257798 -9.354942790743404 0.8000000000000007
      vertex 202.49315005633247 -10.441781494009575 57.5
    endloop
  endfacet
  facet normal 0.9238795325112872 -0.38268343236508895 0
    outer loop
      vertex 203.0115455257798 -9.354942790743404 0.8000000000000007
      vertex 203.47234980943563 -8.242462839541906 0.8000000000000007
      vertex 203.0115455257798 -9.354942790743404 57.5
    endloop
  endfacet
  facet normal 0.9426414910921745 -0.3338068592337816 0
    outer loop
      vertex 203.47234980943563 -8.242462839541906 0.8000000000000007
      vertex 203.87429987478853 -7.1073908706237905 0.8000000000000007
      vertex 203.47234980943563 -8.242462839541906 57.5
    endloop
  endfacet
  facet normal 0.9588197348681927 -0.28401534470392426 0
    outer loop
      vertex 203.87429987478853 -7.1073908706237905 0.8000000000000007
      vertex 204.21629400464857 -5.952838037357977 0.8000000000000007
      vertex 203.87429987478853 -7.1073908706237905 57.5
    endloop
  endfacet
  facet normal 0.9723699203976743 -0.23344536385591466 0
    outer loop
      vertex 204.21629400464857 -5.952838037357977 0.8000000000000007
      vertex 204.49739481687755 -4.781968888808465 0.8000000000000007
      vertex 204.21629400464857 -5.952838037357977 57.5
    endloop
  endfacet
  facet normal 0.9832549075639577 -0.1822355254921298 0
    outer loop
      vertex 204.49739481687755 -4.781968888808465 0.8000000000000007
      vertex 204.71683183368816 -3.59799269592531 0.8000000000000007
      vertex 204.49739481687755 -4.781968888808465 57.5
    endloop
  endfacet
  facet normal 0.9914448613738093 -0.13052619222006095 0
    outer loop
      vertex 204.71683183368816 -3.59799269592531 0.8000000000000007
      vertex 204.8740035934703 -2.40415465515603 0.8000000000000007
      vertex 204.71683183368816 -3.59799269592531 57.5
    endloop
  endfacet
  facet normal 0.9969173337331275 -0.07845909572784936 0
    outer loop
      vertex 204.8740035934703 -2.40415465515603 0.8000000000000007
      vertex 204.9684792993552 -1.2037269935877082 0.8000000000000007
      vertex 204.8740035934703 -2.40415465515603 57.5
    endloop
  endfacet
  facet normal 0.9996573249755575 -0.026176948307864625 0
    outer loop
      vertex 204.9684792993552 -1.2037269935877082 0.8000000000000007
      vertex 205 0 0.8000000000000007
      vertex 204.9684792993552 -1.2037269935877082 57.5
    endloop
  endfacet
  facet normal 0.026176948307873472 -0.9996573249755573 0
    outer loop
      vertex 183.2037269935877 -22.9684792993552 0.8000000000000007
      vertex 183.2037269935877 -22.9684792993552 57.5
      vertex 182 -23 57.5
    endloop
  endfacet
  facet normal 0.07845909572784704 -0.9969173337331277 0
    outer loop
      vertex 184.40415465515602 -22.874003593470285 0.8000000000000007
      vertex 184.40415465515602 -22.874003593470285 57.5
      vertex 183.2037269935877 -22.9684792993552 57.5
    endloop
  endfacet
  facet normal 0.1305261922200479 -0.9914448613738108 0
    outer loop
      vertex 185.5979926959253 -22.71683183368817 0.8000000000000007
      vertex 185.5979926959253 -22.71683183368817 57.5
      vertex 184.40415465515602 -22.874003593470285 57.5
    endloop
  endfacet
  facet normal 0.18223552549214547 -0.9832549075639551 0
    outer loop
      vertex 186.78196888880848 -22.49739481687753 0.8000000000000007
      vertex 186.78196888880848 -22.49739481687753 57.5
      vertex 185.5979926959253 -22.71683183368817 57.5
    endloop
  endfacet
  facet normal 0.2334453638559113 -0.9723699203976751 0
    outer loop
      vertex 187.95283803735796 -22.21629400464857 0.8000000000000007
      vertex 187.95283803735796 -22.21629400464857 57.5
      vertex 186.78196888880848 -22.49739481687753 57.5
    endloop
  endfacet
  facet normal 0.28401534470392165 -0.9588197348681935 0
    outer loop
      vertex 189.1073908706238 -21.87429987478853 0.8000000000000007
      vertex 189.1073908706238 -21.87429987478853 57.5
      vertex 187.95283803735796 -22.21629400464857 57.5
    endloop
  endfacet
  facet normal 0.3338068592337695 -0.9426414910921789 0
    outer loop
      vertex 190.2424628395419 -21.47234980943564 0.8000000000000007
      vertex 190.2424628395419 -21.47234980943564 57.5
      vertex 189.1073908706238 -21.87429987478853 57.5
    endloop
  endfacet
  facet normal 0.38268343236509295 -0.9238795325112855 0
    outer loop
      vertex 191.3549427907434 -21.01154552577982 0.8000000000000007
      vertex 191.3549427907434 -21.01154552577982 57.5
      vertex 190.2424628395419 -21.47234980943564 57.5
    endloop
  endfacet
  facet normal 0.4305110968082915 -0.9025852843498624 0
    outer loop
      vertex 192.44178149400958 -20.49315005633246 0.8000000000000007
      vertex 192.44178149400958 -20.49315005633246 57.5
      vertex 191.3549427907434 -21.01154552577982 57.5
    endloop
  endfacet
  facet normal 0.477158760259609 -0.878817112661965 0
    outer loop
      vertex 193.5 -19.918584287042087 0.8000000000000007
      vertex 193.5 -19.918584287042087 57.5
      vertex 192.44178149400958 -20.49315005633246 57.5
    endloop
  endfacet
  facet normal 0 0 1
    outer loop
      vertex 182 -23 57.5
      vertex 183.2037269935877 -22.9684792993552 57.5
      vertex 182 -22.3 57.5
    endloop
  endfacet
  facet normal 0 0 1
    outer loop
      vertex 182 -22.3 57.5
      vertex 183.2037269935877 -22.9684792993552 57.5
      vertex 183.16709182421764 -22.269438625026996 57.5
    endloop
  endfacet
  facet normal 0 0 1
    outer loop
      vertex 183.2037269935877 -22.9684792993552 57.5
      vertex 184.33098473086866 -22.177838266712495 57.5
      vertex 183.16709182421764 -22.269438625026996 57.5
    endloop
  endfacet
  facet normal 0 0 1
    outer loop
      vertex 183.2037269935877 -22.9684792993552 57.5
      vertex 184.40415465515602 -22.874003593470285 57.5
      vertex 184.33098473086866 -22.177838266712495 57.5
    endloop
  endfacet
  facet normal 0 0 1
    outer loop
      vertex 184.40415465515602 -22.874003593470285 57.5
      vertex 185.48848857039715 -22.025449995271572 57.5
      vertex 184.33098473086866 -22.177838266712495 57.5
    endloop
  endfacet
  facet normal 0 0 1
    outer loop
      vertex 184.40415465515602 -22.874003593470285 57.5
      vertex 185.5979926959253 -22.71683183368817 57.5
      vertex 185.48848857039715 -22.025449995271572 57.5
    endloop
  endfacet
  facet normal 0 0 1
    outer loop
      vertex 185.48848857039715 -22.025449995271572 57.5
      vertex 185.5979926959253 -22.71683183368817 57.5
      vertex 186.63643070523602 -21.81269149636387 57.5
    endloop
  endfacet
  facet normal 0 0 1
    outer loop
      vertex 185.5979926959253 -22.71683183368817 57.5
      vertex 186.78196888880848 -22.49739481687753 57.5
      vertex 186.63643070523602 -21.81269149636387 57.5
    endloop
  endfacet
  facet normal 0 0 1
    outer loop
      vertex 186.78196888880848 -22.49739481687753 57.5
      vertex 187.95283803735796 -22.21629400464857 57.5
      vertex 186.63643070523602 -21.81269149636387 57.5
    endloop
  endfacet
  facet normal 0 0 1
    outer loop
      vertex 186.63643070523602 -21.81269149636387 57.5
      vertex 187.95283803735796 -22.21629400464857 57.5
      vertex 187.7716647057862 -21.540145926246225 57.5
    endloop
  endfacet
  facet normal 0 0 1
    outer loop
      vertex 187.95283803735796 -22.21629400464857 57.5
      vertex 189.1073908706238 -21.87429987478853 57.5
      vertex 187.7716647057862 -21.540145926246225 57.5
    endloop
  endfacet
  facet normal 0 0 1
    outer loop
      vertex 189.1073908706238 -21.87429987478853 57.5
      vertex 188.89107897456134 -21.208560313381923 57.5
      vertex 187.7716647057862 -21.540145926246225 57.5
    endloop
  endfacet
  facet normal 0 0 1
    outer loop
      vertex 189.1073908706238 -21.87429987478853 57.5
      vertex 189.9916052748602 -20.8188435108876 57.5
      vertex 188.89107897456134 -21.208560313381923 57.5
    endloop
  endfacet
  facet normal 0 0 1
    outer loop
      vertex 189.1073908706238 -21.87429987478853 57.5
      vertex 190.2424628395419 -21.47234980943564 57.5
      vertex 189.9916052748602 -20.8188435108876 57.5
    endloop
  endfacet
  facet normal 0 0 1
    outer loop
      vertex 190.2424628395419 -21.47234980943564 57.5
      vertex 191.07022714059033 -20.37206370543 57.5
      vertex 189.9916052748602 -20.8188435108876 57.5
    endloop
  endfacet
  facet normal 0 0 1
    outer loop
      vertex 190.2424628395419 -21.47234980943564 57.5
      vertex 191.3549427907434 -21.01154552577982 57.5
      vertex 191.07022714059033 -20.37206370543 57.5
    endloop
  endfacet
  facet normal 0 0 1
    outer loop
      vertex 191.07022714059033 -20.37206370543 57.5
      vertex 191.3549427907434 -21.01154552577982 57.5
      vertex 192.44178149400958 -20.49315005633246 57.5
    endloop
  endfacet
  facet normal 0 0 1
    outer loop
      vertex 191.07022714059033 -20.37206370543 57.5
      vertex 192.44178149400958 -20.49315005633246 57.5
      vertex 192.12398814419188 -19.869445489400604 57.5
    endloop
  endfacet
  facet normal 0 0 1
    outer loop
      vertex 192.44178149400958 -20.49315005633246 57.5
      vertex 193.5 -19.918584287042087 57.5
      vertex 192.12398814419188 -19.869445489400604 57.5
    endloop
  endfacet
  facet normal 0 0 1
    outer loop
      vertex 192.12398814419188 -19.869445489400604 57.5
      vertex 193.5 -19.918584287042087 57.5
      vertex 193.15 -19.31236650439298 57.5
    endloop
  endfacet
  facet normal 0.5224985647159436 -0.8526401643540954 0
    outer loop
      vertex 194.52669780534563 -19.289423062744753 0.8000000000000007
      vertex 194.52669780534563 -19.289423062744753 57.5
      vertex 193.5 -19.918584287042087 57.5
    endloop
  endfacet
  facet normal 0.5664062369248412 -0.8241261886220098 0
    outer loop
      vertex 195.51906080272687 -18.607390870623792 0.8000000000000007
      vertex 195.51906080272687 -18.607390870623792 57.5
      vertex 194.52669780534563 -19.289423062744753 57.5
    endloop
  endfacet
  facet normal 0.608761429008716 -0.7933533402912386 0
    outer loop
      vertex 196.47436899414626 -17.87435711351033 0.8000000000000007
      vertex 196.47436899414626 -17.87435711351033 57.5
      vertex 195.51906080272687 -18.607390870623792 57.5
    endloop
  endfacet
  facet normal 0.649448048330189 -0.7604059656000263 0
    outer loop
      vertex 197.39000394625373 -17.092330985980066 0.8000000000000007
      vertex 197.39000394625373 -17.092330985980066 57.5
      vertex 196.47436899414626 -17.87435711351033 57.5
    endloop
  endfacet
  facet normal 0.6883545756937534 -0.7253743710122882 0
    outer loop
      vertex 198.26345596729058 -16.263455967290593 0.8000000000000007
      vertex 198.26345596729058 -16.263455967290593 57.5
      vertex 197.39000394625373 -17.092330985980066 57.5
    endloop
  endfacet
  facet normal 0.7253743710122882 -0.6883545756937534 0
    outer loop
      vertex 199.09233098598006 -15.390003946253739 0.8000000000000007
      vertex 199.09233098598006 -15.390003946253739 57.5
      vertex 198.26345596729058 -16.263455967290593 57.5
    endloop
  endfacet
  facet normal 0.7604059656000212 -0.649448048330195 0
    outer loop
      vertex 199.87435711351034 -14.47436899414626 0.8000000000000007
      vertex 199.87435711351034 -14.47436899414626 57.5
      vertex 199.09233098598006 -15.390003946253739 57.5
    endloop
  endfacet
  facet normal 0.7933533402912406 -0.6087614290087137 0
    outer loop
      vertex 200.6073908706238 -13.519060802726882 0.8000000000000007
      vertex 200.6073908706238 -13.519060802726882 57.5
      vertex 199.87435711351034 -14.47436899414626 57.5
    endloop
  endfacet
  facet normal 0.8241261886220119 -0.5664062369248383 0
    outer loop
      vertex 201.28942306274476 -12.526697805345623 0.8000000000000007
      vertex 201.28942306274476 -12.526697805345623 57.5
      vertex 200.6073908706238 -13.519060802726882 57.5
    endloop
  endfacet
  facet normal 0.8526401643540983 -0.5224985647159389 0
    outer loop
      vertex 201.91858428704208 -11.5 0.8000000000000007
      vertex 201.91858428704208 -11.5 57.5
      vertex 201.28942306274476 -12.526697805345623 57.5
    endloop
  endfacet
  facet normal 0 0 1
    outer loop
      vertex 193.15 -19.31236650439298 57.5
      vertex 193.5 -19.918584287042087 57.5
      vertex 194.1454504808351 -18.702353665182958 57.5
    endloop
  endfacet
  facet normal 0 0 1
    outer loop
      vertex 193.5 -19.918584287042087 57.5
      vertex 194.52669780534563 -19.289423062744753 57.5
      vertex 194.1454504808351 -18.702353665182958 57.5
    endloop
  endfacet
  facet normal 0 0 1
    outer loop
      vertex 194.1454504808351 -18.702353665182958 57.5
      vertex 194.52669780534563 -19.289423062744753 57.5
      vertex 195.10761112612215 -18.04107897456133 57.5
    endloop
  endfacet
  facet normal 0 0 1
    outer loop
      vertex 194.52669780534563 -19.289423062744753 57.5
      vertex 195.51906080272687 -18.607390870623792 57.5
      vertex 195.10761112612215 -18.04107897456133 57.5
    endloop
  endfacet
  facet normal 0 0 1
    outer loop
      vertex 195.10761112612215 -18.04107897456133 57.5
      vertex 195.51906080272687 -18.607390870623792 57.5
      vertex 196.47436899414626 -17.87435711351033 57.5
    endloop
  endfacet
  facet normal 0 0 1
    outer loop
      vertex 195.10761112612215 -18.04107897456133 57.5
      vertex 196.47436899414626 -17.87435711351033 57.5
      vertex 196.03384472041137 -17.33035494049045 57.5
    endloop
  endfacet
  facet normal 0 0 1
    outer loop
      vertex 196.03384472041137 -17.33035494049045 57.5
      vertex 196.47436899414626 -17.87435711351033 57.5
      vertex 196.92161252180253 -16.572129608145893 57.5
    endloop
  endfacet
  facet normal 0 0 1
    outer loop
      vertex 196.47436899414626 -17.87435711351033 57.5
      vertex 197.39000394625373 -17.092330985980066 57.5
      vertex 196.92161252180253 -16.572129608145893 57.5
    endloop
  endfacet
  facet normal 0 0 1
    outer loop
      vertex 196.92161252180253 -16.572129608145893 57.5
      vertex 197.39000394625373 -17.092330985980066 57.5
      vertex 197.76848122046002 -15.76848122046001 57.5
    endloop
  endfacet
  facet normal 0 0 1
    outer loop
      vertex 197.39000394625373 -17.092330985980066 57.5
      vertex 198.26345596729058 -16.263455967290593 57.5
      vertex 197.76848122046002 -15.76848122046001 57.5
    endloop
  endfacet
  facet normal 0 0 1
    outer loop
      vertex 197.76848122046002 -15.76848122046001 57.5
      vertex 198.26345596729058 -16.263455967290593 57.5
      vertex 198.5721296081459 -14.92161252180254 57.5
    endloop
  endfacet
  facet normal 0 0 1
    outer loop
      vertex 198.26345596729058 -16.263455967290593 57.5
      vertex 199.09233098598006 -15.390003946253739 57.5
      vertex 198.5721296081459 -14.92161252180254 57.5
    endloop
  endfacet
  facet normal 0 0 1
    outer loop
      vertex 199.09233098598006 -15.390003946253739 57.5
      vertex 199.87435711351034 -14.47436899414626 57.5
      vertex 198.5721296081459 -14.92161252180254 57.5
    endloop
  endfacet
  facet normal 0 0 1
    outer loop
      vertex 198.5721296081459 -14.92161252180254 57.5
      vertex 199.87435711351034 -14.47436899414626 57.5
      vertex 199.33035494049045 -14.033844720411373 57.5
    endloop
  endfacet
  facet normal 0 0 1
    outer loop
      vertex 199.87435711351034 -14.47436899414626 57.5
      vertex 200.04107897456134 -13.107611126122151 57.5
      vertex 199.33035494049045 -14.033844720411373 57.5
    endloop
  endfacet
  facet normal 0 0 1
    outer loop
      vertex 199.87435711351034 -14.47436899414626 57.5
      vertex 200.6073908706238 -13.519060802726882 57.5
      vertex 200.04107897456134 -13.107611126122151 57.5
    endloop
  endfacet
  facet normal 0 0 1
    outer loop
      vertex 200.04107897456134 -13.107611126122151 57.5
      vertex 200.6073908706238 -13.519060802726882 57.5
      vertex 201.28942306274476 -12.526697805345623 57.5
    endloop
  endfacet
  facet normal 0 0 1
    outer loop
      vertex 200.04107897456134 -13.107611126122151 57.5
      vertex 201.28942306274476 -12.526697805345623 57.5
      vertex 200.70235366518295 -12.145450480835105 57.5
    endloop
  endfacet
  facet normal 0 0 1
    outer loop
      vertex 201.28942306274476 -12.526697805345623 57.5
      vertex 201.91858428704208 -11.5 57.5
      vertex 200.70235366518295 -12.145450480835105 57.5
    endloop
  endfacet
  facet normal 0 0 1
    outer loop
      vertex 200.70235366518295 -12.145450480835105 57.5
      vertex 201.91858428704208 -11.5 57.5
      vertex 201.31236650439297 -11.15 57.5
    endloop
  endfacet
  facet normal 0.8788171126619602 -0.4771587602596181 0
    outer loop
      vertex 202.49315005633247 -10.441781494009575 0.8000000000000007
      vertex 202.49315005633247 -10.441781494009575 57.5
      vertex 201.91858428704208 -11.5 57.5
    endloop
  endfacet
  facet normal 0.9025852843498665 -0.4305110968082829 0
    outer loop
      vertex 203.0115455257798 -9.354942790743404 0.8000000000000007
      vertex 203.0115455257798 -9.354942790743404 57.5
      vertex 202.49315005633247 -10.441781494009575 57.5
    endloop
  endfacet
  facet normal 0.9238795325112872 -0.38268343236508895 0
    outer loop
      vertex 203.47234980943563 -8.242462839541906 0.8000000000000007
      vertex 203.47234980943563 -8.242462839541906 57.5
      vertex 203.0115455257798 -9.354942790743404 57.5
    endloop
  endfacet
  facet normal 0.9426414910921745 -0.3338068592337816 0
    outer loop
      vertex 203.87429987478853 -7.1073908706237905 0.8000000000000007
      vertex 203.87429987478853 -7.1073908706237905 57.5
      vertex 203.47234980943563 -8.242462839541906 57.5
    endloop
  endfacet
  facet normal 0.9588197348681927 -0.28401534470392426 0
    outer loop
      vertex 204.21629400464857 -5.952838037357977 0.8000000000000007
      vertex 204.21629400464857 -5.952838037357977 57.5
      vertex 203.87429987478853 -7.1073908706237905 57.5
    endloop
  endfacet
  facet normal 0.9723699203976743 -0.23344536385591466 0
    outer loop
      vertex 204.49739481687755 -4.781968888808465 0.8000000000000007
      vertex 204.49739481687755 -4.781968888808465 57.5
      vertex 204.21629400464857 -5.952838037357977 57.5
    endloop
  endfacet
  facet normal 0.9832549075639577 -0.1822355254921298 0
    outer loop
      vertex 204.71683183368816 -3.59799269592531 0.8000000000000007
      vertex 204.71683183368816 -3.59799269592531 57.5
      vertex 204.49739481687755 -4.781968888808465 57.5
    endloop
  endfacet
  facet normal 0.9914448613738093 -0.13052619222006095 0
    outer loop
      vertex 204.8740035934703 -2.40415465515603 0.8000000000000007
      vertex 204.8740035934703 -2.40415465515603 57.5
      vertex 204.71683183368816 -3.59799269592531 57.5
    endloop
  endfacet
  facet normal 0.9969173337331275 -0.07845909572784936 0
    outer loop
      vertex 204.9684792993552 -1.2037269935877082 0.8000000000000007
      vertex 204.9684792993552 -1.2037269935877082 57.5
      vertex 204.8740035934703 -2.40415465515603 57.5
    endloop
  endfacet
  facet normal 0.9996573249755575 -0.026176948307864625 0
    outer loop
      vertex 204.9684792993552 -1.2037269935877082 57.5
      vertex 205 0 0.8000000000000007
      vertex 205 0 57.5
    endloop
  endfacet
  facet normal 0 0 1
    outer loop
      vertex 201.31236650439297 -11.15 57.5
      vertex 201.91858428704208 -11.5 57.5
      vertex 201.86944548940062 -10.123988144191893 57.5
    endloop
  endfacet
  facet normal 0 0 1
    outer loop
      vertex 201.91858428704208 -11.5 57.5
      vertex 202.49315005633247 -10.441781494009575 57.5
      vertex 201.86944548940062 -10.123988144191893 57.5
    endloop
  endfacet
  facet normal 0 0 1
    outer loop
      vertex 201.86944548940062 -10.123988144191893 57.5
      vertex 202.49315005633247 -10.441781494009575 57.5
      vertex 202.37206370543 -9.070227140590346 57.5
    endloop
  endfacet
  facet normal 0 0 1
    outer loop
      vertex 202.49315005633247 -10.441781494009575 57.5
      vertex 203.0115455257798 -9.354942790743404 57.5
      vertex 202.37206370543 -9.070227140590346 57.5
    endloop
  endfacet
  facet normal 0 0 1
    outer loop
      vertex 202.37206370543 -9.070227140590346 57.5
      vertex 203.0115455257798 -9.354942790743404 57.5
      vertex 202.8188435108876 -7.991605274860197 57.5
    endloop
  endfacet
  facet normal 0 0 1
    outer loop
      vertex 203.0115455257798 -9.354942790743404 57.5
      vertex 203.47234980943563 -8.242462839541906 57.5
      vertex 202.8188435108876 -7.991605274860197 57.5
    endloop
  endfacet
  facet normal 0 0 1
    outer loop
      vertex 202.8188435108876 -7.991605274860197 57.5
      vertex 203.47234980943563 -8.242462839541906 57.5
      vertex 203.87429987478853 -7.1073908706237905 57.5
    endloop
  endfacet
  facet normal 0 0 1
    outer loop
      vertex 202.8188435108876 -7.991605274860197 57.5
      vertex 203.87429987478853 -7.1073908706237905 57.5
      vertex 203.20856031338192 -6.891078974561328 57.5
    endloop
  endfacet
  facet normal 0 0 1
    outer loop
      vertex 203.20856031338192 -6.891078974561328 57.5
      vertex 203.87429987478853 -7.1073908706237905 57.5
      vertex 203.54014592624623 -5.771664705786213 57.5
    endloop
  endfacet
  facet normal 0 0 1
    outer loop
      vertex 203.54014592624623 -5.771664705786213 57.5
      vertex 203.87429987478853 -7.1073908706237905 57.5
      vertex 204.21629400464857 -5.952838037357977 57.5
    endloop
  endfacet
  facet normal 0 0 1
    outer loop
      vertex 203.54014592624623 -5.771664705786213 57.5
      vertex 204.21629400464857 -5.952838037357977 57.5
      vertex 203.81269149636387 -4.636430705236034 57.5
    endloop
  endfacet
  facet normal 0 0 1
    outer loop
      vertex 204.21629400464857 -5.952838037357977 57.5
      vertex 204.49739481687755 -4.781968888808465 57.5
      vertex 203.81269149636387 -4.636430705236034 57.5
    endloop
  endfacet
  facet normal 0 0 1
    outer loop
      vertex 203.81269149636387 -4.636430705236034 57.5
      vertex 204.49739481687755 -4.781968888808465 57.5
      vertex 204.71683183368816 -3.59799269592531 57.5
    endloop
  endfacet
  facet normal 0 0 1
    outer loop
      vertex 203.81269149636387 -4.636430705236034 57.5
      vertex 204.71683183368816 -3.59799269592531 57.5
      vertex 204.02544999527157 -3.4884885703971484 57.5
    endloop
  endfacet
  facet normal 0 0 1
    outer loop
      vertex 204.02544999527157 -3.4884885703971484 57.5
      vertex 204.71683183368816 -3.59799269592531 57.5
      vertex 204.8740035934703 -2.40415465515603 57.5
    endloop
  endfacet
  facet normal 0 0 1
    outer loop
      vertex 204.02544999527157 -3.4884885703971484 57.5
      vertex 204.8740035934703 -2.40415465515603 57.5
      vertex 204.17783826671248 -2.3309847308686726 57.5
    endloop
  endfacet
  facet normal 0 0 1
    outer loop
      vertex 204.17783826671248 -2.3309847308686726 57.5
      vertex 204.9684792993552 -1.2037269935877082 57.5
      vertex 204.269438625027 -1.1670918242176476 57.5
    endloop
  endfacet
  facet normal 0 0 1
    outer loop
      vertex 204.17783826671248 -2.3309847308686726 57.5
      vertex 204.8740035934703 -2.40415465515603 57.5
      vertex 204.9684792993552 -1.2037269935877082 57.5
    endloop
  endfacet
  facet normal 0 0 1
    outer loop
      vertex 204.269438625027 -1.1670918242176476 57.5
      vertex 204.9684792993552 -1.2037269935877082 57.5
      vertex 204.3 0 57.5
    endloop
  endfacet
  facet normal 0 0 1
    outer loop
      vertex 204.9684792993552 -1.2037269935877082 57.5
      vertex 205 0 57.5
      vertex 204.3 0 57.5
    endloop
  endfacet
  facet normal 0 0 -1
    outer loop
      vertex 182 0 0
      vertex 195.9709126813064 17.252640344344755 0
      vertex 196.85469946116666 16.49781512559815 0
    endloop
  endfacet
  facet normal 0 0 -1
    outer loop
      vertex 182 0 0
      vertex 198.49781512559815 14.854699461166652 0
      vertex 199.25264034434474 13.97091268130639 0
    endloop
  endfacet
  facet normal 0 0 -1
    outer loop
      vertex 182 0 0
      vertex 196.85469946116666 16.49781512559815 0
      vertex 197.69777054234135 15.697770542341356 0
    endloop
  endfacet
  facet normal 0 0 -1
    outer loop
      vertex 182 0 0
      vertex 197.69777054234135 15.697770542341356 0
      vertex 198.49781512559815 14.854699461166652 0
    endloop
  endfacet
  facet normal 0 0 -1
    outer loop
      vertex 182 0 0
      vertex 182 22.2 0
      vertex 183.16185822859336 22.169575671551538 0
    endloop
  endfacet
  facet normal 0 0 -1
    outer loop
      vertex 182 0 0
      vertex 183.16185822859336 22.169575671551538 0
      vertex 184.3205318845419 22.078386077175665 0
    endloop
  endfacet
  facet normal 0 0 -1
    outer loop
      vertex 182 0 0
      vertex 184.3205318845419 22.078386077175665 0
      vertex 185.47284512389314 21.92668116121206 0
    endloop
  endfacet
  facet normal 0 0 -1
    outer loop
      vertex 182 0 0
      vertex 185.47284512389314 21.92668116121206 0
      vertex 186.61563953615425 21.714876736290485 0
    endloop
  endfacet
  facet normal 0 0 -1
    outer loop
      vertex 182 0 0
      vertex 187.74578280127596 21.443553343617317 0
      vertex 188.86017727512385 21.113454661752407 0
    endloop
  endfacet
  facet normal 0 0 -1
    outer loop
      vertex 182 0 0
      vertex 188.86017727512385 21.113454661752407 0
      vertex 189.95576847990566 20.725485468237878 0
    endloop
  endfacet
  facet normal 0 0 -1
    outer loop
      vertex 182 0 0
      vertex 189.95576847990566 20.725485468237878 0
      vertex 191.02955347628276 20.28070915966574 0
    endloop
  endfacet
  facet normal 0 0 -1
    outer loop
      vertex 182 0 0
      vertex 186.61563953615425 21.714876736290485 0
      vertex 187.74578280127596 21.443553343617317 0
    endloop
  endfacet
  facet normal 0.018513069370730145 0.7069855961271327 -0.7069855961271327
    outer loop
      vertex 182 22.2 0
      vertex 182 23 0.8000000000000007
      vertex 183.2037269935877 22.9684792993552 0.8000000000000007
    endloop
  endfacet
  facet normal 0.018513069370730655 0.7069855961271324 -0.7069855961271332
    outer loop
      vertex 182 22.2 0
      vertex 183.2037269935877 22.9684792993552 0.8000000000000007
      vertex 183.16185822859336 22.169575671551538 0
    endloop
  endfacet
  facet normal 0.05548846507587387 0.7050477977501144 -0.706985596127133
    outer loop
      vertex 183.16185822859336 22.169575671551538 0
      vertex 183.2037269935877 22.9684792993552 0.8000000000000007
      vertex 184.40415465515602 22.874003593470285 0.8000000000000007
    endloop
  endfacet
  facet normal 0.05548846507587334 0.7050477977501147 -0.7069855961271325
    outer loop
      vertex 183.16185822859336 22.169575671551538 0
      vertex 184.40415465515602 22.874003593470285 0.8000000000000007
      vertex 184.3205318845419 22.078386077175665 0
    endloop
  endfacet
  facet normal 0.0923117707551953 0.7011775123667356 -0.7069855961271323
    outer loop
      vertex 184.3205318845419 22.078386077175665 0
      vertex 184.40415465515602 22.874003593470285 0.8000000000000007
      vertex 185.5979926959253 22.71683183368817 0.8000000000000007
    endloop
  endfacet
  facet normal 0.09231177075519427 0.7011775123667366 -0.7069855961271315
    outer loop
      vertex 184.3205318845419 22.078386077175665 0
      vertex 185.5979926959253 22.71683183368817 0.8000000000000007
      vertex 185.47284512389314 21.92668116121206 0
    endloop
  endfacet
  facet normal 0.12888205628739868 0.6953853481602063 -0.7069855961271349
    outer loop
      vertex 185.47284512389314 21.92668116121206 0
      vertex 186.78196888880848 22.49739481687753 0.8000000000000007
      vertex 186.61563953615425 21.714876736290485 0
    endloop
  endfacet
  facet normal 0.1288820562873945 0.6953853481602108 -0.7069855961271313
    outer loop
      vertex 185.47284512389314 21.92668116121206 0
      vertex 185.5979926959253 22.71683183368817 0.8000000000000007
      vertex 186.78196888880848 22.49739481687753 0.8000000000000007
    endloop
  endfacet
  facet normal 0.16509908506179533 0.6876871810500157 -0.7069855961271354
    outer loop
      vertex 186.61563953615425 21.714876736290485 0
      vertex 186.78196888880848 22.49739481687753 0.8000000000000007
      vertex 187.95283803735796 22.21629400464857 0.8000000000000007
    endloop
  endfacet
  facet normal 0.16509908506178955 0.6876871810500226 -0.7069855961271302
    outer loop
      vertex 187.74578280127596 21.443553343617317 0
      vertex 186.61563953615425 21.714876736290485 0
      vertex 187.95283803735796 22.21629400464857 0.8000000000000007
    endloop
  endfacet
  facet normal 0 0 -1
    outer loop
      vertex 182 0 0
      vertex 191.02955347628276 20.28070915966574 0
      vertex 192.07858909421793 19.780344836981765 0
    endloop
  endfacet
  facet normal 0 0 -1
    outer loop
      vertex 182 0 0
      vertex 192.07858909421793 19.780344836981765 0
      vertex 193.1 19.225763964014536 0
    endloop
  endfacet
  facet normal 0 0 -1
    outer loop
      vertex 182 0 0
      vertex 193.1 19.225763964014536 0
      vertex 194.0909865773336 18.618486608388412 0
    endloop
  endfacet
  facet normal 0 0 -1
    outer loop
      vertex 182 0 0
      vertex 194.0909865773336 18.618486608388412 0
      vertex 195.0488326008929 17.960177275123833 0
    endloop
  endfacet
  facet normal 0 0 -1
    outer loop
      vertex 182 0 0
      vertex 195.0488326008929 17.960177275123833 0
      vertex 195.9709126813064 17.252640344344755 0
    endloop
  endfacet
  facet normal 0.2008635887199314 0.6781041111771227 -0.7069855961271309
    outer loop
      vertex 187.74578280127596 21.443553343617317 0
      vertex 189.1073908706238 21.87429987478853 0.8000000000000007
      vertex 188.86017727512385 21.113454661752407 0
    endloop
  endfacet
  facet normal 0.2008635887199302 0.6781041111771242 -0.7069855961271297
    outer loop
      vertex 187.74578280127596 21.443553343617317 0
      vertex 187.95283803735796 22.21629400464857 0.8000000000000007
      vertex 189.1073908706238 21.87429987478853 0.8000000000000007
    endloop
  endfacet
  facet normal 0.23607753924324368 0.6666624050699279 -0.7069855961271306
    outer loop
      vertex 188.86017727512385 21.113454661752407 0
      vertex 189.1073908706238 21.87429987478853 0.8000000000000007
      vertex 190.2424628395419 21.47234980943564 0.8000000000000007
    endloop
  endfacet
  facet normal 0.23607753924324687 0.6666624050699232 -0.706985596127134
    outer loop
      vertex 188.86017727512385 21.113454661752407 0
      vertex 190.2424628395419 21.47234980943564 0.8000000000000007
      vertex 189.95576847990566 20.725485468237878 0
    endloop
  endfacet
  facet normal 0.2706444176410426 0.6533934236495665 -0.706985596127134
    outer loop
      vertex 189.95576847990566 20.725485468237878 0
      vertex 190.2424628395419 21.47234980943564 0.8000000000000007
      vertex 191.3549427907434 21.01154552577982 0.8000000000000007
    endloop
  endfacet
  facet normal 0.3374600096864904 0.6215240210411459 -0.706985596127134
    outer loop
      vertex 192.07858909421793 19.780344836981765 0
      vertex 192.44178149400958 20.49315005633246 0.8000000000000007
      vertex 193.5 19.918584287042087 0.8000000000000007
    endloop
  endfacet
  facet normal 0.3374600096864901 0.6215240210411466 -0.7069855961271336
    outer loop
      vertex 192.07858909421793 19.780344836981765 0
      vertex 193.5 19.918584287042087 0.8000000000000007
      vertex 193.1 19.225763964014536 0
    endloop
  endfacet
  facet normal 0.2706444176410403 0.6533934236495703 -0.7069855961271314
    outer loop
      vertex 189.95576847990566 20.725485468237878 0
      vertex 191.3549427907434 21.01154552577982 0.8000000000000007
      vertex 191.02955347628276 20.28070915966574 0
    endloop
  endfacet
  facet normal 0.3044694785023442 0.638333536271811 -0.7069855961271314
    outer loop
      vertex 191.02955347628276 20.28070915966574 0
      vertex 191.3549427907434 21.01154552577982 0.8000000000000007
      vertex 192.44178149400958 20.49315005633246 0.8000000000000007
    endloop
  endfacet
  facet normal 0.30446947850234624 0.638333536271807 -0.7069855961271339
    outer loop
      vertex 192.07858909421793 19.780344836981765 0
      vertex 191.02955347628276 20.28070915966574 0
      vertex 192.44178149400958 20.49315005633246 0.8000000000000007
    endloop
  endfacet
  facet normal 0.026176948307873472 0.9996573249755573 0
    outer loop
      vertex 182 23 0.8000000000000007
      vertex 183.2037269935877 22.9684792993552 57.5
      vertex 183.2037269935877 22.9684792993552 0.8000000000000007
    endloop
  endfacet
  facet normal 0.07845909572784704 0.9969173337331277 0
    outer loop
      vertex 183.2037269935877 22.9684792993552 0.8000000000000007
      vertex 184.40415465515602 22.874003593470285 57.5
      vertex 184.40415465515602 22.874003593470285 0.8000000000000007
    endloop
  endfacet
  facet normal 0.1305261922200479 0.9914448613738108 0
    outer loop
      vertex 184.40415465515602 22.874003593470285 0.8000000000000007
      vertex 185.5979926959253 22.71683183368817 57.5
      vertex 185.5979926959253 22.71683183368817 0.8000000000000007
    endloop
  endfacet
  facet normal 0.18223552549214547 0.9832549075639551 0
    outer loop
      vertex 185.5979926959253 22.71683183368817 0.8000000000000007
      vertex 186.78196888880848 22.49739481687753 57.5
      vertex 186.78196888880848 22.49739481687753 0.8000000000000007
    endloop
  endfacet
  facet normal 0.2334453638559113 0.9723699203976751 0
    outer loop
      vertex 186.78196888880848 22.49739481687753 0.8000000000000007
      vertex 187.95283803735796 22.21629400464857 57.5
      vertex 187.95283803735796 22.21629400464857 0.8000000000000007
    endloop
  endfacet
  facet normal 0.28401534470392165 0.9588197348681935 0
    outer loop
      vertex 187.95283803735796 22.21629400464857 0.8000000000000007
      vertex 189.1073908706238 21.87429987478853 57.5
      vertex 189.1073908706238 21.87429987478853 0.8000000000000007
    endloop
  endfacet
  facet normal 0.3338068592337695 0.9426414910921789 0
    outer loop
      vertex 189.1073908706238 21.87429987478853 0.8000000000000007
      vertex 190.2424628395419 21.47234980943564 57.5
      vertex 190.2424628395419 21.47234980943564 0.8000000000000007
    endloop
  endfacet
  facet normal 0.477158760259609 0.878817112661965 0
    outer loop
      vertex 192.44178149400958 20.49315005633246 0.8000000000000007
      vertex 193.5 19.918584287042087 57.5
      vertex 193.5 19.918584287042087 0.8000000000000007
    endloop
  endfacet
  facet normal 0.38268343236509295 0.9238795325112855 0
    outer loop
      vertex 190.2424628395419 21.47234980943564 0.8000000000000007
      vertex 191.3549427907434 21.01154552577982 57.5
      vertex 191.3549427907434 21.01154552577982 0.8000000000000007
    endloop
  endfacet
  facet normal 0.4305110968082915 0.9025852843498624 0
    outer loop
      vertex 191.3549427907434 21.01154552577982 0.8000000000000007
      vertex 192.44178149400958 20.49315005633246 57.5
      vertex 192.44178149400958 20.49315005633246 0.8000000000000007
    endloop
  endfacet
  facet normal 0 0 -1
    outer loop
      vertex 182 0 0
      vertex 203.1134546617524 6.860177275123832 0
      vertex 203.4435533436173 5.74578280127596 0
    endloop
  endfacet
  facet normal 0 0 -1
    outer loop
      vertex 182 0 0
      vertex 202.72548546823788 7.955768479905665 0
      vertex 203.1134546617524 6.860177275123832 0
    endloop
  endfacet
  facet normal 0 0 -1
    outer loop
      vertex 182 0 0
      vertex 202.28070915966575 9.029553476282764 0
      vertex 202.72548546823788 7.955768479905665 0
    endloop
  endfacet
  facet normal 0 0 -1
    outer loop
      vertex 182 0 0
      vertex 204.16957567155154 1.1618582285933532 0
      vertex 204.2 0 0
    endloop
  endfacet
  facet normal 0 0 -1
    outer loop
      vertex 182 0 0
      vertex 204.07838607717565 2.320531884541907 0
      vertex 204.16957567155154 1.1618582285933532 0
    endloop
  endfacet
  facet normal 0 0 -1
    outer loop
      vertex 182 0 0
      vertex 203.92668116121206 3.472845123893125 0
      vertex 204.07838607717565 2.320531884541907 0
    endloop
  endfacet
  facet normal 0 0 -1
    outer loop
      vertex 182 0 0
      vertex 203.71487673629048 4.615639536154257 0
      vertex 203.92668116121206 3.472845123893125 0
    endloop
  endfacet
  facet normal 0 0 -1
    outer loop
      vertex 182 0 0
      vertex 203.4435533436173 5.74578280127596 0
      vertex 203.71487673629048 4.615639536154257 0
    endloop
  endfacet
  facet normal 0 0 -1
    outer loop
      vertex 182 0 0
      vertex 199.96017727512384 13.048832600892903 0
      vertex 200.61848660838842 12.0909865773336 0
    endloop
  endfacet
  facet normal 0 0 -1
    outer loop
      vertex 182 0 0
      vertex 200.61848660838842 12.0909865773336 0
      vertex 201.22576396401453 11.1 0
    endloop
  endfacet
  facet normal 0 0 -1
    outer loop
      vertex 182 0 0
      vertex 201.78034483698175 10.078589094217937 0
      vertex 202.28070915966575 9.029553476282764 0
    endloop
  endfacet
  facet normal 0 0 -1
    outer loop
      vertex 182 0 0
      vertex 201.22576396401453 11.1 0
      vertex 201.78034483698175 10.078589094217937 0
    endloop
  endfacet
  facet normal 0 0 -1
    outer loop
      vertex 182 0 0
      vertex 199.25264034434474 13.97091268130639 0
      vertex 199.96017727512384 13.048832600892903 0
    endloop
  endfacet
  facet normal 0.7069855961271281 0.018513069370722 -0.7069855961271375
    outer loop
      vertex 204.2 0 0
      vertex 204.16957567155154 1.1618582285933532 0
      vertex 205 0 0.8000000000000007
    endloop
  endfacet
  facet normal 0.7069855961271295 0.018513069370723858 -0.7069855961271363
    outer loop
      vertex 204.16957567155154 1.1618582285933532 0
      vertex 204.9684792993552 1.2037269935877082 0.8000000000000007
      vertex 205 0 0.8000000000000007
    endloop
  endfacet
  facet normal 0.7050477977501102 0.05548846507588348 -0.7069855961271362
    outer loop
      vertex 204.16957567155154 1.1618582285933532 0
      vertex 204.07838607717565 2.320531884541907 0
      vertex 204.9684792993552 1.2037269935877082 0.8000000000000007
    endloop
  endfacet
  facet normal 0.7050477977501048 0.05548846507587478 -0.7069855961271423
    outer loop
      vertex 204.9684792993552 1.2037269935877082 0.8000000000000007
      vertex 204.07838607717565 2.320531884541907 0
      vertex 204.8740035934703 2.40415465515603 0.8000000000000007
    endloop
  endfacet
  facet normal 0.7011775123667269 0.09231177075518529 -0.7069855961271423
    outer loop
      vertex 204.07838607717565 2.320531884541907 0
      vertex 203.92668116121206 3.472845123893125 0
      vertex 204.8740035934703 2.40415465515603 0.8000000000000007
    endloop
  endfacet
  facet normal 0.695385348160212 0.1288820562874017 -0.7069855961271289
    outer loop
      vertex 203.92668116121206 3.472845123893125 0
      vertex 203.71487673629048 4.615639536154257 0
      vertex 204.71683183368816 3.59799269592531 0.8000000000000007
    endloop
  endfacet
  facet normal 0.7011775123667378 0.0923117707552049 -0.706985596127129
    outer loop
      vertex 204.8740035934703 2.40415465515603 0.8000000000000007
      vertex 203.92668116121206 3.472845123893125 0
      vertex 204.71683183368816 3.59799269592531 0.8000000000000007
    endloop
  endfacet
  facet normal 0.6876871810500101 0.1650990850617885 -0.7069855961271423
    outer loop
      vertex 203.4435533436173 5.74578280127596 0
      vertex 204.49739481687755 4.781968888808465 0.8000000000000007
      vertex 203.71487673629048 4.615639536154257 0
    endloop
  endfacet
  facet normal 0.6876871810500139 0.1650990850617974 -0.7069855961271366
    outer loop
      vertex 203.4435533436173 5.74578280127596 0
      vertex 204.21629400464857 5.952838037357977 0.8000000000000007
      vertex 204.49739481687755 4.781968888808465 0.8000000000000007
    endloop
  endfacet
  facet normal 0.6953853481602021 0.12888205628738145 -0.7069855961271422
    outer loop
      vertex 204.71683183368816 3.59799269592531 0.8000000000000007
      vertex 203.71487673629048 4.615639536154257 0
      vertex 204.49739481687755 4.781968888808465 0.8000000000000007
    endloop
  endfacet
  facet normal 0.6215240210411429 0.3374600096864838 -0.7069855961271398
    outer loop
      vertex 201.22576396401453 11.1 0
      vertex 202.49315005633247 10.441781494009575 0.8000000000000007
      vertex 201.78034483698175 10.078589094217937 0
    endloop
  endfacet
  facet normal 0.6215240210411449 0.3374600096864983 -0.7069855961271312
    outer loop
      vertex 201.22576396401453 11.1 0
      vertex 201.91858428704208 11.5 0.8000000000000007
      vertex 202.49315005633247 10.441781494009575 0.8000000000000007
    endloop
  endfacet
  facet normal 0.6533934236495751 0.2706444176410382 -0.7069855961271279
    outer loop
      vertex 202.72548546823788 7.955768479905665 0
      vertex 202.28070915966575 9.029553476282764 0
      vertex 203.47234980943563 8.242462839541906 0.8000000000000007
    endloop
  endfacet
  facet normal 0.6666624050699228 0.23607753924323777 -0.7069855961271373
    outer loop
      vertex 203.1134546617524 6.860177275123832 0
      vertex 202.72548546823788 7.955768479905665 0
      vertex 203.87429987478853 7.1073908706237905 0.8000000000000007
    endloop
  endfacet
  facet normal 0.6666624050699275 0.2360775392432533 -0.7069855961271275
    outer loop
      vertex 202.72548546823788 7.955768479905665 0
      vertex 203.47234980943563 8.242462839541906 0.8000000000000007
      vertex 203.87429987478853 7.1073908706237905 0.8000000000000007
    endloop
  endfacet
  facet normal 0.6781041111771171 0.20086358871993135 -0.7069855961271365
    outer loop
      vertex 203.4435533436173 5.74578280127596 0
      vertex 203.1134546617524 6.860177275123832 0
      vertex 204.21629400464857 5.952838037357977 0.8000000000000007
    endloop
  endfacet
  facet normal 0.6781041111771164 0.20086358871992993 -0.7069855961271373
    outer loop
      vertex 203.1134546617524 6.860177275123832 0
      vertex 203.87429987478853 7.1073908706237905 0.8000000000000007
      vertex 204.21629400464857 5.952838037357977 0.8000000000000007
    endloop
  endfacet
  facet normal 0.638333536271811 0.30446947850235945 -0.7069855961271247
    outer loop
      vertex 201.78034483698175 10.078589094217937 0
      vertex 203.0115455257798 9.354942790743404 0.8000000000000007
      vertex 202.28070915966575 9.029553476282764 0
    endloop
  endfacet
  facet normal 0.6383335362718061 0.3044694785023344 -0.70698559612714
    outer loop
      vertex 201.78034483698175 10.078589094217937 0
      vertex 202.49315005633247 10.441781494009575 0.8000000000000007
      vertex 203.0115455257798 9.354942790743404 0.8000000000000007
    endloop
  endfacet
  facet normal 0.6533934236495764 0.2706444176410432 -0.7069855961271246
    outer loop
      vertex 203.47234980943563 8.242462839541906 0.8000000000000007
      vertex 202.28070915966575 9.029553476282764 0
      vertex 203.0115455257798 9.354942790743404 0.8000000000000007
    endloop
  endfacet
  facet normal 0.9996573249755575 0.026176948307864625 0
    outer loop
      vertex 205 0 0.8000000000000007
      vertex 204.9684792993552 1.2037269935877082 0.8000000000000007
      vertex 205 0 57.5
    endloop
  endfacet
  facet normal 0.9969173337331275 0.07845909572784936 0
    outer loop
      vertex 204.9684792993552 1.2037269935877082 0.8000000000000007
      vertex 204.8740035934703 2.40415465515603 0.8000000000000007
      vertex 204.9684792993552 1.2037269935877082 57.5
    endloop
  endfacet
  facet normal 0.9914448613738093 0.13052619222006095 0
    outer loop
      vertex 204.8740035934703 2.40415465515603 0.8000000000000007
      vertex 204.71683183368816 3.59799269592531 0.8000000000000007
      vertex 204.8740035934703 2.40415465515603 57.5
    endloop
  endfacet
  facet normal 0.9832549075639577 0.1822355254921298 0
    outer loop
      vertex 204.71683183368816 3.59799269592531 0.8000000000000007
      vertex 204.49739481687755 4.781968888808465 0.8000000000000007
      vertex 204.71683183368816 3.59799269592531 57.5
    endloop
  endfacet
  facet normal 0.9723699203976743 0.23344536385591466 0
    outer loop
      vertex 204.49739481687755 4.781968888808465 0.8000000000000007
      vertex 204.21629400464857 5.952838037357977 0.8000000000000007
      vertex 204.49739481687755 4.781968888808465 57.5
    endloop
  endfacet
  facet normal 0.9238795325112872 0.38268343236508895 0
    outer loop
      vertex 203.47234980943563 8.242462839541906 0.8000000000000007
      vertex 203.0115455257798 9.354942790743404 0.8000000000000007
      vertex 203.47234980943563 8.242462839541906 57.5
    endloop
  endfacet
  facet normal 0.9588197348681927 0.28401534470392426 0
    outer loop
      vertex 204.21629400464857 5.952838037357977 0.8000000000000007
      vertex 203.87429987478853 7.1073908706237905 0.8000000000000007
      vertex 204.21629400464857 5.952838037357977 57.5
    endloop
  endfacet
  facet normal 0.9426414910921745 0.3338068592337816 0
    outer loop
      vertex 203.47234980943563 8.242462839541906 0.8000000000000007
      vertex 203.87429987478853 7.1073908706237905 57.5
      vertex 203.87429987478853 7.1073908706237905 0.8000000000000007
    endloop
  endfacet
  facet normal 0.9025852843498665 0.4305110968082829 0
    outer loop
      vertex 203.0115455257798 9.354942790743404 0.8000000000000007
      vertex 202.49315005633247 10.441781494009575 0.8000000000000007
      vertex 203.0115455257798 9.354942790743404 57.5
    endloop
  endfacet
  facet normal 0.8788171126619602 0.4771587602596181 0
    outer loop
      vertex 202.49315005633247 10.441781494009575 0.8000000000000007
      vertex 201.91858428704208 11.5 0.8000000000000007
      vertex 202.49315005633247 10.441781494009575 57.5
    endloop
  endfacet
  facet normal 0.4593078089169704 0.5377803487825332 -0.7069855961271266
    outer loop
      vertex 196.85469946116666 16.49781512559815 0
      vertex 195.9709126813064 17.252640344344755 0
      vertex 197.39000394625373 17.092330985980066 0.8000000000000007
    endloop
  endfacet
  facet normal 0.4868235923300948 0.5130050261153255 -0.7069855961271319
    outer loop
      vertex 197.69777054234135 15.697770542341356 0
      vertex 196.85469946116666 16.49781512559815 0
      vertex 198.26345596729058 16.263455967290593 0.8000000000000007
    endloop
  endfacet
  facet normal 0.48682359233009315 0.5130050261153345 -0.7069855961271263
    outer loop
      vertex 196.85469946116666 16.49781512559815 0
      vertex 197.39000394625373 17.092330985980066 0.8000000000000007
      vertex 198.26345596729058 16.263455967290593 0.8000000000000007
    endloop
  endfacet
  facet normal 0.51300502611533 0.48682359233009437 -0.7069855961271289
    outer loop
      vertex 197.69777054234135 15.697770542341356 0
      vertex 199.09233098598006 15.390003946253739 0.8000000000000007
      vertex 198.49781512559815 14.854699461166652 0
    endloop
  endfacet
  facet normal 0.5130050261153306 0.48682359233008954 -0.7069855961271317
    outer loop
      vertex 197.69777054234135 15.697770542341356 0
      vertex 198.26345596729058 16.263455967290593 0.8000000000000007
      vertex 199.09233098598006 15.390003946253739 0.8000000000000007
    endloop
  endfacet
  facet normal 0.5377803487825273 0.4593078089169549 -0.7069855961271413
    outer loop
      vertex 198.49781512559815 14.854699461166652 0
      vertex 199.87435711351034 14.47436899414626 0.8000000000000007
      vertex 199.25264034434474 13.97091268130639 0
    endloop
  endfacet
  facet normal 0.5377803487825259 0.4593078089169758 -0.7069855961271289
    outer loop
      vertex 198.49781512559815 14.854699461166652 0
      vertex 199.09233098598006 15.390003946253739 0.8000000000000007
      vertex 199.87435711351034 14.47436899414626 0.8000000000000007
    endloop
  endfacet
  facet normal 0.4005783192477732 0.5828450711959331 -0.7069855961271324
    outer loop
      vertex 194.0909865773336 18.618486608388412 0
      vertex 195.51906080272687 18.607390870623792 0.8000000000000007
      vertex 195.0488326008929 17.960177275123833 0
    endloop
  endfacet
  facet normal 0.3695255864406377 0.6030109516704191 -0.7069855961271335
    outer loop
      vertex 193.1 19.225763964014536 0
      vertex 194.52669780534563 19.289423062744753 0.8000000000000007
      vertex 194.0909865773336 18.618486608388412 0
    endloop
  endfacet
  facet normal 0.3695255864406378 0.6030109516704186 -0.7069855961271336
    outer loop
      vertex 193.1 19.225763964014536 0
      vertex 193.5 19.918584287042087 0.8000000000000007
      vertex 194.52669780534563 19.289423062744753 0.8000000000000007
    endloop
  endfacet
  facet normal 0.4005783192477739 0.5828450711959313 -0.7069855961271335
    outer loop
      vertex 194.0909865773336 18.618486608388412 0
      vertex 194.52669780534563 19.289423062744753 0.8000000000000007
      vertex 195.51906080272687 18.607390870623792 0.8000000000000007
    endloop
  endfacet
  facet normal 0.43053309472568985 0.5610816528943785 -0.7069855961271294
    outer loop
      vertex 195.0488326008929 17.960177275123833 0
      vertex 196.47436899414626 17.87435711351033 0.8000000000000007
      vertex 195.9709126813064 17.252640344344755 0
    endloop
  endfacet
  facet normal 0.4305330947256911 0.5610816528943737 -0.7069855961271322
    outer loop
      vertex 195.0488326008929 17.960177275123833 0
      vertex 195.51906080272687 18.607390870623792 0.8000000000000007
      vertex 196.47436899414626 17.87435711351033 0.8000000000000007
    endloop
  endfacet
  facet normal 0.4593078089169714 0.5377803487825292 -0.7069855961271292
    outer loop
      vertex 197.39000394625373 17.092330985980066 0.8000000000000007
      vertex 195.9709126813064 17.252640344344755 0
      vertex 196.47436899414626 17.87435711351033 0.8000000000000007
    endloop
  endfacet
  facet normal 0.5828450711959361 0.40057831924777 -0.7069855961271319
    outer loop
      vertex 200.61848660838842 12.0909865773336 0
      vertex 199.96017727512384 13.048832600892903 0
      vertex 201.28942306274476 12.526697805345623 0.8000000000000007
    endloop
  endfacet
  facet normal 0.5610816528943675 0.4305330947257042 -0.7069855961271293
    outer loop
      vertex 199.96017727512384 13.048832600892903 0
      vertex 199.25264034434474 13.97091268130639 0
      vertex 200.6073908706238 13.519060802726882 0.8000000000000007
    endloop
  endfacet
  facet normal 0.5610816528943678 0.43053309472568396 -0.7069855961271414
    outer loop
      vertex 199.25264034434474 13.97091268130639 0
      vertex 199.87435711351034 14.47436899414626 0.8000000000000007
      vertex 200.6073908706238 13.519060802726882 0.8000000000000007
    endloop
  endfacet
  facet normal 0.5828450711959361 0.4005783192477741 -0.7069855961271293
    outer loop
      vertex 199.96017727512384 13.048832600892903 0
      vertex 200.6073908706238 13.519060802726882 0.8000000000000007
      vertex 201.28942306274476 12.526697805345623 0.8000000000000007
    endloop
  endfacet
  facet normal 0.6030109516704225 0.3695255864406365 -0.7069855961271312
    outer loop
      vertex 201.22576396401453 11.1 0
      vertex 200.61848660838842 12.0909865773336 0
      vertex 201.91858428704208 11.5 0.8000000000000007
    endloop
  endfacet
  facet normal 0.6030109516704224 0.36952558644063566 -0.7069855961271317
    outer loop
      vertex 200.61848660838842 12.0909865773336 0
      vertex 201.28942306274476 12.526697805345623 0.8000000000000007
      vertex 201.91858428704208 11.5 0.8000000000000007
    endloop
  endfacet
  facet normal 0.7253743710122882 0.6883545756937534 0
    outer loop
      vertex 199.09233098598006 15.390003946253739 0.8000000000000007
      vertex 198.26345596729058 16.263455967290593 0.8000000000000007
      vertex 199.09233098598006 15.390003946253739 57.5
    endloop
  endfacet
  facet normal 0.6883545756937534 0.7253743710122882 0
    outer loop
      vertex 197.39000394625373 17.092330985980066 0.8000000000000007
      vertex 198.26345596729058 16.263455967290593 57.5
      vertex 198.26345596729058 16.263455967290593 0.8000000000000007
    endloop
  endfacet
  facet normal 0.5224985647159436 0.8526401643540954 0
    outer loop
      vertex 193.5 19.918584287042087 0.8000000000000007
      vertex 194.52669780534563 19.289423062744753 57.5
      vertex 194.52669780534563 19.289423062744753 0.8000000000000007
    endloop
  endfacet
  facet normal 0.608761429008716 0.7933533402912386 0
    outer loop
      vertex 195.51906080272687 18.607390870623792 0.8000000000000007
      vertex 196.47436899414626 17.87435711351033 57.5
      vertex 196.47436899414626 17.87435711351033 0.8000000000000007
    endloop
  endfacet
  facet normal 0.5664062369248412 0.8241261886220098 0
    outer loop
      vertex 194.52669780534563 19.289423062744753 0.8000000000000007
      vertex 195.51906080272687 18.607390870623792 57.5
      vertex 195.51906080272687 18.607390870623792 0.8000000000000007
    endloop
  endfacet
  facet normal 0.649448048330189 0.7604059656000263 0
    outer loop
      vertex 197.39000394625373 17.092330985980066 0.8000000000000007
      vertex 196.47436899414626 17.87435711351033 0.8000000000000007
      vertex 197.39000394625373 17.092330985980066 57.5
    endloop
  endfacet
  facet normal 0.7933533402912406 0.6087614290087137 0
    outer loop
      vertex 200.6073908706238 13.519060802726882 0.8000000000000007
      vertex 199.87435711351034 14.47436899414626 0.8000000000000007
      vertex 200.6073908706238 13.519060802726882 57.5
    endloop
  endfacet
  facet normal 0.8241261886220119 0.5664062369248383 0
    outer loop
      vertex 200.6073908706238 13.519060802726882 0.8000000000000007
      vertex 201.28942306274476 12.526697805345623 57.5
      vertex 201.28942306274476 12.526697805345623 0.8000000000000007
    endloop
  endfacet
  facet normal 0.8526401643540983 0.5224985647159389 0
    outer loop
      vertex 201.28942306274476 12.526697805345623 0.8000000000000007
      vertex 201.91858428704208 11.5 57.5
      vertex 201.91858428704208 11.5 0.8000000000000007
    endloop
  endfacet
  facet normal 0.7604059656000212 0.649448048330195 0
    outer loop
      vertex 199.09233098598006 15.390003946253739 0.8000000000000007
      vertex 199.87435711351034 14.47436899414626 57.5
      vertex 199.87435711351034 14.47436899414626 0.8000000000000007
    endloop
  endfacet
  facet normal 0.026176948307873472 0.9996573249755573 0
    outer loop
      vertex 182 23 0.8000000000000007
      vertex 182 23 57.5
      vertex 183.2037269935877 22.9684792993552 57.5
    endloop
  endfacet
  facet normal 0.07845909572784704 0.9969173337331277 0
    outer loop
      vertex 183.2037269935877 22.9684792993552 0.8000000000000007
      vertex 183.2037269935877 22.9684792993552 57.5
      vertex 184.40415465515602 22.874003593470285 57.5
    endloop
  endfacet
  facet normal 0.1305261922200479 0.9914448613738108 0
    outer loop
      vertex 184.40415465515602 22.874003593470285 0.8000000000000007
      vertex 184.40415465515602 22.874003593470285 57.5
      vertex 185.5979926959253 22.71683183368817 57.5
    endloop
  endfacet
  facet normal 0.18223552549214547 0.9832549075639551 0
    outer loop
      vertex 185.5979926959253 22.71683183368817 0.8000000000000007
      vertex 185.5979926959253 22.71683183368817 57.5
      vertex 186.78196888880848 22.49739481687753 57.5
    endloop
  endfacet
  facet normal 0.2334453638559113 0.9723699203976751 0
    outer loop
      vertex 186.78196888880848 22.49739481687753 0.8000000000000007
      vertex 186.78196888880848 22.49739481687753 57.5
      vertex 187.95283803735796 22.21629400464857 57.5
    endloop
  endfacet
  facet normal 0.28401534470392165 0.9588197348681935 0
    outer loop
      vertex 187.95283803735796 22.21629400464857 0.8000000000000007
      vertex 187.95283803735796 22.21629400464857 57.5
      vertex 189.1073908706238 21.87429987478853 57.5
    endloop
  endfacet
  facet normal 0.38268343236509295 0.9238795325112855 0
    outer loop
      vertex 190.2424628395419 21.47234980943564 0.8000000000000007
      vertex 190.2424628395419 21.47234980943564 57.5
      vertex 191.3549427907434 21.01154552577982 57.5
    endloop
  endfacet
  facet normal 0.3338068592337695 0.9426414910921789 0
    outer loop
      vertex 189.1073908706238 21.87429987478853 0.8000000000000007
      vertex 189.1073908706238 21.87429987478853 57.5
      vertex 190.2424628395419 21.47234980943564 57.5
    endloop
  endfacet
  facet normal 0.4305110968082915 0.9025852843498624 0
    outer loop
      vertex 191.3549427907434 21.01154552577982 0.8000000000000007
      vertex 191.3549427907434 21.01154552577982 57.5
      vertex 192.44178149400958 20.49315005633246 57.5
    endloop
  endfacet
  facet normal 0.477158760259609 0.878817112661965 0
    outer loop
      vertex 192.44178149400958 20.49315005633246 0.8000000000000007
      vertex 192.44178149400958 20.49315005633246 57.5
      vertex 193.5 19.918584287042087 57.5
    endloop
  endfacet
  facet normal 0 0 1
    outer loop
      vertex 182 22.3 57.5
      vertex 183.2037269935877 22.9684792993552 57.5
      vertex 182 23 57.5
    endloop
  endfacet
  facet normal 0 0 1
    outer loop
      vertex 182 22.3 57.5
      vertex 183.16709182421764 22.269438625026996 57.5
      vertex 183.2037269935877 22.9684792993552 57.5
    endloop
  endfacet
  facet normal 0 0 1
    outer loop
      vertex 183.16709182421764 22.269438625026996 57.5
      vertex 184.33098473086866 22.177838266712495 57.5
      vertex 183.2037269935877 22.9684792993552 57.5
    endloop
  endfacet
  facet normal 0 0 1
    outer loop
      vertex 183.2037269935877 22.9684792993552 57.5
      vertex 184.33098473086866 22.177838266712495 57.5
      vertex 184.40415465515602 22.874003593470285 57.5
    endloop
  endfacet
  facet normal 0 0 1
    outer loop
      vertex 184.33098473086866 22.177838266712495 57.5
      vertex 185.48848857039715 22.025449995271572 57.5
      vertex 184.40415465515602 22.874003593470285 57.5
    endloop
  endfacet
  facet normal 0 0 1
    outer loop
      vertex 184.40415465515602 22.874003593470285 57.5
      vertex 185.48848857039715 22.025449995271572 57.5
      vertex 185.5979926959253 22.71683183368817 57.5
    endloop
  endfacet
  facet normal 0 0 1
    outer loop
      vertex 185.48848857039715 22.025449995271572 57.5
      vertex 186.63643070523602 21.81269149636387 57.5
      vertex 185.5979926959253 22.71683183368817 57.5
    endloop
  endfacet
  facet normal 0 0 1
    outer loop
      vertex 185.5979926959253 22.71683183368817 57.5
      vertex 186.63643070523602 21.81269149636387 57.5
      vertex 186.78196888880848 22.49739481687753 57.5
    endloop
  endfacet
  facet normal 0 0 1
    outer loop
      vertex 186.63643070523602 21.81269149636387 57.5
      vertex 187.95283803735796 22.21629400464857 57.5
      vertex 186.78196888880848 22.49739481687753 57.5
    endloop
  endfacet
  facet normal 0 0 1
    outer loop
      vertex 186.63643070523602 21.81269149636387 57.5
      vertex 187.7716647057862 21.540145926246225 57.5
      vertex 187.95283803735796 22.21629400464857 57.5
    endloop
  endfacet
  facet normal 0 0 1
    outer loop
      vertex 187.7716647057862 21.540145926246225 57.5
      vertex 188.89107897456134 21.208560313381923 57.5
      vertex 189.1073908706238 21.87429987478853 57.5
    endloop
  endfacet
  facet normal 0 0 1
    outer loop
      vertex 187.7716647057862 21.540145926246225 57.5
      vertex 189.1073908706238 21.87429987478853 57.5
      vertex 187.95283803735796 22.21629400464857 57.5
    endloop
  endfacet
  facet normal 0 0 1
    outer loop
      vertex 188.89107897456134 21.208560313381923 57.5
      vertex 189.9916052748602 20.8188435108876 57.5
      vertex 189.1073908706238 21.87429987478853 57.5
    endloop
  endfacet
  facet normal 0 0 1
    outer loop
      vertex 189.1073908706238 21.87429987478853 57.5
      vertex 189.9916052748602 20.8188435108876 57.5
      vertex 190.2424628395419 21.47234980943564 57.5
    endloop
  endfacet
  facet normal 0 0 1
    outer loop
      vertex 189.9916052748602 20.8188435108876 57.5
      vertex 191.3549427907434 21.01154552577982 57.5
      vertex 190.2424628395419 21.47234980943564 57.5
    endloop
  endfacet
  facet normal 0 0 1
    outer loop
      vertex 192.12398814419188 19.869445489400604 57.5
      vertex 193.5 19.918584287042087 57.5
      vertex 192.44178149400958 20.49315005633246 57.5
    endloop
  endfacet
  facet normal 0 0 1
    outer loop
      vertex 192.12398814419188 19.869445489400604 57.5
      vertex 193.15 19.31236650439298 57.5
      vertex 193.5 19.918584287042087 57.5
    endloop
  endfacet
  facet normal 0 0 1
    outer loop
      vertex 189.9916052748602 20.8188435108876 57.5
      vertex 191.07022714059033 20.37206370543 57.5
      vertex 191.3549427907434 21.01154552577982 57.5
    endloop
  endfacet
  facet normal 0 0 1
    outer loop
      vertex 191.07022714059033 20.37206370543 57.5
      vertex 192.44178149400958 20.49315005633246 57.5
      vertex 191.3549427907434 21.01154552577982 57.5
    endloop
  endfacet
  facet normal 0 0 1
    outer loop
      vertex 192.12398814419188 19.869445489400604 57.5
      vertex 192.44178149400958 20.49315005633246 57.5
      vertex 191.07022714059033 20.37206370543 57.5
    endloop
  endfacet
  facet normal 0.9996573249755575 0.026176948307864625 0
    outer loop
      vertex 204.9684792993552 1.2037269935877082 0.8000000000000007
      vertex 204.9684792993552 1.2037269935877082 57.5
      vertex 205 0 57.5
    endloop
  endfacet
  facet normal 0.9969173337331275 0.07845909572784936 0
    outer loop
      vertex 204.8740035934703 2.40415465515603 0.8000000000000007
      vertex 204.8740035934703 2.40415465515603 57.5
      vertex 204.9684792993552 1.2037269935877082 57.5
    endloop
  endfacet
  facet normal 0.9914448613738093 0.13052619222006095 0
    outer loop
      vertex 204.71683183368816 3.59799269592531 0.8000000000000007
      vertex 204.71683183368816 3.59799269592531 57.5
      vertex 204.8740035934703 2.40415465515603 57.5
    endloop
  endfacet
  facet normal 0.9832549075639577 0.1822355254921298 0
    outer loop
      vertex 204.49739481687755 4.781968888808465 0.8000000000000007
      vertex 204.49739481687755 4.781968888808465 57.5
      vertex 204.71683183368816 3.59799269592531 57.5
    endloop
  endfacet
  facet normal 0.9723699203976743 0.23344536385591466 0
    outer loop
      vertex 204.21629400464857 5.952838037357977 0.8000000000000007
      vertex 204.21629400464857 5.952838037357977 57.5
      vertex 204.49739481687755 4.781968888808465 57.5
    endloop
  endfacet
  facet normal 0.8788171126619602 0.4771587602596181 0
    outer loop
      vertex 201.91858428704208 11.5 0.8000000000000007
      vertex 201.91858428704208 11.5 57.5
      vertex 202.49315005633247 10.441781494009575 57.5
    endloop
  endfacet
  facet normal 0.9588197348681927 0.28401534470392426 0
    outer loop
      vertex 203.87429987478853 7.1073908706237905 0.8000000000000007
      vertex 203.87429987478853 7.1073908706237905 57.5
      vertex 204.21629400464857 5.952838037357977 57.5
    endloop
  endfacet
  facet normal 0.9426414910921745 0.3338068592337816 0
    outer loop
      vertex 203.47234980943563 8.242462839541906 0.8000000000000007
      vertex 203.47234980943563 8.242462839541906 57.5
      vertex 203.87429987478853 7.1073908706237905 57.5
    endloop
  endfacet
  facet normal 0.9238795325112872 0.38268343236508895 0
    outer loop
      vertex 203.0115455257798 9.354942790743404 0.8000000000000007
      vertex 203.0115455257798 9.354942790743404 57.5
      vertex 203.47234980943563 8.242462839541906 57.5
    endloop
  endfacet
  facet normal 0.9025852843498665 0.4305110968082829 0
    outer loop
      vertex 202.49315005633247 10.441781494009575 0.8000000000000007
      vertex 202.49315005633247 10.441781494009575 57.5
      vertex 203.0115455257798 9.354942790743404 57.5
    endloop
  endfacet
  facet normal 0 0 1
    outer loop
      vertex 204.3 0 57.5
      vertex 205 0 57.5
      vertex 204.9684792993552 1.2037269935877082 57.5
    endloop
  endfacet
  facet normal 0 0 1
    outer loop
      vertex 204.269438625027 1.1670918242176476 57.5
      vertex 204.3 0 57.5
      vertex 204.9684792993552 1.2037269935877082 57.5
    endloop
  endfacet
  facet normal 0 0 1
    outer loop
      vertex 204.269438625027 1.1670918242176476 57.5
      vertex 204.9684792993552 1.2037269935877082 57.5
      vertex 204.17783826671248 2.3309847308686726 57.5
    endloop
  endfacet
  facet normal 0 0 1
    outer loop
      vertex 204.9684792993552 1.2037269935877082 57.5
      vertex 204.8740035934703 2.40415465515603 57.5
      vertex 204.17783826671248 2.3309847308686726 57.5
    endloop
  endfacet
  facet normal 0 0 1
    outer loop
      vertex 204.17783826671248 2.3309847308686726 57.5
      vertex 204.8740035934703 2.40415465515603 57.5
      vertex 204.02544999527157 3.4884885703971484 57.5
    endloop
  endfacet
  facet normal 0 0 1
    outer loop
      vertex 204.02544999527157 3.4884885703971484 57.5
      vertex 204.71683183368816 3.59799269592531 57.5
      vertex 203.81269149636387 4.636430705236034 57.5
    endloop
  endfacet
  facet normal 0 0 1
    outer loop
      vertex 204.8740035934703 2.40415465515603 57.5
      vertex 204.71683183368816 3.59799269592531 57.5
      vertex 204.02544999527157 3.4884885703971484 57.5
    endloop
  endfacet
  facet normal 0 0 1
    outer loop
      vertex 203.81269149636387 4.636430705236034 57.5
      vertex 204.21629400464857 5.952838037357977 57.5
      vertex 203.54014592624623 5.771664705786213 57.5
    endloop
  endfacet
  facet normal 0 0 1
    outer loop
      vertex 203.81269149636387 4.636430705236034 57.5
      vertex 204.49739481687755 4.781968888808465 57.5
      vertex 204.21629400464857 5.952838037357977 57.5
    endloop
  endfacet
  facet normal 0 0 1
    outer loop
      vertex 204.71683183368816 3.59799269592531 57.5
      vertex 204.49739481687755 4.781968888808465 57.5
      vertex 203.81269149636387 4.636430705236034 57.5
    endloop
  endfacet
  facet normal 0 0 1
    outer loop
      vertex 201.86944548940062 10.123988144191893 57.5
      vertex 202.49315005633247 10.441781494009575 57.5
      vertex 201.91858428704208 11.5 57.5
    endloop
  endfacet
  facet normal 0 0 1
    outer loop
      vertex 201.31236650439297 11.15 57.5
      vertex 201.86944548940062 10.123988144191893 57.5
      vertex 201.91858428704208 11.5 57.5
    endloop
  endfacet
  facet normal 0 0 1
    outer loop
      vertex 203.54014592624623 5.771664705786213 57.5
      vertex 203.87429987478853 7.1073908706237905 57.5
      vertex 203.20856031338192 6.891078974561327 57.5
    endloop
  endfacet
  facet normal 0 0 1
    outer loop
      vertex 203.20856031338192 6.891078974561327 57.5
      vertex 203.87429987478853 7.1073908706237905 57.5
      vertex 202.8188435108876 7.991605274860196 57.5
    endloop
  endfacet
  facet normal 0 0 1
    outer loop
      vertex 202.8188435108876 7.991605274860196 57.5
      vertex 203.87429987478853 7.1073908706237905 57.5
      vertex 203.47234980943563 8.242462839541906 57.5
    endloop
  endfacet
  facet normal 0 0 1
    outer loop
      vertex 202.8188435108876 7.991605274860196 57.5
      vertex 203.47234980943563 8.242462839541906 57.5
      vertex 202.37206370543 9.070227140590346 57.5
    endloop
  endfacet
  facet normal 0 0 1
    outer loop
      vertex 203.54014592624623 5.771664705786213 57.5
      vertex 204.21629400464857 5.952838037357977 57.5
      vertex 203.87429987478853 7.1073908706237905 57.5
    endloop
  endfacet
  facet normal 0 0 1
    outer loop
      vertex 201.86944548940062 10.123988144191893 57.5
      vertex 202.37206370543 9.070227140590346 57.5
      vertex 202.49315005633247 10.441781494009575 57.5
    endloop
  endfacet
  facet normal 0 0 1
    outer loop
      vertex 202.37206370543 9.070227140590346 57.5
      vertex 203.0115455257798 9.354942790743404 57.5
      vertex 202.49315005633247 10.441781494009575 57.5
    endloop
  endfacet
  facet normal 0 0 1
    outer loop
      vertex 203.47234980943563 8.242462839541906 57.5
      vertex 203.0115455257798 9.354942790743404 57.5
      vertex 202.37206370543 9.070227140590346 57.5
    endloop
  endfacet
  facet normal 0.6883545756937534 0.7253743710122882 0
    outer loop
      vertex 197.39000394625373 17.092330985980066 0.8000000000000007
      vertex 197.39000394625373 17.092330985980066 57.5
      vertex 198.26345596729058 16.263455967290593 57.5
    endloop
  endfacet
  facet normal 0.7253743710122882 0.6883545756937534 0
    outer loop
      vertex 198.26345596729058 16.263455967290593 0.8000000000000007
      vertex 198.26345596729058 16.263455967290593 57.5
      vertex 199.09233098598006 15.390003946253739 57.5
    endloop
  endfacet
  facet normal 0.5224985647159436 0.8526401643540954 0
    outer loop
      vertex 193.5 19.918584287042087 0.8000000000000007
      vertex 193.5 19.918584287042087 57.5
      vertex 194.52669780534563 19.289423062744753 57.5
    endloop
  endfacet
  facet normal 0.5664062369248412 0.8241261886220098 0
    outer loop
      vertex 194.52669780534563 19.289423062744753 0.8000000000000007
      vertex 194.52669780534563 19.289423062744753 57.5
      vertex 195.51906080272687 18.607390870623792 57.5
    endloop
  endfacet
  facet normal 0.608761429008716 0.7933533402912386 0
    outer loop
      vertex 195.51906080272687 18.607390870623792 0.8000000000000007
      vertex 195.51906080272687 18.607390870623792 57.5
      vertex 196.47436899414626 17.87435711351033 57.5
    endloop
  endfacet
  facet normal 0.649448048330189 0.7604059656000263 0
    outer loop
      vertex 196.47436899414626 17.87435711351033 0.8000000000000007
      vertex 196.47436899414626 17.87435711351033 57.5
      vertex 197.39000394625373 17.092330985980066 57.5
    endloop
  endfacet
  facet normal 0.7933533402912406 0.6087614290087137 0
    outer loop
      vertex 199.87435711351034 14.47436899414626 0.8000000000000007
      vertex 199.87435711351034 14.47436899414626 57.5
      vertex 200.6073908706238 13.519060802726882 57.5
    endloop
  endfacet
  facet normal 0.8526401643540983 0.5224985647159389 0
    outer loop
      vertex 201.28942306274476 12.526697805345623 0.8000000000000007
      vertex 201.28942306274476 12.526697805345623 57.5
      vertex 201.91858428704208 11.5 57.5
    endloop
  endfacet
  facet normal 0.8241261886220119 0.5664062369248383 0
    outer loop
      vertex 200.6073908706238 13.519060802726882 0.8000000000000007
      vertex 200.6073908706238 13.519060802726882 57.5
      vertex 201.28942306274476 12.526697805345623 57.5
    endloop
  endfacet
  facet normal 0.7604059656000212 0.649448048330195 0
    outer loop
      vertex 199.09233098598006 15.390003946253739 0.8000000000000007
      vertex 199.09233098598006 15.390003946253739 57.5
      vertex 199.87435711351034 14.47436899414626 57.5
    endloop
  endfacet
  facet normal 0 0 1
    outer loop
      vertex 196.92161252180253 16.57212960814589 57.5
      vertex 197.39000394625373 17.092330985980066 57.5
      vertex 196.03384472041137 17.33035494049045 57.5
    endloop
  endfacet
  facet normal 0 0 1
    outer loop
      vertex 197.76848122046002 15.76848122046001 57.5
      vertex 197.39000394625373 17.092330985980066 57.5
      vertex 196.92161252180253 16.57212960814589 57.5
    endloop
  endfacet
  facet normal 0 0 1
    outer loop
      vertex 197.76848122046002 15.76848122046001 57.5
      vertex 198.26345596729058 16.263455967290593 57.5
      vertex 197.39000394625373 17.092330985980066 57.5
    endloop
  endfacet
  facet normal 0 0 1
    outer loop
      vertex 197.76848122046002 15.76848122046001 57.5
      vertex 198.5721296081459 14.921612521802539 57.5
      vertex 198.26345596729058 16.263455967290593 57.5
    endloop
  endfacet
  facet normal 0 0 1
    outer loop
      vertex 198.5721296081459 14.921612521802539 57.5
      vertex 199.87435711351034 14.47436899414626 57.5
      vertex 199.09233098598006 15.390003946253739 57.5
    endloop
  endfacet
  facet normal 0 0 1
    outer loop
      vertex 198.5721296081459 14.921612521802539 57.5
      vertex 199.09233098598006 15.390003946253739 57.5
      vertex 198.26345596729058 16.263455967290593 57.5
    endloop
  endfacet
  facet normal 0 0 1
    outer loop
      vertex 194.1454504808351 18.702353665182955 57.5
      vertex 195.10761112612215 18.04107897456133 57.5
      vertex 194.52669780534563 19.289423062744753 57.5
    endloop
  endfacet
  facet normal 0 0 1
    outer loop
      vertex 193.15 19.31236650439298 57.5
      vertex 194.1454504808351 18.702353665182955 57.5
      vertex 194.52669780534563 19.289423062744753 57.5
    endloop
  endfacet
  facet normal 0 0 1
    outer loop
      vertex 193.15 19.31236650439298 57.5
      vertex 194.52669780534563 19.289423062744753 57.5
      vertex 193.5 19.918584287042087 57.5
    endloop
  endfacet
  facet normal 0 0 1
    outer loop
      vertex 194.52669780534563 19.289423062744753 57.5
      vertex 195.10761112612215 18.04107897456133 57.5
      vertex 195.51906080272687 18.607390870623792 57.5
    endloop
  endfacet
  facet normal 0 0 1
    outer loop
      vertex 195.10761112612215 18.04107897456133 57.5
      vertex 196.03384472041137 17.33035494049045 57.5
      vertex 196.47436899414626 17.87435711351033 57.5
    endloop
  endfacet
  facet normal 0 0 1
    outer loop
      vertex 195.10761112612215 18.04107897456133 57.5
      vertex 196.47436899414626 17.87435711351033 57.5
      vertex 195.51906080272687 18.607390870623792 57.5
    endloop
  endfacet
  facet normal 0 0 1
    outer loop
      vertex 197.39000394625373 17.092330985980066 57.5
      vertex 196.47436899414626 17.87435711351033 57.5
      vertex 196.03384472041137 17.33035494049045 57.5
    endloop
  endfacet
  facet normal 0 0 1
    outer loop
      vertex 200.04107897456134 13.107611126122151 57.5
      vertex 200.70235366518295 12.145450480835104 57.5
      vertex 201.28942306274476 12.526697805345623 57.5
    endloop
  endfacet
  facet normal 0 0 1
    outer loop
      vertex 199.33035494049045 14.033844720411373 57.5
      vertex 200.04107897456134 13.107611126122151 57.5
      vertex 199.87435711351034 14.47436899414626 57.5
    endloop
  endfacet
  facet normal 0 0 1
    outer loop
      vertex 200.04107897456134 13.107611126122151 57.5
      vertex 201.28942306274476 12.526697805345623 57.5
      vertex 200.6073908706238 13.519060802726882 57.5
    endloop
  endfacet
  facet normal 0 0 1
    outer loop
      vertex 200.04107897456134 13.107611126122151 57.5
      vertex 200.6073908706238 13.519060802726882 57.5
      vertex 199.87435711351034 14.47436899414626 57.5
    endloop
  endfacet
  facet normal 0 0 1
    outer loop
      vertex 201.31236650439297 11.15 57.5
      vertex 201.91858428704208 11.5 57.5
      vertex 200.70235366518295 12.145450480835104 57.5
    endloop
  endfacet
  facet normal 0 0 1
    outer loop
      vertex 200.70235366518295 12.145450480835104 57.5
      vertex 201.91858428704208 11.5 57.5
      vertex 201.28942306274476 12.526697805345623 57.5
    endloop
  endfacet
  facet normal 0 0 1
    outer loop
      vertex 198.5721296081459 14.921612521802539 57.5
      vertex 199.33035494049045 14.033844720411373 57.5
      vertex 199.87435711351034 14.47436899414626 57.5
    endloop
  endfacet
  facet normal 0.7253743710122817 0.6883545756937602 0
    outer loop
      vertex 167.2921789513198 -14.70782104868019 2.2
      vertex 166.5425876300702 -13.917916612264252 2.2
      vertex 167.2921789513198 -14.70782104868019 56
    endloop
  endfacet
  facet normal 0.8241261886220134 0.5664062369248362 0
    outer loop
      vertex 165.1724465170011 -12.225933247683441 2.2
      vertex 164.5556521867352 -11.328491928312564 2.2
      vertex 165.1724465170011 -12.225933247683441 56
    endloop
  endfacet
  facet normal 0.7933533402912375 0.6087614290087177 0
    outer loop
      vertex 165.835364001695 -13.089864133836619 2.2
      vertex 165.1724465170011 -12.225933247683441 2.2
      vertex 165.835364001695 -13.089864133836619 56
    endloop
  endfacet
  facet normal 0.7604059656000401 0.6494480483301728 0
    outer loop
      vertex 165.835364001695 -13.089864133836619 2.2
      vertex 166.5425876300702 -13.917916612264252 56
      vertex 166.5425876300702 -13.917916612264252 2.2
    endloop
  endfacet
  facet normal 0.6494480483301752 0.7604059656000381 0
    outer loop
      vertex 168.9101358661634 -16.164635998304995 2.2
      vertex 168.08208338773574 -15.4574123699298 2.2
      vertex 168.9101358661634 -16.164635998304995 56
    endloop
  endfacet
  facet normal 0.6883545756937599 0.7253743710122821 0
    outer loop
      vertex 167.2921789513198 -14.70782104868019 2.2
      vertex 168.08208338773574 -15.4574123699298 56
      vertex 168.08208338773574 -15.4574123699298 2.2
    endloop
  endfacet
  facet normal 0.6087614290087187 0.7933533402912367 0
    outer loop
      vertex 168.9101358661634 -16.164635998304995 2.2
      vertex 169.77406675231657 -16.82755348299891 56
      vertex 169.77406675231657 -16.82755348299891 2.2
    endloop
  endfacet
  facet normal 0.5664062369248348 0.8241261886220144 0
    outer loop
      vertex 169.77406675231657 -16.82755348299891 2.2
      vertex 170.67150807168744 -17.44434781326482 56
      vertex 170.67150807168744 -17.44434781326482 2.2
    endloop
  endfacet
  facet normal 0 0 1
    outer loop
      vertex 161.65452990473685 -4.324563169009394 2.2
      vertex 161.9087428131874 -5.383436138132431 2.2
      vertex 161.9087428131874 5.383436138132431 2.2
    endloop
  endfacet
  facet normal 0 0 1
    outer loop
      vertex 161.45608251562112 -3.253836872836802 2.2
      vertex 161.45608251562112 3.253836872836802 2.2
      vertex 161.3139445763399 -2.1741920359671925 2.2
    endloop
  endfacet
  facet normal 0 0 1
    outer loop
      vertex 161.65452990473685 -4.324563169009394 2.2
      vertex 161.65452990473685 4.324563169009394 2.2
      vertex 161.45608251562112 -3.253836872836802 2.2
    endloop
  endfacet
  facet normal 0 0 1
    outer loop
      vertex 161.3139445763399 -2.1741920359671925 2.2
      vertex 161.3139445763399 2.1741920359671925 2.2
      vertex 161.22850567710486 -1.0885878898532317 2.2
    endloop
  endfacet
  facet normal 0 0 1
    outer loop
      vertex 163.9866716012837 -10.4 2.2
      vertex 163.9866716012837 10.4 2.2
      vertex 163.46706429688194 -9.443002394582573 2.2
    endloop
  endfacet
  facet normal 0 0 1
    outer loop
      vertex 163.9866716012837 -10.4 2.2
      vertex 164.5556521867352 -11.328491928312564 2.2
      vertex 164.5556521867352 11.328491928312564 2.2
    endloop
  endfacet
  facet normal 0 0 1
    outer loop
      vertex 162.2180244610608 -6.427553482998906 2.2
      vertex 162.2180244610608 6.427553482998906 2.2
      vertex 161.9087428131874 -5.383436138132431 2.2
    endloop
  endfacet
  facet normal 0 0 1
    outer loop
      vertex 162.5815271288582 -7.454053350542246 2.2
      vertex 162.5815271288582 7.454053350542246 2.2
      vertex 162.2180244610608 -6.427553482998906 2.2
    endloop
  endfacet
  facet normal 0 0 1
    outer loop
      vertex 162.5815271288582 -7.454053350542246 2.2
      vertex 162.9982544810339 -8.460122175976645 2.2
      vertex 162.9982544810339 8.460122175976645 2.2
    endloop
  endfacet
  facet normal 0 0 1
    outer loop
      vertex 163.46706429688194 -9.443002394582573 2.2
      vertex 163.46706429688194 9.443002394582573 2.2
      vertex 162.9982544810339 -8.460122175976645 2.2
    endloop
  endfacet
  facet normal 0 0 1
    outer loop
      vertex 165.1724465170011 -12.225933247683441 2.2
      vertex 165.1724465170011 12.225933247683441 2.2
      vertex 164.5556521867352 -11.328491928312564 2.2
    endloop
  endfacet
  facet normal 0 0 1
    outer loop
      vertex 165.835364001695 -13.089864133836619 2.2
      vertex 165.835364001695 13.089864133836619 2.2
      vertex 165.1724465170011 -12.225933247683441 2.2
    endloop
  endfacet
  facet normal 0 0 1
    outer loop
      vertex 165.835364001695 -13.089864133836619 2.2
      vertex 166.5425876300702 -13.917916612264252 2.2
      vertex 166.5425876300702 13.917916612264252 2.2
    endloop
  endfacet
  facet normal 0 0 1
    outer loop
      vertex 167.2921789513198 -14.70782104868019 2.2
      vertex 167.2921789513198 14.70782104868019 2.2
      vertex 166.5425876300702 -13.917916612264252 2.2
    endloop
  endfacet
  facet normal 0 0 1
    outer loop
      vertex 167.2921789513198 -14.70782104868019 2.2
      vertex 168.08208338773574 -15.4574123699298 2.2
      vertex 168.08208338773574 15.4574123699298 2.2
    endloop
  endfacet
  facet normal 0 0 1
    outer loop
      vertex 168.9101358661634 -16.164635998304995 2.2
      vertex 168.9101358661634 16.164635998304995 2.2
      vertex 168.08208338773574 -15.4574123699298 2.2
    endloop
  endfacet
  facet normal 0 0 1
    outer loop
      vertex 168.9101358661634 -16.164635998304995 2.2
      vertex 169.77406675231657 -16.82755348299891 2.2
      vertex 169.77406675231657 16.82755348299891 2.2
    endloop
  endfacet
  facet normal 0 0 1
    outer loop
      vertex 169.77406675231657 -16.82755348299891 2.2
      vertex 170.67150807168744 -17.44434781326482 2.2
      vertex 170.67150807168744 17.44434781326482 2.2
    endloop
  endfacet
  facet normal 0.9025852843498655 0.430511096808285 0
    outer loop
      vertex 163.46706429688194 -9.443002394582573 2.2
      vertex 162.9982544810339 -8.460122175976645 2.2
      vertex 163.46706429688194 -9.443002394582573 56
    endloop
  endfacet
  facet normal 0.8788171126619587 0.47715876025962056 0
    outer loop
      vertex 163.9866716012837 -10.4 2.2
      vertex 163.46706429688194 -9.443002394582573 2.2
      vertex 163.9866716012837 -10.4 56
    endloop
  endfacet
  facet normal 0.8526401643540946 0.522498564715945 0
    outer loop
      vertex 163.9866716012837 -10.4 2.2
      vertex 164.5556521867352 -11.328491928312564 56
      vertex 164.5556521867352 -11.328491928312564 2.2
    endloop
  endfacet
  facet normal 0.923879532511282 0.3826834323651011 0
    outer loop
      vertex 162.5815271288582 -7.454053350542246 2.2
      vertex 162.9982544810339 -8.460122175976645 56
      vertex 162.9982544810339 -8.460122175976645 2.2
    endloop
  endfacet
  facet normal 0.9426414910921762 0.3338068592337769 0
    outer loop
      vertex 162.5815271288582 -7.454053350542246 2.2
      vertex 162.2180244610608 -6.427553482998906 2.2
      vertex 162.5815271288582 -7.454053350542246 56
    endloop
  endfacet
  facet normal 0.9588197348681984 0.2840153447039048 0
    outer loop
      vertex 162.2180244610608 -6.427553482998906 2.2
      vertex 161.9087428131874 -5.383436138132431 2.2
      vertex 162.2180244610608 -6.427553482998906 56
    endloop
  endfacet
  facet normal 0.9723699203976758 0.2334453638559086 0
    outer loop
      vertex 161.65452990473685 -4.324563169009394 2.2
      vertex 161.9087428131874 -5.383436138132431 56
      vertex 161.9087428131874 -5.383436138132431 2.2
    endloop
  endfacet
  facet normal 0.9832549075639513 0.18223552549216562 0
    outer loop
      vertex 161.65452990473685 -4.324563169009394 2.2
      vertex 161.45608251562112 -3.253836872836802 2.2
      vertex 161.65452990473685 -4.324563169009394 56
    endloop
  endfacet
  facet normal 0.9914448613738114 0.13052619222004447 0
    outer loop
      vertex 161.45608251562112 -3.253836872836802 2.2
      vertex 161.3139445763399 -2.1741920359671925 2.2
      vertex 161.45608251562112 -3.253836872836802 56
    endloop
  endfacet
  facet normal 0.9969173337331285 0.07845909572783807 0
    outer loop
      vertex 161.3139445763399 -2.1741920359671925 2.2
      vertex 161.22850567710486 -1.0885878898532317 2.2
      vertex 161.3139445763399 -2.1741920359671925 56
    endloop
  endfacet
  facet normal 0.999657324975557 0.026176948307883214 0
    outer loop
      vertex 161.22850567710486 -1.0885878898532317 2.2
      vertex 161.2 0 2.2
      vertex 161.22850567710486 -1.0885878898532317 56
    endloop
  endfacet
  facet normal 0.5224985647159518 0.8526401643540904 0
    outer loop
      vertex 170.67150807168744 -17.44434781326482 2.2
      vertex 171.6 -18.01332839871632 56
      vertex 171.6 -18.01332839871632 2.2
    endloop
  endfacet
  facet normal 0.4305110968082905 0.9025852843498628 0
    outer loop
      vertex 172.55699760541742 -18.532935703118053 2.2
      vertex 173.53987782402336 -19.0017455189661 56
      vertex 173.53987782402336 -19.0017455189661 2.2
    endloop
  endfacet
  facet normal 0.4771587602596105 0.8788171126619643 0
    outer loop
      vertex 171.6 -18.01332839871632 2.2
      vertex 172.55699760541742 -18.532935703118053 56
      vertex 172.55699760541742 -18.532935703118053 2.2
    endloop
  endfacet
  facet normal 0.38268343236509056 0.9238795325112864 0
    outer loop
      vertex 173.53987782402336 -19.0017455189661 2.2
      vertex 174.54594664945776 -19.418472871141798 56
      vertex 174.54594664945776 -19.418472871141798 2.2
    endloop
  endfacet
  facet normal 0.33380685923377335 0.9426414910921775 0
    outer loop
      vertex 174.54594664945776 -19.418472871141798 2.2
      vertex 175.57244651700108 -19.781975538939193 56
      vertex 175.57244651700108 -19.781975538939193 2.2
    endloop
  endfacet
  facet normal 0.233445363855907 0.9723699203976762 0
    outer loop
      vertex 177.6754368309906 -20.34547009526316 2.2
      vertex 176.61656386186758 -20.091257186812623 2.2
      vertex 177.6754368309906 -20.34547009526316 56
    endloop
  endfacet
  facet normal 0.18223552549214864 0.9832549075639543 0
    outer loop
      vertex 177.6754368309906 -20.34547009526316 2.2
      vertex 178.7461631271632 -20.543917484378866 56
      vertex 178.7461631271632 -20.543917484378866 2.2
    endloop
  endfacet
  facet normal 0.2840153447039213 0.9588197348681934 0
    outer loop
      vertex 175.57244651700108 -19.781975538939193 2.2
      vertex 176.61656386186758 -20.091257186812623 56
      vertex 176.61656386186758 -20.091257186812623 2.2
    endloop
  endfacet
  facet normal 0.13052619222004974 0.9914448613738106 0
    outer loop
      vertex 178.7461631271632 -20.543917484378866 2.2
      vertex 179.8258079640328 -20.686055423660086 56
      vertex 179.8258079640328 -20.686055423660086 2.2
    endloop
  endfacet
  facet normal 0.07845909572784526 0.9969173337331281 0
    outer loop
      vertex 179.8258079640328 -20.686055423660086 2.2
      vertex 180.91141211014676 -20.771494322895137 56
      vertex 180.91141211014676 -20.771494322895137 2.2
    endloop
  endfacet
  facet normal 0.026176948307873142 0.9996573249755573 0
    outer loop
      vertex 180.91141211014676 -20.771494322895137 2.2
      vertex 182 -20.8 56
      vertex 182 -20.8 2.2
    endloop
  endfacet
  facet normal 0 0 1
    outer loop
      vertex 170.67150807168744 -17.44434781326482 2.2
      vertex 171.6 -18.01332839871632 2.2
      vertex 171.6 18.01332839871632 2.2
    endloop
  endfacet
  facet normal 0 0 1
    outer loop
      vertex 171.6 -18.01332839871632 2.2
      vertex 172.55699760541742 -18.532935703118053 2.2
      vertex 172.55699760541742 18.532935703118053 2.2
    endloop
  endfacet
  facet normal 0 0 1
    outer loop
      vertex 172.55699760541742 -18.532935703118053 2.2
      vertex 173.53987782402336 -19.0017455189661 2.2
      vertex 173.53987782402336 19.0017455189661 2.2
    endloop
  endfacet
  facet normal 0 0 1
    outer loop
      vertex 173.53987782402336 -19.0017455189661 2.2
      vertex 174.54594664945776 -19.418472871141798 2.2
      vertex 174.54594664945776 19.418472871141798 2.2
    endloop
  endfacet
  facet normal 0 0 1
    outer loop
      vertex 174.54594664945776 -19.418472871141798 2.2
      vertex 175.57244651700108 -19.781975538939193 2.2
      vertex 175.57244651700108 19.781975538939193 2.2
    endloop
  endfacet
  facet normal 0 0 1
    outer loop
      vertex 175.57244651700108 -19.781975538939193 2.2
      vertex 176.61656386186758 -20.091257186812623 2.2
      vertex 176.61656386186758 20.091257186812623 2.2
    endloop
  endfacet
  facet normal 0 0 1
    outer loop
      vertex 177.6754368309906 -20.34547009526316 2.2
      vertex 177.6754368309906 20.34547009526316 2.2
      vertex 176.61656386186758 -20.091257186812623 2.2
    endloop
  endfacet
  facet normal 0 0 1
    outer loop
      vertex 177.6754368309906 -20.34547009526316 2.2
      vertex 178.7461631271632 -20.543917484378866 2.2
      vertex 178.7461631271632 20.543917484378866 2.2
    endloop
  endfacet
  facet normal 0 0 1
    outer loop
      vertex 178.7461631271632 -20.543917484378866 2.2
      vertex 179.8258079640328 -20.686055423660086 2.2
      vertex 179.8258079640328 20.686055423660086 2.2
    endloop
  endfacet
  facet normal 0 0 1
    outer loop
      vertex 179.8258079640328 -20.686055423660086 2.2
      vertex 180.91141211014676 -20.771494322895137 2.2
      vertex 180.91141211014676 20.771494322895137 2.2
    endloop
  endfacet
  facet normal 0 0 1
    outer loop
      vertex 180.91141211014676 -20.771494322895137 2.2
      vertex 182 -20.8 2.2
      vertex 182 20.8 2.2
    endloop
  endfacet
  facet normal 0.6883545756937599 0.7253743710122821 0
    outer loop
      vertex 167.2921789513198 -14.70782104868019 2.2
      vertex 167.2921789513198 -14.70782104868019 56
      vertex 168.08208338773574 -15.4574123699298 56
    endloop
  endfacet
  facet normal 0.7604059656000401 0.6494480483301728 0
    outer loop
      vertex 165.835364001695 -13.089864133836619 2.2
      vertex 165.835364001695 -13.089864133836619 56
      vertex 166.5425876300702 -13.917916612264252 56
    endloop
  endfacet
  facet normal 0.7933533402912375 0.6087614290087177 0
    outer loop
      vertex 165.1724465170011 -12.225933247683441 2.2
      vertex 165.1724465170011 -12.225933247683441 56
      vertex 165.835364001695 -13.089864133836619 56
    endloop
  endfacet
  facet normal 0.8241261886220134 0.5664062369248362 0
    outer loop
      vertex 164.5556521867352 -11.328491928312564 2.2
      vertex 164.5556521867352 -11.328491928312564 56
      vertex 165.1724465170011 -12.225933247683441 56
    endloop
  endfacet
  facet normal 0.7253743710122817 0.6883545756937602 0
    outer loop
      vertex 166.5425876300702 -13.917916612264252 2.2
      vertex 166.5425876300702 -13.917916612264252 56
      vertex 167.2921789513198 -14.70782104868019 56
    endloop
  endfacet
  facet normal 0.6494480483301752 0.7604059656000381 0
    outer loop
      vertex 168.08208338773574 -15.4574123699298 2.2
      vertex 168.08208338773574 -15.4574123699298 56
      vertex 168.9101358661634 -16.164635998304995 56
    endloop
  endfacet
  facet normal 0.6087614290087187 0.7933533402912367 0
    outer loop
      vertex 168.9101358661634 -16.164635998304995 2.2
      vertex 168.9101358661634 -16.164635998304995 56
      vertex 169.77406675231657 -16.82755348299891 56
    endloop
  endfacet
  facet normal 0.5664062369248348 0.8241261886220144 0
    outer loop
      vertex 169.77406675231657 -16.82755348299891 2.2
      vertex 169.77406675231657 -16.82755348299891 56
      vertex 170.67150807168744 -17.44434781326482 56
    endloop
  endfacet
  facet normal 0.9025852843498655 0.430511096808285 0
    outer loop
      vertex 162.9982544810339 -8.460122175976645 2.2
      vertex 162.9982544810339 -8.460122175976645 56
      vertex 163.46706429688194 -9.443002394582573 56
    endloop
  endfacet
  facet normal 0.8526401643540946 0.522498564715945 0
    outer loop
      vertex 163.9866716012837 -10.4 2.2
      vertex 163.9866716012837 -10.4 56
      vertex 164.5556521867352 -11.328491928312564 56
    endloop
  endfacet
  facet normal 0.8788171126619587 0.47715876025962056 0
    outer loop
      vertex 163.46706429688194 -9.443002394582573 2.2
      vertex 163.46706429688194 -9.443002394582573 56
      vertex 163.9866716012837 -10.4 56
    endloop
  endfacet
  facet normal 0.923879532511282 0.3826834323651011 0
    outer loop
      vertex 162.5815271288582 -7.454053350542246 2.2
      vertex 162.5815271288582 -7.454053350542246 56
      vertex 162.9982544810339 -8.460122175976645 56
    endloop
  endfacet
  facet normal 0.9426414910921762 0.3338068592337769 0
    outer loop
      vertex 162.2180244610608 -6.427553482998906 2.2
      vertex 162.2180244610608 -6.427553482998906 56
      vertex 162.5815271288582 -7.454053350542246 56
    endloop
  endfacet
  facet normal 0.9723699203976758 0.2334453638559086 0
    outer loop
      vertex 161.65452990473685 -4.324563169009394 2.2
      vertex 161.65452990473685 -4.324563169009394 56
      vertex 161.9087428131874 -5.383436138132431 56
    endloop
  endfacet
  facet normal 0.9832549075639513 0.18223552549216562 0
    outer loop
      vertex 161.45608251562112 -3.253836872836802 2.2
      vertex 161.45608251562112 -3.253836872836802 56
      vertex 161.65452990473685 -4.324563169009394 56
    endloop
  endfacet
  facet normal 0.9914448613738114 0.13052619222004447 0
    outer loop
      vertex 161.3139445763399 -2.1741920359671925 2.2
      vertex 161.3139445763399 -2.1741920359671925 56
      vertex 161.45608251562112 -3.253836872836802 56
    endloop
  endfacet
  facet normal 0.9969173337331285 0.07845909572783807 0
    outer loop
      vertex 161.22850567710486 -1.0885878898532317 2.2
      vertex 161.22850567710486 -1.0885878898532317 56
      vertex 161.3139445763399 -2.1741920359671925 56
    endloop
  endfacet
  facet normal 0.999657324975557 0.026176948307883214 0
    outer loop
      vertex 161.22850567710486 -1.0885878898532317 56
      vertex 161.2 0 2.2
      vertex 161.2 0 56
    endloop
  endfacet
  facet normal 0.9588197348681984 0.2840153447039048 0
    outer loop
      vertex 161.9087428131874 -5.383436138132431 2.2
      vertex 161.9087428131874 -5.383436138132431 56
      vertex 162.2180244610608 -6.427553482998906 56
    endloop
  endfacet
  facet normal 0.5224985647159518 0.8526401643540904 0
    outer loop
      vertex 170.67150807168744 -17.44434781326482 2.2
      vertex 170.67150807168744 -17.44434781326482 56
      vertex 171.6 -18.01332839871632 56
    endloop
  endfacet
  facet normal 0.4771587602596105 0.8788171126619643 0
    outer loop
      vertex 171.6 -18.01332839871632 2.2
      vertex 171.6 -18.01332839871632 56
      vertex 172.55699760541742 -18.532935703118053 56
    endloop
  endfacet
  facet normal 0.4305110968082905 0.9025852843498628 0
    outer loop
      vertex 172.55699760541742 -18.532935703118053 2.2
      vertex 172.55699760541742 -18.532935703118053 56
      vertex 173.53987782402336 -19.0017455189661 56
    endloop
  endfacet
  facet normal 0.38268343236509056 0.9238795325112864 0
    outer loop
      vertex 173.53987782402336 -19.0017455189661 2.2
      vertex 173.53987782402336 -19.0017455189661 56
      vertex 174.54594664945776 -19.418472871141798 56
    endloop
  endfacet
  facet normal 0.33380685923377335 0.9426414910921775 0
    outer loop
      vertex 174.54594664945776 -19.418472871141798 2.2
      vertex 174.54594664945776 -19.418472871141798 56
      vertex 175.57244651700108 -19.781975538939193 56
    endloop
  endfacet
  facet normal 0.2840153447039213 0.9588197348681934 0
    outer loop
      vertex 175.57244651700108 -19.781975538939193 2.2
      vertex 175.57244651700108 -19.781975538939193 56
      vertex 176.61656386186758 -20.091257186812623 56
    endloop
  endfacet
  facet normal 0.233445363855907 0.9723699203976762 0
    outer loop
      vertex 176.61656386186758 -20.091257186812623 2.2
      vertex 176.61656386186758 -20.091257186812623 56
      vertex 177.6754368309906 -20.34547009526316 56
    endloop
  endfacet
  facet normal 0.18223552549214864 0.9832549075639543 0
    outer loop
      vertex 177.6754368309906 -20.34547009526316 2.2
      vertex 177.6754368309906 -20.34547009526316 56
      vertex 178.7461631271632 -20.543917484378866 56
    endloop
  endfacet
  facet normal 0.13052619222004974 0.9914448613738106 0
    outer loop
      vertex 178.7461631271632 -20.543917484378866 2.2
      vertex 178.7461631271632 -20.543917484378866 56
      vertex 179.8258079640328 -20.686055423660086 56
    endloop
  endfacet
  facet normal 0.07845909572784526 0.9969173337331281 0
    outer loop
      vertex 179.8258079640328 -20.686055423660086 2.2
      vertex 179.8258079640328 -20.686055423660086 56
      vertex 180.91141211014676 -20.771494322895137 56
    endloop
  endfacet
  facet normal 0.026176948307873142 0.9996573249755573 0
    outer loop
      vertex 180.91141211014676 -20.771494322895137 2.2
      vertex 180.91141211014676 -20.771494322895137 56
      vertex 182 -20.8 56
    endloop
  endfacet
  facet normal 0 0 1
    outer loop
      vertex 161.22850567710486 -1.0885878898532317 2.2
      vertex 161.22850567710486 1.0885878898532317 2.2
      vertex 161.2 0 2.2
    endloop
  endfacet
  facet normal 0 0 1
    outer loop
      vertex 161.22850567710486 -1.0885878898532317 2.2
      vertex 161.3139445763399 2.1741920359671925 2.2
      vertex 161.22850567710486 1.0885878898532317 2.2
    endloop
  endfacet
  facet normal 0 0 1
    outer loop
      vertex 161.3139445763399 -2.1741920359671925 2.2
      vertex 161.45608251562112 3.253836872836802 2.2
      vertex 161.3139445763399 2.1741920359671925 2.2
    endloop
  endfacet
  facet normal 0 0 1
    outer loop
      vertex 161.45608251562112 -3.253836872836802 2.2
      vertex 161.65452990473685 4.324563169009394 2.2
      vertex 161.45608251562112 3.253836872836802 2.2
    endloop
  endfacet
  facet normal 0 0 1
    outer loop
      vertex 161.65452990473685 -4.324563169009394 2.2
      vertex 161.9087428131874 5.383436138132431 2.2
      vertex 161.65452990473685 4.324563169009394 2.2
    endloop
  endfacet
  facet normal 0 0 1
    outer loop
      vertex 161.9087428131874 -5.383436138132431 2.2
      vertex 162.2180244610608 6.427553482998906 2.2
      vertex 161.9087428131874 5.383436138132431 2.2
    endloop
  endfacet
  facet normal 0 0 1
    outer loop
      vertex 162.2180244610608 -6.427553482998906 2.2
      vertex 162.5815271288582 7.454053350542246 2.2
      vertex 162.2180244610608 6.427553482998906 2.2
    endloop
  endfacet
  facet normal 0 0 1
    outer loop
      vertex 162.5815271288582 -7.454053350542246 2.2
      vertex 162.9982544810339 8.460122175976645 2.2
      vertex 162.5815271288582 7.454053350542246 2.2
    endloop
  endfacet
  facet normal 0 0 1
    outer loop
      vertex 162.9982544810339 -8.460122175976645 2.2
      vertex 163.46706429688194 9.443002394582573 2.2
      vertex 162.9982544810339 8.460122175976645 2.2
    endloop
  endfacet
  facet normal 0 0 1
    outer loop
      vertex 163.46706429688194 -9.443002394582573 2.2
      vertex 163.9866716012837 10.4 2.2
      vertex 163.46706429688194 9.443002394582573 2.2
    endloop
  endfacet
  facet normal 0 0 1
    outer loop
      vertex 163.9866716012837 -10.4 2.2
      vertex 164.5556521867352 11.328491928312564 2.2
      vertex 163.9866716012837 10.4 2.2
    endloop
  endfacet
  facet normal 0 0 1
    outer loop
      vertex 164.5556521867352 -11.328491928312564 2.2
      vertex 165.1724465170011 12.225933247683441 2.2
      vertex 164.5556521867352 11.328491928312564 2.2
    endloop
  endfacet
  facet normal 0 0 1
    outer loop
      vertex 165.1724465170011 -12.225933247683441 2.2
      vertex 165.835364001695 13.089864133836619 2.2
      vertex 165.1724465170011 12.225933247683441 2.2
    endloop
  endfacet
  facet normal 0 0 1
    outer loop
      vertex 165.835364001695 -13.089864133836619 2.2
      vertex 166.5425876300702 13.917916612264252 2.2
      vertex 165.835364001695 13.089864133836619 2.2
    endloop
  endfacet
  facet normal 0 0 1
    outer loop
      vertex 166.5425876300702 -13.917916612264252 2.2
      vertex 167.2921789513198 14.70782104868019 2.2
      vertex 166.5425876300702 13.917916612264252 2.2
    endloop
  endfacet
  facet normal 0 0 1
    outer loop
      vertex 167.2921789513198 -14.70782104868019 2.2
      vertex 168.08208338773574 15.4574123699298 2.2
      vertex 167.2921789513198 14.70782104868019 2.2
    endloop
  endfacet
  facet normal 0 0 1
    outer loop
      vertex 168.08208338773574 -15.4574123699298 2.2
      vertex 168.9101358661634 16.164635998304995 2.2
      vertex 168.08208338773574 15.4574123699298 2.2
    endloop
  endfacet
  facet normal 0 0 1
    outer loop
      vertex 168.9101358661634 -16.164635998304995 2.2
      vertex 169.77406675231657 16.82755348299891 2.2
      vertex 168.9101358661634 16.164635998304995 2.2
    endloop
  endfacet
  facet normal 0 0 1
    outer loop
      vertex 169.77406675231657 -16.82755348299891 2.2
      vertex 170.67150807168744 17.44434781326482 2.2
      vertex 169.77406675231657 16.82755348299891 2.2
    endloop
  endfacet
  facet normal 0.999657324975557 -0.026176948307883214 0
    outer loop
      vertex 161.2 0 2.2
      vertex 161.22850567710486 1.0885878898532317 2.2
      vertex 161.2 0 56
    endloop
  endfacet
  facet normal 0.9969173337331285 -0.07845909572783807 0
    outer loop
      vertex 161.22850567710486 1.0885878898532317 2.2
      vertex 161.3139445763399 2.1741920359671925 2.2
      vertex 161.22850567710486 1.0885878898532317 56
    endloop
  endfacet
  facet normal 0.9914448613738114 -0.13052619222004447 0
    outer loop
      vertex 161.3139445763399 2.1741920359671925 2.2
      vertex 161.45608251562112 3.253836872836802 2.2
      vertex 161.3139445763399 2.1741920359671925 56
    endloop
  endfacet
  facet normal 0.9832549075639513 -0.18223552549216562 0
    outer loop
      vertex 161.45608251562112 3.253836872836802 2.2
      vertex 161.65452990473685 4.324563169009394 2.2
      vertex 161.45608251562112 3.253836872836802 56
    endloop
  endfacet
  facet normal 0.9723699203976758 -0.2334453638559086 0
    outer loop
      vertex 161.65452990473685 4.324563169009394 2.2
      vertex 161.9087428131874 5.383436138132431 2.2
      vertex 161.65452990473685 4.324563169009394 56
    endloop
  endfacet
  facet normal 0.9588197348681984 -0.2840153447039048 0
    outer loop
      vertex 161.9087428131874 5.383436138132431 2.2
      vertex 162.2180244610608 6.427553482998906 2.2
      vertex 161.9087428131874 5.383436138132431 56
    endloop
  endfacet
  facet normal 0.9426414910921762 -0.3338068592337769 0
    outer loop
      vertex 162.2180244610608 6.427553482998906 2.2
      vertex 162.5815271288582 7.454053350542246 2.2
      vertex 162.2180244610608 6.427553482998906 56
    endloop
  endfacet
  facet normal 0.923879532511282 -0.3826834323651011 0
    outer loop
      vertex 162.5815271288582 7.454053350542246 2.2
      vertex 162.9982544810339 8.460122175976645 2.2
      vertex 162.5815271288582 7.454053350542246 56
    endloop
  endfacet
  facet normal 0.9025852843498655 -0.430511096808285 0
    outer loop
      vertex 162.9982544810339 8.460122175976645 2.2
      vertex 163.46706429688194 9.443002394582573 2.2
      vertex 162.9982544810339 8.460122175976645 56
    endloop
  endfacet
  facet normal 0.8788171126619587 -0.47715876025962056 0
    outer loop
      vertex 163.46706429688194 9.443002394582573 2.2
      vertex 163.9866716012837 10.4 2.2
      vertex 163.46706429688194 9.443002394582573 56
    endloop
  endfacet
  facet normal 0.8526401643540946 -0.522498564715945 0
    outer loop
      vertex 163.9866716012837 10.4 2.2
      vertex 164.5556521867352 11.328491928312564 2.2
      vertex 163.9866716012837 10.4 56
    endloop
  endfacet
  facet normal 0.8241261886220134 -0.5664062369248362 0
    outer loop
      vertex 164.5556521867352 11.328491928312564 2.2
      vertex 165.1724465170011 12.225933247683441 2.2
      vertex 164.5556521867352 11.328491928312564 56
    endloop
  endfacet
  facet normal 0.7933533402912375 -0.6087614290087177 0
    outer loop
      vertex 165.1724465170011 12.225933247683441 2.2
      vertex 165.835364001695 13.089864133836619 2.2
      vertex 165.1724465170011 12.225933247683441 56
    endloop
  endfacet
  facet normal 0.7604059656000401 -0.6494480483301728 0
    outer loop
      vertex 165.835364001695 13.089864133836619 2.2
      vertex 166.5425876300702 13.917916612264252 2.2
      vertex 165.835364001695 13.089864133836619 56
    endloop
  endfacet
  facet normal 0.7253743710122817 -0.6883545756937602 0
    outer loop
      vertex 166.5425876300702 13.917916612264252 2.2
      vertex 167.2921789513198 14.70782104868019 2.2
      vertex 166.5425876300702 13.917916612264252 56
    endloop
  endfacet
  facet normal 0.6883545756937599 -0.7253743710122821 0
    outer loop
      vertex 167.2921789513198 14.70782104868019 2.2
      vertex 168.08208338773574 15.4574123699298 2.2
      vertex 167.2921789513198 14.70782104868019 56
    endloop
  endfacet
  facet normal 0.6494480483301752 -0.7604059656000381 0
    outer loop
      vertex 168.08208338773574 15.4574123699298 2.2
      vertex 168.9101358661634 16.164635998304995 2.2
      vertex 168.08208338773574 15.4574123699298 56
    endloop
  endfacet
  facet normal 0.6087614290087187 -0.7933533402912367 0
    outer loop
      vertex 168.9101358661634 16.164635998304995 2.2
      vertex 169.77406675231657 16.82755348299891 2.2
      vertex 168.9101358661634 16.164635998304995 56
    endloop
  endfacet
  facet normal 0.5664062369248348 -0.8241261886220144 0
    outer loop
      vertex 169.77406675231657 16.82755348299891 2.2
      vertex 170.67150807168744 17.44434781326482 2.2
      vertex 169.77406675231657 16.82755348299891 56
    endloop
  endfacet
  facet normal 0 0 1
    outer loop
      vertex 170.67150807168744 -17.44434781326482 2.2
      vertex 171.6 18.01332839871632 2.2
      vertex 170.67150807168744 17.44434781326482 2.2
    endloop
  endfacet
  facet normal 0 0 1
    outer loop
      vertex 171.6 -18.01332839871632 2.2
      vertex 172.55699760541742 18.532935703118053 2.2
      vertex 171.6 18.01332839871632 2.2
    endloop
  endfacet
  facet normal 0 0 1
    outer loop
      vertex 172.55699760541742 -18.532935703118053 2.2
      vertex 173.53987782402336 19.0017455189661 2.2
      vertex 172.55699760541742 18.532935703118053 2.2
    endloop
  endfacet
  facet normal 0 0 1
    outer loop
      vertex 173.53987782402336 -19.0017455189661 2.2
      vertex 174.54594664945776 19.418472871141798 2.2
      vertex 173.53987782402336 19.0017455189661 2.2
    endloop
  endfacet
  facet normal 0 0 1
    outer loop
      vertex 174.54594664945776 -19.418472871141798 2.2
      vertex 175.57244651700108 19.781975538939193 2.2
      vertex 174.54594664945776 19.418472871141798 2.2
    endloop
  endfacet
  facet normal 0 0 1
    outer loop
      vertex 175.57244651700108 -19.781975538939193 2.2
      vertex 176.61656386186758 20.091257186812623 2.2
      vertex 175.57244651700108 19.781975538939193 2.2
    endloop
  endfacet
  facet normal 0 0 1
    outer loop
      vertex 176.61656386186758 -20.091257186812623 2.2
      vertex 177.6754368309906 20.34547009526316 2.2
      vertex 176.61656386186758 20.091257186812623 2.2
    endloop
  endfacet
  facet normal 0 0 1
    outer loop
      vertex 177.6754368309906 -20.34547009526316 2.2
      vertex 178.7461631271632 20.543917484378866 2.2
      vertex 177.6754368309906 20.34547009526316 2.2
    endloop
  endfacet
  facet normal 0 0 1
    outer loop
      vertex 178.7461631271632 -20.543917484378866 2.2
      vertex 179.8258079640328 20.686055423660086 2.2
      vertex 178.7461631271632 20.543917484378866 2.2
    endloop
  endfacet
  facet normal 0 0 1
    outer loop
      vertex 179.8258079640328 -20.686055423660086 2.2
      vertex 180.91141211014676 20.771494322895137 2.2
      vertex 179.8258079640328 20.686055423660086 2.2
    endloop
  endfacet
  facet normal 0 0 1
    outer loop
      vertex 180.91141211014676 -20.771494322895137 2.2
      vertex 182 20.8 2.2
      vertex 180.91141211014676 20.771494322895137 2.2
    endloop
  endfacet
  facet normal 0.5224985647159518 -0.8526401643540904 0
    outer loop
      vertex 170.67150807168744 17.44434781326482 2.2
      vertex 171.6 18.01332839871632 2.2
      vertex 170.67150807168744 17.44434781326482 56
    endloop
  endfacet
  facet normal 0.4771587602596105 -0.8788171126619643 0
    outer loop
      vertex 171.6 18.01332839871632 2.2
      vertex 172.55699760541742 18.532935703118053 2.2
      vertex 171.6 18.01332839871632 56
    endloop
  endfacet
  facet normal 0.4305110968082905 -0.9025852843498628 0
    outer loop
      vertex 172.55699760541742 18.532935703118053 2.2
      vertex 173.53987782402336 19.0017455189661 2.2
      vertex 172.55699760541742 18.532935703118053 56
    endloop
  endfacet
  facet normal 0.38268343236509056 -0.9238795325112864 0
    outer loop
      vertex 173.53987782402336 19.0017455189661 2.2
      vertex 174.54594664945776 19.418472871141798 2.2
      vertex 173.53987782402336 19.0017455189661 56
    endloop
  endfacet
  facet normal 0.33380685923377335 -0.9426414910921775 0
    outer loop
      vertex 174.54594664945776 19.418472871141798 2.2
      vertex 175.57244651700108 19.781975538939193 2.2
      vertex 174.54594664945776 19.418472871141798 56
    endloop
  endfacet
  facet normal 0.2840153447039213 -0.9588197348681934 0
    outer loop
      vertex 175.57244651700108 19.781975538939193 2.2
      vertex 176.61656386186758 20.091257186812623 2.2
      vertex 175.57244651700108 19.781975538939193 56
    endloop
  endfacet
  facet normal 0.233445363855907 -0.9723699203976762 0
    outer loop
      vertex 176.61656386186758 20.091257186812623 2.2
      vertex 177.6754368309906 20.34547009526316 2.2
      vertex 176.61656386186758 20.091257186812623 56
    endloop
  endfacet
  facet normal 0.18223552549214864 -0.9832549075639543 0
    outer loop
      vertex 177.6754368309906 20.34547009526316 2.2
      vertex 178.7461631271632 20.543917484378866 2.2
      vertex 177.6754368309906 20.34547009526316 56
    endloop
  endfacet
  facet normal 0.13052619222004974 -0.9914448613738106 0
    outer loop
      vertex 178.7461631271632 20.543917484378866 2.2
      vertex 179.8258079640328 20.686055423660086 2.2
      vertex 178.7461631271632 20.543917484378866 56
    endloop
  endfacet
  facet normal 0.07845909572784526 -0.9969173337331281 0
    outer loop
      vertex 179.8258079640328 20.686055423660086 2.2
      vertex 180.91141211014676 20.771494322895137 2.2
      vertex 179.8258079640328 20.686055423660086 56
    endloop
  endfacet
  facet normal 0.026176948307873142 -0.9996573249755573 0
    outer loop
      vertex 180.91141211014676 20.771494322895137 2.2
      vertex 182 20.8 2.2
      vertex 180.91141211014676 20.771494322895137 56
    endloop
  endfacet
  facet normal 0.999657324975557 -0.026176948307883214 0
    outer loop
      vertex 161.22850567710486 1.0885878898532317 2.2
      vertex 161.22850567710486 1.0885878898532317 56
      vertex 161.2 0 56
    endloop
  endfacet
  facet normal 0.9969173337331285 -0.07845909572783807 0
    outer loop
      vertex 161.3139445763399 2.1741920359671925 2.2
      vertex 161.3139445763399 2.1741920359671925 56
      vertex 161.22850567710486 1.0885878898532317 56
    endloop
  endfacet
  facet normal 0.9914448613738114 -0.13052619222004447 0
    outer loop
      vertex 161.45608251562112 3.253836872836802 2.2
      vertex 161.45608251562112 3.253836872836802 56
      vertex 161.3139445763399 2.1741920359671925 56
    endloop
  endfacet
  facet normal 0.9832549075639513 -0.18223552549216562 0
    outer loop
      vertex 161.65452990473685 4.324563169009394 2.2
      vertex 161.65452990473685 4.324563169009394 56
      vertex 161.45608251562112 3.253836872836802 56
    endloop
  endfacet
  facet normal 0.9723699203976758 -0.2334453638559086 0
    outer loop
      vertex 161.9087428131874 5.383436138132431 2.2
      vertex 161.9087428131874 5.383436138132431 56
      vertex 161.65452990473685 4.324563169009394 56
    endloop
  endfacet
  facet normal 0.9588197348681984 -0.2840153447039048 0
    outer loop
      vertex 162.2180244610608 6.427553482998906 2.2
      vertex 162.2180244610608 6.427553482998906 56
      vertex 161.9087428131874 5.383436138132431 56
    endloop
  endfacet
  facet normal 0.9426414910921762 -0.3338068592337769 0
    outer loop
      vertex 162.5815271288582 7.454053350542246 2.2
      vertex 162.5815271288582 7.454053350542246 56
      vertex 162.2180244610608 6.427553482998906 56
    endloop
  endfacet
  facet normal 0.923879532511282 -0.3826834323651011 0
    outer loop
      vertex 162.9982544810339 8.460122175976645 2.2
      vertex 162.9982544810339 8.460122175976645 56
      vertex 162.5815271288582 7.454053350542246 56
    endloop
  endfacet
  facet normal 0.9025852843498655 -0.430511096808285 0
    outer loop
      vertex 163.46706429688194 9.443002394582573 2.2
      vertex 163.46706429688194 9.443002394582573 56
      vertex 162.9982544810339 8.460122175976645 56
    endloop
  endfacet
  facet normal 0.8788171126619587 -0.47715876025962056 0
    outer loop
      vertex 163.9866716012837 10.4 2.2
      vertex 163.9866716012837 10.4 56
      vertex 163.46706429688194 9.443002394582573 56
    endloop
  endfacet
  facet normal 0.8526401643540946 -0.522498564715945 0
    outer loop
      vertex 164.5556521867352 11.328491928312564 2.2
      vertex 164.5556521867352 11.328491928312564 56
      vertex 163.9866716012837 10.4 56
    endloop
  endfacet
  facet normal 0.8241261886220134 -0.5664062369248362 0
    outer loop
      vertex 165.1724465170011 12.225933247683441 2.2
      vertex 165.1724465170011 12.225933247683441 56
      vertex 164.5556521867352 11.328491928312564 56
    endloop
  endfacet
  facet normal 0.7933533402912375 -0.6087614290087177 0
    outer loop
      vertex 165.835364001695 13.089864133836619 2.2
      vertex 165.835364001695 13.089864133836619 56
      vertex 165.1724465170011 12.225933247683441 56
    endloop
  endfacet
  facet normal 0.7604059656000401 -0.6494480483301728 0
    outer loop
      vertex 166.5425876300702 13.917916612264252 2.2
      vertex 166.5425876300702 13.917916612264252 56
      vertex 165.835364001695 13.089864133836619 56
    endloop
  endfacet
  facet normal 0.7253743710122817 -0.6883545756937602 0
    outer loop
      vertex 167.2921789513198 14.70782104868019 2.2
      vertex 167.2921789513198 14.70782104868019 56
      vertex 166.5425876300702 13.917916612264252 56
    endloop
  endfacet
  facet normal 0.6883545756937599 -0.7253743710122821 0
    outer loop
      vertex 168.08208338773574 15.4574123699298 2.2
      vertex 168.08208338773574 15.4574123699298 56
      vertex 167.2921789513198 14.70782104868019 56
    endloop
  endfacet
  facet normal 0.6494480483301752 -0.7604059656000381 0
    outer loop
      vertex 168.9101358661634 16.164635998304995 2.2
      vertex 168.9101358661634 16.164635998304995 56
      vertex 168.08208338773574 15.4574123699298 56
    endloop
  endfacet
  facet normal 0.6087614290087187 -0.7933533402912367 0
    outer loop
      vertex 169.77406675231657 16.82755348299891 2.2
      vertex 169.77406675231657 16.82755348299891 56
      vertex 168.9101358661634 16.164635998304995 56
    endloop
  endfacet
  facet normal 0.5664062369248348 -0.8241261886220144 0
    outer loop
      vertex 170.67150807168744 17.44434781326482 2.2
      vertex 170.67150807168744 17.44434781326482 56
      vertex 169.77406675231657 16.82755348299891 56
    endloop
  endfacet
  facet normal 0.5224985647159518 -0.8526401643540904 0
    outer loop
      vertex 171.6 18.01332839871632 2.2
      vertex 171.6 18.01332839871632 56
      vertex 170.67150807168744 17.44434781326482 56
    endloop
  endfacet
  facet normal 0.4771587602596105 -0.8788171126619643 0
    outer loop
      vertex 172.55699760541742 18.532935703118053 2.2
      vertex 172.55699760541742 18.532935703118053 56
      vertex 171.6 18.01332839871632 56
    endloop
  endfacet
  facet normal 0.4305110968082905 -0.9025852843498628 0
    outer loop
      vertex 173.53987782402336 19.0017455189661 2.2
      vertex 173.53987782402336 19.0017455189661 56
      vertex 172.55699760541742 18.532935703118053 56
    endloop
  endfacet
  facet normal 0.38268343236509056 -0.9238795325112864 0
    outer loop
      vertex 174.54594664945776 19.418472871141798 2.2
      vertex 174.54594664945776 19.418472871141798 56
      vertex 173.53987782402336 19.0017455189661 56
    endloop
  endfacet
  facet normal 0.33380685923377335 -0.9426414910921775 0
    outer loop
      vertex 175.57244651700108 19.781975538939193 2.2
      vertex 175.57244651700108 19.781975538939193 56
      vertex 174.54594664945776 19.418472871141798 56
    endloop
  endfacet
  facet normal 0.2840153447039213 -0.9588197348681934 0
    outer loop
      vertex 176.61656386186758 20.091257186812623 2.2
      vertex 176.61656386186758 20.091257186812623 56
      vertex 175.57244651700108 19.781975538939193 56
    endloop
  endfacet
  facet normal 0.233445363855907 -0.9723699203976762 0
    outer loop
      vertex 177.6754368309906 20.34547009526316 2.2
      vertex 177.6754368309906 20.34547009526316 56
      vertex 176.61656386186758 20.091257186812623 56
    endloop
  endfacet
  facet normal 0.18223552549214864 -0.9832549075639543 0
    outer loop
      vertex 178.7461631271632 20.543917484378866 2.2
      vertex 178.7461631271632 20.543917484378866 56
      vertex 177.6754368309906 20.34547009526316 56
    endloop
  endfacet
  facet normal 0.13052619222004974 -0.9914448613738106 0
    outer loop
      vertex 179.8258079640328 20.686055423660086 2.2
      vertex 179.8258079640328 20.686055423660086 56
      vertex 178.7461631271632 20.543917484378866 56
    endloop
  endfacet
  facet normal 0.07845909572784526 -0.9969173337331281 0
    outer loop
      vertex 180.91141211014676 20.771494322895137 2.2
      vertex 180.91141211014676 20.771494322895137 56
      vertex 179.8258079640328 20.686055423660086 56
    endloop
  endfacet
  facet normal 0.026176948307873142 -0.9996573249755573 0
    outer loop
      vertex 180.91141211014676 20.771494322895137 56
      vertex 182 20.8 2.2
      vertex 182 20.8 56
    endloop
  endfacet
  facet normal -0.026176948307873142 0.9996573249755573 0
    outer loop
      vertex 182 -20.8 2.2
      vertex 183.08858788985324 -20.771494322895137 56
      vertex 183.08858788985324 -20.771494322895137 2.2
    endloop
  endfacet
  facet normal -0.07845909572784526 0.9969173337331281 0
    outer loop
      vertex 183.08858788985324 -20.771494322895137 2.2
      vertex 184.1741920359672 -20.686055423660086 56
      vertex 184.1741920359672 -20.686055423660086 2.2
    endloop
  endfacet
  facet normal -0.13052619222004974 0.9914448613738106 0
    outer loop
      vertex 184.1741920359672 -20.686055423660086 2.2
      vertex 185.2538368728368 -20.543917484378866 56
      vertex 185.2538368728368 -20.543917484378866 2.2
    endloop
  endfacet
  facet normal -0.18223552549214864 0.9832549075639543 0
    outer loop
      vertex 185.2538368728368 -20.543917484378866 2.2
      vertex 186.3245631690094 -20.34547009526316 56
      vertex 186.3245631690094 -20.34547009526316 2.2
    endloop
  endfacet
  facet normal -0.233445363855907 0.9723699203976762 0
    outer loop
      vertex 186.3245631690094 -20.34547009526316 2.2
      vertex 187.38343613813242 -20.091257186812623 56
      vertex 187.38343613813242 -20.091257186812623 2.2
    endloop
  endfacet
  facet normal -0.2840153447039213 0.9588197348681934 0
    outer loop
      vertex 187.38343613813242 -20.091257186812623 2.2
      vertex 188.42755348299892 -19.781975538939193 56
      vertex 188.42755348299892 -19.781975538939193 2.2
    endloop
  endfacet
  facet normal -0.33380685923377335 0.9426414910921775 0
    outer loop
      vertex 188.42755348299892 -19.781975538939193 2.2
      vertex 189.45405335054224 -19.418472871141798 56
      vertex 189.45405335054224 -19.418472871141798 2.2
    endloop
  endfacet
  facet normal -0.38268343236509056 0.9238795325112864 0
    outer loop
      vertex 189.45405335054224 -19.418472871141798 2.2
      vertex 190.46012217597664 -19.0017455189661 56
      vertex 190.46012217597664 -19.0017455189661 2.2
    endloop
  endfacet
  facet normal -0.4305110968082905 0.9025852843498628 0
    outer loop
      vertex 190.46012217597664 -19.0017455189661 2.2
      vertex 191.44300239458258 -18.532935703118053 56
      vertex 191.44300239458258 -18.532935703118053 2.2
    endloop
  endfacet
  facet normal -0.4771587602596105 0.8788171126619643 0
    outer loop
      vertex 191.44300239458258 -18.532935703118053 2.2
      vertex 192.4 -18.01332839871632 56
      vertex 192.4 -18.01332839871632 2.2
    endloop
  endfacet
  facet normal -0.5224985647159518 0.8526401643540904 0
    outer loop
      vertex 192.4 -18.01332839871632 2.2
      vertex 193.32849192831256 -17.44434781326482 56
      vertex 193.32849192831256 -17.44434781326482 2.2
    endloop
  endfacet
  facet normal 0 0 1
    outer loop
      vertex 182 -20.8 2.2
      vertex 183.08858788985324 -20.771494322895137 2.2
      vertex 183.08858788985324 20.771494322895137 2.2
    endloop
  endfacet
  facet normal 0 0 1
    outer loop
      vertex 183.08858788985324 -20.771494322895137 2.2
      vertex 184.1741920359672 -20.686055423660086 2.2
      vertex 184.1741920359672 20.686055423660086 2.2
    endloop
  endfacet
  facet normal 0 0 1
    outer loop
      vertex 184.1741920359672 -20.686055423660086 2.2
      vertex 185.2538368728368 -20.543917484378866 2.2
      vertex 185.2538368728368 20.543917484378866 2.2
    endloop
  endfacet
  facet normal 0 0 1
    outer loop
      vertex 185.2538368728368 -20.543917484378866 2.2
      vertex 186.3245631690094 -20.34547009526316 2.2
      vertex 186.3245631690094 20.34547009526316 2.2
    endloop
  endfacet
  facet normal 0 0 1
    outer loop
      vertex 186.3245631690094 -20.34547009526316 2.2
      vertex 187.38343613813242 -20.091257186812623 2.2
      vertex 187.38343613813242 20.091257186812623 2.2
    endloop
  endfacet
  facet normal 0 0 1
    outer loop
      vertex 187.38343613813242 -20.091257186812623 2.2
      vertex 188.42755348299892 -19.781975538939193 2.2
      vertex 188.42755348299892 19.781975538939193 2.2
    endloop
  endfacet
  facet normal 0 0 1
    outer loop
      vertex 188.42755348299892 -19.781975538939193 2.2
      vertex 189.45405335054224 -19.418472871141798 2.2
      vertex 189.45405335054224 19.418472871141798 2.2
    endloop
  endfacet
  facet normal 0 0 1
    outer loop
      vertex 189.45405335054224 -19.418472871141798 2.2
      vertex 190.46012217597664 -19.0017455189661 2.2
      vertex 190.46012217597664 19.0017455189661 2.2
    endloop
  endfacet
  facet normal 0 0 1
    outer loop
      vertex 190.46012217597664 -19.0017455189661 2.2
      vertex 191.44300239458258 -18.532935703118053 2.2
      vertex 191.44300239458258 18.532935703118053 2.2
    endloop
  endfacet
  facet normal 0 0 1
    outer loop
      vertex 191.44300239458258 -18.532935703118053 2.2
      vertex 192.4 -18.01332839871632 2.2
      vertex 192.4 18.01332839871632 2.2
    endloop
  endfacet
  facet normal 0 0 1
    outer loop
      vertex 192.4 -18.01332839871632 2.2
      vertex 193.32849192831256 -17.44434781326482 2.2
      vertex 193.32849192831256 17.44434781326482 2.2
    endloop
  endfacet
  facet normal -0.5664062369248348 0.8241261886220144 0
    outer loop
      vertex 193.32849192831256 -17.44434781326482 2.2
      vertex 194.22593324768343 -16.82755348299891 56
      vertex 194.22593324768343 -16.82755348299891 2.2
    endloop
  endfacet
  facet normal -0.6087614290087187 0.7933533402912367 0
    outer loop
      vertex 194.22593324768343 -16.82755348299891 2.2
      vertex 195.0898641338366 -16.164635998304995 56
      vertex 195.0898641338366 -16.164635998304995 2.2
    endloop
  endfacet
  facet normal -0.6494480483301752 0.7604059656000381 0
    outer loop
      vertex 195.0898641338366 -16.164635998304995 2.2
      vertex 195.91791661226426 -15.4574123699298 56
      vertex 195.91791661226426 -15.4574123699298 2.2
    endloop
  endfacet
  facet normal -0.6883545756937599 0.7253743710122821 0
    outer loop
      vertex 195.91791661226426 -15.4574123699298 2.2
      vertex 196.7078210486802 -14.70782104868019 56
      vertex 196.7078210486802 -14.70782104868019 2.2
    endloop
  endfacet
  facet normal -0.7253743710122817 0.6883545756937602 0
    outer loop
      vertex 196.7078210486802 -14.70782104868019 2.2
      vertex 197.4574123699298 -13.917916612264252 56
      vertex 197.4574123699298 -13.917916612264252 2.2
    endloop
  endfacet
  facet normal -0.7604059656000401 0.6494480483301728 0
    outer loop
      vertex 197.4574123699298 -13.917916612264252 2.2
      vertex 198.164635998305 -13.089864133836619 56
      vertex 198.164635998305 -13.089864133836619 2.2
    endloop
  endfacet
  facet normal -0.7933533402912375 0.6087614290087177 0
    outer loop
      vertex 198.164635998305 -13.089864133836619 2.2
      vertex 198.8275534829989 -12.225933247683441 56
      vertex 198.8275534829989 -12.225933247683441 2.2
    endloop
  endfacet
  facet normal -0.8241261886220134 0.5664062369248362 0
    outer loop
      vertex 198.8275534829989 -12.225933247683441 2.2
      vertex 199.4443478132648 -11.328491928312564 56
      vertex 199.4443478132648 -11.328491928312564 2.2
    endloop
  endfacet
  facet normal 0 0 1
    outer loop
      vertex 193.32849192831256 -17.44434781326482 2.2
      vertex 194.22593324768343 -16.82755348299891 2.2
      vertex 194.22593324768343 16.82755348299891 2.2
    endloop
  endfacet
  facet normal 0 0 1
    outer loop
      vertex 194.22593324768343 -16.82755348299891 2.2
      vertex 195.0898641338366 -16.164635998304995 2.2
      vertex 195.0898641338366 16.164635998304995 2.2
    endloop
  endfacet
  facet normal 0 0 1
    outer loop
      vertex 195.0898641338366 -16.164635998304995 2.2
      vertex 195.91791661226426 -15.4574123699298 2.2
      vertex 195.91791661226426 15.4574123699298 2.2
    endloop
  endfacet
  facet normal 0 0 1
    outer loop
      vertex 195.91791661226426 -15.4574123699298 2.2
      vertex 196.7078210486802 -14.70782104868019 2.2
      vertex 196.7078210486802 14.70782104868019 2.2
    endloop
  endfacet
  facet normal 0 0 1
    outer loop
      vertex 196.7078210486802 -14.70782104868019 2.2
      vertex 197.4574123699298 -13.917916612264252 2.2
      vertex 197.4574123699298 13.917916612264252 2.2
    endloop
  endfacet
  facet normal 0 0 1
    outer loop
      vertex 197.4574123699298 -13.917916612264252 2.2
      vertex 198.164635998305 -13.089864133836619 2.2
      vertex 198.164635998305 13.089864133836619 2.2
    endloop
  endfacet
  facet normal 0 0 1
    outer loop
      vertex 198.164635998305 -13.089864133836619 2.2
      vertex 198.8275534829989 -12.225933247683441 2.2
      vertex 198.8275534829989 12.225933247683441 2.2
    endloop
  endfacet
  facet normal 0 0 1
    outer loop
      vertex 198.8275534829989 -12.225933247683441 2.2
      vertex 199.4443478132648 -11.328491928312564 2.2
      vertex 199.4443478132648 11.328491928312564 2.2
    endloop
  endfacet
  facet normal 0 0 1
    outer loop
      vertex 199.4443478132648 -11.328491928312564 2.2
      vertex 200.0133283987163 -10.4 2.2
      vertex 200.0133283987163 10.4 2.2
    endloop
  endfacet
  facet normal 0 0 1
    outer loop
      vertex 200.0133283987163 -10.4 2.2
      vertex 200.53293570311806 -9.443002394582573 2.2
      vertex 200.53293570311806 9.443002394582573 2.2
    endloop
  endfacet
  facet normal 0 0 1
    outer loop
      vertex 200.53293570311806 -9.443002394582573 2.2
      vertex 201.0017455189661 -8.460122175976645 2.2
      vertex 201.0017455189661 8.460122175976645 2.2
    endloop
  endfacet
  facet normal 0 0 1
    outer loop
      vertex 201.0017455189661 -8.460122175976645 2.2
      vertex 201.4184728711418 -7.454053350542246 2.2
      vertex 201.4184728711418 7.454053350542246 2.2
    endloop
  endfacet
  facet normal 0 0 1
    outer loop
      vertex 201.4184728711418 -7.454053350542246 2.2
      vertex 201.7819755389392 -6.427553482998906 2.2
      vertex 201.7819755389392 6.427553482998906 2.2
    endloop
  endfacet
  facet normal 0 0 1
    outer loop
      vertex 201.7819755389392 -6.427553482998906 2.2
      vertex 202.0912571868126 -5.383436138132431 2.2
      vertex 202.0912571868126 5.383436138132431 2.2
    endloop
  endfacet
  facet normal 0 0 1
    outer loop
      vertex 202.0912571868126 -5.383436138132431 2.2
      vertex 202.34547009526315 -4.324563169009394 2.2
      vertex 202.34547009526315 4.324563169009394 2.2
    endloop
  endfacet
  facet normal 0 0 1
    outer loop
      vertex 202.34547009526315 -4.324563169009394 2.2
      vertex 202.54391748437888 -3.253836872836802 2.2
      vertex 202.54391748437888 3.253836872836802 2.2
    endloop
  endfacet
  facet normal 0 0 1
    outer loop
      vertex 202.54391748437888 -3.253836872836802 2.2
      vertex 202.6860554236601 -2.1741920359671925 2.2
      vertex 202.6860554236601 2.1741920359671925 2.2
    endloop
  endfacet
  facet normal 0 0 1
    outer loop
      vertex 202.6860554236601 -2.1741920359671925 2.2
      vertex 202.77149432289514 -1.0885878898532317 2.2
      vertex 202.77149432289514 1.0885878898532317 2.2
    endloop
  endfacet
  facet normal -0.8526401643540946 0.522498564715945 0
    outer loop
      vertex 199.4443478132648 -11.328491928312564 2.2
      vertex 200.0133283987163 -10.4 56
      vertex 200.0133283987163 -10.4 2.2
    endloop
  endfacet
  facet normal -0.8788171126619587 0.47715876025962056 0
    outer loop
      vertex 200.0133283987163 -10.4 2.2
      vertex 200.53293570311806 -9.443002394582573 56
      vertex 200.53293570311806 -9.443002394582573 2.2
    endloop
  endfacet
  facet normal -0.9025852843498655 0.430511096808285 0
    outer loop
      vertex 200.53293570311806 -9.443002394582573 2.2
      vertex 201.0017455189661 -8.460122175976645 56
      vertex 201.0017455189661 -8.460122175976645 2.2
    endloop
  endfacet
  facet normal -0.923879532511282 0.3826834323651011 0
    outer loop
      vertex 201.0017455189661 -8.460122175976645 2.2
      vertex 201.4184728711418 -7.454053350542246 56
      vertex 201.4184728711418 -7.454053350542246 2.2
    endloop
  endfacet
  facet normal -0.9426414910921762 0.3338068592337769 0
    outer loop
      vertex 201.4184728711418 -7.454053350542246 2.2
      vertex 201.7819755389392 -6.427553482998906 56
      vertex 201.7819755389392 -6.427553482998906 2.2
    endloop
  endfacet
  facet normal -0.9588197348681984 0.2840153447039048 0
    outer loop
      vertex 201.7819755389392 -6.427553482998906 2.2
      vertex 202.0912571868126 -5.383436138132431 56
      vertex 202.0912571868126 -5.383436138132431 2.2
    endloop
  endfacet
  facet normal -0.9723699203976758 0.2334453638559086 0
    outer loop
      vertex 202.0912571868126 -5.383436138132431 2.2
      vertex 202.34547009526315 -4.324563169009394 56
      vertex 202.34547009526315 -4.324563169009394 2.2
    endloop
  endfacet
  facet normal -0.9832549075639513 0.18223552549216562 0
    outer loop
      vertex 202.34547009526315 -4.324563169009394 2.2
      vertex 202.54391748437888 -3.253836872836802 56
      vertex 202.54391748437888 -3.253836872836802 2.2
    endloop
  endfacet
  facet normal -0.9914448613738114 0.13052619222004447 0
    outer loop
      vertex 202.54391748437888 -3.253836872836802 2.2
      vertex 202.6860554236601 -2.1741920359671925 56
      vertex 202.6860554236601 -2.1741920359671925 2.2
    endloop
  endfacet
  facet normal -0.9969173337331285 0.07845909572783807 0
    outer loop
      vertex 202.6860554236601 -2.1741920359671925 2.2
      vertex 202.77149432289514 -1.0885878898532317 56
      vertex 202.77149432289514 -1.0885878898532317 2.2
    endloop
  endfacet
  facet normal -0.999657324975557 0.026176948307883214 0
    outer loop
      vertex 202.77149432289514 -1.0885878898532317 2.2
      vertex 202.8 0 56
      vertex 202.8 0 2.2
    endloop
  endfacet
  facet normal -0.026176948307873142 0.9996573249755573 0
    outer loop
      vertex 182 -20.8 2.2
      vertex 182 -20.8 56
      vertex 183.08858788985324 -20.771494322895137 56
    endloop
  endfacet
  facet normal -0.07845909572784526 0.9969173337331281 0
    outer loop
      vertex 183.08858788985324 -20.771494322895137 2.2
      vertex 183.08858788985324 -20.771494322895137 56
      vertex 184.1741920359672 -20.686055423660086 56
    endloop
  endfacet
  facet normal -0.13052619222004974 0.9914448613738106 0
    outer loop
      vertex 184.1741920359672 -20.686055423660086 2.2
      vertex 184.1741920359672 -20.686055423660086 56
      vertex 185.2538368728368 -20.543917484378866 56
    endloop
  endfacet
  facet normal -0.18223552549214864 0.9832549075639543 0
    outer loop
      vertex 185.2538368728368 -20.543917484378866 2.2
      vertex 185.2538368728368 -20.543917484378866 56
      vertex 186.3245631690094 -20.34547009526316 56
    endloop
  endfacet
  facet normal -0.233445363855907 0.9723699203976762 0
    outer loop
      vertex 186.3245631690094 -20.34547009526316 2.2
      vertex 186.3245631690094 -20.34547009526316 56
      vertex 187.38343613813242 -20.091257186812623 56
    endloop
  endfacet
  facet normal -0.2840153447039213 0.9588197348681934 0
    outer loop
      vertex 187.38343613813242 -20.091257186812623 2.2
      vertex 187.38343613813242 -20.091257186812623 56
      vertex 188.42755348299892 -19.781975538939193 56
    endloop
  endfacet
  facet normal -0.33380685923377335 0.9426414910921775 0
    outer loop
      vertex 188.42755348299892 -19.781975538939193 2.2
      vertex 188.42755348299892 -19.781975538939193 56
      vertex 189.45405335054224 -19.418472871141798 56
    endloop
  endfacet
  facet normal -0.38268343236509056 0.9238795325112864 0
    outer loop
      vertex 189.45405335054224 -19.418472871141798 2.2
      vertex 189.45405335054224 -19.418472871141798 56
      vertex 190.46012217597664 -19.0017455189661 56
    endloop
  endfacet
  facet normal -0.4305110968082905 0.9025852843498628 0
    outer loop
      vertex 190.46012217597664 -19.0017455189661 2.2
      vertex 190.46012217597664 -19.0017455189661 56
      vertex 191.44300239458258 -18.532935703118053 56
    endloop
  endfacet
  facet normal -0.4771587602596105 0.8788171126619643 0
    outer loop
      vertex 191.44300239458258 -18.532935703118053 2.2
      vertex 191.44300239458258 -18.532935703118053 56
      vertex 192.4 -18.01332839871632 56
    endloop
  endfacet
  facet normal -0.5224985647159518 0.8526401643540904 0
    outer loop
      vertex 192.4 -18.01332839871632 2.2
      vertex 192.4 -18.01332839871632 56
      vertex 193.32849192831256 -17.44434781326482 56
    endloop
  endfacet
  facet normal -0.5664062369248348 0.8241261886220144 0
    outer loop
      vertex 193.32849192831256 -17.44434781326482 2.2
      vertex 193.32849192831256 -17.44434781326482 56
      vertex 194.22593324768343 -16.82755348299891 56
    endloop
  endfacet
  facet normal -0.6087614290087187 0.7933533402912367 0
    outer loop
      vertex 194.22593324768343 -16.82755348299891 2.2
      vertex 194.22593324768343 -16.82755348299891 56
      vertex 195.0898641338366 -16.164635998304995 56
    endloop
  endfacet
  facet normal -0.6494480483301752 0.7604059656000381 0
    outer loop
      vertex 195.0898641338366 -16.164635998304995 2.2
      vertex 195.0898641338366 -16.164635998304995 56
      vertex 195.91791661226426 -15.4574123699298 56
    endloop
  endfacet
  facet normal -0.6883545756937599 0.7253743710122821 0
    outer loop
      vertex 195.91791661226426 -15.4574123699298 2.2
      vertex 195.91791661226426 -15.4574123699298 56
      vertex 196.7078210486802 -14.70782104868019 56
    endloop
  endfacet
  facet normal -0.7253743710122817 0.6883545756937602 0
    outer loop
      vertex 196.7078210486802 -14.70782104868019 2.2
      vertex 196.7078210486802 -14.70782104868019 56
      vertex 197.4574123699298 -13.917916612264252 56
    endloop
  endfacet
  facet normal -0.7604059656000401 0.6494480483301728 0
    outer loop
      vertex 197.4574123699298 -13.917916612264252 2.2
      vertex 197.4574123699298 -13.917916612264252 56
      vertex 198.164635998305 -13.089864133836619 56
    endloop
  endfacet
  facet normal -0.7933533402912375 0.6087614290087177 0
    outer loop
      vertex 198.164635998305 -13.089864133836619 2.2
      vertex 198.164635998305 -13.089864133836619 56
      vertex 198.8275534829989 -12.225933247683441 56
    endloop
  endfacet
  facet normal -0.8241261886220134 0.5664062369248362 0
    outer loop
      vertex 198.8275534829989 -12.225933247683441 2.2
      vertex 198.8275534829989 -12.225933247683441 56
      vertex 199.4443478132648 -11.328491928312564 56
    endloop
  endfacet
  facet normal -0.8526401643540946 0.522498564715945 0
    outer loop
      vertex 199.4443478132648 -11.328491928312564 2.2
      vertex 199.4443478132648 -11.328491928312564 56
      vertex 200.0133283987163 -10.4 56
    endloop
  endfacet
  facet normal -0.8788171126619587 0.47715876025962056 0
    outer loop
      vertex 200.0133283987163 -10.4 2.2
      vertex 200.0133283987163 -10.4 56
      vertex 200.53293570311806 -9.443002394582573 56
    endloop
  endfacet
  facet normal -0.9025852843498655 0.430511096808285 0
    outer loop
      vertex 200.53293570311806 -9.443002394582573 2.2
      vertex 200.53293570311806 -9.443002394582573 56
      vertex 201.0017455189661 -8.460122175976645 56
    endloop
  endfacet
  facet normal -0.923879532511282 0.3826834323651011 0
    outer loop
      vertex 201.0017455189661 -8.460122175976645 2.2
      vertex 201.0017455189661 -8.460122175976645 56
      vertex 201.4184728711418 -7.454053350542246 56
    endloop
  endfacet
  facet normal -0.9426414910921762 0.3338068592337769 0
    outer loop
      vertex 201.4184728711418 -7.454053350542246 2.2
      vertex 201.4184728711418 -7.454053350542246 56
      vertex 201.7819755389392 -6.427553482998906 56
    endloop
  endfacet
  facet normal -0.9588197348681984 0.2840153447039048 0
    outer loop
      vertex 201.7819755389392 -6.427553482998906 2.2
      vertex 201.7819755389392 -6.427553482998906 56
      vertex 202.0912571868126 -5.383436138132431 56
    endloop
  endfacet
  facet normal -0.9723699203976758 0.2334453638559086 0
    outer loop
      vertex 202.0912571868126 -5.383436138132431 2.2
      vertex 202.0912571868126 -5.383436138132431 56
      vertex 202.34547009526315 -4.324563169009394 56
    endloop
  endfacet
  facet normal -0.9832549075639513 0.18223552549216562 0
    outer loop
      vertex 202.34547009526315 -4.324563169009394 2.2
      vertex 202.34547009526315 -4.324563169009394 56
      vertex 202.54391748437888 -3.253836872836802 56
    endloop
  endfacet
  facet normal -0.9914448613738114 0.13052619222004447 0
    outer loop
      vertex 202.54391748437888 -3.253836872836802 2.2
      vertex 202.54391748437888 -3.253836872836802 56
      vertex 202.6860554236601 -2.1741920359671925 56
    endloop
  endfacet
  facet normal -0.9969173337331285 0.07845909572783807 0
    outer loop
      vertex 202.6860554236601 -2.1741920359671925 2.2
      vertex 202.6860554236601 -2.1741920359671925 56
      vertex 202.77149432289514 -1.0885878898532317 56
    endloop
  endfacet
  facet normal -0.999657324975557 0.026176948307883214 0
    outer loop
      vertex 202.77149432289514 -1.0885878898532317 2.2
      vertex 202.77149432289514 -1.0885878898532317 56
      vertex 202.8 0 56
    endloop
  endfacet
  facet normal 0 0 1
    outer loop
      vertex 182 -20.8 2.2
      vertex 183.08858788985324 20.771494322895137 2.2
      vertex 182 20.8 2.2
    endloop
  endfacet
  facet normal 0 0 1
    outer loop
      vertex 183.08858788985324 -20.771494322895137 2.2
      vertex 184.1741920359672 20.686055423660086 2.2
      vertex 183.08858788985324 20.771494322895137 2.2
    endloop
  endfacet
  facet normal 0 0 1
    outer loop
      vertex 184.1741920359672 -20.686055423660086 2.2
      vertex 185.2538368728368 20.543917484378866 2.2
      vertex 184.1741920359672 20.686055423660086 2.2
    endloop
  endfacet
  facet normal 0 0 1
    outer loop
      vertex 185.2538368728368 -20.543917484378866 2.2
      vertex 186.3245631690094 20.34547009526316 2.2
      vertex 185.2538368728368 20.543917484378866 2.2
    endloop
  endfacet
  facet normal 0 0 1
    outer loop
      vertex 186.3245631690094 -20.34547009526316 2.2
      vertex 187.38343613813242 20.091257186812623 2.2
      vertex 186.3245631690094 20.34547009526316 2.2
    endloop
  endfacet
  facet normal 0 0 1
    outer loop
      vertex 187.38343613813242 -20.091257186812623 2.2
      vertex 188.42755348299892 19.781975538939193 2.2
      vertex 187.38343613813242 20.091257186812623 2.2
    endloop
  endfacet
  facet normal 0 0 1
    outer loop
      vertex 188.42755348299892 -19.781975538939193 2.2
      vertex 189.45405335054224 19.418472871141798 2.2
      vertex 188.42755348299892 19.781975538939193 2.2
    endloop
  endfacet
  facet normal 0 0 1
    outer loop
      vertex 189.45405335054224 -19.418472871141798 2.2
      vertex 190.46012217597664 19.0017455189661 2.2
      vertex 189.45405335054224 19.418472871141798 2.2
    endloop
  endfacet
  facet normal 0 0 1
    outer loop
      vertex 190.46012217597664 -19.0017455189661 2.2
      vertex 191.44300239458258 18.532935703118053 2.2
      vertex 190.46012217597664 19.0017455189661 2.2
    endloop
  endfacet
  facet normal 0 0 1
    outer loop
      vertex 191.44300239458258 -18.532935703118053 2.2
      vertex 192.4 18.01332839871632 2.2
      vertex 191.44300239458258 18.532935703118053 2.2
    endloop
  endfacet
  facet normal 0 0 1
    outer loop
      vertex 192.4 -18.01332839871632 2.2
      vertex 193.32849192831256 17.44434781326482 2.2
      vertex 192.4 18.01332839871632 2.2
    endloop
  endfacet
  facet normal -0.026176948307873142 -0.9996573249755573 0
    outer loop
      vertex 182 20.8 2.2
      vertex 183.08858788985324 20.771494322895137 2.2
      vertex 182 20.8 56
    endloop
  endfacet
  facet normal -0.07845909572784526 -0.9969173337331281 0
    outer loop
      vertex 183.08858788985324 20.771494322895137 2.2
      vertex 184.1741920359672 20.686055423660086 2.2
      vertex 183.08858788985324 20.771494322895137 56
    endloop
  endfacet
  facet normal -0.13052619222004974 -0.9914448613738106 0
    outer loop
      vertex 184.1741920359672 20.686055423660086 2.2
      vertex 185.2538368728368 20.543917484378866 2.2
      vertex 184.1741920359672 20.686055423660086 56
    endloop
  endfacet
  facet normal -0.2840153447039213 -0.9588197348681934 0
    outer loop
      vertex 187.38343613813242 20.091257186812623 2.2
      vertex 188.42755348299892 19.781975538939193 2.2
      vertex 187.38343613813242 20.091257186812623 56
    endloop
  endfacet
  facet normal -0.18223552549214864 -0.9832549075639543 0
    outer loop
      vertex 185.2538368728368 20.543917484378866 2.2
      vertex 186.3245631690094 20.34547009526316 2.2
      vertex 185.2538368728368 20.543917484378866 56
    endloop
  endfacet
  facet normal -0.233445363855907 -0.9723699203976762 0
    outer loop
      vertex 187.38343613813242 20.091257186812623 2.2
      vertex 186.3245631690094 20.34547009526316 56
      vertex 186.3245631690094 20.34547009526316 2.2
    endloop
  endfacet
  facet normal -0.33380685923377335 -0.9426414910921775 0
    outer loop
      vertex 188.42755348299892 19.781975538939193 2.2
      vertex 189.45405335054224 19.418472871141798 2.2
      vertex 188.42755348299892 19.781975538939193 56
    endloop
  endfacet
  facet normal -0.38268343236509056 -0.9238795325112864 0
    outer loop
      vertex 189.45405335054224 19.418472871141798 2.2
      vertex 190.46012217597664 19.0017455189661 2.2
      vertex 189.45405335054224 19.418472871141798 56
    endloop
  endfacet
  facet normal -0.4771587602596105 -0.8788171126619643 0
    outer loop
      vertex 191.44300239458258 18.532935703118053 2.2
      vertex 192.4 18.01332839871632 2.2
      vertex 191.44300239458258 18.532935703118053 56
    endloop
  endfacet
  facet normal -0.4305110968082905 -0.9025852843498628 0
    outer loop
      vertex 190.46012217597664 19.0017455189661 2.2
      vertex 191.44300239458258 18.532935703118053 2.2
      vertex 190.46012217597664 19.0017455189661 56
    endloop
  endfacet
  facet normal -0.5224985647159518 -0.8526401643540904 0
    outer loop
      vertex 192.4 18.01332839871632 2.2
      vertex 193.32849192831256 17.44434781326482 2.2
      vertex 192.4 18.01332839871632 56
    endloop
  endfacet
  facet normal 0 0 1
    outer loop
      vertex 193.32849192831256 -17.44434781326482 2.2
      vertex 194.22593324768343 16.82755348299891 2.2
      vertex 193.32849192831256 17.44434781326482 2.2
    endloop
  endfacet
  facet normal 0 0 1
    outer loop
      vertex 194.22593324768343 -16.82755348299891 2.2
      vertex 195.0898641338366 16.164635998304995 2.2
      vertex 194.22593324768343 16.82755348299891 2.2
    endloop
  endfacet
  facet normal 0 0 1
    outer loop
      vertex 195.0898641338366 -16.164635998304995 2.2
      vertex 195.91791661226426 15.4574123699298 2.2
      vertex 195.0898641338366 16.164635998304995 2.2
    endloop
  endfacet
  facet normal 0 0 1
    outer loop
      vertex 195.91791661226426 -15.4574123699298 2.2
      vertex 196.7078210486802 14.70782104868019 2.2
      vertex 195.91791661226426 15.4574123699298 2.2
    endloop
  endfacet
  facet normal 0 0 1
    outer loop
      vertex 196.7078210486802 -14.70782104868019 2.2
      vertex 197.4574123699298 13.917916612264252 2.2
      vertex 196.7078210486802 14.70782104868019 2.2
    endloop
  endfacet
  facet normal 0 0 1
    outer loop
      vertex 197.4574123699298 -13.917916612264252 2.2
      vertex 198.164635998305 13.089864133836619 2.2
      vertex 197.4574123699298 13.917916612264252 2.2
    endloop
  endfacet
  facet normal 0 0 1
    outer loop
      vertex 198.164635998305 -13.089864133836619 2.2
      vertex 198.8275534829989 12.225933247683441 2.2
      vertex 198.164635998305 13.089864133836619 2.2
    endloop
  endfacet
  facet normal 0 0 1
    outer loop
      vertex 198.8275534829989 -12.225933247683441 2.2
      vertex 199.4443478132648 11.328491928312564 2.2
      vertex 198.8275534829989 12.225933247683441 2.2
    endloop
  endfacet
  facet normal 0 0 1
    outer loop
      vertex 200.53293570311806 -9.443002394582573 2.2
      vertex 201.0017455189661 8.460122175976645 2.2
      vertex 200.53293570311806 9.443002394582573 2.2
    endloop
  endfacet
  facet normal 0 0 1
    outer loop
      vertex 201.0017455189661 -8.460122175976645 2.2
      vertex 201.4184728711418 7.454053350542246 2.2
      vertex 201.0017455189661 8.460122175976645 2.2
    endloop
  endfacet
  facet normal 0 0 1
    outer loop
      vertex 201.4184728711418 -7.454053350542246 2.2
      vertex 201.7819755389392 6.427553482998906 2.2
      vertex 201.4184728711418 7.454053350542246 2.2
    endloop
  endfacet
  facet normal 0 0 1
    outer loop
      vertex 201.7819755389392 -6.427553482998906 2.2
      vertex 202.0912571868126 5.383436138132431 2.2
      vertex 201.7819755389392 6.427553482998906 2.2
    endloop
  endfacet
  facet normal 0 0 1
    outer loop
      vertex 199.4443478132648 -11.328491928312564 2.2
      vertex 200.0133283987163 10.4 2.2
      vertex 199.4443478132648 11.328491928312564 2.2
    endloop
  endfacet
  facet normal 0 0 1
    outer loop
      vertex 200.0133283987163 -10.4 2.2
      vertex 200.53293570311806 9.443002394582573 2.2
      vertex 200.0133283987163 10.4 2.2
    endloop
  endfacet
  facet normal 0 0 1
    outer loop
      vertex 202.77149432289514 -1.0885878898532317 2.2
      vertex 202.8 0 2.2
      vertex 202.77149432289514 1.0885878898532317 2.2
    endloop
  endfacet
  facet normal 0 0 1
    outer loop
      vertex 202.6860554236601 -2.1741920359671925 2.2
      vertex 202.77149432289514 1.0885878898532317 2.2
      vertex 202.6860554236601 2.1741920359671925 2.2
    endloop
  endfacet
  facet normal 0 0 1
    outer loop
      vertex 202.34547009526315 -4.324563169009394 2.2
      vertex 202.54391748437888 3.253836872836802 2.2
      vertex 202.34547009526315 4.324563169009394 2.2
    endloop
  endfacet
  facet normal 0 0 1
    outer loop
      vertex 202.54391748437888 -3.253836872836802 2.2
      vertex 202.6860554236601 2.1741920359671925 2.2
      vertex 202.54391748437888 3.253836872836802 2.2
    endloop
  endfacet
  facet normal 0 0 1
    outer loop
      vertex 202.0912571868126 -5.383436138132431 2.2
      vertex 202.34547009526315 4.324563169009394 2.2
      vertex 202.0912571868126 5.383436138132431 2.2
    endloop
  endfacet
  facet normal -0.999657324975557 -0.026176948307883214 0
    outer loop
      vertex 202.8 0 2.2
      vertex 202.77149432289514 1.0885878898532317 56
      vertex 202.77149432289514 1.0885878898532317 2.2
    endloop
  endfacet
  facet normal -0.9969173337331285 -0.07845909572783807 0
    outer loop
      vertex 202.77149432289514 1.0885878898532317 2.2
      vertex 202.6860554236601 2.1741920359671925 56
      vertex 202.6860554236601 2.1741920359671925 2.2
    endloop
  endfacet
  facet normal -0.9914448613738114 -0.13052619222004447 0
    outer loop
      vertex 202.6860554236601 2.1741920359671925 2.2
      vertex 202.54391748437888 3.253836872836802 56
      vertex 202.54391748437888 3.253836872836802 2.2
    endloop
  endfacet
  facet normal -0.9832549075639513 -0.18223552549216562 0
    outer loop
      vertex 202.54391748437888 3.253836872836802 2.2
      vertex 202.34547009526315 4.324563169009394 56
      vertex 202.34547009526315 4.324563169009394 2.2
    endloop
  endfacet
  facet normal -0.9723699203976758 -0.2334453638559086 0
    outer loop
      vertex 202.0912571868126 5.383436138132431 2.2
      vertex 202.34547009526315 4.324563169009394 2.2
      vertex 202.0912571868126 5.383436138132431 56
    endloop
  endfacet
  facet normal -0.9588197348681984 -0.2840153447039048 0
    outer loop
      vertex 202.0912571868126 5.383436138132431 2.2
      vertex 201.7819755389392 6.427553482998906 56
      vertex 201.7819755389392 6.427553482998906 2.2
    endloop
  endfacet
  facet normal -0.9426414910921762 -0.3338068592337769 0
    outer loop
      vertex 201.7819755389392 6.427553482998906 2.2
      vertex 201.4184728711418 7.454053350542246 56
      vertex 201.4184728711418 7.454053350542246 2.2
    endloop
  endfacet
  facet normal -0.923879532511282 -0.3826834323651011 0
    outer loop
      vertex 201.0017455189661 8.460122175976645 2.2
      vertex 201.4184728711418 7.454053350542246 2.2
      vertex 201.0017455189661 8.460122175976645 56
    endloop
  endfacet
  facet normal -0.8526401643540946 -0.522498564715945 0
    outer loop
      vertex 199.4443478132648 11.328491928312564 2.2
      vertex 200.0133283987163 10.4 2.2
      vertex 199.4443478132648 11.328491928312564 56
    endloop
  endfacet
  facet normal -0.8788171126619587 -0.47715876025962056 0
    outer loop
      vertex 200.53293570311806 9.443002394582573 2.2
      vertex 200.0133283987163 10.4 56
      vertex 200.0133283987163 10.4 2.2
    endloop
  endfacet
  facet normal -0.9025852843498655 -0.430511096808285 0
    outer loop
      vertex 201.0017455189661 8.460122175976645 2.2
      vertex 200.53293570311806 9.443002394582573 56
      vertex 200.53293570311806 9.443002394582573 2.2
    endloop
  endfacet
  facet normal -0.5664062369248348 -0.8241261886220144 0
    outer loop
      vertex 193.32849192831256 17.44434781326482 2.2
      vertex 194.22593324768343 16.82755348299891 2.2
      vertex 193.32849192831256 17.44434781326482 56
    endloop
  endfacet
  facet normal -0.6087614290087187 -0.7933533402912367 0
    outer loop
      vertex 194.22593324768343 16.82755348299891 2.2
      vertex 195.0898641338366 16.164635998304995 2.2
      vertex 194.22593324768343 16.82755348299891 56
    endloop
  endfacet
  facet normal -0.6883545756937599 -0.7253743710122821 0
    outer loop
      vertex 195.91791661226426 15.4574123699298 2.2
      vertex 196.7078210486802 14.70782104868019 2.2
      vertex 195.91791661226426 15.4574123699298 56
    endloop
  endfacet
  facet normal -0.6494480483301752 -0.7604059656000381 0
    outer loop
      vertex 195.91791661226426 15.4574123699298 2.2
      vertex 195.0898641338366 16.164635998304995 56
      vertex 195.0898641338366 16.164635998304995 2.2
    endloop
  endfacet
  facet normal -0.7604059656000401 -0.6494480483301728 0
    outer loop
      vertex 197.4574123699298 13.917916612264252 2.2
      vertex 198.164635998305 13.089864133836619 2.2
      vertex 197.4574123699298 13.917916612264252 56
    endloop
  endfacet
  facet normal -0.7933533402912375 -0.6087614290087177 0
    outer loop
      vertex 198.8275534829989 12.225933247683441 2.2
      vertex 198.164635998305 13.089864133836619 56
      vertex 198.164635998305 13.089864133836619 2.2
    endloop
  endfacet
  facet normal -0.8241261886220134 -0.5664062369248362 0
    outer loop
      vertex 199.4443478132648 11.328491928312564 2.2
      vertex 198.8275534829989 12.225933247683441 56
      vertex 198.8275534829989 12.225933247683441 2.2
    endloop
  endfacet
  facet normal -0.7253743710122817 -0.6883545756937602 0
    outer loop
      vertex 197.4574123699298 13.917916612264252 2.2
      vertex 196.7078210486802 14.70782104868019 56
      vertex 196.7078210486802 14.70782104868019 2.2
    endloop
  endfacet
  facet normal -0.026176948307873142 -0.9996573249755573 0
    outer loop
      vertex 183.08858788985324 20.771494322895137 2.2
      vertex 183.08858788985324 20.771494322895137 56
      vertex 182 20.8 56
    endloop
  endfacet
  facet normal -0.07845909572784526 -0.9969173337331281 0
    outer loop
      vertex 184.1741920359672 20.686055423660086 2.2
      vertex 184.1741920359672 20.686055423660086 56
      vertex 183.08858788985324 20.771494322895137 56
    endloop
  endfacet
  facet normal -0.13052619222004974 -0.9914448613738106 0
    outer loop
      vertex 185.2538368728368 20.543917484378866 2.2
      vertex 185.2538368728368 20.543917484378866 56
      vertex 184.1741920359672 20.686055423660086 56
    endloop
  endfacet
  facet normal -0.18223552549214864 -0.9832549075639543 0
    outer loop
      vertex 186.3245631690094 20.34547009526316 2.2
      vertex 186.3245631690094 20.34547009526316 56
      vertex 185.2538368728368 20.543917484378866 56
    endloop
  endfacet
  facet normal -0.233445363855907 -0.9723699203976762 0
    outer loop
      vertex 187.38343613813242 20.091257186812623 2.2
      vertex 187.38343613813242 20.091257186812623 56
      vertex 186.3245631690094 20.34547009526316 56
    endloop
  endfacet
  facet normal -0.2840153447039213 -0.9588197348681934 0
    outer loop
      vertex 188.42755348299892 19.781975538939193 2.2
      vertex 188.42755348299892 19.781975538939193 56
      vertex 187.38343613813242 20.091257186812623 56
    endloop
  endfacet
  facet normal -0.33380685923377335 -0.9426414910921775 0
    outer loop
      vertex 189.45405335054224 19.418472871141798 2.2
      vertex 189.45405335054224 19.418472871141798 56
      vertex 188.42755348299892 19.781975538939193 56
    endloop
  endfacet
  facet normal -0.38268343236509056 -0.9238795325112864 0
    outer loop
      vertex 190.46012217597664 19.0017455189661 2.2
      vertex 190.46012217597664 19.0017455189661 56
      vertex 189.45405335054224 19.418472871141798 56
    endloop
  endfacet
  facet normal -0.4305110968082905 -0.9025852843498628 0
    outer loop
      vertex 191.44300239458258 18.532935703118053 2.2
      vertex 191.44300239458258 18.532935703118053 56
      vertex 190.46012217597664 19.0017455189661 56
    endloop
  endfacet
  facet normal -0.4771587602596105 -0.8788171126619643 0
    outer loop
      vertex 192.4 18.01332839871632 2.2
      vertex 192.4 18.01332839871632 56
      vertex 191.44300239458258 18.532935703118053 56
    endloop
  endfacet
  facet normal -0.5224985647159518 -0.8526401643540904 0
    outer loop
      vertex 193.32849192831256 17.44434781326482 2.2
      vertex 193.32849192831256 17.44434781326482 56
      vertex 192.4 18.01332839871632 56
    endloop
  endfacet
  facet normal -0.9588197348681984 -0.2840153447039048 0
    outer loop
      vertex 202.0912571868126 5.383436138132431 2.2
      vertex 202.0912571868126 5.383436138132431 56
      vertex 201.7819755389392 6.427553482998906 56
    endloop
  endfacet
  facet normal -0.999657324975557 -0.026176948307883214 0
    outer loop
      vertex 202.8 0 2.2
      vertex 202.8 0 56
      vertex 202.77149432289514 1.0885878898532317 56
    endloop
  endfacet
  facet normal -0.9969173337331285 -0.07845909572783807 0
    outer loop
      vertex 202.77149432289514 1.0885878898532317 2.2
      vertex 202.77149432289514 1.0885878898532317 56
      vertex 202.6860554236601 2.1741920359671925 56
    endloop
  endfacet
  facet normal -0.9914448613738114 -0.13052619222004447 0
    outer loop
      vertex 202.6860554236601 2.1741920359671925 2.2
      vertex 202.6860554236601 2.1741920359671925 56
      vertex 202.54391748437888 3.253836872836802 56
    endloop
  endfacet
  facet normal -0.9832549075639513 -0.18223552549216562 0
    outer loop
      vertex 202.54391748437888 3.253836872836802 2.2
      vertex 202.54391748437888 3.253836872836802 56
      vertex 202.34547009526315 4.324563169009394 56
    endloop
  endfacet
  facet normal -0.9723699203976758 -0.2334453638559086 0
    outer loop
      vertex 202.34547009526315 4.324563169009394 2.2
      vertex 202.34547009526315 4.324563169009394 56
      vertex 202.0912571868126 5.383436138132431 56
    endloop
  endfacet
  facet normal -0.9426414910921762 -0.3338068592337769 0
    outer loop
      vertex 201.7819755389392 6.427553482998906 2.2
      vertex 201.7819755389392 6.427553482998906 56
      vertex 201.4184728711418 7.454053350542246 56
    endloop
  endfacet
  facet normal -0.923879532511282 -0.3826834323651011 0
    outer loop
      vertex 201.4184728711418 7.454053350542246 2.2
      vertex 201.4184728711418 7.454053350542246 56
      vertex 201.0017455189661 8.460122175976645 56
    endloop
  endfacet
  facet normal -0.8788171126619587 -0.47715876025962056 0
    outer loop
      vertex 200.53293570311806 9.443002394582573 2.2
      vertex 200.53293570311806 9.443002394582573 56
      vertex 200.0133283987163 10.4 56
    endloop
  endfacet
  facet normal -0.8526401643540946 -0.522498564715945 0
    outer loop
      vertex 200.0133283987163 10.4 2.2
      vertex 200.0133283987163 10.4 56
      vertex 199.4443478132648 11.328491928312564 56
    endloop
  endfacet
  facet normal -0.9025852843498655 -0.430511096808285 0
    outer loop
      vertex 201.0017455189661 8.460122175976645 2.2
      vertex 201.0017455189661 8.460122175976645 56
      vertex 200.53293570311806 9.443002394582573 56
    endloop
  endfacet
  facet normal -0.5664062369248348 -0.8241261886220144 0
    outer loop
      vertex 194.22593324768343 16.82755348299891 2.2
      vertex 194.22593324768343 16.82755348299891 56
      vertex 193.32849192831256 17.44434781326482 56
    endloop
  endfacet
  facet normal -0.6087614290087187 -0.7933533402912367 0
    outer loop
      vertex 195.0898641338366 16.164635998304995 2.2
      vertex 195.0898641338366 16.164635998304995 56
      vertex 194.22593324768343 16.82755348299891 56
    endloop
  endfacet
  facet normal -0.6494480483301752 -0.7604059656000381 0
    outer loop
      vertex 195.91791661226426 15.4574123699298 2.2
      vertex 195.91791661226426 15.4574123699298 56
      vertex 195.0898641338366 16.164635998304995 56
    endloop
  endfacet
  facet normal -0.7253743710122817 -0.6883545756937602 0
    outer loop
      vertex 197.4574123699298 13.917916612264252 2.2
      vertex 197.4574123699298 13.917916612264252 56
      vertex 196.7078210486802 14.70782104868019 56
    endloop
  endfacet
  facet normal -0.8241261886220134 -0.5664062369248362 0
    outer loop
      vertex 199.4443478132648 11.328491928312564 2.2
      vertex 199.4443478132648 11.328491928312564 56
      vertex 198.8275534829989 12.225933247683441 56
    endloop
  endfacet
  facet normal -0.7933533402912375 -0.6087614290087177 0
    outer loop
      vertex 198.8275534829989 12.225933247683441 2.2
      vertex 198.8275534829989 12.225933247683441 56
      vertex 198.164635998305 13.089864133836619 56
    endloop
  endfacet
  facet normal -0.7604059656000401 -0.6494480483301728 0
    outer loop
      vertex 198.164635998305 13.089864133836619 2.2
      vertex 198.164635998305 13.089864133836619 56
      vertex 197.4574123699298 13.917916612264252 56
    endloop
  endfacet
  facet normal -0.6883545756937599 -0.7253743710122821 0
    outer loop
      vertex 196.7078210486802 14.70782104868019 2.2
      vertex 196.7078210486802 14.70782104868019 56
      vertex 195.91791661226426 15.4574123699298 56
    endloop
  endfacet
  facet normal 0.5610816528943615 0.4305330947256975 0.7069855961271381
    outer loop
      vertex 163.95892102543866 -13.107611126122151 57.5
      vertex 164.66964505950955 -14.033844720411373 57.5
      vertex 165.1724465170011 -12.225933247683441 56
    endloop
  endfacet
  facet normal 0.5828450711959403 0.4005783192477601 0.7069855961271337
    outer loop
      vertex 163.29764633481705 -12.145450480835104 57.5
      vertex 163.95892102543866 -13.107611126122151 57.5
      vertex 164.5556521867352 -11.328491928312564 56
    endloop
  endfacet
  facet normal 0.5828450711959297 0.4005783192477675 0.7069855961271384
    outer loop
      vertex 163.95892102543866 -13.107611126122151 57.5
      vertex 165.1724465170011 -12.225933247683441 56
      vertex 164.5556521867352 -11.328491928312564 56
    endloop
  endfacet
  facet normal 0.40057831924776705 0.5828450711959346 0.7069855961271344
    outer loop
      vertex 168.89238887387785 -18.04107897456133 57.5
      vertex 169.8545495191649 -18.702353665182955 57.5
      vertex 169.77406675231657 -16.82755348299891 56
    endloop
  endfacet
  facet normal 0.36952558644064154 0.6030109516704165 0.7069855961271337
    outer loop
      vertex 169.8545495191649 -18.702353665182955 57.5
      vertex 170.85 -19.31236650439298 57.5
      vertex 170.67150807168744 -17.44434781326482 56
    endloop
  endfacet
  facet normal 0.4005783192477692 0.5828450711959342 0.7069855961271337
    outer loop
      vertex 169.8545495191649 -18.702353665182955 57.5
      vertex 170.67150807168744 -17.44434781326482 56
      vertex 169.77406675231657 -16.82755348299891 56
    endloop
  endfacet
  facet normal 0.5130050261153298 0.4868235923300898 0.7069855961271321
    outer loop
      vertex 165.4278703918541 -14.921612521802539 57.5
      vertex 166.23151877953998 -15.76848122046001 57.5
      vertex 166.5425876300702 -13.917916612264252 56
    endloop
  endfacet
  facet normal 0.4868235923300825 0.5130050261153342 0.7069855961271341
    outer loop
      vertex 167.07838747819747 -16.57212960814589 57.5
      vertex 167.2921789513198 -14.70782104868019 56
      vertex 166.23151877953998 -15.76848122046001 57.5
    endloop
  endfacet
  facet normal 0.5130050261153242 0.4868235923300926 0.7069855961271343
    outer loop
      vertex 166.23151877953998 -15.76848122046001 57.5
      vertex 167.2921789513198 -14.70782104868019 56
      vertex 166.5425876300702 -13.917916612264252 56
    endloop
  endfacet
  facet normal 0.4868235923300961 0.5130050261153284 0.7069855961271289
    outer loop
      vertex 167.07838747819747 -16.57212960814589 57.5
      vertex 168.08208338773574 -15.4574123699298 56
      vertex 167.2921789513198 -14.70782104868019 56
    endloop
  endfacet
  facet normal 0.5377803487825317 0.459307808916961 0.706985596127134
    outer loop
      vertex 164.66964505950955 -14.033844720411373 57.5
      vertex 165.4278703918541 -14.921612521802539 57.5
      vertex 165.835364001695 -13.089864133836619 56
    endloop
  endfacet
  facet normal 0.5610816528943715 0.4305330947256913 0.706985596127134
    outer loop
      vertex 164.66964505950955 -14.033844720411373 57.5
      vertex 165.835364001695 -13.089864133836619 56
      vertex 165.1724465170011 -12.225933247683441 56
    endloop
  endfacet
  facet normal 0.5377803487825369 0.4593078089169581 0.706985596127132
    outer loop
      vertex 165.4278703918541 -14.921612521802539 57.5
      vertex 166.5425876300702 -13.917916612264252 56
      vertex 165.835364001695 -13.089864133836619 56
    endloop
  endfacet
  facet normal 0.4593078089169594 0.5377803487825351 0.7069855961271325
    outer loop
      vertex 167.96615527958863 -17.33035494049045 57.5
      vertex 168.9101358661634 -16.164635998304995 56
      vertex 168.08208338773574 -15.4574123699298 56
    endloop
  endfacet
  facet normal 0.45930780891696843 0.5377803487825318 0.7069855961271291
    outer loop
      vertex 167.96615527958863 -17.33035494049045 57.5
      vertex 168.08208338773574 -15.4574123699298 56
      vertex 167.07838747819747 -16.57212960814589 57.5
    endloop
  endfacet
  facet normal 0.4305330947256976 0.5610816528943685 0.7069855961271325
    outer loop
      vertex 167.96615527958863 -17.33035494049045 57.5
      vertex 168.89238887387785 -18.04107897456133 57.5
      vertex 168.9101358661634 -16.164635998304995 56
    endloop
  endfacet
  facet normal 0.4305330947256915 0.5610816528943704 0.7069855961271347
    outer loop
      vertex 168.89238887387785 -18.04107897456133 57.5
      vertex 169.77406675231657 -16.82755348299891 56
      vertex 168.9101358661634 -16.164635998304995 56
    endloop
  endfacet
  facet normal 0.6533934236495698 0.27064441764103847 0.7069855961271325
    outer loop
      vertex 161.62793629457 -9.070227140590346 57.5
      vertex 162.5815271288582 -7.454053350542246 56
      vertex 161.1811564891124 -7.991605274860196 57.5
    endloop
  endfacet
  facet normal 0.6781041111771181 0.20086358871993162 0.7069855961271352
    outer loop
      vertex 160.79143968661808 -6.891078974561327 57.5
      vertex 161.9087428131874 -5.383436138132431 56
      vertex 160.45985407375377 -5.771664705786213 57.5
    endloop
  endfacet
  facet normal 0.6666624050699295 0.23607753924324185 0.7069855961271296
    outer loop
      vertex 161.1811564891124 -7.991605274860196 57.5
      vertex 162.2180244610608 -6.427553482998906 56
      vertex 160.79143968661808 -6.891078974561327 57.5
    endloop
  endfacet
  facet normal 0.6781041111771281 0.20086358871991844 0.7069855961271293
    outer loop
      vertex 160.79143968661808 -6.891078974561327 57.5
      vertex 162.2180244610608 -6.427553482998906 56
      vertex 161.9087428131874 -5.383436138132431 56
    endloop
  endfacet
  facet normal 0.6215240210411386 0.3374600096865025 0.7069855961271349
    outer loop
      vertex 162.13055451059938 -10.123988144191893 57.5
      vertex 162.68763349560703 -11.15 57.5
      vertex 163.46706429688194 -9.443002394582573 56
    endloop
  endfacet
  facet normal 0.6383335362718063 0.3044694785023416 0.7069855961271366
    outer loop
      vertex 161.62793629457 -9.070227140590346 57.5
      vertex 162.13055451059938 -10.123988144191893 57.5
      vertex 162.9982544810339 -8.460122175976645 56
    endloop
  endfacet
  facet normal 0.6383335362718099 0.3044694785023381 0.7069855961271347
    outer loop
      vertex 162.13055451059938 -10.123988144191893 57.5
      vertex 163.46706429688194 -9.443002394582573 56
      vertex 162.9982544810339 -8.460122175976645 56
    endloop
  endfacet
  facet normal 0.603010951670418 0.3695255864406389 0.7069855961271337
    outer loop
      vertex 163.29764633481705 -12.145450480835104 57.5
      vertex 164.5556521867352 -11.328491928312564 56
      vertex 163.9866716012837 -10.4 56
    endloop
  endfacet
  facet normal 0.6030109516704201 0.36952558644063727 0.7069855961271329
    outer loop
      vertex 163.29764633481705 -12.145450480835104 57.5
      vertex 163.9866716012837 -10.4 56
      vertex 162.68763349560703 -11.15 57.5
    endloop
  endfacet
  facet normal 0.6215240210411425 0.3374600096864992 0.706985596127133
    outer loop
      vertex 162.68763349560703 -11.15 57.5
      vertex 163.9866716012837 -10.4 56
      vertex 163.46706429688194 -9.443002394582573 56
    endloop
  endfacet
  facet normal 0.6533934236495615 0.2706444176410472 0.7069855961271367
    outer loop
      vertex 161.62793629457 -9.070227140590346 57.5
      vertex 162.9982544810339 -8.460122175976645 56
      vertex 162.5815271288582 -7.454053350542246 56
    endloop
  endfacet
  facet normal 0.6666624050699242 0.2360775392432483 0.7069855961271326
    outer loop
      vertex 161.1811564891124 -7.991605274860196 57.5
      vertex 162.5815271288582 -7.454053350542246 56
      vertex 162.2180244610608 -6.427553482998906 56
    endloop
  endfacet
  facet normal 0.6876871810500176 0.16509908506179138 0.7069855961271344
    outer loop
      vertex 160.45985407375377 -5.771664705786213 57.5
      vertex 161.65452990473685 -4.324563169009394 56
      vertex 160.18730850363613 -4.636430705236034 57.5
    endloop
  endfacet
  facet normal 0.6876871810500162 0.1650990850617934 0.7069855961271353
    outer loop
      vertex 160.45985407375377 -5.771664705786213 57.5
      vertex 161.9087428131874 -5.383436138132431 56
      vertex 161.65452990473685 -4.324563169009394 56
    endloop
  endfacet
  facet normal 0.6953853481602049 0.1288820562874082 0.7069855961271347
    outer loop
      vertex 160.18730850363613 -4.636430705236034 57.5
      vertex 161.65452990473685 -4.324563169009394 56
      vertex 161.45608251562112 -3.253836872836802 56
    endloop
  endfacet
  facet normal 0.6953853481602128 0.1288820562873951 0.7069855961271292
    outer loop
      vertex 160.18730850363613 -4.636430705236034 57.5
      vertex 161.45608251562112 -3.253836872836802 56
      vertex 159.97455000472843 -3.4884885703971484 57.5
    endloop
  endfacet
  facet normal 0.7011775123667391 0.0923117707551932 0.7069855961271291
    outer loop
      vertex 159.97455000472843 -3.4884885703971484 57.5
      vertex 161.45608251562112 -3.253836872836802 56
      vertex 161.3139445763399 -2.1741920359671925 56
    endloop
  endfacet
  facet normal 0.7011775123667401 0.09231177075519151 0.7069855961271285
    outer loop
      vertex 159.97455000472843 -3.4884885703971484 57.5
      vertex 161.3139445763399 -2.1741920359671925 56
      vertex 159.82216173328752 -2.3309847308686726 57.5
    endloop
  endfacet
  facet normal 0.7050477977501155 0.05548846507587636 0.7069855961271316
    outer loop
      vertex 159.82216173328752 -2.3309847308686726 57.5
      vertex 161.22850567710486 -1.0885878898532317 56
      vertex 159.730561374973 -1.1670918242176476 57.5
    endloop
  endfacet
  facet normal 0.7069855961271335 0.01851306937073959 0.7069855961271317
    outer loop
      vertex 159.730561374973 -1.1670918242176476 57.5
      vertex 161.22850567710486 -1.0885878898532317 56
      vertex 159.7 0 57.5
    endloop
  endfacet
  facet normal 0.7050477977501194 0.055488465075867896 0.7069855961271282
    outer loop
      vertex 159.82216173328752 -2.3309847308686726 57.5
      vertex 161.3139445763399 -2.1741920359671925 56
      vertex 161.22850567710486 -1.0885878898532317 56
    endloop
  endfacet
  facet normal 0.7069855961271326 0.018513069370737083 0.7069855961271326
    outer loop
      vertex 161.22850567710486 -1.0885878898532317 56
      vertex 161.2 0 56
      vertex 159.7 0 57.5
    endloop
  endfacet
  facet normal 0.3374600096864882 0.6215240210411486 0.7069855961271326
    outer loop
      vertex 170.85 -19.31236650439298 57.5
      vertex 171.87601185580812 -19.869445489400604 57.5
      vertex 171.6 -18.01332839871632 56
    endloop
  endfacet
  facet normal 0.36952558644064415 0.603010951670416 0.7069855961271326
    outer loop
      vertex 170.85 -19.31236650439298 57.5
      vertex 171.6 -18.01332839871632 56
      vertex 170.67150807168744 -17.44434781326482 56
    endloop
  endfacet
  facet normal 0.30446947850234657 0.6383335362718099 0.7069855961271313
    outer loop
      vertex 172.92977285940967 -20.37206370543 57.5
      vertex 172.55699760541742 -18.532935703118053 56
      vertex 171.87601185580812 -19.869445489400604 57.5
    endloop
  endfacet
  facet normal 0.33746000968649287 0.6215240210411478 0.706985596127131
    outer loop
      vertex 171.87601185580812 -19.869445489400604 57.5
      vertex 172.55699760541742 -18.532935703118053 56
      vertex 171.6 -18.01332839871632 56
    endloop
  endfacet
  facet normal 0.30446947850234307 0.6383335362718103 0.7069855961271325
    outer loop
      vertex 172.92977285940967 -20.37206370543 57.5
      vertex 173.53987782402336 -19.0017455189661 56
      vertex 172.55699760541742 -18.532935703118053 56
    endloop
  endfacet
  facet normal 0.23607753924324268 0.6666624050699247 0.7069855961271339
    outer loop
      vertex 174.0083947251398 -20.8188435108876 57.5
      vertex 175.10892102543866 -21.208560313381923 57.5
      vertex 174.54594664945776 -19.418472871141798 56
    endloop
  endfacet
  facet normal 0.23607753924324565 0.6666624050699247 0.7069855961271327
    outer loop
      vertex 175.10892102543866 -21.208560313381923 57.5
      vertex 175.57244651700108 -19.781975538939193 56
      vertex 174.54594664945776 -19.418472871141798 56
    endloop
  endfacet
  facet normal 0.20086358871992915 0.6781041111771212 0.706985596127133
    outer loop
      vertex 176.2283352942138 -21.540145926246225 57.5
      vertex 176.61656386186758 -20.091257186812623 56
      vertex 175.57244651700108 -19.781975538939193 56
    endloop
  endfacet
  facet normal 0.20086358871992951 0.6781041111771213 0.7069855961271329
    outer loop
      vertex 175.10892102543866 -21.208560313381923 57.5
      vertex 176.2283352942138 -21.540145926246225 57.5
      vertex 175.57244651700108 -19.781975538939193 56
    endloop
  endfacet
  facet normal 0.2706444176410408 0.6533934236495672 0.706985596127134
    outer loop
      vertex 174.0083947251398 -20.8188435108876 57.5
      vertex 174.54594664945776 -19.418472871141798 56
      vertex 173.53987782402336 -19.0017455189661 56
    endloop
  endfacet
  facet normal 0.2706444176410451 0.6533934236495671 0.7069855961271325
    outer loop
      vertex 172.92977285940967 -20.37206370543 57.5
      vertex 174.0083947251398 -20.8188435108876 57.5
      vertex 173.53987782402336 -19.0017455189661 56
    endloop
  endfacet
  facet normal 0.16509908506179105 0.6876871810500194 0.706985596127133
    outer loop
      vertex 176.2283352942138 -21.540145926246225 57.5
      vertex 177.36356929476398 -21.81269149636387 57.5
      vertex 176.61656386186758 -20.091257186812623 56
    endloop
  endfacet
  facet normal 0.165099085061793 0.6876871810500196 0.7069855961271322
    outer loop
      vertex 177.36356929476398 -21.81269149636387 57.5
      vertex 177.6754368309906 -20.34547009526316 56
      vertex 176.61656386186758 -20.091257186812623 56
    endloop
  endfacet
  facet normal 0.0923117707551964 0.7011775123667355 0.7069855961271322
    outer loop
      vertex 178.51151142960285 -22.025449995271572 57.5
      vertex 179.66901526913134 -22.177838266712495 57.5
      vertex 178.7461631271632 -20.543917484378866 56
    endloop
  endfacet
  facet normal 0.12888205628739663 0.6953853481602096 0.7069855961271321
    outer loop
      vertex 177.6754368309906 -20.34547009526316 56
      vertex 178.51151142960285 -22.025449995271572 57.5
      vertex 178.7461631271632 -20.543917484378866 56
    endloop
  endfacet
  facet normal 0.12888205628739607 0.6953853481602095 0.7069855961271323
    outer loop
      vertex 177.36356929476398 -21.81269149636387 57.5
      vertex 178.51151142960285 -22.025449995271572 57.5
      vertex 177.6754368309906 -20.34547009526316 56
    endloop
  endfacet
  facet normal 0.05548846507587186 0.7050477977501151 0.7069855961271323
    outer loop
      vertex 179.66901526913134 -22.177838266712495 57.5
      vertex 180.83290817578236 -22.269438625026996 57.5
      vertex 179.8258079640328 -20.686055423660086 56
    endloop
  endfacet
  facet normal 0.09231177075519656 0.7011775123667355 0.7069855961271322
    outer loop
      vertex 178.7461631271632 -20.543917484378866 56
      vertex 179.66901526913134 -22.177838266712495 57.5
      vertex 179.8258079640328 -20.686055423660086 56
    endloop
  endfacet
  facet normal 0.05548846507587267 0.7050477977501152 0.706985596127132
    outer loop
      vertex 179.8258079640328 -20.686055423660086 56
      vertex 180.83290817578236 -22.269438625026996 57.5
      vertex 180.91141211014676 -20.771494322895137 56
    endloop
  endfacet
  facet normal 0.018513069370731165 0.7069855961271332 0.7069855961271323
    outer loop
      vertex 180.83290817578236 -22.269438625026996 57.5
      vertex 182 -22.3 57.5
      vertex 180.91141211014676 -20.771494322895137 56
    endloop
  endfacet
  facet normal 0.018513069370729957 0.7069855961271327 0.7069855961271327
    outer loop
      vertex 180.91141211014676 -20.771494322895137 56
      vertex 182 -22.3 57.5
      vertex 182 -20.8 56
    endloop
  endfacet
  facet normal 0.7069855961271335 -0.01851306937073959 0.7069855961271317
    outer loop
      vertex 159.7 0 57.5
      vertex 161.22850567710486 1.0885878898532317 56
      vertex 159.730561374973 1.1670918242176476 57.5
    endloop
  endfacet
  facet normal 0.7050477977501155 -0.05548846507587636 0.7069855961271315
    outer loop
      vertex 159.730561374973 1.1670918242176476 57.5
      vertex 161.22850567710486 1.0885878898532317 56
      vertex 159.82216173328752 2.3309847308686726 57.5
    endloop
  endfacet
  facet normal 0.7011775123667401 -0.09231177075519151 0.7069855961271285
    outer loop
      vertex 159.82216173328752 2.3309847308686726 57.5
      vertex 161.3139445763399 2.1741920359671925 56
      vertex 159.97455000472843 3.4884885703971484 57.5
    endloop
  endfacet
  facet normal 0.7069855961271326 -0.018513069370737083 0.7069855961271326
    outer loop
      vertex 159.7 0 57.5
      vertex 161.2 0 56
      vertex 161.22850567710486 1.0885878898532317 56
    endloop
  endfacet
  facet normal 0.7050477977501194 -0.055488465075867896 0.7069855961271282
    outer loop
      vertex 159.82216173328752 2.3309847308686726 57.5
      vertex 161.22850567710486 1.0885878898532317 56
      vertex 161.3139445763399 2.1741920359671925 56
    endloop
  endfacet
  facet normal 0.7011775123667391 -0.0923117707551932 0.7069855961271292
    outer loop
      vertex 161.3139445763399 2.1741920359671925 56
      vertex 161.45608251562112 3.253836872836802 56
      vertex 159.97455000472843 3.4884885703971484 57.5
    endloop
  endfacet
  facet normal 0.6953853481602049 -0.1288820562874082 0.7069855961271347
    outer loop
      vertex 160.18730850363613 4.636430705236034 57.5
      vertex 161.45608251562112 3.253836872836802 56
      vertex 161.65452990473685 4.324563169009394 56
    endloop
  endfacet
  facet normal 0.6953853481602128 -0.1288820562873951 0.7069855961271292
    outer loop
      vertex 159.97455000472843 3.4884885703971484 57.5
      vertex 161.45608251562112 3.253836872836802 56
      vertex 160.18730850363613 4.636430705236034 57.5
    endloop
  endfacet
  facet normal 0.6876871810500177 -0.1650990850617914 0.7069855961271345
    outer loop
      vertex 160.18730850363613 4.636430705236034 57.5
      vertex 161.65452990473685 4.324563169009394 56
      vertex 160.45985407375377 5.771664705786213 57.5
    endloop
  endfacet
  facet normal 0.6876871810500162 -0.1650990850617934 0.7069855961271353
    outer loop
      vertex 161.65452990473685 4.324563169009394 56
      vertex 161.9087428131874 5.383436138132431 56
      vertex 160.45985407375377 5.771664705786213 57.5
    endloop
  endfacet
  facet normal 0.6781041111771182 -0.20086358871993146 0.7069855961271351
    outer loop
      vertex 161.9087428131874 5.383436138132431 56
      vertex 160.79143968661808 6.891078974561328 57.5
      vertex 160.45985407375377 5.771664705786213 57.5
    endloop
  endfacet
  facet normal 0.6781041111771281 -0.20086358871991844 0.7069855961271294
    outer loop
      vertex 161.9087428131874 5.383436138132431 56
      vertex 162.2180244610608 6.427553482998906 56
      vertex 160.79143968661808 6.891078974561328 57.5
    endloop
  endfacet
  facet normal 0.6666624050699295 -0.23607753924324185 0.7069855961271296
    outer loop
      vertex 160.79143968661808 6.891078974561328 57.5
      vertex 162.2180244610608 6.427553482998906 56
      vertex 161.1811564891124 7.991605274860197 57.5
    endloop
  endfacet
  facet normal 0.6533934236495696 -0.27064441764103864 0.7069855961271326
    outer loop
      vertex 161.1811564891124 7.991605274860197 57.5
      vertex 162.5815271288582 7.454053350542246 56
      vertex 161.62793629457 9.070227140590346 57.5
    endloop
  endfacet
  facet normal 0.6666624050699241 -0.23607753924324826 0.7069855961271326
    outer loop
      vertex 161.1811564891124 7.991605274860197 57.5
      vertex 162.2180244610608 6.427553482998906 56
      vertex 162.5815271288582 7.454053350542246 56
    endloop
  endfacet
  facet normal 0.6533934236495615 -0.2706444176410472 0.7069855961271367
    outer loop
      vertex 161.62793629457 9.070227140590346 57.5
      vertex 162.5815271288582 7.454053350542246 56
      vertex 162.9982544810339 8.460122175976645 56
    endloop
  endfacet
  facet normal 0.6383335362718063 -0.3044694785023416 0.7069855961271366
    outer loop
      vertex 161.62793629457 9.070227140590346 57.5
      vertex 162.9982544810339 8.460122175976645 56
      vertex 162.13055451059938 10.123988144191893 57.5
    endloop
  endfacet
  facet normal 0.6383335362718099 -0.3044694785023381 0.7069855961271347
    outer loop
      vertex 162.9982544810339 8.460122175976645 56
      vertex 163.46706429688194 9.443002394582573 56
      vertex 162.13055451059938 10.123988144191893 57.5
    endloop
  endfacet
  facet normal 0.6215240210411386 -0.3374600096865025 0.7069855961271349
    outer loop
      vertex 162.13055451059938 10.123988144191893 57.5
      vertex 163.46706429688194 9.443002394582573 56
      vertex 162.68763349560703 11.15 57.5
    endloop
  endfacet
  facet normal 0.6215240210411425 -0.3374600096864992 0.706985596127133
    outer loop
      vertex 162.68763349560703 11.15 57.5
      vertex 163.46706429688194 9.443002394582573 56
      vertex 163.9866716012837 10.4 56
    endloop
  endfacet
  facet normal 0.6030109516704178 -0.3695255864406388 0.7069855961271341
    outer loop
      vertex 163.9866716012837 10.4 56
      vertex 164.5556521867352 11.328491928312564 56
      vertex 163.29764633481705 12.145450480835105 57.5
    endloop
  endfacet
  facet normal 0.6030109516704204 -0.36952558644063677 0.7069855961271329
    outer loop
      vertex 162.68763349560703 11.15 57.5
      vertex 163.9866716012837 10.4 56
      vertex 163.29764633481705 12.145450480835105 57.5
    endloop
  endfacet
  facet normal 0.5828450711959398 -0.40057831924776044 0.7069855961271342
    outer loop
      vertex 164.5556521867352 11.328491928312564 56
      vertex 163.95892102543866 13.107611126122151 57.5
      vertex 163.29764633481705 12.145450480835105 57.5
    endloop
  endfacet
  facet normal 0.5828450711959297 -0.4005783192477675 0.7069855961271384
    outer loop
      vertex 164.5556521867352 11.328491928312564 56
      vertex 165.1724465170011 12.225933247683441 56
      vertex 163.95892102543866 13.107611126122151 57.5
    endloop
  endfacet
  facet normal 0.5610816528943615 -0.4305330947256975 0.7069855961271381
    outer loop
      vertex 163.95892102543866 13.107611126122151 57.5
      vertex 165.1724465170011 12.225933247683441 56
      vertex 164.66964505950955 14.033844720411373 57.5
    endloop
  endfacet
  facet normal 0.5610816528943715 -0.4305330947256913 0.706985596127134
    outer loop
      vertex 164.66964505950955 14.033844720411373 57.5
      vertex 165.1724465170011 12.225933247683441 56
      vertex 165.835364001695 13.089864133836619 56
    endloop
  endfacet
  facet normal 0.5377803487825322 -0.4593078089169605 0.7069855961271341
    outer loop
      vertex 164.66964505950955 14.033844720411373 57.5
      vertex 165.835364001695 13.089864133836619 56
      vertex 165.4278703918541 14.92161252180254 57.5
    endloop
  endfacet
  facet normal 0.5377803487825367 -0.45930780891695794 0.7069855961271321
    outer loop
      vertex 165.835364001695 13.089864133836619 56
      vertex 166.5425876300702 13.917916612264252 56
      vertex 165.4278703918541 14.92161252180254 57.5
    endloop
  endfacet
  facet normal 0.5130050261153292 -0.48682359233009015 0.7069855961271323
    outer loop
      vertex 166.5425876300702 13.917916612264252 56
      vertex 166.23151877953998 15.76848122046001 57.5
      vertex 165.4278703918541 14.92161252180254 57.5
    endloop
  endfacet
  facet normal 0.5130050261153242 -0.4868235923300926 0.7069855961271343
    outer loop
      vertex 166.5425876300702 13.917916612264252 56
      vertex 167.2921789513198 14.70782104868019 56
      vertex 166.23151877953998 15.76848122046001 57.5
    endloop
  endfacet
  facet normal 0.4868235923300836 -0.513005026115333 0.706985596127134
    outer loop
      vertex 166.23151877953998 15.76848122046001 57.5
      vertex 167.2921789513198 14.70782104868019 56
      vertex 167.07838747819747 16.572129608145893 57.5
    endloop
  endfacet
  facet normal 0.48682359233009564 -0.513005026115328 0.7069855961271293
    outer loop
      vertex 167.2921789513198 14.70782104868019 56
      vertex 168.08208338773574 15.4574123699298 56
      vertex 167.07838747819747 16.572129608145893 57.5
    endloop
  endfacet
  facet normal 0.4593078089169594 -0.5377803487825351 0.7069855961271325
    outer loop
      vertex 168.08208338773574 15.4574123699298 56
      vertex 168.9101358661634 16.164635998304995 56
      vertex 167.96615527958863 17.33035494049045 57.5
    endloop
  endfacet
  facet normal 0.45930780891696676 -0.5377803487825323 0.7069855961271296
    outer loop
      vertex 167.07838747819747 16.572129608145893 57.5
      vertex 168.08208338773574 15.4574123699298 56
      vertex 167.96615527958863 17.33035494049045 57.5
    endloop
  endfacet
  facet normal 0.4305330947256976 -0.5610816528943685 0.7069855961271325
    outer loop
      vertex 168.9101358661634 16.164635998304995 56
      vertex 168.89238887387785 18.04107897456133 57.5
      vertex 167.96615527958863 17.33035494049045 57.5
    endloop
  endfacet
  facet normal 0.4305330947256915 -0.5610816528943704 0.7069855961271347
    outer loop
      vertex 168.9101358661634 16.164635998304995 56
      vertex 169.77406675231657 16.82755348299891 56
      vertex 168.89238887387785 18.04107897456133 57.5
    endloop
  endfacet
  facet normal 0.4005783192477685 -0.5828450711959337 0.7069855961271345
    outer loop
      vertex 169.77406675231657 16.82755348299891 56
      vertex 169.8545495191649 18.702353665182958 57.5
      vertex 168.89238887387785 18.04107897456133 57.5
    endloop
  endfacet
  facet normal 0.4005783192477688 -0.5828450711959337 0.7069855961271345
    outer loop
      vertex 169.77406675231657 16.82755348299891 56
      vertex 170.67150807168744 17.44434781326482 56
      vertex 169.8545495191649 18.702353665182958 57.5
    endloop
  endfacet
  facet normal 0.3695255864406396 -0.6030109516704169 0.7069855961271344
    outer loop
      vertex 169.8545495191649 18.702353665182958 57.5
      vertex 170.67150807168744 17.44434781326482 56
      vertex 170.85 19.31236650439298 57.5
    endloop
  endfacet
  facet normal 0.36952558644064415 -0.603010951670416 0.7069855961271327
    outer loop
      vertex 170.67150807168744 17.44434781326482 56
      vertex 171.6 18.01332839871632 56
      vertex 170.85 19.31236650439298 57.5
    endloop
  endfacet
  facet normal 0.3374600096864882 -0.6215240210411486 0.7069855961271327
    outer loop
      vertex 171.6 18.01332839871632 56
      vertex 171.87601185580812 19.869445489400604 57.5
      vertex 170.85 19.31236650439298 57.5
    endloop
  endfacet
  facet normal 0.33746000968649287 -0.6215240210411478 0.7069855961271311
    outer loop
      vertex 171.6 18.01332839871632 56
      vertex 172.55699760541742 18.532935703118053 56
      vertex 171.87601185580812 19.869445489400604 57.5
    endloop
  endfacet
  facet normal 0.30446947850234657 -0.6383335362718099 0.7069855961271312
    outer loop
      vertex 171.87601185580812 19.869445489400604 57.5
      vertex 172.55699760541742 18.532935703118053 56
      vertex 172.92977285940967 20.37206370543 57.5
    endloop
  endfacet
  facet normal 0.304469478502343 -0.6383335362718102 0.7069855961271325
    outer loop
      vertex 172.55699760541742 18.532935703118053 56
      vertex 173.53987782402336 19.0017455189661 56
      vertex 172.92977285940967 20.37206370543 57.5
    endloop
  endfacet
  facet normal 0.2706444176410408 -0.6533934236495672 0.7069855961271341
    outer loop
      vertex 173.53987782402336 19.0017455189661 56
      vertex 174.54594664945776 19.418472871141798 56
      vertex 174.0083947251398 20.8188435108876 57.5
    endloop
  endfacet
  facet normal 0.2706444176410451 -0.6533934236495671 0.7069855961271325
    outer loop
      vertex 172.92977285940967 20.37206370543 57.5
      vertex 173.53987782402336 19.0017455189661 56
      vertex 174.0083947251398 20.8188435108876 57.5
    endloop
  endfacet
  facet normal 0.23607753924324268 -0.6666624050699247 0.7069855961271339
    outer loop
      vertex 174.54594664945776 19.418472871141798 56
      vertex 175.10892102543866 21.208560313381923 57.5
      vertex 174.0083947251398 20.8188435108876 57.5
    endloop
  endfacet
  facet normal 0.23607753924324565 -0.6666624050699247 0.7069855961271327
    outer loop
      vertex 174.54594664945776 19.418472871141798 56
      vertex 175.57244651700108 19.781975538939193 56
      vertex 175.10892102543866 21.208560313381923 57.5
    endloop
  endfacet
  facet normal 0.20086358871992915 -0.6781041111771212 0.706985596127133
    outer loop
      vertex 175.57244651700108 19.781975538939193 56
      vertex 176.61656386186758 20.091257186812623 56
      vertex 176.2283352942138 21.540145926246225 57.5
    endloop
  endfacet
  facet normal 0.20086358871992951 -0.6781041111771213 0.7069855961271329
    outer loop
      vertex 175.57244651700108 19.781975538939193 56
      vertex 176.2283352942138 21.540145926246225 57.5
      vertex 175.10892102543866 21.208560313381923 57.5
    endloop
  endfacet
  facet normal 0.16509908506179105 -0.6876871810500194 0.706985596127133
    outer loop
      vertex 176.2283352942138 21.540145926246225 57.5
      vertex 176.61656386186758 20.091257186812623 56
      vertex 177.36356929476398 21.81269149636387 57.5
    endloop
  endfacet
  facet normal 0.165099085061793 -0.6876871810500196 0.7069855961271322
    outer loop
      vertex 176.61656386186758 20.091257186812623 56
      vertex 177.6754368309906 20.34547009526316 56
      vertex 177.36356929476398 21.81269149636387 57.5
    endloop
  endfacet
  facet normal 0.12888205628739663 -0.6953853481602096 0.7069855961271321
    outer loop
      vertex 177.6754368309906 20.34547009526316 56
      vertex 178.7461631271632 20.543917484378866 56
      vertex 178.51151142960285 22.025449995271572 57.5
    endloop
  endfacet
  facet normal 0.12888205628739607 -0.6953853481602095 0.7069855961271323
    outer loop
      vertex 177.6754368309906 20.34547009526316 56
      vertex 178.51151142960285 22.025449995271572 57.5
      vertex 177.36356929476398 21.81269149636387 57.5
    endloop
  endfacet
  facet normal 0.0923117707551964 -0.7011775123667355 0.7069855961271322
    outer loop
      vertex 178.7461631271632 20.543917484378866 56
      vertex 179.66901526913134 22.177838266712495 57.5
      vertex 178.51151142960285 22.025449995271572 57.5
    endloop
  endfacet
  facet normal 0.09231177075519656 -0.7011775123667355 0.7069855961271322
    outer loop
      vertex 178.7461631271632 20.543917484378866 56
      vertex 179.8258079640328 20.686055423660086 56
      vertex 179.66901526913134 22.177838266712495 57.5
    endloop
  endfacet
  facet normal 0.05548846507587267 -0.7050477977501152 0.706985596127132
    outer loop
      vertex 179.8258079640328 20.686055423660086 56
      vertex 180.91141211014676 20.771494322895137 56
      vertex 180.83290817578236 22.269438625026996 57.5
    endloop
  endfacet
  facet normal 0.05548846507587186 -0.7050477977501151 0.7069855961271323
    outer loop
      vertex 179.8258079640328 20.686055423660086 56
      vertex 180.83290817578236 22.269438625026996 57.5
      vertex 179.66901526913134 22.177838266712495 57.5
    endloop
  endfacet
  facet normal 0.018513069370729957 -0.7069855961271327 0.7069855961271327
    outer loop
      vertex 180.91141211014676 20.771494322895137 56
      vertex 182 20.8 56
      vertex 182 22.3 57.5
    endloop
  endfacet
  facet normal 0.018513069370731165 -0.7069855961271332 0.7069855961271323
    outer loop
      vertex 180.91141211014676 20.771494322895137 56
      vertex 182 22.3 57.5
      vertex 180.83290817578236 22.269438625026996 57.5
    endloop
  endfacet
  facet normal -0.018513069370731165 0.7069855961271332 0.7069855961271324
    outer loop
      vertex 182 -22.3 57.5
      vertex 183.16709182421764 -22.269438625026996 57.5
      vertex 183.08858788985324 -20.771494322895137 56
    endloop
  endfacet
  facet normal -0.018513069370729957 0.7069855961271327 0.7069855961271327
    outer loop
      vertex 182 -22.3 57.5
      vertex 183.08858788985324 -20.771494322895137 56
      vertex 182 -20.8 56
    endloop
  endfacet
  facet normal -0.05548846507587186 0.7050477977501151 0.7069855961271323
    outer loop
      vertex 183.16709182421764 -22.269438625026996 57.5
      vertex 184.33098473086866 -22.177838266712495 57.5
      vertex 184.1741920359672 -20.686055423660086 56
    endloop
  endfacet
  facet normal -0.05548846507587267 0.7050477977501152 0.7069855961271319
    outer loop
      vertex 183.16709182421764 -22.269438625026996 57.5
      vertex 184.1741920359672 -20.686055423660086 56
      vertex 183.08858788985324 -20.771494322895137 56
    endloop
  endfacet
  facet normal -0.09231177075519656 0.7011775123667355 0.7069855961271322
    outer loop
      vertex 184.33098473086866 -22.177838266712495 57.5
      vertex 185.2538368728368 -20.543917484378866 56
      vertex 184.1741920359672 -20.686055423660086 56
    endloop
  endfacet
  facet normal -0.0923117707551964 0.7011775123667355 0.7069855961271322
    outer loop
      vertex 184.33098473086866 -22.177838266712495 57.5
      vertex 185.48848857039715 -22.025449995271572 57.5
      vertex 185.2538368728368 -20.543917484378866 56
    endloop
  endfacet
  facet normal -0.12888205628739663 0.6953853481602096 0.7069855961271321
    outer loop
      vertex 185.48848857039715 -22.025449995271572 57.5
      vertex 186.3245631690094 -20.34547009526316 56
      vertex 185.2538368728368 -20.543917484378866 56
    endloop
  endfacet
  facet normal -0.12888205628739607 0.6953853481602095 0.7069855961271323
    outer loop
      vertex 185.48848857039715 -22.025449995271572 57.5
      vertex 186.63643070523602 -21.81269149636387 57.5
      vertex 186.3245631690094 -20.34547009526316 56
    endloop
  endfacet
  facet normal -0.165099085061793 0.6876871810500196 0.7069855961271322
    outer loop
      vertex 186.63643070523602 -21.81269149636387 57.5
      vertex 187.38343613813242 -20.091257186812623 56
      vertex 186.3245631690094 -20.34547009526316 56
    endloop
  endfacet
  facet normal -0.16509908506179105 0.6876871810500194 0.7069855961271329
    outer loop
      vertex 186.63643070523602 -21.81269149636387 57.5
      vertex 187.7716647057862 -21.540145926246225 57.5
      vertex 187.38343613813242 -20.091257186812623 56
    endloop
  endfacet
  facet normal -0.20086358871992915 0.6781041111771212 0.7069855961271329
    outer loop
      vertex 187.38343613813242 -20.091257186812623 56
      vertex 187.7716647057862 -21.540145926246225 57.5
      vertex 188.42755348299892 -19.781975538939193 56
    endloop
  endfacet
  facet normal -0.20086358871992951 0.6781041111771213 0.7069855961271329
    outer loop
      vertex 187.7716647057862 -21.540145926246225 57.5
      vertex 188.89107897456134 -21.208560313381923 57.5
      vertex 188.42755348299892 -19.781975538939193 56
    endloop
  endfacet
  facet normal -0.23607753924324565 0.6666624050699247 0.7069855961271327
    outer loop
      vertex 188.89107897456134 -21.208560313381923 57.5
      vertex 189.45405335054224 -19.418472871141798 56
      vertex 188.42755348299892 -19.781975538939193 56
    endloop
  endfacet
  facet normal -0.23607753924324268 0.6666624050699247 0.7069855961271339
    outer loop
      vertex 188.89107897456134 -21.208560313381923 57.5
      vertex 189.9916052748602 -20.8188435108876 57.5
      vertex 189.45405335054224 -19.418472871141798 56
    endloop
  endfacet
  facet normal -0.2706444176410408 0.6533934236495672 0.706985596127134
    outer loop
      vertex 189.9916052748602 -20.8188435108876 57.5
      vertex 190.46012217597664 -19.0017455189661 56
      vertex 189.45405335054224 -19.418472871141798 56
    endloop
  endfacet
  facet normal -0.2706444176410451 0.6533934236495671 0.7069855961271325
    outer loop
      vertex 189.9916052748602 -20.8188435108876 57.5
      vertex 191.07022714059033 -20.37206370543 57.5
      vertex 190.46012217597664 -19.0017455189661 56
    endloop
  endfacet
  facet normal -0.30446947850234307 0.6383335362718103 0.7069855961271325
    outer loop
      vertex 190.46012217597664 -19.0017455189661 56
      vertex 191.07022714059033 -20.37206370543 57.5
      vertex 191.44300239458258 -18.532935703118053 56
    endloop
  endfacet
  facet normal -0.30446947850234657 0.6383335362718099 0.7069855961271313
    outer loop
      vertex 191.07022714059033 -20.37206370543 57.5
      vertex 192.12398814419188 -19.869445489400604 57.5
      vertex 191.44300239458258 -18.532935703118053 56
    endloop
  endfacet
  facet normal -0.33746000968649287 0.6215240210411478 0.706985596127131
    outer loop
      vertex 191.44300239458258 -18.532935703118053 56
      vertex 192.12398814419188 -19.869445489400604 57.5
      vertex 192.4 -18.01332839871632 56
    endloop
  endfacet
  facet normal -0.3374600096864882 0.6215240210411486 0.7069855961271326
    outer loop
      vertex 192.12398814419188 -19.869445489400604 57.5
      vertex 193.15 -19.31236650439298 57.5
      vertex 192.4 -18.01332839871632 56
    endloop
  endfacet
  facet normal -0.36952558644064415 0.603010951670416 0.7069855961271326
    outer loop
      vertex 193.15 -19.31236650439298 57.5
      vertex 193.32849192831256 -17.44434781326482 56
      vertex 192.4 -18.01332839871632 56
    endloop
  endfacet
  facet normal -0.3695255864406396 0.6030109516704169 0.7069855961271344
    outer loop
      vertex 193.15 -19.31236650439298 57.5
      vertex 194.1454504808351 -18.702353665182958 57.5
      vertex 193.32849192831256 -17.44434781326482 56
    endloop
  endfacet
  facet normal -0.4005783192477688 0.5828450711959337 0.7069855961271344
    outer loop
      vertex 193.32849192831256 -17.44434781326482 56
      vertex 194.1454504808351 -18.702353665182958 57.5
      vertex 194.22593324768343 -16.82755348299891 56
    endloop
  endfacet
  facet normal -0.4005783192477685 0.5828450711959337 0.7069855961271345
    outer loop
      vertex 194.1454504808351 -18.702353665182958 57.5
      vertex 195.10761112612215 -18.04107897456133 57.5
      vertex 194.22593324768343 -16.82755348299891 56
    endloop
  endfacet
  facet normal -0.4305330947256915 0.5610816528943704 0.7069855961271347
    outer loop
      vertex 195.10761112612215 -18.04107897456133 57.5
      vertex 195.0898641338366 -16.164635998304995 56
      vertex 194.22593324768343 -16.82755348299891 56
    endloop
  endfacet
  facet normal -0.4305330947256976 0.5610816528943685 0.7069855961271324
    outer loop
      vertex 195.10761112612215 -18.04107897456133 57.5
      vertex 196.03384472041137 -17.33035494049045 57.5
      vertex 195.0898641338366 -16.164635998304995 56
    endloop
  endfacet
  facet normal -0.4593078089169594 0.5377803487825351 0.7069855961271325
    outer loop
      vertex 196.03384472041137 -17.33035494049045 57.5
      vertex 195.91791661226426 -15.4574123699298 56
      vertex 195.0898641338366 -16.164635998304995 56
    endloop
  endfacet
  facet normal -0.45930780891696676 0.5377803487825323 0.7069855961271296
    outer loop
      vertex 196.03384472041137 -17.33035494049045 57.5
      vertex 196.92161252180253 -16.572129608145893 57.5
      vertex 195.91791661226426 -15.4574123699298 56
    endloop
  endfacet
  facet normal -0.48682359233009564 0.513005026115328 0.7069855961271293
    outer loop
      vertex 195.91791661226426 -15.4574123699298 56
      vertex 196.92161252180253 -16.572129608145893 57.5
      vertex 196.7078210486802 -14.70782104868019 56
    endloop
  endfacet
  facet normal -0.4868235923300836 0.513005026115333 0.706985596127134
    outer loop
      vertex 196.92161252180253 -16.572129608145893 57.5
      vertex 197.76848122046002 -15.76848122046001 57.5
      vertex 196.7078210486802 -14.70782104868019 56
    endloop
  endfacet
  facet normal -0.5130050261153242 0.4868235923300926 0.7069855961271343
    outer loop
      vertex 196.7078210486802 -14.70782104868019 56
      vertex 197.76848122046002 -15.76848122046001 57.5
      vertex 197.4574123699298 -13.917916612264252 56
    endloop
  endfacet
  facet normal -0.5130050261153292 0.48682359233009015 0.7069855961271323
    outer loop
      vertex 197.76848122046002 -15.76848122046001 57.5
      vertex 198.5721296081459 -14.92161252180254 57.5
      vertex 197.4574123699298 -13.917916612264252 56
    endloop
  endfacet
  facet normal -0.5377803487825367 0.45930780891695794 0.7069855961271321
    outer loop
      vertex 198.5721296081459 -14.92161252180254 57.5
      vertex 198.164635998305 -13.089864133836619 56
      vertex 197.4574123699298 -13.917916612264252 56
    endloop
  endfacet
  facet normal -0.5377803487825322 0.4593078089169605 0.706985596127134
    outer loop
      vertex 198.5721296081459 -14.92161252180254 57.5
      vertex 199.33035494049045 -14.033844720411373 57.5
      vertex 198.164635998305 -13.089864133836619 56
    endloop
  endfacet
  facet normal -0.5610816528943715 0.4305330947256913 0.706985596127134
    outer loop
      vertex 198.164635998305 -13.089864133836619 56
      vertex 199.33035494049045 -14.033844720411373 57.5
      vertex 198.8275534829989 -12.225933247683441 56
    endloop
  endfacet
  facet normal -0.5610816528943615 0.4305330947256975 0.7069855961271381
    outer loop
      vertex 198.8275534829989 -12.225933247683441 56
      vertex 199.33035494049045 -14.033844720411373 57.5
      vertex 200.04107897456134 -13.107611126122151 57.5
    endloop
  endfacet
  facet normal -0.5828450711959297 0.4005783192477675 0.7069855961271384
    outer loop
      vertex 198.8275534829989 -12.225933247683441 56
      vertex 200.04107897456134 -13.107611126122151 57.5
      vertex 199.4443478132648 -11.328491928312564 56
    endloop
  endfacet
  facet normal -0.5828450711959398 0.40057831924776044 0.7069855961271341
    outer loop
      vertex 200.04107897456134 -13.107611126122151 57.5
      vertex 200.70235366518295 -12.145450480835105 57.5
      vertex 199.4443478132648 -11.328491928312564 56
    endloop
  endfacet
  facet normal -0.6030109516704177 0.3695255864406387 0.706985596127134
    outer loop
      vertex 200.70235366518295 -12.145450480835105 57.5
      vertex 200.0133283987163 -10.4 56
      vertex 199.4443478132648 -11.328491928312564 56
    endloop
  endfacet
  facet normal -0.6030109516704204 0.36952558644063677 0.7069855961271329
    outer loop
      vertex 200.70235366518295 -12.145450480835105 57.5
      vertex 201.31236650439297 -11.15 57.5
      vertex 200.0133283987163 -10.4 56
    endloop
  endfacet
  facet normal -0.6215240210411425 0.3374600096864992 0.706985596127133
    outer loop
      vertex 200.0133283987163 -10.4 56
      vertex 201.31236650439297 -11.15 57.5
      vertex 200.53293570311806 -9.443002394582573 56
    endloop
  endfacet
  facet normal -0.6215240210411386 0.3374600096865025 0.7069855961271347
    outer loop
      vertex 200.53293570311806 -9.443002394582573 56
      vertex 201.31236650439297 -11.15 57.5
      vertex 201.86944548940062 -10.123988144191893 57.5
    endloop
  endfacet
  facet normal -0.6383335362718099 0.3044694785023381 0.7069855961271347
    outer loop
      vertex 200.53293570311806 -9.443002394582573 56
      vertex 201.86944548940062 -10.123988144191893 57.5
      vertex 201.0017455189661 -8.460122175976645 56
    endloop
  endfacet
  facet normal -0.6383335362718063 0.3044694785023416 0.7069855961271366
    outer loop
      vertex 201.86944548940062 -10.123988144191893 57.5
      vertex 202.37206370543 -9.070227140590346 57.5
      vertex 201.0017455189661 -8.460122175976645 56
    endloop
  endfacet
  facet normal -0.6533934236495615 0.2706444176410472 0.7069855961271367
    outer loop
      vertex 201.0017455189661 -8.460122175976645 56
      vertex 202.37206370543 -9.070227140590346 57.5
      vertex 201.4184728711418 -7.454053350542246 56
    endloop
  endfacet
  facet normal -0.6666624050699241 0.23607753924324826 0.7069855961271326
    outer loop
      vertex 201.4184728711418 -7.454053350542246 56
      vertex 202.8188435108876 -7.991605274860197 57.5
      vertex 201.7819755389392 -6.427553482998906 56
    endloop
  endfacet
  facet normal -0.6533934236495696 0.27064441764103864 0.7069855961271326
    outer loop
      vertex 201.4184728711418 -7.454053350542246 56
      vertex 202.37206370543 -9.070227140590346 57.5
      vertex 202.8188435108876 -7.991605274860197 57.5
    endloop
  endfacet
  facet normal -0.6666624050699295 0.23607753924324185 0.7069855961271297
    outer loop
      vertex 201.7819755389392 -6.427553482998906 56
      vertex 202.8188435108876 -7.991605274860197 57.5
      vertex 203.20856031338192 -6.891078974561328 57.5
    endloop
  endfacet
  facet normal -0.6781041111771281 0.20086358871991844 0.7069855961271294
    outer loop
      vertex 201.7819755389392 -6.427553482998906 56
      vertex 203.20856031338192 -6.891078974561328 57.5
      vertex 202.0912571868126 -5.383436138132431 56
    endloop
  endfacet
  facet normal -0.6781041111771182 0.20086358871993146 0.7069855961271351
    outer loop
      vertex 203.20856031338192 -6.891078974561328 57.5
      vertex 203.54014592624623 -5.771664705786213 57.5
      vertex 202.0912571868126 -5.383436138132431 56
    endloop
  endfacet
  facet normal -0.6876871810500162 0.1650990850617934 0.7069855961271353
    outer loop
      vertex 203.54014592624623 -5.771664705786213 57.5
      vertex 202.34547009526315 -4.324563169009394 56
      vertex 202.0912571868126 -5.383436138132431 56
    endloop
  endfacet
  facet normal -0.6876871810500176 0.16509908506179138 0.7069855961271344
    outer loop
      vertex 203.54014592624623 -5.771664705786213 57.5
      vertex 203.81269149636387 -4.636430705236034 57.5
      vertex 202.34547009526315 -4.324563169009394 56
    endloop
  endfacet
  facet normal -0.6953853481602049 0.12888205628740818 0.7069855961271345
    outer loop
      vertex 202.34547009526315 -4.324563169009394 56
      vertex 203.81269149636387 -4.636430705236034 57.5
      vertex 202.54391748437888 -3.253836872836802 56
    endloop
  endfacet
  facet normal -0.6953853481602128 0.12888205628739513 0.7069855961271292
    outer loop
      vertex 202.54391748437888 -3.253836872836802 56
      vertex 203.81269149636387 -4.636430705236034 57.5
      vertex 204.02544999527157 -3.4884885703971484 57.5
    endloop
  endfacet
  facet normal -0.7011775123667391 0.0923117707551932 0.7069855961271291
    outer loop
      vertex 202.54391748437888 -3.253836872836802 56
      vertex 204.02544999527157 -3.4884885703971484 57.5
      vertex 202.6860554236601 -2.1741920359671925 56
    endloop
  endfacet
  facet normal -0.7050477977501193 0.055488465075867896 0.7069855961271282
    outer loop
      vertex 202.6860554236601 -2.1741920359671925 56
      vertex 204.17783826671248 -2.3309847308686726 57.5
      vertex 202.77149432289514 -1.0885878898532317 56
    endloop
  endfacet
  facet normal -0.7069855961271326 0.018513069370737083 0.7069855961271326
    outer loop
      vertex 202.77149432289514 -1.0885878898532317 56
      vertex 204.3 0 57.5
      vertex 202.8 0 56
    endloop
  endfacet
  facet normal -0.7011775123667401 0.09231177075519151 0.7069855961271285
    outer loop
      vertex 204.02544999527157 -3.4884885703971484 57.5
      vertex 204.17783826671248 -2.3309847308686726 57.5
      vertex 202.6860554236601 -2.1741920359671925 56
    endloop
  endfacet
  facet normal -0.7050477977501155 0.05548846507587636 0.7069855961271316
    outer loop
      vertex 202.77149432289514 -1.0885878898532317 56
      vertex 204.17783826671248 -2.3309847308686726 57.5
      vertex 204.269438625027 -1.1670918242176476 57.5
    endloop
  endfacet
  facet normal -0.7069855961271336 0.01851306937073959 0.7069855961271317
    outer loop
      vertex 202.77149432289514 -1.0885878898532317 56
      vertex 204.269438625027 -1.1670918242176476 57.5
      vertex 204.3 0 57.5
    endloop
  endfacet
  facet normal -0.018513069370729957 -0.7069855961271327 0.7069855961271327
    outer loop
      vertex 182 20.8 56
      vertex 183.08858788985324 20.771494322895137 56
      vertex 182 22.3 57.5
    endloop
  endfacet
  facet normal -0.018513069370731165 -0.7069855961271332 0.7069855961271323
    outer loop
      vertex 183.08858788985324 20.771494322895137 56
      vertex 183.16709182421764 22.269438625026996 57.5
      vertex 182 22.3 57.5
    endloop
  endfacet
  facet normal -0.05548846507587267 -0.7050477977501152 0.706985596127132
    outer loop
      vertex 183.08858788985324 20.771494322895137 56
      vertex 184.1741920359672 20.686055423660086 56
      vertex 183.16709182421764 22.269438625026996 57.5
    endloop
  endfacet
  facet normal -0.09231177075519656 -0.7011775123667355 0.7069855961271322
    outer loop
      vertex 184.1741920359672 20.686055423660086 56
      vertex 185.2538368728368 20.543917484378866 56
      vertex 184.33098473086866 22.177838266712495 57.5
    endloop
  endfacet
  facet normal -0.05548846507587186 -0.7050477977501151 0.7069855961271323
    outer loop
      vertex 183.16709182421764 22.269438625026996 57.5
      vertex 184.1741920359672 20.686055423660086 56
      vertex 184.33098473086866 22.177838266712495 57.5
    endloop
  endfacet
  facet normal -0.12888205628739663 -0.6953853481602096 0.7069855961271321
    outer loop
      vertex 185.2538368728368 20.543917484378866 56
      vertex 186.3245631690094 20.34547009526316 56
      vertex 185.48848857039715 22.025449995271572 57.5
    endloop
  endfacet
  facet normal -0.12888205628739607 -0.6953853481602095 0.7069855961271323
    outer loop
      vertex 185.48848857039715 22.025449995271572 57.5
      vertex 186.3245631690094 20.34547009526316 56
      vertex 186.63643070523602 21.81269149636387 57.5
    endloop
  endfacet
  facet normal -0.0923117707551964 -0.7011775123667355 0.7069855961271322
    outer loop
      vertex 184.33098473086866 22.177838266712495 57.5
      vertex 185.2538368728368 20.543917484378866 56
      vertex 185.48848857039715 22.025449995271572 57.5
    endloop
  endfacet
  facet normal -0.165099085061793 -0.6876871810500196 0.7069855961271322
    outer loop
      vertex 187.38343613813242 20.091257186812623 56
      vertex 186.63643070523602 21.81269149636387 57.5
      vertex 186.3245631690094 20.34547009526316 56
    endloop
  endfacet
  facet normal -0.16509908506179105 -0.6876871810500194 0.706985596127133
    outer loop
      vertex 187.38343613813242 20.091257186812623 56
      vertex 187.7716647057862 21.540145926246225 57.5
      vertex 186.63643070523602 21.81269149636387 57.5
    endloop
  endfacet
  facet normal -0.2706444176410408 -0.6533934236495672 0.7069855961271341
    outer loop
      vertex 189.45405335054224 19.418472871141798 56
      vertex 190.46012217597664 19.0017455189661 56
      vertex 189.9916052748602 20.8188435108876 57.5
    endloop
  endfacet
  facet normal -0.2706444176410451 -0.6533934236495671 0.7069855961271325
    outer loop
      vertex 190.46012217597664 19.0017455189661 56
      vertex 191.07022714059033 20.37206370543 57.5
      vertex 189.9916052748602 20.8188435108876 57.5
    endloop
  endfacet
  facet normal -0.20086358871992915 -0.6781041111771212 0.7069855961271329
    outer loop
      vertex 187.38343613813242 20.091257186812623 56
      vertex 188.42755348299892 19.781975538939193 56
      vertex 187.7716647057862 21.540145926246225 57.5
    endloop
  endfacet
  facet normal -0.20086358871992951 -0.6781041111771213 0.7069855961271329
    outer loop
      vertex 188.42755348299892 19.781975538939193 56
      vertex 188.89107897456134 21.208560313381923 57.5
      vertex 187.7716647057862 21.540145926246225 57.5
    endloop
  endfacet
  facet normal -0.23607753924324565 -0.6666624050699247 0.7069855961271327
    outer loop
      vertex 188.42755348299892 19.781975538939193 56
      vertex 189.45405335054224 19.418472871141798 56
      vertex 188.89107897456134 21.208560313381923 57.5
    endloop
  endfacet
  facet normal -0.23607753924324268 -0.6666624050699247 0.7069855961271339
    outer loop
      vertex 189.45405335054224 19.418472871141798 56
      vertex 189.9916052748602 20.8188435108876 57.5
      vertex 188.89107897456134 21.208560313381923 57.5
    endloop
  endfacet
  facet normal -0.30446947850234307 -0.6383335362718103 0.7069855961271325
    outer loop
      vertex 190.46012217597664 19.0017455189661 56
      vertex 191.44300239458258 18.532935703118053 56
      vertex 191.07022714059033 20.37206370543 57.5
    endloop
  endfacet
  facet normal -0.33746000968649287 -0.6215240210411478 0.706985596127131
    outer loop
      vertex 191.44300239458258 18.532935703118053 56
      vertex 192.4 18.01332839871632 56
      vertex 192.12398814419188 19.869445489400604 57.5
    endloop
  endfacet
  facet normal -0.30446947850234657 -0.6383335362718099 0.7069855961271313
    outer loop
      vertex 191.44300239458258 18.532935703118053 56
      vertex 192.12398814419188 19.869445489400604 57.5
      vertex 191.07022714059033 20.37206370543 57.5
    endloop
  endfacet
  facet normal -0.36952558644064415 -0.603010951670416 0.7069855961271326
    outer loop
      vertex 192.4 18.01332839871632 56
      vertex 193.32849192831256 17.44434781326482 56
      vertex 193.15 19.31236650439298 57.5
    endloop
  endfacet
  facet normal -0.3374600096864882 -0.6215240210411486 0.7069855961271327
    outer loop
      vertex 192.4 18.01332839871632 56
      vertex 193.15 19.31236650439298 57.5
      vertex 192.12398814419188 19.869445489400604 57.5
    endloop
  endfacet
  facet normal -0.7069855961271326 -0.018513069370737083 0.7069855961271326
    outer loop
      vertex 202.8 0 56
      vertex 204.3 0 57.5
      vertex 202.77149432289514 1.0885878898532317 56
    endloop
  endfacet
  facet normal -0.7050477977501193 -0.055488465075867896 0.7069855961271283
    outer loop
      vertex 202.77149432289514 1.0885878898532317 56
      vertex 204.17783826671248 2.3309847308686726 57.5
      vertex 202.6860554236601 2.1741920359671925 56
    endloop
  endfacet
  facet normal -0.7069855961271336 -0.01851306937073959 0.7069855961271317
    outer loop
      vertex 202.77149432289514 1.0885878898532317 56
      vertex 204.3 0 57.5
      vertex 204.269438625027 1.1670918242176476 57.5
    endloop
  endfacet
  facet normal -0.7050477977501155 -0.05548846507587636 0.7069855961271316
    outer loop
      vertex 202.77149432289514 1.0885878898532317 56
      vertex 204.269438625027 1.1670918242176476 57.5
      vertex 204.17783826671248 2.3309847308686726 57.5
    endloop
  endfacet
  facet normal -0.7011775123667401 -0.09231177075519151 0.7069855961271285
    outer loop
      vertex 202.6860554236601 2.1741920359671925 56
      vertex 204.17783826671248 2.3309847308686726 57.5
      vertex 204.02544999527157 3.4884885703971484 57.5
    endloop
  endfacet
  facet normal -0.7011775123667391 -0.0923117707551932 0.7069855961271292
    outer loop
      vertex 202.6860554236601 2.1741920359671925 56
      vertex 204.02544999527157 3.4884885703971484 57.5
      vertex 202.54391748437888 3.253836872836802 56
    endloop
  endfacet
  facet normal -0.6953853481602049 -0.12888205628740818 0.7069855961271345
    outer loop
      vertex 202.54391748437888 3.253836872836802 56
      vertex 203.81269149636387 4.636430705236034 57.5
      vertex 202.34547009526315 4.324563169009394 56
    endloop
  endfacet
  facet normal -0.6953853481602128 -0.12888205628739513 0.7069855961271292
    outer loop
      vertex 202.54391748437888 3.253836872836802 56
      vertex 204.02544999527157 3.4884885703971484 57.5
      vertex 203.81269149636387 4.636430705236034 57.5
    endloop
  endfacet
  facet normal -0.6876871810500162 -0.1650990850617934 0.7069855961271353
    outer loop
      vertex 202.0912571868126 5.383436138132431 56
      vertex 202.34547009526315 4.324563169009394 56
      vertex 203.54014592624623 5.771664705786213 57.5
    endloop
  endfacet
  facet normal -0.6876871810500176 -0.16509908506179138 0.7069855961271344
    outer loop
      vertex 202.34547009526315 4.324563169009394 56
      vertex 203.81269149636387 4.636430705236034 57.5
      vertex 203.54014592624623 5.771664705786213 57.5
    endloop
  endfacet
  facet normal -0.6666624050699241 -0.23607753924324826 0.7069855961271325
    outer loop
      vertex 201.7819755389392 6.427553482998906 56
      vertex 202.8188435108876 7.991605274860196 57.5
      vertex 201.4184728711418 7.454053350542246 56
    endloop
  endfacet
  facet normal -0.6533934236495615 -0.2706444176410472 0.7069855961271367
    outer loop
      vertex 201.0017455189661 8.460122175976645 56
      vertex 201.4184728711418 7.454053350542246 56
      vertex 202.37206370543 9.070227140590346 57.5
    endloop
  endfacet
  facet normal -0.6215240210411425 -0.3374600096864992 0.706985596127133
    outer loop
      vertex 200.53293570311806 9.443002394582573 56
      vertex 201.31236650439297 11.15 57.5
      vertex 200.0133283987163 10.4 56
    endloop
  endfacet
  facet normal -0.603010951670418 -0.3695255864406389 0.7069855961271337
    outer loop
      vertex 199.4443478132648 11.328491928312564 56
      vertex 200.0133283987163 10.4 56
      vertex 200.70235366518295 12.145450480835104 57.5
    endloop
  endfacet
  facet normal -0.6030109516704201 -0.36952558644063727 0.7069855961271329
    outer loop
      vertex 200.0133283987163 10.4 56
      vertex 201.31236650439297 11.15 57.5
      vertex 200.70235366518295 12.145450480835104 57.5
    endloop
  endfacet
  facet normal -0.6383335362718099 -0.3044694785023381 0.7069855961271347
    outer loop
      vertex 201.0017455189661 8.460122175976645 56
      vertex 201.86944548940062 10.123988144191893 57.5
      vertex 200.53293570311806 9.443002394582573 56
    endloop
  endfacet
  facet normal -0.6383335362718062 -0.3044694785023415 0.7069855961271366
    outer loop
      vertex 201.0017455189661 8.460122175976645 56
      vertex 202.37206370543 9.070227140590346 57.5
      vertex 201.86944548940062 10.123988144191893 57.5
    endloop
  endfacet
  facet normal -0.6215240210411386 -0.3374600096865025 0.7069855961271347
    outer loop
      vertex 200.53293570311806 9.443002394582573 56
      vertex 201.86944548940062 10.123988144191893 57.5
      vertex 201.31236650439297 11.15 57.5
    endloop
  endfacet
  facet normal -0.6781041111771281 -0.20086358871991844 0.7069855961271293
    outer loop
      vertex 202.0912571868126 5.383436138132431 56
      vertex 203.20856031338192 6.891078974561327 57.5
      vertex 201.7819755389392 6.427553482998906 56
    endloop
  endfacet
  facet normal -0.6666624050699295 -0.23607753924324185 0.7069855961271296
    outer loop
      vertex 201.7819755389392 6.427553482998906 56
      vertex 203.20856031338192 6.891078974561327 57.5
      vertex 202.8188435108876 7.991605274860196 57.5
    endloop
  endfacet
  facet normal -0.6781041111771181 -0.20086358871993162 0.7069855961271353
    outer loop
      vertex 202.0912571868126 5.383436138132431 56
      vertex 203.54014592624623 5.771664705786213 57.5
      vertex 203.20856031338192 6.891078974561327 57.5
    endloop
  endfacet
  facet normal -0.6533934236495699 -0.2706444176410385 0.7069855961271325
    outer loop
      vertex 201.4184728711418 7.454053350542246 56
      vertex 202.8188435108876 7.991605274860196 57.5
      vertex 202.37206370543 9.070227140590346 57.5
    endloop
  endfacet
  facet normal -0.4305330947256915 -0.5610816528943704 0.7069855961271347
    outer loop
      vertex 194.22593324768343 16.82755348299891 56
      vertex 195.0898641338366 16.164635998304995 56
      vertex 195.10761112612215 18.04107897456133 57.5
    endloop
  endfacet
  facet normal -0.4305330947256976 -0.5610816528943685 0.7069855961271325
    outer loop
      vertex 195.0898641338366 16.164635998304995 56
      vertex 196.03384472041137 17.33035494049045 57.5
      vertex 195.10761112612215 18.04107897456133 57.5
    endloop
  endfacet
  facet normal -0.4593078089169594 -0.5377803487825351 0.7069855961271325
    outer loop
      vertex 195.91791661226426 15.4574123699298 56
      vertex 196.03384472041137 17.33035494049045 57.5
      vertex 195.0898641338366 16.164635998304995 56
    endloop
  endfacet
  facet normal -0.45930780891696843 -0.5377803487825318 0.7069855961271291
    outer loop
      vertex 195.91791661226426 15.4574123699298 56
      vertex 196.92161252180253 16.57212960814589 57.5
      vertex 196.03384472041137 17.33035494049045 57.5
    endloop
  endfacet
  facet normal -0.5377803487825369 -0.4593078089169581 0.7069855961271319
    outer loop
      vertex 197.4574123699298 13.917916612264252 56
      vertex 198.164635998305 13.089864133836619 56
      vertex 198.5721296081459 14.921612521802539 57.5
    endloop
  endfacet
  facet normal -0.5610816528943715 -0.4305330947256913 0.706985596127134
    outer loop
      vertex 198.8275534829989 12.225933247683441 56
      vertex 199.33035494049045 14.033844720411373 57.5
      vertex 198.164635998305 13.089864133836619 56
    endloop
  endfacet
  facet normal -0.5377803487825317 -0.459307808916961 0.706985596127134
    outer loop
      vertex 198.164635998305 13.089864133836619 56
      vertex 199.33035494049045 14.033844720411373 57.5
      vertex 198.5721296081459 14.921612521802539 57.5
    endloop
  endfacet
  facet normal -0.4868235923300961 -0.5130050261153284 0.7069855961271287
    outer loop
      vertex 195.91791661226426 15.4574123699298 56
      vertex 196.7078210486802 14.70782104868019 56
      vertex 196.92161252180253 16.57212960814589 57.5
    endloop
  endfacet
  facet normal -0.5130050261153242 -0.4868235923300926 0.7069855961271343
    outer loop
      vertex 197.4574123699298 13.917916612264252 56
      vertex 197.76848122046002 15.76848122046001 57.5
      vertex 196.7078210486802 14.70782104868019 56
    endloop
  endfacet
  facet normal -0.4868235923300825 -0.5130050261153342 0.706985596127134
    outer loop
      vertex 196.7078210486802 14.70782104868019 56
      vertex 197.76848122046002 15.76848122046001 57.5
      vertex 196.92161252180253 16.57212960814589 57.5
    endloop
  endfacet
  facet normal -0.5130050261153298 -0.4868235923300898 0.7069855961271321
    outer loop
      vertex 197.4574123699298 13.917916612264252 56
      vertex 198.5721296081459 14.921612521802539 57.5
      vertex 197.76848122046002 15.76848122046001 57.5
    endloop
  endfacet
  facet normal -0.4005783192477692 -0.5828450711959342 0.7069855961271337
    outer loop
      vertex 193.32849192831256 17.44434781326482 56
      vertex 194.22593324768343 16.82755348299891 56
      vertex 194.1454504808351 18.702353665182955 57.5
    endloop
  endfacet
  facet normal -0.36952558644064154 -0.6030109516704165 0.7069855961271337
    outer loop
      vertex 193.32849192831256 17.44434781326482 56
      vertex 194.1454504808351 18.702353665182955 57.5
      vertex 193.15 19.31236650439298 57.5
    endloop
  endfacet
  facet normal -0.40057831924776705 -0.5828450711959346 0.7069855961271345
    outer loop
      vertex 194.22593324768343 16.82755348299891 56
      vertex 195.10761112612215 18.04107897456133 57.5
      vertex 194.1454504808351 18.702353665182955 57.5
    endloop
  endfacet
  facet normal -0.5828450711959297 -0.4005783192477675 0.7069855961271384
    outer loop
      vertex 199.4443478132648 11.328491928312564 56
      vertex 200.04107897456134 13.107611126122151 57.5
      vertex 198.8275534829989 12.225933247683441 56
    endloop
  endfacet
  facet normal -0.5828450711959403 -0.4005783192477601 0.706985596127134
    outer loop
      vertex 199.4443478132648 11.328491928312564 56
      vertex 200.70235366518295 12.145450480835104 57.5
      vertex 200.04107897456134 13.107611126122151 57.5
    endloop
  endfacet
  facet normal -0.5610816528943615 -0.4305330947256975 0.7069855961271381
    outer loop
      vertex 198.8275534829989 12.225933247683441 56
      vertex 200.04107897456134 13.107611126122151 57.5
      vertex 199.33035494049045 14.033844720411373 57.5
    endloop
  endfacet
  facet normal -0.7253743710122968 -0.6883545756937443 0
    outer loop
      vertex 167.29217895342714 -14.707821046572848 52.8
      vertex 167.29217895342714 -14.707821046572848 54.19999999850988
      vertex 166.54258763228495 -13.917916610270087 52.8
    endloop
  endfacet
  facet normal -0.6883545756937455 -0.7253743710122957 0
    outer loop
      vertex 167.29217895342714 -14.707821046572848 52.8
      vertex 168.08208338972992 -15.457412367715056 54.19999999850988
      vertex 167.29217895342714 -14.707821046572848 54.19999999850988
    endloop
  endfacet
  facet normal -0.7604059656000239 -0.6494480483301918 0
    outer loop
      vertex 165.83536400401107 -13.089864131961097 52.8
      vertex 166.54258763228495 -13.917916610270087 54.19999999850988
      vertex 165.83536400401107 -13.089864131961097 54.19999999850988
    endloop
  endfacet
  facet normal -0.793353340291238 -0.6087614290087168 0
    outer loop
      vertex 165.17244651941215 -12.225933245931705 52.8
      vertex 165.83536400401107 -13.089864131961097 54.19999999850988
      vertex 165.17244651941215 -12.225933245931705 54.19999999850988
    endloop
  endfacet
  facet normal -0.8241261886220209 -0.5664062369248254 0
    outer loop
      vertex 164.55565218923462 -11.328491926689413 52.8
      vertex 165.17244651941215 -12.225933245931705 52.8
      vertex 165.17244651941215 -12.225933245931705 54.19999999850988
    endloop
  endfacet
  facet normal 0.6933066778403518 0.47649647815100754 -0.5406264484573993
    outer loop
      vertex 164.55565218923462 -11.328491926689413 52.8
      vertex 164.9330539410609 -11.083404363367377 53.50000000298023
      vertex 165.17244651941215 -12.225933245931705 52.8
    endloop
  endfacet
  facet normal -0.8241261886220209 -0.5664062369248254 0
    outer loop
      vertex 164.55565218923462 -11.328491926689413 52.8
      vertex 165.17244651941215 -12.225933245931705 54.19999999850988
      vertex 164.55565218923462 -11.328491926689413 54.19999999850988
    endloop
  endfacet
  facet normal 0.6933066778403488 0.4764964781510086 -0.540626448457402
    outer loop
      vertex 165.17244651941215 -12.225933245931705 52.8
      vertex 164.9330539410609 -11.083404363367377 53.50000000298023
      vertex 165.53650416326428 -11.961429885027696 53.50000000298023
    endloop
  endfacet
  facet normal -0.793353340291238 -0.6087614290087168 0
    outer loop
      vertex 165.83536400401107 -13.089864131961097 52.8
      vertex 165.83536400401107 -13.089864131961097 54.19999999850988
      vertex 165.17244651941215 -12.225933245931705 52.8
    endloop
  endfacet
  facet normal 0.6674186263035181 0.5121283242425287 -0.5406264484574023
    outer loop
      vertex 165.83536400401107 -13.089864131961097 52.8
      vertex 165.17244651941215 -12.225933245931705 52.8
      vertex 165.53650416326428 -11.961429885027696 53.50000000298023
    endloop
  endfacet
  facet normal 0.6674186242272342 0.5121283226493577 0.5406264525298234
    outer loop
      vertex 165.53650416326428 -11.961429885027696 53.50000000298023
      vertex 165.17244651941215 -12.225933245931705 54.19999999850988
      vertex 166.1850796831926 -12.806669958801951 53.50000000298023
    endloop
  endfacet
  facet normal 0.6674186263035017 0.5121283242425338 -0.5406264484574175
    outer loop
      vertex 165.83536400401107 -13.089864131961097 52.8
      vertex 165.53650416326428 -11.961429885027696 53.50000000298023
      vertex 166.1850796831926 -12.806669958801951 53.50000000298023
    endloop
  endfacet
  facet normal 0.6102304505065617 0.5790870750611696 -0.5406264484573966
    outer loop
      vertex 167.29217895342714 -14.707821046572848 52.8
      vertex 166.54258763228495 -13.917916610270087 52.8
      vertex 166.87700280042765 -13.616807840399847 53.50000000298023
    endloop
  endfacet
  facet normal -0.7253743710122968 -0.6883545756937443 0
    outer loop
      vertex 166.54258763228495 -13.917916610270087 52.8
      vertex 167.29217895342714 -14.707821046572848 54.19999999850988
      vertex 166.54258763228495 -13.917916610270087 54.19999999850988
    endloop
  endfacet
  facet normal -0.7604059656000239 -0.6494480483301918 0
    outer loop
      vertex 165.83536400401107 -13.089864131961097 52.8
      vertex 166.54258763228495 -13.917916610270087 52.8
      vertex 166.54258763228495 -13.917916610270087 54.19999999850988
    endloop
  endfacet
  facet normal 0.6397012267036969 0.5463564621949006 -0.540626448457396
    outer loop
      vertex 166.54258763228495 -13.917916610270087 52.8
      vertex 166.1850796831926 -12.806669958801951 53.50000000298023
      vertex 166.87700280042765 -13.616807840399847 53.50000000298023
    endloop
  endfacet
  facet normal 0.6397012267036744 0.5463564621949064 -0.5406264484574168
    outer loop
      vertex 165.83536400401107 -13.089864131961097 52.8
      vertex 166.1850796831926 -12.806669958801951 53.50000000298023
      vertex 166.54258763228495 -13.917916610270087 52.8
    endloop
  endfacet
  facet normal 0.6397012247136372 0.5463564604952292 0.5406264525298383
    outer loop
      vertex 166.1850796831926 -12.806669958801951 53.50000000298023
      vertex 165.83536400401107 -13.089864131961097 54.19999999850988
      vertex 166.87700280042765 -13.616807840399847 53.50000000298023
    endloop
  endfacet
  facet normal 0.6102304505065419 0.5790870750611737 -0.5406264484574147
    outer loop
      vertex 167.29217895342714 -14.707821046572848 52.8
      vertex 166.87700280042765 -13.616807840399847 53.50000000298023
      vertex 167.6103770018001 -14.389622998199915 53.50000000298023
    endloop
  endfacet
  facet normal 0.6102304486081819 0.5790870732596972 0.5406264525298179
    outer loop
      vertex 167.6103770018001 -14.389622998199915 53.50000000298023
      vertex 166.87700280042765 -13.616807840399847 53.50000000298023
      vertex 166.54258763228495 -13.917916610270087 54.19999999850988
    endloop
  endfacet
  facet normal 0.6933066756835397 0.4764964766686716 0.5406264525298234
    outer loop
      vertex 165.53650416326428 -11.961429885027696 53.50000000298023
      vertex 164.55565218923462 -11.328491926689413 54.19999999850988
      vertex 165.17244651941215 -12.225933245931705 54.19999999850988
    endloop
  endfacet
  facet normal 0.6674186242272349 0.5121283226493406 0.5406264525298387
    outer loop
      vertex 166.1850796831926 -12.806669958801951 53.50000000298023
      vertex 165.17244651941215 -12.225933245931705 54.19999999850988
      vertex 165.83536400401107 -13.089864131961097 54.19999999850988
    endloop
  endfacet
  facet normal 0.6397012247136351 0.5463564604952524 0.5406264525298176
    outer loop
      vertex 166.87700280042765 -13.616807840399847 53.50000000298023
      vertex 165.83536400401107 -13.089864131961097 54.19999999850988
      vertex 166.54258763228495 -13.917916610270087 54.19999999850988
    endloop
  endfacet
  facet normal 0.6102304486081849 0.5790870732596772 0.5406264525298358
    outer loop
      vertex 167.6103770018001 -14.389622998199915 53.50000000298023
      vertex 166.54258763228495 -13.917916610270087 54.19999999850988
      vertex 167.29217895342714 -14.707821046572848 54.19999999850988
    endloop
  endfacet
  facet normal -0.6494480483301833 -0.7604059656000313 0
    outer loop
      vertex 168.9101358680389 -16.16463599598892 52.8
      vertex 168.9101358680389 -16.16463599598892 54.19999999850988
      vertex 168.08208338972992 -15.457412367715056 52.8
    endloop
  endfacet
  facet normal -0.6883545756937455 -0.7253743710122957 0
    outer loop
      vertex 167.29217895342714 -14.707821046572848 52.8
      vertex 168.08208338972992 -15.457412367715056 52.8
      vertex 168.08208338972992 -15.457412367715056 54.19999999850988
    endloop
  endfacet
  facet normal 0.579087075061163 0.6102304505065526 -0.5406264484574139
    outer loop
      vertex 167.29217895342714 -14.707821046572848 52.8
      vertex 167.6103770018001 -14.389622998199915 53.50000000298023
      vertex 168.08208338972992 -15.457412367715056 52.8
    endloop
  endfacet
  facet normal 0.5790870732596841 0.6102304486081784 0.5406264525298354
    outer loop
      vertex 167.6103770018001 -14.389622998199915 53.50000000298023
      vertex 167.29217895342714 -14.707821046572848 54.19999999850988
      vertex 168.38319215960016 -15.122997199572344 53.50000000298023
    endloop
  endfacet
  facet normal 0.5790870750611725 0.6102304505065512 -0.5406264484574054
    outer loop
      vertex 168.08208338972992 -15.457412367715056 52.8
      vertex 167.6103770018001 -14.389622998199915 53.50000000298023
      vertex 168.38319215960016 -15.122997199572344 53.50000000298023
    endloop
  endfacet
  facet normal 0.5463564621949041 0.639701226703686 -0.5406264484574053
    outer loop
      vertex 168.9101358680389 -16.16463599598892 52.8
      vertex 168.08208338972992 -15.457412367715056 52.8
      vertex 168.38319215960016 -15.122997199572344 53.50000000298023
    endloop
  endfacet
  facet normal -0.6494480483301833 -0.7604059656000313 0
    outer loop
      vertex 168.08208338972992 -15.457412367715056 52.8
      vertex 168.9101358680389 -16.16463599598892 54.19999999850988
      vertex 168.08208338972992 -15.457412367715056 54.19999999850988
    endloop
  endfacet
  facet normal 0.5463564604952469 0.639701224713632 0.5406264525298268
    outer loop
      vertex 169.19333004119804 -15.814920316807395 53.50000000298023
      vertex 168.38319215960016 -15.122997199572344 53.50000000298023
      vertex 168.08208338972992 -15.457412367715056 54.19999999850988
    endloop
  endfacet
  facet normal 0.5463564621949129 0.6397012267036852 -0.5406264484573974
    outer loop
      vertex 168.9101358680389 -16.16463599598892 52.8
      vertex 168.38319215960016 -15.122997199572344 53.50000000298023
      vertex 169.19333004119804 -15.814920316807395 53.50000000298023
    endloop
  endfacet
  facet normal -0.6087614290087264 -0.7933533402912306 0
    outer loop
      vertex 168.9101358680389 -16.16463599598892 52.8
      vertex 169.7740667540683 -16.82755348058785 52.8
      vertex 169.7740667540683 -16.82755348058785 54.19999999850988
    endloop
  endfacet
  facet normal 0.5121283242425384 0.667418626303514 -0.5406264484573982
    outer loop
      vertex 168.9101358680389 -16.16463599598892 52.8
      vertex 169.19333004119804 -15.814920316807395 53.50000000298023
      vertex 169.7740667540683 -16.82755348058785 52.8
    endloop
  endfacet
  facet normal -0.6087614290087264 -0.7933533402912306 0
    outer loop
      vertex 168.9101358680389 -16.16463599598892 52.8
      vertex 169.7740667540683 -16.82755348058785 54.19999999850988
      vertex 168.9101358680389 -16.16463599598892 54.19999999850988
    endloop
  endfacet
  facet normal 0.5121283226493434 0.6674186242272484 0.5406264525298192
    outer loop
      vertex 169.19333004119804 -15.814920316807395 53.50000000298023
      vertex 168.9101358680389 -16.16463599598892 54.19999999850988
      vertex 170.03857011497232 -16.46349583673571 53.50000000298023
    endloop
  endfacet
  facet normal 0.5121283242425186 0.6674186263035148 -0.5406264484574158
    outer loop
      vertex 169.7740667540683 -16.82755348058785 52.8
      vertex 169.19333004119804 -15.814920316807395 53.50000000298023
      vertex 170.03857011497232 -16.46349583673571 53.50000000298023
    endloop
  endfacet
  facet normal -0.5664062369248327 -0.8241261886220158 0
    outer loop
      vertex 169.7740667540683 -16.82755348058785 52.8
      vertex 170.67150807331058 -17.444347810765386 54.19999999850988
      vertex 169.7740667540683 -16.82755348058785 54.19999999850988
    endloop
  endfacet
  facet normal 0.4764964781510081 0.6933066778403393 -0.5406264484574149
    outer loop
      vertex 169.7740667540683 -16.82755348058785 52.8
      vertex 170.03857011497232 -16.46349583673571 53.50000000298023
      vertex 170.67150807331058 -17.444347810765386 52.8
    endloop
  endfacet
  facet normal -0.5664062369248327 -0.8241261886220158 0
    outer loop
      vertex 169.7740667540683 -16.82755348058785 52.8
      vertex 170.67150807331058 -17.444347810765386 52.8
      vertex 170.67150807331058 -17.444347810765386 54.19999999850988
    endloop
  endfacet
  facet normal 0.476496476668678 0.6933066756835251 0.5406264525298363
    outer loop
      vertex 170.03857011497232 -16.46349583673571 53.50000000298023
      vertex 169.7740667540683 -16.82755348058785 54.19999999850988
      vertex 170.91659563663262 -17.066946058939095 53.50000000298023
    endloop
  endfacet
  facet normal 0.5790870732596822 0.610230448608188 0.5406264525298267
    outer loop
      vertex 168.38319215960016 -15.122997199572344 53.50000000298023
      vertex 167.29217895342714 -14.707821046572848 54.19999999850988
      vertex 168.08208338972992 -15.457412367715056 54.19999999850988
    endloop
  endfacet
  facet normal 0.5463564604952448 0.6397012247136405 0.5406264525298189
    outer loop
      vertex 169.19333004119804 -15.814920316807395 53.50000000298023
      vertex 168.08208338972992 -15.457412367715056 54.19999999850988
      vertex 168.9101358680389 -16.16463599598892 54.19999999850988
    endloop
  endfacet
  facet normal 0.5121283226493494 0.6674186242272295 0.5406264525298369
    outer loop
      vertex 170.03857011497232 -16.46349583673571 53.50000000298023
      vertex 168.9101358680389 -16.16463599598892 54.19999999850988
      vertex 169.7740667540683 -16.82755348058785 54.19999999850988
    endloop
  endfacet
  facet normal 0.47649647666867545 0.6933066756835319 0.5406264525298299
    outer loop
      vertex 170.91659563663262 -17.066946058939095 53.50000000298023
      vertex 169.7740667540683 -16.82755348058785 54.19999999850988
      vertex 170.67150807331058 -17.444347810765386 54.19999999850988
    endloop
  endfacet
  facet normal -0.9025852843498616 -0.4305110968082932 0
    outer loop
      vertex 163.46706429953736 -9.443002393229575 52.8
      vertex 163.46706429953736 -9.443002393229575 54.19999999850988
      vertex 162.99825448375648 -8.460122174764475 52.8
    endloop
  endfacet
  facet normal 0.7593113938127729 0.3621729565476278 -0.5406264484573929
    outer loop
      vertex 163.46706429953736 -9.443002393229575 52.8
      vertex 162.99825448375648 -8.460122174764475 52.8
      vertex 163.40934993561177 -8.27709068719862 53.50000000298023
    endloop
  endfacet
  facet normal -0.9025852843498616 -0.4305110968082932 0
    outer loop
      vertex 162.99825448375648 -8.460122174764475 52.8
      vertex 163.46706429953736 -9.443002393229575 54.19999999850988
      vertex 162.99825448375648 -8.460122174764475 54.19999999850988
    endloop
  endfacet
  facet normal -0.8788171126619648 -0.4771587602596096 0
    outer loop
      vertex 163.46706429953736 -9.443002393229575 52.8
      vertex 163.98667160386464 -10.399999998509884 52.8
      vertex 163.98667160386464 -10.399999998509884 54.19999999850988
    endloop
  endfacet
  facet normal -0.8526401643540903 -0.522498564715952 0
    outer loop
      vertex 164.55565218923462 -11.328491926689413 52.8
      vertex 164.55565218923462 -11.328491926689413 54.19999999850988
      vertex 163.98667160386464 -10.399999998509884 52.8
    endloop
  endfacet
  facet normal 0.7172944239643781 0.4395585883337401 -0.540626448457399
    outer loop
      vertex 164.55565218923462 -11.328491926689413 52.8
      vertex 164.3763830316962 -10.175000000745058 53.50000000298023
      vertex 164.9330539410609 -11.083404363367377 53.50000000298023
    endloop
  endfacet
  facet normal 0.7172944239643657 0.4395585883337455 -0.540626448457411
    outer loop
      vertex 164.55565218923462 -11.328491926689413 52.8
      vertex 163.98667160386464 -10.399999998509884 52.8
      vertex 164.3763830316962 -10.175000000745058 53.50000000298023
    endloop
  endfacet
  facet normal -0.8526401643540903 -0.522498564715952 0
    outer loop
      vertex 163.98667160386464 -10.399999998509884 52.8
      vertex 164.55565218923462 -11.328491926689413 54.19999999850988
      vertex 163.98667160386464 -10.399999998509884 54.19999999850988
    endloop
  endfacet
  facet normal 0.717294421732937 0.43955858696631134 0.5406264525298324
    outer loop
      vertex 164.9330539410609 -11.083404363367377 53.50000000298023
      vertex 164.3763830316962 -10.175000000745058 53.50000000298023
      vertex 163.98667160386464 -10.399999998509884 54.19999999850988
    endloop
  endfacet
  facet normal -0.8788171126619648 -0.4771587602596096 0
    outer loop
      vertex 163.46706429953736 -9.443002393229575 52.8
      vertex 163.98667160386464 -10.399999998509884 54.19999999850988
      vertex 163.46706429953736 -9.443002393229575 54.19999999850988
    endloop
  endfacet
  facet normal 0.739316115930834 0.40141589897919894 -0.540626448457405
    outer loop
      vertex 163.46706429953736 -9.443002393229575 52.8
      vertex 163.868017231439 -9.238706670376274 53.50000000298023
      vertex 163.98667160386464 -10.399999998509884 52.8
    endloop
  endfacet
  facet normal 0.7393161136308896 0.4014158977304376 0.5406264525298263
    outer loop
      vertex 164.3763830316962 -10.175000000745058 53.50000000298023
      vertex 163.868017231439 -9.238706670376274 53.50000000298023
      vertex 163.46706429953736 -9.443002393229575 54.19999999850988
    endloop
  endfacet
  facet normal 0.759311393812761 0.36217295654763454 -0.5406264484574052
    outer loop
      vertex 163.46706429953736 -9.443002393229575 52.8
      vertex 163.40934993561177 -8.27709068719862 53.50000000298023
      vertex 163.868017231439 -9.238706670376274 53.50000000298023
    endloop
  endfacet
  facet normal 0.7593113914506231 0.36217295542095257 0.540626452529814
    outer loop
      vertex 163.40934993561177 -8.27709068719862 53.50000000298023
      vertex 162.99825448375648 -8.460122174764475 54.19999999850988
      vertex 163.868017231439 -9.238706670376274 53.50000000298023
    endloop
  endfacet
  facet normal 0.7393161159308277 0.40141589897920205 -0.5406264484574114
    outer loop
      vertex 163.98667160386464 -10.399999998509884 52.8
      vertex 163.868017231439 -9.238706670376274 53.50000000298023
      vertex 164.3763830316962 -10.175000000745058 53.50000000298023
    endloop
  endfacet
  facet normal 0.7172944217329379 0.4395585869663247 0.5406264525298204
    outer loop
      vertex 164.9330539410609 -11.083404363367377 53.50000000298023
      vertex 163.98667160386464 -10.399999998509884 54.19999999850988
      vertex 164.55565218923462 -11.328491926689413 54.19999999850988
    endloop
  endfacet
  facet normal 0.7393161136308887 0.40141589773043057 0.5406264525298325
    outer loop
      vertex 164.3763830316962 -10.175000000745058 53.50000000298023
      vertex 163.46706429953736 -9.443002393229575 54.19999999850988
      vertex 163.98667160386464 -10.399999998509884 54.19999999850988
    endloop
  endfacet
  facet normal 0.7593113914506209 0.36217295542093897 0.5406264525298263
    outer loop
      vertex 163.868017231439 -9.238706670376274 53.50000000298023
      vertex 162.99825448375648 -8.460122174764475 54.19999999850988
      vertex 163.46706429953736 -9.443002393229575 54.19999999850988
    endloop
  endfacet
  facet normal -0.9238795325112837 -0.382683432365097 0
    outer loop
      vertex 162.99825448375648 -8.460122174764475 52.8
      vertex 162.99825448375648 -8.460122174764475 54.19999999850988
      vertex 162.58152713164048 -7.454053349474226 52.8
    endloop
  endfacet
  facet normal 0.7772254519433511 0.321937323216492 -0.5406264484573926
    outer loop
      vertex 162.99825448375648 -8.460122174764475 52.8
      vertex 163.0016383193908 -7.29278777378087 53.50000000298023
      vertex 163.40934993561177 -8.27709068719862 53.50000000298023
    endloop
  endfacet
  facet normal 0.777225451943342 0.32193732321649765 -0.5406264484574019
    outer loop
      vertex 162.99825448375648 -8.460122174764475 52.8
      vertex 162.58152713164048 -7.454053349474226 52.8
      vertex 163.0016383193908 -7.29278777378087 53.50000000298023
    endloop
  endfacet
  facet normal -0.9238795325112837 -0.382683432365097 0
    outer loop
      vertex 162.58152713164048 -7.454053349474226 52.8
      vertex 162.99825448375648 -8.460122174764475 54.19999999850988
      vertex 162.58152713164048 -7.454053349474226 54.19999999850988
    endloop
  endfacet
  facet normal 0.7772254495254713 0.32193732221497334 0.5406264525298234
    outer loop
      vertex 163.40934993561177 -8.27709068719862 53.50000000298023
      vertex 163.0016383193908 -7.29278777378087 53.50000000298023
      vertex 162.58152713164048 -7.454053349474226 54.19999999850988
    endloop
  endfacet
  facet normal -0.9426414910921803 -0.33380685923376546 0
    outer loop
      vertex 162.21802446389518 -6.427553482077964 52.8
      vertex 162.58152713164048 -7.454053349474226 52.8
      vertex 162.58152713164048 -7.454053349474226 54.19999999850988
    endloop
  endfacet
  facet normal 0.79300918913443 0.2808192820600055 -0.5406264484573956
    outer loop
      vertex 162.21802446389518 -6.427553482077964 52.8
      vertex 162.64599989197643 -6.288495835990651 53.50000000298023
      vertex 162.58152713164048 -7.454053349474226 52.8
    endloop
  endfacet
  facet normal -0.9426414910921803 -0.33380685923376546 0
    outer loop
      vertex 162.21802446389518 -6.427553482077964 52.8
      vertex 162.58152713164048 -7.454053349474226 54.19999999850988
      vertex 162.21802446389518 -6.427553482077964 54.19999999850988
    endloop
  endfacet
  facet normal -0.95881973486819 -0.2840153447039325 0
    outer loop
      vertex 162.21802446389518 -6.427553482077964 52.8
      vertex 162.21802446389518 -6.427553482077964 54.19999999850988
      vertex 161.90874281606605 -5.38343613736109 52.8
    endloop
  endfacet
  facet normal 0.8066193432594887 0.2389315347708934 -0.5406264484573952
    outer loop
      vertex 162.21802446389518 -6.427553482077964 52.8
      vertex 162.34340943357813 -5.266967568221967 53.50000000298023
      vertex 162.64599989197643 -6.288495835990651 53.50000000298023
    endloop
  endfacet
  facet normal 0.793009189134424 0.2808192820600098 -0.540626448457402
    outer loop
      vertex 162.58152713164048 -7.454053349474226 52.8
      vertex 162.64599989197643 -6.288495835990651 53.50000000298023
      vertex 163.0016383193908 -7.29278777378087 53.50000000298023
    endloop
  endfacet
  facet normal 0.7930091866674522 0.28081928118640925 0.5406264525298169
    outer loop
      vertex 163.0016383193908 -7.29278777378087 53.50000000298023
      vertex 162.64599989197643 -6.288495835990651 53.50000000298023
      vertex 162.21802446389518 -6.427553482077964 54.19999999850988
    endloop
  endfacet
  facet normal 0.7772254495254737 0.3219373222149837 0.540626452529814
    outer loop
      vertex 163.40934993561177 -8.27709068719862 53.50000000298023
      vertex 162.58152713164048 -7.454053349474226 54.19999999850988
      vertex 162.99825448375648 -8.460122174764475 54.19999999850988
    endloop
  endfacet
  facet normal 0.8066193407501657 0.2389315340276248 0.5406264525298168
    outer loop
      vertex 162.64599989197643 -6.288495835990651 53.50000000298023
      vertex 161.90874281606605 -5.38343613736109 54.19999999850988
      vertex 162.21802446389518 -6.427553482077964 54.19999999850988
    endloop
  endfacet
  facet normal 0.7930091866674503 0.2808192811864022 0.5406264525298233
    outer loop
      vertex 163.0016383193908 -7.29278777378087 53.50000000298023
      vertex 162.21802446389518 -6.427553482077964 54.19999999850988
      vertex 162.58152713164048 -7.454053349474226 54.19999999850988
    endloop
  endfacet
  facet normal -0.9723699203976784 -0.23344536385589745 0
    outer loop
      vertex 161.90874281606605 -5.38343613736109 52.8
      vertex 161.90874281606605 -5.38343613736109 54.19999999850988
      vertex 161.65452990765195 -4.324563168389769 52.8
    endloop
  endfacet
  facet normal -0.9723699203976784 -0.23344536385589745 0
    outer loop
      vertex 161.65452990765195 -4.324563168389769 52.8
      vertex 161.90874281606605 -5.38343613736109 54.19999999850988
      vertex 161.65452990765195 -4.324563168389769 54.19999999850988
    endloop
  endfacet
  facet normal -0.9832549075639538 -0.18223552549215097 0
    outer loop
      vertex 161.65452990765195 -4.324563168389769 52.8
      vertex 161.65452990765195 -4.324563168389769 54.19999999850988
      vertex 161.45608251856467 -3.253836872370591 52.8
    endloop
  endfacet
  facet normal -0.9832549075639538 -0.18223552549215097 0
    outer loop
      vertex 161.45608251856467 -3.253836872370591 52.8
      vertex 161.65452990765195 -4.324563168389769 54.19999999850988
      vertex 161.45608251856467 -3.253836872370591 54.19999999850988
    endloop
  endfacet
  facet normal -0.9914448613738129 -0.1305261922200329 0
    outer loop
      vertex 161.45608251856467 -3.253836872370591 52.8
      vertex 161.45608251856467 -3.253836872370591 54.19999999850988
      vertex 161.31394457930384 -2.174192035655673 52.8
    endloop
  endfacet
  facet normal 0.8271757442549157 0.15330796243074024 -0.5406264484573993
    outer loop
      vertex 161.65452990765195 -4.324563168389769 52.8
      vertex 161.45608251856467 -3.253836872370591 52.8
      vertex 161.90054226741717 -3.1834413638018035 53.50000000298023
    endloop
  endfacet
  facet normal 0.8271757416816506 0.1533079619538163 0.5406264525298206
    outer loop
      vertex 162.0946963236095 -4.231002908451215 53.50000000298023
      vertex 161.90054226741717 -3.1834413638018035 53.50000000298023
      vertex 161.45608251856467 -3.253836872370591 54.19999999850988
    endloop
  endfacet
  facet normal 0.8271757416816494 0.15330796195381355 0.5406264525298233
    outer loop
      vertex 162.0946963236095 -4.231002908451215 53.50000000298023
      vertex 161.45608251856467 -3.253836872370591 54.19999999850988
      vertex 161.65452990765195 -4.324563168389769 54.19999999850988
    endloop
  endfacet
  facet normal 0.8340656474590352 0.10980682563981439 -0.5406264484573872
    outer loop
      vertex 161.45608251856467 -3.253836872370591 52.8
      vertex 161.31394457930384 -2.174192035655673 52.8
      vertex 161.76147942777368 -2.1271542276525075 53.50000000298023
    endloop
  endfacet
  facet normal -0.9914448613738129 -0.1305261922200329 0
    outer loop
      vertex 161.31394457930384 -2.174192035655673 52.8
      vertex 161.45608251856467 -3.253836872370591 54.19999999850988
      vertex 161.31394457930384 -2.174192035655673 54.19999999850988
    endloop
  endfacet
  facet normal 0.834065647459026 0.1098068256398243 -0.5406264484573992
    outer loop
      vertex 161.45608251856467 -3.253836872370591 52.8
      vertex 161.76147942777368 -2.1271542276525075 53.50000000298023
      vertex 161.90054226741717 -3.1834413638018035 53.50000000298023
    endloop
  endfacet
  facet normal 0.8340656448643352 0.1098068252982268 0.5406264525298083
    outer loop
      vertex 161.90054226741717 -3.1834413638018035 53.50000000298023
      vertex 161.76147942777368 -2.1271542276525075 53.50000000298023
      vertex 161.31394457930384 -2.174192035655673 54.19999999850988
    endloop
  endfacet
  facet normal -0.996917333733127 -0.07845909572785668 0
    outer loop
      vertex 161.31394457930384 -2.174192035655673 52.8
      vertex 161.31394457930384 -2.174192035655673 54.19999999850988
      vertex 161.228505680081 -1.0885878896972585 52.8
    endloop
  endfacet
  facet normal 0.8386694346986392 0.06600471597243074 -0.5406264484574018
    outer loop
      vertex 161.31394457930384 -2.174192035655673 52.8
      vertex 161.228505680081 -1.0885878896972585 52.8
      vertex 161.67788896625635 -1.0650367096218938 53.50000000298023
    endloop
  endfacet
  facet normal -0.996917333733127 -0.07845909572785668 0
    outer loop
      vertex 161.228505680081 -1.0885878896972585 52.8
      vertex 161.31394457930384 -2.174192035655673 54.19999999850988
      vertex 161.228505680081 -1.0885878896972585 54.19999999850988
    endloop
  endfacet
  facet normal 0.8386694346986499 0.06600471597241783 -0.5406264484573868
    outer loop
      vertex 161.31394457930384 -2.174192035655673 52.8
      vertex 161.67788896625635 -1.0650367096218938 53.50000000298023
      vertex 161.76147942777368 -2.1271542276525075 53.50000000298023
    endloop
  endfacet
  facet normal -0.9996573249755573 -0.026176948307875487 0
    outer loop
      vertex 161.228505680081 -1.0885878896972585 52.8
      vertex 161.228505680081 -1.0885878896972585 54.19999999850988
      vertex 161.20000000298023 0 52.8
    endloop
  endfacet
  facet normal 0.8386694320896199 0.06600471576708272 0.5406264525298233
    outer loop
      vertex 161.76147942777368 -2.1271542276525075 53.50000000298023
      vertex 161.67788896625635 -1.0650367096218938 53.50000000298023
      vertex 161.228505680081 -1.0885878896972585 54.19999999850988
    endloop
  endfacet
  facet normal 0.8409744873129431 0.02202169196646588 -0.5406264484574045
    outer loop
      vertex 161.228505680081 -1.0885878896972585 52.8
      vertex 161.20000000298023 0 52.8
      vertex 161.64999999850988 0 53.50000000298023
    endloop
  endfacet
  facet normal -0.9996573249755573 -0.026176948307875487 0
    outer loop
      vertex 161.228505680081 -1.0885878896972585 54.19999999850988
      vertex 161.20000000298023 0 54.19999999850988
      vertex 161.20000000298023 0 52.8
    endloop
  endfacet
  facet normal 0.8409744846967521 0.022021691897956146 0.5406264525298258
    outer loop
      vertex 161.67788896625635 -1.0650367096218938 53.50000000298023
      vertex 161.64999999850988 0 53.50000000298023
      vertex 161.20000000298023 0 54.19999999850988
    endloop
  endfacet
  facet normal 0.8409744873129448 0.022021691966463527 -0.5406264484574018
    outer loop
      vertex 161.228505680081 -1.0885878896972585 52.8
      vertex 161.64999999850988 0 53.50000000298023
      vertex 161.67788896625635 -1.0650367096218938 53.50000000298023
    endloop
  endfacet
  facet normal 0.8340656448643291 0.10980682529821488 0.5406264525298203
    outer loop
      vertex 161.90054226741717 -3.1834413638018035 53.50000000298023
      vertex 161.31394457930384 -2.174192035655673 54.19999999850988
      vertex 161.45608251856467 -3.253836872370591 54.19999999850988
    endloop
  endfacet
  facet normal 0.8386694320896282 0.06600471576709716 0.5406264525298083
    outer loop
      vertex 161.76147942777368 -2.1271542276525075 53.50000000298023
      vertex 161.228505680081 -1.0885878896972585 54.19999999850988
      vertex 161.31394457930384 -2.174192035655673 54.19999999850988
    endloop
  endfacet
  facet normal 0.8409744846967536 0.022021691897958558 0.5406264525298232
    outer loop
      vertex 161.67788896625635 -1.0650367096218938 53.50000000298023
      vertex 161.20000000298023 0 54.19999999850988
      vertex 161.228505680081 -1.0885878896972585 54.19999999850988
    endloop
  endfacet
  facet normal 0.8066193432594643 0.2389315347709129 -0.540626448457423
    outer loop
      vertex 162.21802446389518 -6.427553482077964 52.8
      vertex 161.90874281606605 -5.38343613736109 52.8
      vertex 162.34340943357813 -5.266967568221967 53.50000000298023
    endloop
  endfacet
  facet normal -0.95881973486819 -0.2840153447039325 0
    outer loop
      vertex 161.90874281606605 -5.38343613736109 52.8
      vertex 162.21802446389518 -6.427553482077964 54.19999999850988
      vertex 161.90874281606605 -5.38343613736109 54.19999999850988
    endloop
  endfacet
  facet normal 0.8066193407501557 0.2389315340275951 0.5406264525298446
    outer loop
      vertex 162.34340943357813 -5.266967568221967 53.50000000298023
      vertex 161.90874281606605 -5.38343613736109 54.19999999850988
      vertex 162.64599989197643 -6.288495835990651 53.50000000298023
    endloop
  endfacet
  facet normal 0.8180186098320672 0.19638889275293764 -0.5406264484574237
    outer loop
      vertex 161.90874281606605 -5.38343613736109 52.8
      vertex 162.0946963236095 -4.231002908451215 53.50000000298023
      vertex 162.34340943357813 -5.266967568221967 53.50000000298023
    endloop
  endfacet
  facet normal 0.8180186098320854 0.1963888927529216 -0.540626448457402
    outer loop
      vertex 161.90874281606605 -5.38343613736109 52.8
      vertex 161.65452990765195 -4.324563168389769 52.8
      vertex 162.0946963236095 -4.231002908451215 53.50000000298023
    endloop
  endfacet
  facet normal 0.8180186072873032 0.1963888921419938 0.5406264525298231
    outer loop
      vertex 162.34340943357813 -5.266967568221967 53.50000000298023
      vertex 162.0946963236095 -4.231002908451215 53.50000000298023
      vertex 161.65452990765195 -4.324563168389769 54.19999999850988
    endloop
  endfacet
  facet normal 0.8271757442549136 0.15330796243074238 -0.540626448457402
    outer loop
      vertex 161.65452990765195 -4.324563168389769 52.8
      vertex 161.90054226741717 -3.1834413638018035 53.50000000298023
      vertex 162.0946963236095 -4.231002908451215 53.50000000298023
    endloop
  endfacet
  facet normal 0.8180186072872944 0.19638889214197136 0.5406264525298446
    outer loop
      vertex 162.34340943357813 -5.266967568221967 53.50000000298023
      vertex 161.65452990765195 -4.324563168389769 54.19999999850988
      vertex 161.90874281606605 -5.38343613736109 54.19999999850988
    endloop
  endfacet
  facet normal 0.6933066756835395 0.4764964766686746 0.5406264525298206
    outer loop
      vertex 164.9330539410609 -11.083404363367377 53.50000000298023
      vertex 164.55565218923462 -11.328491926689413 54.19999999850988
      vertex 165.53650416326428 -11.961429885027696 53.50000000298023
    endloop
  endfacet
  facet normal -0.5224985647159454 -0.8526401643540944 0
    outer loop
      vertex 170.67150807331058 -17.444347810765386 52.8
      vertex 171.60000000149012 -18.013328396135368 54.19999999850988
      vertex 170.67150807331058 -17.444347810765386 54.19999999850988
    endloop
  endfacet
  facet normal 0.43955858833374073 0.7172944239643708 -0.5406264484574081
    outer loop
      vertex 170.67150807331058 -17.444347810765386 52.8
      vertex 170.91659563663262 -17.066946058939095 53.50000000298023
      vertex 171.60000000149012 -18.013328396135368 52.8
    endloop
  endfacet
  facet normal 0.4395585869663177 0.7172944217329353 0.5406264525298294
    outer loop
      vertex 170.91659563663262 -17.066946058939095 53.50000000298023
      vertex 170.67150807331058 -17.444347810765386 54.19999999850988
      vertex 171.82499999925494 -17.623616968303804 53.50000000298023
    endloop
  endfacet
  facet normal -0.4771587602596022 -0.8788171126619686 0
    outer loop
      vertex 171.60000000149012 -18.013328396135368 52.8
      vertex 172.55699760677044 -18.532935700462644 54.19999999850988
      vertex 171.60000000149012 -18.013328396135368 54.19999999850988
    endloop
  endfacet
  facet normal -0.5224985647159454 -0.8526401643540944 0
    outer loop
      vertex 170.67150807331058 -17.444347810765386 52.8
      vertex 171.60000000149012 -18.013328396135368 52.8
      vertex 171.60000000149012 -18.013328396135368 54.19999999850988
    endloop
  endfacet
  facet normal 0.4395585883337432 0.7172944239643708 -0.5406264484574059
    outer loop
      vertex 171.60000000149012 -18.013328396135368 52.8
      vertex 170.91659563663262 -17.066946058939095 53.50000000298023
      vertex 171.82499999925494 -17.623616968303804 53.50000000298023
    endloop
  endfacet
  facet normal -0.4305110968083015 -0.9025852843498576 0
    outer loop
      vertex 172.55699760677044 -18.532935700462644 52.8
      vertex 173.53987782523552 -19.00174551624352 54.19999999850988
      vertex 172.55699760677044 -18.532935700462644 54.19999999850988
    endloop
  endfacet
  facet normal -0.4305110968083015 -0.9025852843498576 0
    outer loop
      vertex 172.55699760677044 -18.532935700462644 52.8
      vertex 173.53987782523552 -19.00174551624352 52.8
      vertex 173.53987782523552 -19.00174551624352 54.19999999850988
    endloop
  endfacet
  facet normal -0.4771587602596022 -0.8788171126619686 0
    outer loop
      vertex 172.55699760677044 -18.532935700462644 52.8
      vertex 172.55699760677044 -18.532935700462644 54.19999999850988
      vertex 171.60000000149012 -18.013328396135368 52.8
    endloop
  endfacet
  facet normal 0.4014158989791925 0.7393161159308369 -0.5406264484574058
    outer loop
      vertex 172.55699760677044 -18.532935700462644 52.8
      vertex 171.60000000149012 -18.013328396135368 52.8
      vertex 171.82499999925494 -17.623616968303804 53.50000000298023
    endloop
  endfacet
  facet normal 0.40141589897920205 0.7393161159308379 -0.5406264484573974
    outer loop
      vertex 172.55699760677044 -18.532935700462644 52.8
      vertex 171.82499999925494 -17.623616968303804 53.50000000298023
      vertex 172.76129332962373 -18.13198276856099 53.50000000298023
    endloop
  endfacet
  facet normal 0.40141589773043296 0.7393161136308913 0.5406264525298273
    outer loop
      vertex 171.82499999925494 -17.623616968303804 53.50000000298023
      vertex 171.60000000149012 -18.013328396135368 54.19999999850988
      vertex 172.76129332962373 -18.13198276856099 53.50000000298023
    endloop
  endfacet
  facet normal 0.3621729565476335 0.7593113938127667 -0.5406264484573978
    outer loop
      vertex 172.55699760677044 -18.532935700462644 52.8
      vertex 172.76129332962373 -18.13198276856099 53.50000000298023
      vertex 173.53987782523552 -19.00174551624352 52.8
    endloop
  endfacet
  facet normal 0.36217295542093886 0.7593113914506261 0.5406264525298191
    outer loop
      vertex 173.7229093128014 -18.590650064388218 53.50000000298023
      vertex 172.76129332962373 -18.13198276856099 53.50000000298023
      vertex 172.55699760677044 -18.532935700462644 54.19999999850988
    endloop
  endfacet
  facet normal 0.36217295654762105 0.7593113938127647 -0.5406264484574089
    outer loop
      vertex 173.53987782523552 -19.00174551624352 52.8
      vertex 172.76129332962373 -18.13198276856099 53.50000000298023
      vertex 173.7229093128014 -18.590650064388218 53.50000000298023
    endloop
  endfacet
  facet normal 0.4395585869663168 0.7172944217329376 0.5406264525298273
    outer loop
      vertex 170.67150807331058 -17.444347810765386 54.19999999850988
      vertex 171.60000000149012 -18.013328396135368 54.19999999850988
      vertex 171.82499999925494 -17.623616968303804 53.50000000298023
    endloop
  endfacet
  facet normal 0.36217295542094496 0.7593113914506152 0.5406264525298302
    outer loop
      vertex 173.7229093128014 -18.590650064388218 53.50000000298023
      vertex 172.55699760677044 -18.532935700462644 54.19999999850988
      vertex 173.53987782523552 -19.00174551624352 54.19999999850988
    endloop
  endfacet
  facet normal 0.4014158977304287 0.7393161136308999 0.5406264525298187
    outer loop
      vertex 172.76129332962373 -18.13198276856099 53.50000000298023
      vertex 171.60000000149012 -18.013328396135368 54.19999999850988
      vertex 172.55699760677044 -18.532935700462644 54.19999999850988
    endloop
  endfacet
  facet normal -0.38268343236509095 -0.9238795325112863 0
    outer loop
      vertex 173.53987782523552 -19.00174551624352 52.8
      vertex 174.54594665052576 -19.41847286835951 54.19999999850988
      vertex 173.53987782523552 -19.00174551624352 54.19999999850988
    endloop
  endfacet
  facet normal 0.321937323216491 0.7772254519433405 -0.5406264484574084
    outer loop
      vertex 173.53987782523552 -19.00174551624352 52.8
      vertex 173.7229093128014 -18.590650064388218 53.50000000298023
      vertex 174.54594665052576 -19.41847286835951 52.8
    endloop
  endfacet
  facet normal 0.32193732221497795 0.7772254495254651 0.5406264525298298
    outer loop
      vertex 173.7229093128014 -18.590650064388218 53.50000000298023
      vertex 173.53987782523552 -19.00174551624352 54.19999999850988
      vertex 174.70721222621913 -18.9983616806092 53.50000000298023
    endloop
  endfacet
  facet normal -0.38268343236509095 -0.9238795325112863 0
    outer loop
      vertex 173.53987782523552 -19.00174551624352 52.8
      vertex 174.54594665052576 -19.41847286835951 52.8
      vertex 174.54594665052576 -19.41847286835951 54.19999999850988
    endloop
  endfacet
  facet normal 0.32193732321649504 0.7772254519433414 -0.5406264484574046
    outer loop
      vertex 174.54594665052576 -19.41847286835951 52.8
      vertex 173.7229093128014 -18.590650064388218 53.50000000298023
      vertex 174.70721222621913 -18.9983616806092 53.50000000298023
    endloop
  endfacet
  facet normal -0.3338068592337695 -0.9426414910921789 0
    outer loop
      vertex 174.54594665052576 -19.41847286835951 52.8
      vertex 175.57244651792203 -19.781975536104824 54.19999999850988
      vertex 174.54594665052576 -19.41847286835951 54.19999999850988
    endloop
  endfacet
  facet normal -0.3338068592337695 -0.9426414910921789 0
    outer loop
      vertex 174.54594665052576 -19.41847286835951 52.8
      vertex 175.57244651792203 -19.781975536104824 52.8
      vertex 175.57244651792203 -19.781975536104824 54.19999999850988
    endloop
  endfacet
  facet normal 0.28081928206000706 0.7930091891344235 -0.5406264484574044
    outer loop
      vertex 174.54594665052576 -19.41847286835951 52.8
      vertex 174.70721222621913 -18.9983616806092 53.50000000298023
      vertex 175.57244651792203 -19.781975536104824 52.8
    endloop
  endfacet
  facet normal 0.2808192811864062 0.7930091866674474 0.5406264525298257
    outer loop
      vertex 174.70721222621913 -18.9983616806092 53.50000000298023
      vertex 174.54594665052576 -19.41847286835951 54.19999999850988
      vertex 175.71150416400934 -19.35400010802356 53.50000000298023
    endloop
  endfacet
  facet normal 0.28081928206000834 0.793009189134424 -0.540626448457403
    outer loop
      vertex 175.57244651792203 -19.781975536104824 52.8
      vertex 174.70721222621913 -18.9983616806092 53.50000000298023
      vertex 175.71150416400934 -19.35400010802356 53.50000000298023
    endloop
  endfacet
  facet normal -0.2840153447039218 -0.9588197348681934 0
    outer loop
      vertex 175.57244651792203 -19.781975536104824 52.8
      vertex 176.6165638626389 -20.091257183933937 54.19999999850988
      vertex 175.57244651792203 -19.781975536104824 54.19999999850988
    endloop
  endfacet
  facet normal 0.23893153477090745 0.8066193432594791 -0.5406264484574033
    outer loop
      vertex 175.57244651792203 -19.781975536104824 52.8
      vertex 175.71150416400934 -19.35400010802356 53.50000000298023
      vertex 176.6165638626389 -20.091257183933937 52.8
    endloop
  endfacet
  facet normal 0.238931534027613 0.8066193407501638 0.5406264525298244
    outer loop
      vertex 176.73303243177804 -19.656590566421883 53.50000000298023
      vertex 175.71150416400934 -19.35400010802356 53.50000000298023
      vertex 175.57244651792203 -19.781975536104824 54.19999999850988
    endloop
  endfacet
  facet normal 0.3219373222149757 0.7772254495254686 0.540626452529826
    outer loop
      vertex 174.70721222621913 -18.9983616806092 53.50000000298023
      vertex 173.53987782523552 -19.00174551624352 54.19999999850988
      vertex 174.54594665052576 -19.41847286835951 54.19999999850988
    endloop
  endfacet
  facet normal 0.28081928118640537 0.7930091866674486 0.5406264525298243
    outer loop
      vertex 175.71150416400934 -19.35400010802356 53.50000000298023
      vertex 174.54594665052576 -19.41847286835951 54.19999999850988
      vertex 175.57244651792203 -19.781975536104824 54.19999999850988
    endloop
  endfacet
  facet normal 0.47649647815101537 0.6933066778403394 -0.5406264484574085
    outer loop
      vertex 170.67150807331058 -17.444347810765386 52.8
      vertex 170.03857011497232 -16.46349583673571 53.50000000298023
      vertex 170.91659563663262 -17.066946058939095 53.50000000298023
    endloop
  endfacet
  facet normal -0.23344536385590803 -0.9723699203976759 0
    outer loop
      vertex 176.6165638626389 -20.091257183933937 52.8
      vertex 177.67543683161023 -20.34547009234805 52.8
      vertex 177.67543683161023 -20.34547009234805 54.19999999850988
    endloop
  endfacet
  facet normal -0.23344536385590803 -0.9723699203976759 0
    outer loop
      vertex 176.6165638626389 -20.091257183933937 52.8
      vertex 177.67543683161023 -20.34547009234805 54.19999999850988
      vertex 176.6165638626389 -20.091257183933937 54.19999999850988
    endloop
  endfacet
  facet normal -0.1822355254921461 -0.9832549075639548 0
    outer loop
      vertex 177.67543683161023 -20.34547009234805 52.8
      vertex 178.74616312762942 -20.543917481435326 54.19999999850988
      vertex 177.67543683161023 -20.34547009234805 54.19999999850988
    endloop
  endfacet
  facet normal 0.1533079624307355 0.8271757442549127 -0.5406264484574052
    outer loop
      vertex 177.67543683161023 -20.34547009234805 52.8
      vertex 177.76899709154878 -19.9053036763905 53.50000000298023
      vertex 178.74616312762942 -20.543917481435326 52.8
    endloop
  endfacet
  facet normal -0.1822355254921461 -0.9832549075639548 0
    outer loop
      vertex 177.67543683161023 -20.34547009234805 52.8
      vertex 178.74616312762942 -20.543917481435326 52.8
      vertex 178.74616312762942 -20.543917481435326 54.19999999850988
    endloop
  endfacet
  facet normal 0.15330796243073433 0.8271757442549122 -0.5406264484574063
    outer loop
      vertex 178.74616312762942 -20.543917481435326 52.8
      vertex 177.76899709154878 -19.9053036763905 53.50000000298023
      vertex 178.8165586361982 -20.099457732582824 53.50000000298023
    endloop
  endfacet
  facet normal -0.13052619222004871 -0.9914448613738108 0
    outer loop
      vertex 178.74616312762942 -20.543917481435326 52.8
      vertex 179.82580796434434 -20.686055420696178 54.19999999850988
      vertex 178.74616312762942 -20.543917481435326 54.19999999850988
    endloop
  endfacet
  facet normal 0.15330796195380897 0.8271757416816475 0.5406264525298276
    outer loop
      vertex 178.8165586361982 -20.099457732582824 53.50000000298023
      vertex 177.67543683161023 -20.34547009234805 54.19999999850988
      vertex 178.74616312762942 -20.543917481435326 54.19999999850988
    endloop
  endfacet
  facet normal -0.2840153447039218 -0.9588197348681934 0
    outer loop
      vertex 175.57244651792203 -19.781975536104824 52.8
      vertex 176.6165638626389 -20.091257183933937 52.8
      vertex 176.6165638626389 -20.091257183933937 54.19999999850988
    endloop
  endfacet
  facet normal 0.23893153477090598 0.8066193432594787 -0.5406264484574046
    outer loop
      vertex 176.6165638626389 -20.091257183933937 52.8
      vertex 175.71150416400934 -19.35400010802356 53.50000000298023
      vertex 176.73303243177804 -19.656590566421883 53.50000000298023
    endloop
  endfacet
  facet normal 0.19638889275293017 0.8180186098320819 -0.5406264484574044
    outer loop
      vertex 176.6165638626389 -20.091257183933937 52.8
      vertex 176.73303243177804 -19.656590566421883 53.50000000298023
      vertex 177.67543683161023 -20.34547009234805 52.8
    endloop
  endfacet
  facet normal 0.19638889214198224 0.8180186072873045 0.5406264525298257
    outer loop
      vertex 176.73303243177804 -19.656590566421883 53.50000000298023
      vertex 176.6165638626389 -20.091257183933937 54.19999999850988
      vertex 177.76899709154878 -19.9053036763905 53.50000000298023
    endloop
  endfacet
  facet normal 0.19638889275292915 0.8180186098320814 -0.5406264484574052
    outer loop
      vertex 177.67543683161023 -20.34547009234805 52.8
      vertex 176.73303243177804 -19.656590566421883 53.50000000298023
      vertex 177.76899709154878 -19.9053036763905 53.50000000298023
    endloop
  endfacet
  facet normal 0.1533079619538081 0.8271757416816483 0.5406264525298264
    outer loop
      vertex 177.76899709154878 -19.9053036763905 53.50000000298023
      vertex 177.67543683161023 -20.34547009234805 54.19999999850988
      vertex 178.8165586361982 -20.099457732582824 53.50000000298023
    endloop
  endfacet
  facet normal 0.23893153402761402 0.8066193407501627 0.540626452529826
    outer loop
      vertex 176.73303243177804 -19.656590566421883 53.50000000298023
      vertex 175.57244651792203 -19.781975536104824 54.19999999850988
      vertex 176.6165638626389 -20.091257183933937 54.19999999850988
    endloop
  endfacet
  facet normal 0.1963888921419829 0.8180186072873036 0.5406264525298266
    outer loop
      vertex 177.76899709154878 -19.9053036763905 53.50000000298023
      vertex 176.6165638626389 -20.091257183933937 54.19999999850988
      vertex 177.67543683161023 -20.34547009234805 54.19999999850988
    endloop
  endfacet
  facet normal -0.13052619222004871 -0.9914448613738108 0
    outer loop
      vertex 178.74616312762942 -20.543917481435326 52.8
      vertex 179.82580796434434 -20.686055420696178 52.8
      vertex 179.82580796434434 -20.686055420696178 54.19999999850988
    endloop
  endfacet
  facet normal 0.10980682563982613 0.8340656474590215 -0.5406264484574059
    outer loop
      vertex 178.74616312762942 -20.543917481435326 52.8
      vertex 178.8165586361982 -20.099457732582824 53.50000000298023
      vertex 179.82580796434434 -20.686055420696178 52.8
    endloop
  endfacet
  facet normal 0.10980682529822967 0.8340656448643228 0.5406264525298272
    outer loop
      vertex 178.8165586361982 -20.099457732582824 53.50000000298023
      vertex 178.74616312762942 -20.543917481435326 54.19999999850988
      vertex 179.8728457723475 -20.238520572226314 53.50000000298023
    endloop
  endfacet
  facet normal 0.10980682563982837 0.8340656474590228 -0.5406264484574037
    outer loop
      vertex 179.82580796434434 -20.686055420696178 52.8
      vertex 178.8165586361982 -20.099457732582824 53.50000000298023
      vertex 179.8728457723475 -20.238520572226314 53.50000000298023
    endloop
  endfacet
  facet normal -0.07845909572784485 -0.996917333733128 0
    outer loop
      vertex 179.82580796434434 -20.686055420696178 52.8
      vertex 180.91141211030273 -20.771494319918986 54.19999999850988
      vertex 179.82580796434434 -20.686055420696178 54.19999999850988
    endloop
  endfacet
  facet normal 0.06600471597242065 0.8386694346986385 -0.5406264484574042
    outer loop
      vertex 179.82580796434434 -20.686055420696178 52.8
      vertex 179.8728457723475 -20.238520572226314 53.50000000298023
      vertex 180.91141211030273 -20.771494319918986 52.8
    endloop
  endfacet
  facet normal -0.07845909572784485 -0.996917333733128 0
    outer loop
      vertex 179.82580796434434 -20.686055420696178 52.8
      vertex 180.91141211030273 -20.771494319918986 52.8
      vertex 180.91141211030273 -20.771494319918986 54.19999999850988
    endloop
  endfacet
  facet normal 0.06600471576708791 0.8386694320896179 0.5406264525298254
    outer loop
      vertex 179.8728457723475 -20.238520572226314 53.50000000298023
      vertex 179.82580796434434 -20.686055420696178 54.19999999850988
      vertex 180.9349632903781 -20.322111033743653 53.50000000298023
    endloop
  endfacet
  facet normal 0.06600471597242238 0.8386694346986394 -0.5406264484574024
    outer loop
      vertex 180.91141211030273 -20.771494319918986 52.8
      vertex 179.8728457723475 -20.238520572226314 53.50000000298023
      vertex 180.9349632903781 -20.322111033743653 53.50000000298023
    endloop
  endfacet
  facet normal -0.02617694830787532 -0.9996573249755573 0
    outer loop
      vertex 180.91141211030273 -20.771494319918986 52.8
      vertex 182 -20.799999997019768 54.19999999850988
      vertex 180.91141211030273 -20.771494319918986 54.19999999850988
    endloop
  endfacet
  facet normal 0.022021691966465775 0.8409744873129447 -0.5406264484574022
    outer loop
      vertex 180.91141211030273 -20.771494319918986 52.8
      vertex 180.9349632903781 -20.322111033743653 53.50000000298023
      vertex 182 -20.799999997019768 52.8
    endloop
  endfacet
  facet normal -0.02617694830787532 -0.9996573249755573 0
    outer loop
      vertex 180.91141211030273 -20.771494319918986 52.8
      vertex 182 -20.799999997019768 52.8
      vertex 182 -20.799999997019768 54.19999999850988
    endloop
  endfacet
  facet normal 0.022021691897956205 0.8409744846967535 0.5406264525298234
    outer loop
      vertex 180.9349632903781 -20.322111033743653 53.50000000298023
      vertex 180.91141211030273 -20.771494319918986 54.19999999850988
      vertex 182 -20.350000001490116 53.50000000298023
    endloop
  endfacet
  facet normal 0.022021691966463537 0.8409744873129431 -0.5406264484574044
    outer loop
      vertex 180.9349632903781 -20.322111033743653 53.50000000298023
      vertex 182 -20.350000001490116 53.50000000298023
      vertex 182 -20.799999997019768 52.8
    endloop
  endfacet
  facet normal 0.10980682529822774 0.8340656448643244 0.540626452529825
    outer loop
      vertex 179.8728457723475 -20.238520572226314 53.50000000298023
      vertex 178.74616312762942 -20.543917481435326 54.19999999850988
      vertex 179.82580796434434 -20.686055420696178 54.19999999850988
    endloop
  endfacet
  facet normal 0.06600471576708637 0.8386694320896192 0.5406264525298238
    outer loop
      vertex 180.9349632903781 -20.322111033743653 53.50000000298023
      vertex 179.82580796434434 -20.686055420696178 54.19999999850988
      vertex 180.91141211030273 -20.771494319918986 54.19999999850988
    endloop
  endfacet
  facet normal 0.022021691897958363 0.840974484696752 0.5406264525298258
    outer loop
      vertex 180.91141211030273 -20.771494319918986 54.19999999850988
      vertex 182 -20.799999997019768 54.19999999850988
      vertex 182 -20.350000001490116 53.50000000298023
    endloop
  endfacet
  facet normal 0.8409744873129431 -0.02202169196646355 -0.5406264484574045
    outer loop
      vertex 161.20000000298023 0 52.8
      vertex 161.67788896625635 1.0650367096218938 53.50000000298023
      vertex 161.64999999850988 0 53.50000000298023
    endloop
  endfacet
  facet normal -0.9996573249755573 0.026176948307875487 0
    outer loop
      vertex 161.20000000298023 0 52.8
      vertex 161.20000000298023 0 54.19999999850988
      vertex 161.228505680081 1.0885878896972585 52.8
    endloop
  endfacet
  facet normal 0.8409744873129447 -0.02202169196646592 -0.5406264484574019
    outer loop
      vertex 161.20000000298023 0 52.8
      vertex 161.228505680081 1.0885878896972585 52.8
      vertex 161.67788896625635 1.0650367096218938 53.50000000298023
    endloop
  endfacet
  facet normal 0.8409744846967536 -0.022021691897956188 0.5406264525298232
    outer loop
      vertex 161.64999999850988 0 53.50000000298023
      vertex 161.67788896625635 1.0650367096218938 53.50000000298023
      vertex 161.228505680081 1.0885878896972585 54.19999999850988
    endloop
  endfacet
  facet normal -0.9996573249755573 0.026176948307875487 0
    outer loop
      vertex 161.228505680081 1.0885878896972585 52.8
      vertex 161.20000000298023 0 54.19999999850988
      vertex 161.228505680081 1.0885878896972585 54.19999999850988
    endloop
  endfacet
  facet normal 0.8386694346986402 -0.06600471597241708 -0.540626448457402
    outer loop
      vertex 161.228505680081 1.0885878896972585 52.8
      vertex 161.76147942777368 2.1271542276525075 53.50000000298023
      vertex 161.67788896625635 1.0650367096218938 53.50000000298023
    endloop
  endfacet
  facet normal -0.996917333733127 0.07845909572785668 0
    outer loop
      vertex 161.228505680081 1.0885878896972585 52.8
      vertex 161.228505680081 1.0885878896972585 54.19999999850988
      vertex 161.31394457930384 2.174192035655673 52.8
    endloop
  endfacet
  facet normal 0.8386694346986486 -0.06600471597243149 -0.540626448457387
    outer loop
      vertex 161.228505680081 1.0885878896972585 52.8
      vertex 161.31394457930384 2.174192035655673 52.8
      vertex 161.76147942777368 2.1271542276525075 53.50000000298023
    endloop
  endfacet
  facet normal -0.996917333733127 0.07845909572785668 0
    outer loop
      vertex 161.31394457930384 2.174192035655673 52.8
      vertex 161.228505680081 1.0885878896972585 54.19999999850988
      vertex 161.31394457930384 2.174192035655673 54.19999999850988
    endloop
  endfacet
  facet normal 0.8386694320896294 -0.06600471576708349 0.5406264525298082
    outer loop
      vertex 161.67788896625635 1.0650367096218938 53.50000000298023
      vertex 161.76147942777368 2.1271542276525075 53.50000000298023
      vertex 161.31394457930384 2.174192035655673 54.19999999850988
    endloop
  endfacet
  facet normal -0.9914448613738129 0.1305261922200329 0
    outer loop
      vertex 161.31394457930384 2.174192035655673 52.8
      vertex 161.31394457930384 2.174192035655673 54.19999999850988
      vertex 161.45608251856467 3.253836872370591 52.8
    endloop
  endfacet
  facet normal 0.8340656474590337 -0.10980682563982534 -0.540626448457387
    outer loop
      vertex 161.31394457930384 2.174192035655673 52.8
      vertex 161.90054226741717 3.1834413638018035 53.50000000298023
      vertex 161.76147942777368 2.1271542276525075 53.50000000298023
    endloop
  endfacet
  facet normal 0.8340656474590277 -0.1098068256398134 -0.5406264484573992
    outer loop
      vertex 161.31394457930384 2.174192035655673 52.8
      vertex 161.45608251856467 3.253836872370591 52.8
      vertex 161.90054226741717 3.1834413638018035 53.50000000298023
    endloop
  endfacet
  facet normal 0.8340656448643275 -0.10980682529822577 0.5406264525298206
    outer loop
      vertex 161.76147942777368 2.1271542276525075 53.50000000298023
      vertex 161.90054226741717 3.1834413638018035 53.50000000298023
      vertex 161.45608251856467 3.253836872370591 54.19999999850988
    endloop
  endfacet
  facet normal 0.840974484696752 -0.022021691897958513 0.5406264525298258
    outer loop
      vertex 161.64999999850988 0 53.50000000298023
      vertex 161.228505680081 1.0885878896972585 54.19999999850988
      vertex 161.20000000298023 0 54.19999999850988
    endloop
  endfacet
  facet normal 0.8386694320896189 -0.06600471576709642 0.5406264525298231
    outer loop
      vertex 161.67788896625635 1.0650367096218938 53.50000000298023
      vertex 161.31394457930384 2.174192035655673 54.19999999850988
      vertex 161.228505680081 1.0885878896972585 54.19999999850988
    endloop
  endfacet
  facet normal 0.8340656448643367 -0.10980682529821584 0.5406264525298086
    outer loop
      vertex 161.76147942777368 2.1271542276525075 53.50000000298023
      vertex 161.45608251856467 3.253836872370591 54.19999999850988
      vertex 161.31394457930384 2.174192035655673 54.19999999850988
    endloop
  endfacet
  facet normal -0.9914448613738129 0.1305261922200329 0
    outer loop
      vertex 161.45608251856467 3.253836872370591 52.8
      vertex 161.31394457930384 2.174192035655673 54.19999999850988
      vertex 161.45608251856467 3.253836872370591 54.19999999850988
    endloop
  endfacet
  facet normal 0.8271757442549152 -0.15330796243074266 -0.5406264484573993
    outer loop
      vertex 161.45608251856467 3.253836872370591 52.8
      vertex 162.0946963236095 4.231002908451215 53.50000000298023
      vertex 161.90054226741717 3.1834413638018035 53.50000000298023
    endloop
  endfacet
  facet normal -0.9832549075639538 0.18223552549215097 0
    outer loop
      vertex 161.45608251856467 3.253836872370591 52.8
      vertex 161.45608251856467 3.253836872370591 54.19999999850988
      vertex 161.65452990765195 4.324563168389769 52.8
    endloop
  endfacet
  facet normal 0.827175744254914 -0.15330796243073994 -0.5406264484574019
    outer loop
      vertex 161.45608251856467 3.253836872370591 52.8
      vertex 161.65452990765195 4.324563168389769 52.8
      vertex 162.0946963236095 4.231002908451215 53.50000000298023
    endloop
  endfacet
  facet normal -0.9832549075639538 0.18223552549215097 0
    outer loop
      vertex 161.65452990765195 4.324563168389769 52.8
      vertex 161.45608251856467 3.253836872370591 54.19999999850988
      vertex 161.65452990765195 4.324563168389769 54.19999999850988
    endloop
  endfacet
  facet normal -0.9723699203976784 0.23344536385589745 0
    outer loop
      vertex 161.65452990765195 4.324563168389769 52.8
      vertex 161.65452990765195 4.324563168389769 54.19999999850988
      vertex 161.90874281606605 5.38343613736109 52.8
    endloop
  endfacet
  facet normal -0.9723699203976784 0.23344536385589745 0
    outer loop
      vertex 161.90874281606605 5.38343613736109 52.8
      vertex 161.65452990765195 4.324563168389769 54.19999999850988
      vertex 161.90874281606605 5.38343613736109 54.19999999850988
    endloop
  endfacet
  facet normal 0.8271757416816511 -0.15330796195381383 0.5406264525298207
    outer loop
      vertex 161.90054226741717 3.1834413638018035 53.50000000298023
      vertex 161.65452990765195 4.324563168389769 54.19999999850988
      vertex 161.45608251856467 3.253836872370591 54.19999999850988
    endloop
  endfacet
  facet normal 0.827175741681649 -0.15330796195381596 0.5406264525298232
    outer loop
      vertex 161.90054226741717 3.1834413638018035 53.50000000298023
      vertex 162.0946963236095 4.231002908451215 53.50000000298023
      vertex 161.65452990765195 4.324563168389769 54.19999999850988
    endloop
  endfacet
  facet normal 0.8180186098320809 -0.19638889275294086 -0.5406264484574018
    outer loop
      vertex 161.65452990765195 4.324563168389769 52.8
      vertex 162.34340943357813 5.266967568221967 53.50000000298023
      vertex 162.0946963236095 4.231002908451215 53.50000000298023
    endloop
  endfacet
  facet normal 0.8180186098320721 -0.1963888927529184 -0.5406264484574234
    outer loop
      vertex 161.65452990765195 4.324563168389769 52.8
      vertex 161.90874281606605 5.38343613736109 52.8
      vertex 162.34340943357813 5.266967568221967 53.50000000298023
    endloop
  endfacet
  facet normal 0.8180186072872896 -0.1963888921419905 0.5406264525298449
    outer loop
      vertex 162.0946963236095 4.231002908451215 53.50000000298023
      vertex 162.34340943357813 5.266967568221967 53.50000000298023
      vertex 161.90874281606605 5.38343613736109 54.19999999850988
    endloop
  endfacet
  facet normal -0.95881973486819 0.2840153447039325 0
    outer loop
      vertex 161.90874281606605 5.38343613736109 52.8
      vertex 161.90874281606605 5.38343613736109 54.19999999850988
      vertex 162.21802446389518 6.427553482077964 52.8
    endloop
  endfacet
  facet normal 0.8066193432594713 -0.23893153477088824 -0.5406264484574234
    outer loop
      vertex 161.90874281606605 5.38343613736109 52.8
      vertex 162.64599989197643 6.288495835990651 53.50000000298023
      vertex 162.34340943357813 5.266967568221967 53.50000000298023
    endloop
  endfacet
  facet normal 0.8180186072873078 -0.1963888921419745 0.5406264525298234
    outer loop
      vertex 162.0946963236095 4.231002908451215 53.50000000298023
      vertex 161.90874281606605 5.38343613736109 54.19999999850988
      vertex 161.65452990765195 4.324563168389769 54.19999999850988
    endloop
  endfacet
  facet normal 0.8066193407501486 -0.23893153402761974 0.5406264525298444
    outer loop
      vertex 162.34340943357813 5.266967568221967 53.50000000298023
      vertex 162.21802446389518 6.427553482077964 54.19999999850988
      vertex 161.90874281606605 5.38343613736109 54.19999999850988
    endloop
  endfacet
  facet normal -0.95881973486819 0.2840153447039325 0
    outer loop
      vertex 162.21802446389518 6.427553482077964 52.8
      vertex 161.90874281606605 5.38343613736109 54.19999999850988
      vertex 162.21802446389518 6.427553482077964 54.19999999850988
    endloop
  endfacet
  facet normal 0.8066193432594813 -0.23893153477091794 -0.5406264484573955
    outer loop
      vertex 161.90874281606605 5.38343613736109 52.8
      vertex 162.21802446389518 6.427553482077964 52.8
      vertex 162.64599989197643 6.288495835990651 53.50000000298023
    endloop
  endfacet
  facet normal 0.806619340750173 -0.23893153402760026 0.5406264525298164
    outer loop
      vertex 162.34340943357813 5.266967568221967 53.50000000298023
      vertex 162.64599989197643 6.288495835990651 53.50000000298023
      vertex 162.21802446389518 6.427553482077964 54.19999999850988
    endloop
  endfacet
  facet normal -0.9426414910921803 0.33380685923376546 0
    outer loop
      vertex 162.21802446389518 6.427553482077964 52.8
      vertex 162.21802446389518 6.427553482077964 54.19999999850988
      vertex 162.58152713164048 7.454053349474226 52.8
    endloop
  endfacet
  facet normal -0.9426414910921803 0.33380685923376546 0
    outer loop
      vertex 162.58152713164048 7.454053349474226 52.8
      vertex 162.21802446389518 6.427553482077964 54.19999999850988
      vertex 162.58152713164048 7.454053349474226 54.19999999850988
    endloop
  endfacet
  facet normal 0.793009189134428 -0.28081928206001117 -0.5406264484573955
    outer loop
      vertex 162.21802446389518 6.427553482077964 52.8
      vertex 163.0016383193908 7.29278777378087 53.50000000298023
      vertex 162.64599989197643 6.288495835990651 53.50000000298023
    endloop
  endfacet
  facet normal 0.7930091891344261 -0.2808192820600041 -0.5406264484574019
    outer loop
      vertex 162.21802446389518 6.427553482077964 52.8
      vertex 162.58152713164048 7.454053349474226 52.8
      vertex 163.0016383193908 7.29278777378087 53.50000000298023
    endloop
  endfacet
  facet normal 0.7930091866674484 -0.2808192811864078 0.5406264525298234
    outer loop
      vertex 162.64599989197643 6.288495835990651 53.50000000298023
      vertex 163.0016383193908 7.29278777378087 53.50000000298023
      vertex 162.58152713164048 7.454053349474226 54.19999999850988
    endloop
  endfacet
  facet normal -0.9238795325112837 0.382683432365097 0
    outer loop
      vertex 162.58152713164048 7.454053349474226 52.8
      vertex 162.58152713164048 7.454053349474226 54.19999999850988
      vertex 162.99825448375648 8.460122174764475 52.8
    endloop
  endfacet
  facet normal 0.7772254519433454 -0.32193732321648955 -0.5406264484574022
    outer loop
      vertex 162.58152713164048 7.454053349474226 52.8
      vertex 163.40934993561177 8.27709068719862 53.50000000298023
      vertex 163.0016383193908 7.29278777378087 53.50000000298023
    endloop
  endfacet
  facet normal -0.9238795325112837 0.382683432365097 0
    outer loop
      vertex 162.99825448375648 8.460122174764475 52.8
      vertex 162.58152713164048 7.454053349474226 54.19999999850988
      vertex 162.99825448375648 8.460122174764475 54.19999999850988
    endloop
  endfacet
  facet normal 0.7772254519433476 -0.3219373232164999 -0.5406264484573926
    outer loop
      vertex 162.58152713164048 7.454053349474226 52.8
      vertex 162.99825448375648 8.460122174764475 52.8
      vertex 163.40934993561177 8.27709068719862 53.50000000298023
    endloop
  endfacet
  facet normal 0.777225449525477 -0.32193732221497573 0.5406264525298139
    outer loop
      vertex 163.0016383193908 7.29278777378087 53.50000000298023
      vertex 163.40934993561177 8.27709068719862 53.50000000298023
      vertex 162.99825448375648 8.460122174764475 54.19999999850988
    endloop
  endfacet
  facet normal 0.7930091866674542 -0.2808192811864036 0.5406264525298169
    outer loop
      vertex 162.64599989197643 6.288495835990651 53.50000000298023
      vertex 162.58152713164048 7.454053349474226 54.19999999850988
      vertex 162.21802446389518 6.427553482077964 54.19999999850988
    endloop
  endfacet
  facet normal 0.777225449525468 -0.32193732221498145 0.5406264525298233
    outer loop
      vertex 163.0016383193908 7.29278777378087 53.50000000298023
      vertex 162.99825448375648 8.460122174764475 54.19999999850988
      vertex 162.58152713164048 7.454053349474226 54.19999999850988
    endloop
  endfacet
  facet normal -0.9025852843498616 0.4305110968082932 0
    outer loop
      vertex 162.99825448375648 8.460122174764475 52.8
      vertex 162.99825448375648 8.460122174764475 54.19999999850988
      vertex 163.46706429953736 9.443002393229575 52.8
    endloop
  endfacet
  facet normal -0.9025852843498616 0.4305110968082932 0
    outer loop
      vertex 163.46706429953736 9.443002393229575 52.8
      vertex 162.99825448375648 8.460122174764475 54.19999999850988
      vertex 163.46706429953736 9.443002393229575 54.19999999850988
    endloop
  endfacet
  facet normal 0.7593113938127682 -0.36217295654763804 -0.5406264484573928
    outer loop
      vertex 162.99825448375648 8.460122174764475 52.8
      vertex 163.868017231439 9.238706670376274 53.50000000298023
      vertex 163.40934993561177 8.27709068719862 53.50000000298023
    endloop
  endfacet
  facet normal 0.7593113938127659 -0.36217295654762444 -0.540626448457405
    outer loop
      vertex 162.99825448375648 8.460122174764475 52.8
      vertex 163.46706429953736 9.443002393229575 52.8
      vertex 163.868017231439 9.238706670376274 53.50000000298023
    endloop
  endfacet
  facet normal 0.759311391450616 -0.3621729554209492 0.5406264525298264
    outer loop
      vertex 163.40934993561177 8.27709068719862 53.50000000298023
      vertex 163.868017231439 9.238706670376274 53.50000000298023
      vertex 163.46706429953736 9.443002393229575 54.19999999850988
    endloop
  endfacet
  facet normal -0.8788171126619648 0.4771587602596096 0
    outer loop
      vertex 163.46706429953736 9.443002393229575 52.8
      vertex 163.46706429953736 9.443002393229575 54.19999999850988
      vertex 163.98667160386464 10.399999998509884 52.8
    endloop
  endfacet
  facet normal 0.7393161159308312 -0.401415898979204 -0.540626448457405
    outer loop
      vertex 163.46706429953736 9.443002393229575 52.8
      vertex 164.3763830316962 10.175000000745058 53.50000000298023
      vertex 163.868017231439 9.238706670376274 53.50000000298023
    endloop
  endfacet
  facet normal 0.7393161159308305 -0.40141589897919705 -0.5406264484574113
    outer loop
      vertex 163.46706429953736 9.443002393229575 52.8
      vertex 163.98667160386464 10.399999998509884 52.8
      vertex 164.3763830316962 10.175000000745058 53.50000000298023
    endloop
  endfacet
  facet normal 0.7393161136308859 -0.4014158977304356 0.5406264525298327
    outer loop
      vertex 163.868017231439 9.238706670376274 53.50000000298023
      vertex 164.3763830316962 10.175000000745058 53.50000000298023
      vertex 163.98667160386464 10.399999998509884 54.19999999850988
    endloop
  endfacet
  facet normal -0.8788171126619648 0.4771587602596096 0
    outer loop
      vertex 163.98667160386464 10.399999998509884 52.8
      vertex 163.46706429953736 9.443002393229575 54.19999999850988
      vertex 163.98667160386464 10.399999998509884 54.19999999850988
    endloop
  endfacet
  facet normal -0.8526401643540903 0.522498564715952 0
    outer loop
      vertex 163.98667160386464 10.399999998509884 52.8
      vertex 163.98667160386464 10.399999998509884 54.19999999850988
      vertex 164.55565218923462 11.328491926689413 52.8
    endloop
  endfacet
  facet normal 0.7172944239643714 -0.43955858833373607 -0.5406264484574111
    outer loop
      vertex 163.98667160386464 10.399999998509884 52.8
      vertex 164.9330539410609 11.083404363367377 53.50000000298023
      vertex 164.3763830316962 10.175000000745058 53.50000000298023
    endloop
  endfacet
  facet normal -0.8526401643540903 0.522498564715952 0
    outer loop
      vertex 164.55565218923462 11.328491926689413 52.8
      vertex 163.98667160386464 10.399999998509884 54.19999999850988
      vertex 164.55565218923462 11.328491926689413 54.19999999850988
    endloop
  endfacet
  facet normal 0.7172944239643723 -0.4395585883337495 -0.5406264484573992
    outer loop
      vertex 163.98667160386464 10.399999998509884 52.8
      vertex 164.55565218923462 11.328491926689413 52.8
      vertex 164.9330539410609 11.083404363367377 53.50000000298023
    endloop
  endfacet
  facet normal 0.7172944217329437 -0.4395585869663154 0.5406264525298203
    outer loop
      vertex 164.3763830316962 10.175000000745058 53.50000000298023
      vertex 164.9330539410609 11.083404363367377 53.50000000298023
      vertex 164.55565218923462 11.328491926689413 54.19999999850988
    endloop
  endfacet
  facet normal 0.7593113914506279 -0.3621729554209424 0.5406264525298141
    outer loop
      vertex 163.40934993561177 8.27709068719862 53.50000000298023
      vertex 163.46706429953736 9.443002393229575 54.19999999850988
      vertex 162.99825448375648 8.460122174764475 54.19999999850988
    endloop
  endfacet
  facet normal 0.7393161136308922 -0.4014158977304324 0.5406264525298263
    outer loop
      vertex 163.868017231439 9.238706670376274 53.50000000298023
      vertex 163.98667160386464 10.399999998509884 54.19999999850988
      vertex 163.46706429953736 9.443002393229575 54.19999999850988
    endloop
  endfacet
  facet normal 0.7172944217329313 -0.4395585869663207 0.5406264525298323
    outer loop
      vertex 164.3763830316962 10.175000000745058 53.50000000298023
      vertex 164.55565218923462 11.328491926689413 54.19999999850988
      vertex 163.98667160386464 10.399999998509884 54.19999999850988
    endloop
  endfacet
  facet normal 0.6933066778403504 -0.47649647815100965 -0.5406264484573993
    outer loop
      vertex 164.55565218923462 11.328491926689413 52.8
      vertex 165.53650416326428 11.961429885027696 53.50000000298023
      vertex 164.9330539410609 11.083404363367377 53.50000000298023
    endloop
  endfacet
  facet normal -0.8241261886220209 0.5664062369248254 0
    outer loop
      vertex 164.55565218923462 11.328491926689413 52.8
      vertex 164.55565218923462 11.328491926689413 54.19999999850988
      vertex 165.17244651941215 12.225933245931705 52.8
    endloop
  endfacet
  facet normal 0.6933066778403504 -0.47649647815100654 -0.540626448457402
    outer loop
      vertex 164.55565218923462 11.328491926689413 52.8
      vertex 165.17244651941215 12.225933245931705 52.8
      vertex 165.53650416326428 11.961429885027696 53.50000000298023
    endloop
  endfacet
  facet normal -0.8241261886220209 0.5664062369248254 0
    outer loop
      vertex 165.17244651941215 12.225933245931705 52.8
      vertex 164.55565218923462 11.328491926689413 54.19999999850988
      vertex 165.17244651941215 12.225933245931705 54.19999999850988
    endloop
  endfacet
  facet normal 0.6933066756835382 -0.4764964766686736 0.5406264525298234
    outer loop
      vertex 164.9330539410609 11.083404363367377 53.50000000298023
      vertex 165.53650416326428 11.961429885027696 53.50000000298023
      vertex 165.17244651941215 12.225933245931705 54.19999999850988
    endloop
  endfacet
  facet normal -0.793353340291238 0.6087614290087168 0
    outer loop
      vertex 165.17244651941215 12.225933245931705 52.8
      vertex 165.17244651941215 12.225933245931705 54.19999999850988
      vertex 165.83536400401107 13.089864131961097 52.8
    endloop
  endfacet
  facet normal 0.6674186263035097 -0.51212832424254 -0.5406264484574022
    outer loop
      vertex 165.17244651941215 12.225933245931705 52.8
      vertex 166.1850796831926 12.806669958801951 53.50000000298023
      vertex 165.53650416326428 11.961429885027696 53.50000000298023
    endloop
  endfacet
  facet normal 0.6674186263035105 -0.5121283242425229 -0.5406264484574174
    outer loop
      vertex 165.17244651941215 12.225933245931705 52.8
      vertex 165.83536400401107 13.089864131961097 52.8
      vertex 166.1850796831926 12.806669958801951 53.50000000298023
    endloop
  endfacet
  facet normal -0.793353340291238 0.6087614290087168 0
    outer loop
      vertex 165.83536400401107 13.089864131961097 52.8
      vertex 165.17244651941215 12.225933245931705 54.19999999850988
      vertex 165.83536400401107 13.089864131961097 54.19999999850988
    endloop
  endfacet
  facet normal 0.6674186242272263 -0.5121283226493516 0.5406264525298389
    outer loop
      vertex 165.53650416326428 11.961429885027696 53.50000000298023
      vertex 166.1850796831926 12.806669958801951 53.50000000298023
      vertex 165.83536400401107 13.089864131961097 54.19999999850988
    endloop
  endfacet
  facet normal -0.7604059656000239 0.6494480483301918 0
    outer loop
      vertex 165.83536400401107 13.089864131961097 52.8
      vertex 165.83536400401107 13.089864131961097 54.19999999850988
      vertex 166.54258763228495 13.917916610270087 52.8
    endloop
  endfacet
  facet normal 0.6397012267036866 -0.5463564621948919 -0.540626448457417
    outer loop
      vertex 165.83536400401107 13.089864131961097 52.8
      vertex 166.87700280042765 13.616807840399847 53.50000000298023
      vertex 166.1850796831926 12.806669958801951 53.50000000298023
    endloop
  endfacet
  facet normal 0.6397012267036845 -0.5463564621949151 -0.5406264484573963
    outer loop
      vertex 165.83536400401107 13.089864131961097 52.8
      vertex 166.54258763228495 13.917916610270087 52.8
      vertex 166.87700280042765 13.616807840399847 53.50000000298023
    endloop
  endfacet
  facet normal -0.7604059656000239 0.6494480483301918 0
    outer loop
      vertex 166.54258763228495 13.917916610270087 52.8
      vertex 165.83536400401107 13.089864131961097 54.19999999850988
      vertex 166.54258763228495 13.917916610270087 54.19999999850988
    endloop
  endfacet
  facet normal 0.6397012247136477 -0.546356460495238 0.5406264525298173
    outer loop
      vertex 166.1850796831926 12.806669958801951 53.50000000298023
      vertex 166.87700280042765 13.616807840399847 53.50000000298023
      vertex 166.54258763228495 13.917916610270087 54.19999999850988
    endloop
  endfacet
  facet normal -0.7253743710122968 0.6883545756937443 0
    outer loop
      vertex 166.54258763228495 13.917916610270087 52.8
      vertex 166.54258763228495 13.917916610270087 54.19999999850988
      vertex 167.29217895342714 14.707821046572848 52.8
    endloop
  endfacet
  facet normal 0.6102304505065503 -0.5790870750611816 -0.5406264484573965
    outer loop
      vertex 166.54258763228495 13.917916610270087 52.8
      vertex 167.6103770018001 14.389622998199915 53.50000000298023
      vertex 166.87700280042765 13.616807840399847 53.50000000298023
    endloop
  endfacet
  facet normal 0.6102304505065533 -0.5790870750611617 -0.5406264484574145
    outer loop
      vertex 166.54258763228495 13.917916610270087 52.8
      vertex 167.29217895342714 14.707821046572848 52.8
      vertex 167.6103770018001 14.389622998199915 53.50000000298023
    endloop
  endfacet
  facet normal 0.6102304486081733 -0.5790870732596891 0.540626452529836
    outer loop
      vertex 166.87700280042765 13.616807840399847 53.50000000298023
      vertex 167.6103770018001 14.389622998199915 53.50000000298023
      vertex 167.29217895342714 14.707821046572848 54.19999999850988
    endloop
  endfacet
  facet normal 0.6933066756835411 -0.47649647666867256 0.5406264525298207
    outer loop
      vertex 164.9330539410609 11.083404363367377 53.50000000298023
      vertex 165.17244651941215 12.225933245931705 54.19999999850988
      vertex 164.55565218923462 11.328491926689413 54.19999999850988
    endloop
  endfacet
  facet normal 0.6674186242272426 -0.5121283226493466 0.5406264525298236
    outer loop
      vertex 165.53650416326428 11.961429885027696 53.50000000298023
      vertex 165.83536400401107 13.089864131961097 54.19999999850988
      vertex 165.17244651941215 12.225933245931705 54.19999999850988
    endloop
  endfacet
  facet normal 0.639701224713625 -0.5463564604952438 0.5406264525298381
    outer loop
      vertex 166.1850796831926 12.806669958801951 53.50000000298023
      vertex 166.54258763228495 13.917916610270087 54.19999999850988
      vertex 165.83536400401107 13.089864131961097 54.19999999850988
    endloop
  endfacet
  facet normal 0.6102304486081931 -0.5790870732596851 0.5406264525298181
    outer loop
      vertex 166.87700280042765 13.616807840399847 53.50000000298023
      vertex 167.29217895342714 14.707821046572848 54.19999999850988
      vertex 166.54258763228495 13.917916610270087 54.19999999850988
    endloop
  endfacet
  facet normal -0.7253743710122968 0.6883545756937443 0
    outer loop
      vertex 167.29217895342714 14.707821046572848 52.8
      vertex 166.54258763228495 13.917916610270087 54.19999999850988
      vertex 167.29217895342714 14.707821046572848 54.19999999850988
    endloop
  endfacet
  facet normal -0.6883545756937455 0.7253743710122957 0
    outer loop
      vertex 167.29217895342714 14.707821046572848 52.8
      vertex 167.29217895342714 14.707821046572848 54.19999999850988
      vertex 168.08208338972992 15.457412367715056 52.8
    endloop
  endfacet
  facet normal 0.5790870750611687 -0.6102304505065472 -0.5406264484574141
    outer loop
      vertex 167.29217895342714 14.707821046572848 52.8
      vertex 168.38319215960016 15.122997199572344 53.50000000298023
      vertex 167.6103770018001 14.389622998199915 53.50000000298023
    endloop
  endfacet
  facet normal 0.579087073259688 -0.6102304486081825 0.5406264525298266
    outer loop
      vertex 167.6103770018001 14.389622998199915 53.50000000298023
      vertex 168.38319215960016 15.122997199572344 53.50000000298023
      vertex 168.08208338972992 15.457412367715056 54.19999999850988
    endloop
  endfacet
  facet normal 0.5790870750611667 -0.6102304505065566 -0.5406264484574054
    outer loop
      vertex 167.29217895342714 14.707821046572848 52.8
      vertex 168.08208338972992 15.457412367715056 52.8
      vertex 168.38319215960016 15.122997199572344 53.50000000298023
    endloop
  endfacet
  facet normal -0.6883545756937455 0.7253743710122957 0
    outer loop
      vertex 168.08208338972992 15.457412367715056 52.8
      vertex 167.29217895342714 14.707821046572848 54.19999999850988
      vertex 168.08208338972992 15.457412367715056 54.19999999850988
    endloop
  endfacet
  facet normal -0.6494480483301833 0.7604059656000313 0
    outer loop
      vertex 168.08208338972992 15.457412367715056 52.8
      vertex 168.08208338972992 15.457412367715056 54.19999999850988
      vertex 168.9101358680389 16.16463599598892 52.8
    endloop
  endfacet
  facet normal 0.5463564621949095 -0.6397012267036813 -0.5406264484574054
    outer loop
      vertex 168.08208338972992 15.457412367715056 52.8
      vertex 169.19333004119804 15.814920316807395 53.50000000298023
      vertex 168.38319215960016 15.122997199572344 53.50000000298023
    endloop
  endfacet
  facet normal 0.5463564621949074 -0.6397012267036899 -0.5406264484573976
    outer loop
      vertex 168.08208338972992 15.457412367715056 52.8
      vertex 168.9101358680389 16.16463599598892 52.8
      vertex 169.19333004119804 15.814920316807395 53.50000000298023
    endloop
  endfacet
  facet normal 0.5463564604952502 -0.639701224713636 0.5406264525298188
    outer loop
      vertex 168.38319215960016 15.122997199572344 53.50000000298023
      vertex 169.19333004119804 15.814920316807395 53.50000000298023
      vertex 168.9101358680389 16.16463599598892 54.19999999850988
    endloop
  endfacet
  facet normal -0.6494480483301833 0.7604059656000313 0
    outer loop
      vertex 168.9101358680389 16.16463599598892 52.8
      vertex 168.08208338972992 15.457412367715056 54.19999999850988
      vertex 168.9101358680389 16.16463599598892 54.19999999850988
    endloop
  endfacet
  facet normal 0.5121283242425256 -0.6674186263035238 -0.5406264484573979
    outer loop
      vertex 168.9101358680389 16.16463599598892 52.8
      vertex 170.03857011497232 16.46349583673571 53.50000000298023
      vertex 169.19333004119804 15.814920316807395 53.50000000298023
    endloop
  endfacet
  facet normal -0.6087614290087264 0.7933533402912306 0
    outer loop
      vertex 168.9101358680389 16.16463599598892 52.8
      vertex 168.9101358680389 16.16463599598892 54.19999999850988
      vertex 169.7740667540683 16.82755348058785 52.8
    endloop
  endfacet
  facet normal 0.5121283242425316 -0.6674186263035051 -0.5406264484574156
    outer loop
      vertex 168.9101358680389 16.16463599598892 52.8
      vertex 169.7740667540683 16.82755348058785 52.8
      vertex 170.03857011497232 16.46349583673571 53.50000000298023
    endloop
  endfacet
  facet normal 0.5121283226493365 -0.6674186242272394 0.5406264525298371
    outer loop
      vertex 169.19333004119804 15.814920316807395 53.50000000298023
      vertex 170.03857011497232 16.46349583673571 53.50000000298023
      vertex 169.7740667540683 16.82755348058785 54.19999999850988
    endloop
  endfacet
  facet normal -0.6087614290087264 0.7933533402912306 0
    outer loop
      vertex 169.7740667540683 16.82755348058785 52.8
      vertex 168.9101358680389 16.16463599598892 54.19999999850988
      vertex 169.7740667540683 16.82755348058785 54.19999999850988
    endloop
  endfacet
  facet normal -0.5664062369248327 0.8241261886220158 0
    outer loop
      vertex 169.7740667540683 16.82755348058785 52.8
      vertex 169.7740667540683 16.82755348058785 54.19999999850988
      vertex 170.67150807331058 17.444347810765386 52.8
    endloop
  endfacet
  facet normal 0.476496478151013 -0.6933066778403358 -0.5406264484574149
    outer loop
      vertex 169.7740667540683 16.82755348058785 52.8
      vertex 170.91659563663262 17.066946058939095 53.50000000298023
      vertex 170.03857011497232 16.46349583673571 53.50000000298023
    endloop
  endfacet
  facet normal 0.4764964781510104 -0.6933066778403427 -0.5406264484574085
    outer loop
      vertex 169.7740667540683 16.82755348058785 52.8
      vertex 170.67150807331058 17.444347810765386 52.8
      vertex 170.91659563663262 17.066946058939095 53.50000000298023
    endloop
  endfacet
  facet normal -0.5664062369248327 0.8241261886220158 0
    outer loop
      vertex 170.67150807331058 17.444347810765386 52.8
      vertex 169.7740667540683 16.82755348058785 54.19999999850988
      vertex 170.67150807331058 17.444347810765386 54.19999999850988
    endloop
  endfacet
  facet normal 0.5790870732596785 -0.610230448608184 0.5406264525298352
    outer loop
      vertex 167.6103770018001 14.389622998199915 53.50000000298023
      vertex 168.08208338972992 15.457412367715056 54.19999999850988
      vertex 167.29217895342714 14.707821046572848 54.19999999850988
    endloop
  endfacet
  facet normal 0.5463564604952414 -0.6397012247136368 0.5406264525298267
    outer loop
      vertex 168.38319215960016 15.122997199572344 53.50000000298023
      vertex 168.9101358680389 16.16463599598892 54.19999999850988
      vertex 168.08208338972992 15.457412367715056 54.19999999850988
    endloop
  endfacet
  facet normal 0.5121283226493563 -0.6674186242272384 0.5406264525298194
    outer loop
      vertex 169.19333004119804 15.814920316807395 53.50000000298023
      vertex 169.7740667540683 16.82755348058785 54.19999999850988
      vertex 168.9101358680389 16.16463599598892 54.19999999850988
    endloop
  endfacet
  facet normal 0.4764964766686732 -0.6933066756835284 0.5406264525298362
    outer loop
      vertex 170.03857011497232 16.46349583673571 53.50000000298023
      vertex 170.67150807331058 17.444347810765386 54.19999999850988
      vertex 169.7740667540683 16.82755348058785 54.19999999850988
    endloop
  endfacet
  facet normal 0.4764964766686804 -0.6933066756835286 0.5406264525298298
    outer loop
      vertex 170.03857011497232 16.46349583673571 53.50000000298023
      vertex 170.91659563663262 17.066946058939095 53.50000000298023
      vertex 170.67150807331058 17.444347810765386 54.19999999850988
    endloop
  endfacet
  facet normal 0.4395585883337425 -0.7172944239643697 -0.5406264484574081
    outer loop
      vertex 170.67150807331058 17.444347810765386 52.8
      vertex 171.82499999925494 17.623616968303804 53.50000000298023
      vertex 170.91659563663262 17.066946058939095 53.50000000298023
    endloop
  endfacet
  facet normal -0.5224985647159454 0.8526401643540944 0
    outer loop
      vertex 170.67150807331058 17.444347810765386 52.8
      vertex 170.67150807331058 17.444347810765386 54.19999999850988
      vertex 171.60000000149012 18.013328396135368 52.8
    endloop
  endfacet
  facet normal 0.4395585869663185 -0.7172944217329366 0.5406264525298271
    outer loop
      vertex 170.91659563663262 17.066946058939095 53.50000000298023
      vertex 171.82499999925494 17.623616968303804 53.50000000298023
      vertex 171.60000000149012 18.013328396135368 54.19999999850988
    endloop
  endfacet
  facet normal 0.4395585883337415 -0.717294423964372 -0.5406264484574059
    outer loop
      vertex 170.67150807331058 17.444347810765386 52.8
      vertex 171.60000000149012 18.013328396135368 52.8
      vertex 171.82499999925494 17.623616968303804 53.50000000298023
    endloop
  endfacet
  facet normal -0.5224985647159454 0.8526401643540944 0
    outer loop
      vertex 171.60000000149012 18.013328396135368 52.8
      vertex 170.67150807331058 17.444347810765386 54.19999999850988
      vertex 171.60000000149012 18.013328396135368 54.19999999850988
    endloop
  endfacet
  facet normal -0.4771587602596022 0.8788171126619686 0
    outer loop
      vertex 171.60000000149012 18.013328396135368 52.8
      vertex 171.60000000149012 18.013328396135368 54.19999999850988
      vertex 172.55699760677044 18.532935700462644 52.8
    endloop
  endfacet
  facet normal 0.4014158989791994 -0.7393161159308331 -0.5406264484574059
    outer loop
      vertex 171.60000000149012 18.013328396135368 52.8
      vertex 172.76129332962373 18.13198276856099 53.50000000298023
      vertex 171.82499999925494 17.623616968303804 53.50000000298023
    endloop
  endfacet
  facet normal -0.4771587602596022 0.8788171126619686 0
    outer loop
      vertex 172.55699760677044 18.532935700462644 52.8
      vertex 171.60000000149012 18.013328396135368 54.19999999850988
      vertex 172.55699760677044 18.532935700462644 54.19999999850988
    endloop
  endfacet
  facet normal 0.4014158989791951 -0.7393161159308417 -0.5406264484573975
    outer loop
      vertex 171.60000000149012 18.013328396135368 52.8
      vertex 172.55699760677044 18.532935700462644 52.8
      vertex 172.76129332962373 18.13198276856099 53.50000000298023
    endloop
  endfacet
  facet normal 0.40141589773043557 -0.7393161136308962 0.5406264525298186
    outer loop
      vertex 171.82499999925494 17.623616968303804 53.50000000298023
      vertex 172.76129332962373 18.13198276856099 53.50000000298023
      vertex 172.55699760677044 18.532935700462644 54.19999999850988
    endloop
  endfacet
  facet normal 0.3621729565476242 -0.7593113938127714 -0.5406264484573977
    outer loop
      vertex 172.55699760677044 18.532935700462644 52.8
      vertex 173.7229093128014 18.590650064388218 53.50000000298023
      vertex 172.76129332962373 18.13198276856099 53.50000000298023
    endloop
  endfacet
  facet normal 0.36217295542093564 -0.7593113914506194 0.5406264525298303
    outer loop
      vertex 172.76129332962373 18.13198276856099 53.50000000298023
      vertex 173.7229093128014 18.590650064388218 53.50000000298023
      vertex 173.53987782523552 19.00174551624352 54.19999999850988
    endloop
  endfacet
  facet normal -0.4305110968083015 0.9025852843498576 0
    outer loop
      vertex 172.55699760677044 18.532935700462644 52.8
      vertex 172.55699760677044 18.532935700462644 54.19999999850988
      vertex 173.53987782523552 19.00174551624352 52.8
    endloop
  endfacet
  facet normal 0.36217295654763043 -0.7593113938127604 -0.5406264484574089
    outer loop
      vertex 172.55699760677044 18.532935700462644 52.8
      vertex 173.53987782523552 19.00174551624352 52.8
      vertex 173.7229093128014 18.590650064388218 53.50000000298023
    endloop
  endfacet
  facet normal -0.4305110968083015 0.9025852843498576 0
    outer loop
      vertex 173.53987782523552 19.00174551624352 52.8
      vertex 172.55699760677044 18.532935700462644 54.19999999850988
      vertex 173.53987782523552 19.00174551624352 54.19999999850988
    endloop
  endfacet
  facet normal 0.4395585869663161 -0.7172944217329363 0.5406264525298294
    outer loop
      vertex 170.91659563663262 17.066946058939095 53.50000000298023
      vertex 171.60000000149012 18.013328396135368 54.19999999850988
      vertex 170.67150807331058 17.444347810765386 54.19999999850988
    endloop
  endfacet
  facet normal 0.40141589773042613 -0.7393161136308951 0.5406264525298272
    outer loop
      vertex 171.82499999925494 17.623616968303804 53.50000000298023
      vertex 172.55699760677044 18.532935700462644 54.19999999850988
      vertex 171.60000000149012 18.013328396135368 54.19999999850988
    endloop
  endfacet
  facet normal 0.36217295542094796 -0.7593113914506217 0.5406264525298192
    outer loop
      vertex 172.76129332962373 18.13198276856099 53.50000000298023
      vertex 173.53987782523552 19.00174551624352 54.19999999850988
      vertex 172.55699760677044 18.532935700462644 54.19999999850988
    endloop
  endfacet
  facet normal 0.3219373232164941 -0.777225451943339 -0.5406264484574085
    outer loop
      vertex 173.53987782523552 19.00174551624352 52.8
      vertex 174.70721222621913 18.9983616806092 53.50000000298023
      vertex 173.7229093128014 18.590650064388218 53.50000000298023
    endloop
  endfacet
  facet normal -0.38268343236509095 0.9238795325112863 0
    outer loop
      vertex 173.53987782523552 19.00174551624352 52.8
      vertex 173.53987782523552 19.00174551624352 54.19999999850988
      vertex 174.54594665052576 19.41847286835951 52.8
    endloop
  endfacet
  facet normal 0.32193732221497884 -0.7772254495254672 0.5406264525298259
    outer loop
      vertex 173.7229093128014 18.590650064388218 53.50000000298023
      vertex 174.70721222621913 18.9983616806092 53.50000000298023
      vertex 174.54594665052576 19.41847286835951 54.19999999850988
    endloop
  endfacet
  facet normal 0.32193732321649193 -0.7772254519433427 -0.5406264484574047
    outer loop
      vertex 173.53987782523552 19.00174551624352 52.8
      vertex 174.54594665052576 19.41847286835951 52.8
      vertex 174.70721222621913 18.9983616806092 53.50000000298023
    endloop
  endfacet
  facet normal -0.38268343236509095 0.9238795325112863 0
    outer loop
      vertex 174.54594665052576 19.41847286835951 52.8
      vertex 173.53987782523552 19.00174551624352 54.19999999850988
      vertex 174.54594665052576 19.41847286835951 54.19999999850988
    endloop
  endfacet
  facet normal 0.2808192820600081 -0.793009189134423 -0.5406264484574044
    outer loop
      vertex 174.54594665052576 19.41847286835951 52.8
      vertex 175.71150416400934 19.35400010802356 53.50000000298023
      vertex 174.70721222621913 18.9983616806092 53.50000000298023
    endloop
  endfacet
  facet normal 0.2808192811864065 -0.7930091866674481 0.5406264525298244
    outer loop
      vertex 174.70721222621913 18.9983616806092 53.50000000298023
      vertex 175.71150416400934 19.35400010802356 53.50000000298023
      vertex 175.57244651792203 19.781975536104824 54.19999999850988
    endloop
  endfacet
  facet normal -0.3338068592337695 0.9426414910921789 0
    outer loop
      vertex 174.54594665052576 19.41847286835951 52.8
      vertex 174.54594665052576 19.41847286835951 54.19999999850988
      vertex 175.57244651792203 19.781975536104824 52.8
    endloop
  endfacet
  facet normal 0.2808192820600073 -0.7930091891344243 -0.5406264484574032
    outer loop
      vertex 174.54594665052576 19.41847286835951 52.8
      vertex 175.57244651792203 19.781975536104824 52.8
      vertex 175.71150416400934 19.35400010802356 53.50000000298023
    endloop
  endfacet
  facet normal -0.3338068592337695 0.9426414910921789 0
    outer loop
      vertex 175.57244651792203 19.781975536104824 52.8
      vertex 174.54594665052576 19.41847286835951 54.19999999850988
      vertex 175.57244651792203 19.781975536104824 54.19999999850988
    endloop
  endfacet
  facet normal 0.23893153477090617 -0.8066193432594796 -0.5406264484574032
    outer loop
      vertex 175.57244651792203 19.781975536104824 52.8
      vertex 176.73303243177804 19.656590566421883 53.50000000298023
      vertex 175.71150416400934 19.35400010802356 53.50000000298023
    endloop
  endfacet
  facet normal -0.2840153447039218 0.9588197348681934 0
    outer loop
      vertex 175.57244651792203 19.781975536104824 52.8
      vertex 175.57244651792203 19.781975536104824 54.19999999850988
      vertex 176.6165638626389 20.091257183933937 52.8
    endloop
  endfacet
  facet normal 0.3219373222149748 -0.7772254495254663 0.5406264525298297
    outer loop
      vertex 173.7229093128014 18.590650064388218 53.50000000298023
      vertex 174.54594665052576 19.41847286835951 54.19999999850988
      vertex 173.53987782523552 19.00174551624352 54.19999999850988
    endloop
  endfacet
  facet normal 0.2808192811864051 -0.7930091866674477 0.5406264525298256
    outer loop
      vertex 174.70721222621913 18.9983616806092 53.50000000298023
      vertex 175.57244651792203 19.781975536104824 54.19999999850988
      vertex 174.54594665052576 19.41847286835951 54.19999999850988
    endloop
  endfacet
  facet normal 0.23893153402761425 -0.8066193407501635 0.5406264525298244
    outer loop
      vertex 175.71150416400934 19.35400010802356 53.50000000298023
      vertex 176.6165638626389 20.091257183933937 54.19999999850988
      vertex 175.57244651792203 19.781975536104824 54.19999999850988
    endloop
  endfacet
  facet normal 0.23893153402761277 -0.8066193407501631 0.540626452529826
    outer loop
      vertex 175.71150416400934 19.35400010802356 53.50000000298023
      vertex 176.73303243177804 19.656590566421883 53.50000000298023
      vertex 176.6165638626389 20.091257183933937 54.19999999850988
    endloop
  endfacet
  facet normal 0.23893153477090717 -0.8066193432594783 -0.5406264484574046
    outer loop
      vertex 175.57244651792203 19.781975536104824 52.8
      vertex 176.6165638626389 20.091257183933937 52.8
      vertex 176.73303243177804 19.656590566421883 53.50000000298023
    endloop
  endfacet
  facet normal -0.2840153447039218 0.9588197348681934 0
    outer loop
      vertex 176.6165638626389 20.091257183933937 52.8
      vertex 175.57244651792203 19.781975536104824 54.19999999850988
      vertex 176.6165638626389 20.091257183933937 54.19999999850988
    endloop
  endfacet
  facet normal 0.19638889275292928 -0.818018609832082 -0.5406264484574043
    outer loop
      vertex 176.6165638626389 20.091257183933937 52.8
      vertex 177.76899709154878 19.9053036763905 53.50000000298023
      vertex 176.73303243177804 19.656590566421883 53.50000000298023
    endloop
  endfacet
  facet normal 0.19638889275293 -0.8180186098320812 -0.5406264484574053
    outer loop
      vertex 176.6165638626389 20.091257183933937 52.8
      vertex 177.67543683161023 20.34547009234805 52.8
      vertex 177.76899709154878 19.9053036763905 53.50000000298023
    endloop
  endfacet
  facet normal 0.1963888921419821 -0.8180186072873038 0.5406264525298266
    outer loop
      vertex 176.73303243177804 19.656590566421883 53.50000000298023
      vertex 177.76899709154878 19.9053036763905 53.50000000298023
      vertex 177.67543683161023 20.34547009234805 54.19999999850988
    endloop
  endfacet
  facet normal 0.15330796243073452 -0.827175744254913 -0.540626448457405
    outer loop
      vertex 177.67543683161023 20.34547009234805 52.8
      vertex 178.8165586361982 20.099457732582824 53.50000000298023
      vertex 177.76899709154878 19.9053036763905 53.50000000298023
    endloop
  endfacet
  facet normal 0.19638889214198313 -0.8180186072873041 0.5406264525298257
    outer loop
      vertex 176.73303243177804 19.656590566421883 53.50000000298023
      vertex 177.67543683161023 20.34547009234805 54.19999999850988
      vertex 176.6165638626389 20.091257183933937 54.19999999850988
    endloop
  endfacet
  facet normal -0.23344536385590803 0.9723699203976759 0
    outer loop
      vertex 176.6165638626389 20.091257183933937 52.8
      vertex 176.6165638626389 20.091257183933937 54.19999999850988
      vertex 177.67543683161023 20.34547009234805 52.8
    endloop
  endfacet
  facet normal -0.23344536385590803 0.9723699203976759 0
    outer loop
      vertex 177.67543683161023 20.34547009234805 52.8
      vertex 176.6165638626389 20.091257183933937 54.19999999850988
      vertex 177.67543683161023 20.34547009234805 54.19999999850988
    endloop
  endfacet
  facet normal -0.1822355254921461 0.9832549075639548 0
    outer loop
      vertex 177.67543683161023 20.34547009234805 52.8
      vertex 177.67543683161023 20.34547009234805 54.19999999850988
      vertex 178.74616312762942 20.543917481435326 52.8
    endloop
  endfacet
  facet normal -0.1822355254921461 0.9832549075639548 0
    outer loop
      vertex 178.74616312762942 20.543917481435326 52.8
      vertex 177.67543683161023 20.34547009234805 54.19999999850988
      vertex 178.74616312762942 20.543917481435326 54.19999999850988
    endloop
  endfacet
  facet normal 0.15330796243073538 -0.827175744254912 -0.5406264484574063
    outer loop
      vertex 177.67543683161023 20.34547009234805 52.8
      vertex 178.74616312762942 20.543917481435326 52.8
      vertex 178.8165586361982 20.099457732582824 53.50000000298023
    endloop
  endfacet
  facet normal 0.15330796195380797 -0.8271757416816476 0.5406264525298276
    outer loop
      vertex 177.76899709154878 19.9053036763905 53.50000000298023
      vertex 178.8165586361982 20.099457732582824 53.50000000298023
      vertex 178.74616312762942 20.543917481435326 54.19999999850988
    endloop
  endfacet
  facet normal -0.13052619222004871 0.9914448613738108 0
    outer loop
      vertex 178.74616312762942 20.543917481435326 52.8
      vertex 178.74616312762942 20.543917481435326 54.19999999850988
      vertex 179.82580796434434 20.686055420696178 52.8
    endloop
  endfacet
  facet normal 0.15330796195380908 -0.8271757416816481 0.5406264525298264
    outer loop
      vertex 177.76899709154878 19.9053036763905 53.50000000298023
      vertex 178.74616312762942 20.543917481435326 54.19999999850988
      vertex 177.67543683161023 20.34547009234805 54.19999999850988
    endloop
  endfacet
  facet normal 0.10980682563982821 -0.8340656474590212 -0.5406264484574059
    outer loop
      vertex 178.74616312762942 20.543917481435326 52.8
      vertex 179.8728457723475 20.238520572226314 53.50000000298023
      vertex 178.8165586361982 20.099457732582824 53.50000000298023
    endloop
  endfacet
  facet normal 0.10980682563982631 -0.8340656474590229 -0.5406264484574037
    outer loop
      vertex 178.74616312762942 20.543917481435326 52.8
      vertex 179.82580796434434 20.686055420696178 52.8
      vertex 179.8728457723475 20.238520572226314 53.50000000298023
    endloop
  endfacet
  facet normal -0.13052619222004871 0.9914448613738108 0
    outer loop
      vertex 179.82580796434434 20.686055420696178 52.8
      vertex 178.74616312762942 20.543917481435326 54.19999999850988
      vertex 179.82580796434434 20.686055420696178 54.19999999850988
    endloop
  endfacet
  facet normal 0.10980682529822985 -0.8340656448643241 0.540626452529825
    outer loop
      vertex 178.8165586361982 20.099457732582824 53.50000000298023
      vertex 179.8728457723475 20.238520572226314 53.50000000298023
      vertex 179.82580796434434 20.686055420696178 54.19999999850988
    endloop
  endfacet
  facet normal -0.07845909572784485 0.996917333733128 0
    outer loop
      vertex 179.82580796434434 20.686055420696178 52.8
      vertex 179.82580796434434 20.686055420696178 54.19999999850988
      vertex 180.91141211030273 20.771494319918986 52.8
    endloop
  endfacet
  facet normal 0.06600471597242229 -0.8386694346986383 -0.5406264484574042
    outer loop
      vertex 179.82580796434434 20.686055420696178 52.8
      vertex 180.9349632903781 20.322111033743653 53.50000000298023
      vertex 179.8728457723475 20.238520572226314 53.50000000298023
    endloop
  endfacet
  facet normal 0.06600471597242073 -0.8386694346986396 -0.5406264484574025
    outer loop
      vertex 179.82580796434434 20.686055420696178 52.8
      vertex 180.91141211030273 20.771494319918986 52.8
      vertex 180.9349632903781 20.322111033743653 53.50000000298023
    endloop
  endfacet
  facet normal -0.07845909572784485 0.996917333733128 0
    outer loop
      vertex 180.91141211030273 20.771494319918986 52.8
      vertex 179.82580796434434 20.686055420696178 54.19999999850988
      vertex 180.91141211030273 20.771494319918986 54.19999999850988
    endloop
  endfacet
  facet normal 0.066004715767088 -0.8386694320896191 0.5406264525298237
    outer loop
      vertex 179.8728457723475 20.238520572226314 53.50000000298023
      vertex 180.9349632903781 20.322111033743653 53.50000000298023
      vertex 180.91141211030273 20.771494319918986 54.19999999850988
    endloop
  endfacet
  facet normal -0.02617694830787532 0.9996573249755573 0
    outer loop
      vertex 180.91141211030273 20.771494319918986 52.8
      vertex 180.91141211030273 20.771494319918986 54.19999999850988
      vertex 182 20.799999997019768 52.8
    endloop
  endfacet
  facet normal 0.022021691966463544 -0.8409744873129447 -0.540626448457402
    outer loop
      vertex 180.91141211030273 20.771494319918986 52.8
      vertex 182 20.350000001490116 53.50000000298023
      vertex 180.9349632903781 20.322111033743653 53.50000000298023
    endloop
  endfacet
  facet normal 0.022021691966465737 -0.8409744873129431 -0.5406264484574044
    outer loop
      vertex 180.91141211030273 20.771494319918986 52.8
      vertex 182 20.799999997019768 52.8
      vertex 182 20.350000001490116 53.50000000298023
    endloop
  endfacet
  facet normal -0.02617694830787532 0.9996573249755573 0
    outer loop
      vertex 180.91141211030273 20.771494319918986 54.19999999850988
      vertex 182 20.799999997019768 54.19999999850988
      vertex 182 20.799999997019768 52.8
    endloop
  endfacet
  facet normal 0.022021691897956164 -0.840974484696752 0.5406264525298258
    outer loop
      vertex 180.9349632903781 20.322111033743653 53.50000000298023
      vertex 182 20.350000001490116 53.50000000298023
      vertex 182 20.799999997019768 54.19999999850988
    endloop
  endfacet
  facet normal 0.10980682529822756 -0.834065644864323 0.5406264525298272
    outer loop
      vertex 178.8165586361982 20.099457732582824 53.50000000298023
      vertex 179.82580796434434 20.686055420696178 54.19999999850988
      vertex 178.74616312762942 20.543917481435326 54.19999999850988
    endloop
  endfacet
  facet normal 0.06600471576708634 -0.8386694320896181 0.5406264525298256
    outer loop
      vertex 179.8728457723475 20.238520572226314 53.50000000298023
      vertex 180.91141211030273 20.771494319918986 54.19999999850988
      vertex 179.82580796434434 20.686055420696178 54.19999999850988
    endloop
  endfacet
  facet normal 0.022021691897958412 -0.8409744846967535 0.5406264525298234
    outer loop
      vertex 180.9349632903781 20.322111033743653 53.50000000298023
      vertex 182 20.799999997019768 54.19999999850988
      vertex 180.91141211030273 20.771494319918986 54.19999999850988
    endloop
  endfacet
  facet normal -0.022021691897956164 0.840974484696752 0.5406264525298258
    outer loop
      vertex 182 -20.350000001490116 53.50000000298023
      vertex 182 -20.799999997019768 54.19999999850988
      vertex 183.0650367096219 -20.322111033743653 53.50000000298023
    endloop
  endfacet
  facet normal -0.022021691966465737 0.8409744873129431 -0.5406264484574044
    outer loop
      vertex 182 -20.799999997019768 52.8
      vertex 182 -20.350000001490116 53.50000000298023
      vertex 183.08858788969727 -20.771494319918986 52.8
    endloop
  endfacet
  facet normal 0.02617694830787532 -0.9996573249755573 0
    outer loop
      vertex 182 -20.799999997019768 52.8
      vertex 183.08858788969727 -20.771494319918986 54.19999999850988
      vertex 182 -20.799999997019768 54.19999999850988
    endloop
  endfacet
  facet normal -0.022021691966463544 0.8409744873129447 -0.540626448457402
    outer loop
      vertex 183.08858788969727 -20.771494319918986 52.8
      vertex 182 -20.350000001490116 53.50000000298023
      vertex 183.0650367096219 -20.322111033743653 53.50000000298023
    endloop
  endfacet
  facet normal 0.02617694830787532 -0.9996573249755573 0
    outer loop
      vertex 182 -20.799999997019768 52.8
      vertex 183.08858788969727 -20.771494319918986 52.8
      vertex 183.08858788969727 -20.771494319918986 54.19999999850988
    endloop
  endfacet
  facet normal -0.066004715767088 0.8386694320896191 0.5406264525298237
    outer loop
      vertex 183.0650367096219 -20.322111033743653 53.50000000298023
      vertex 183.08858788969727 -20.771494319918986 54.19999999850988
      vertex 184.1271542276525 -20.238520572226314 53.50000000298023
    endloop
  endfacet
  facet normal -0.06600471597242073 0.8386694346986396 -0.5406264484574025
    outer loop
      vertex 183.08858788969727 -20.771494319918986 52.8
      vertex 183.0650367096219 -20.322111033743653 53.50000000298023
      vertex 184.17419203565566 -20.686055420696178 52.8
    endloop
  endfacet
  facet normal 0.07845909572784485 -0.996917333733128 0
    outer loop
      vertex 183.08858788969727 -20.771494319918986 52.8
      vertex 184.17419203565566 -20.686055420696178 54.19999999850988
      vertex 183.08858788969727 -20.771494319918986 54.19999999850988
    endloop
  endfacet
  facet normal -0.06600471597242229 0.8386694346986383 -0.5406264484574042
    outer loop
      vertex 184.17419203565566 -20.686055420696178 52.8
      vertex 183.0650367096219 -20.322111033743653 53.50000000298023
      vertex 184.1271542276525 -20.238520572226314 53.50000000298023
    endloop
  endfacet
  facet normal 0.07845909572784485 -0.996917333733128 0
    outer loop
      vertex 183.08858788969727 -20.771494319918986 52.8
      vertex 184.17419203565566 -20.686055420696178 52.8
      vertex 184.17419203565566 -20.686055420696178 54.19999999850988
    endloop
  endfacet
  facet normal -0.10980682529822985 0.8340656448643241 0.540626452529825
    outer loop
      vertex 184.1271542276525 -20.238520572226314 53.50000000298023
      vertex 184.17419203565566 -20.686055420696178 54.19999999850988
      vertex 185.1834413638018 -20.099457732582824 53.50000000298023
    endloop
  endfacet
  facet normal -0.10980682563982631 0.8340656474590229 -0.5406264484574037
    outer loop
      vertex 184.17419203565566 -20.686055420696178 52.8
      vertex 184.1271542276525 -20.238520572226314 53.50000000298023
      vertex 185.25383687237058 -20.543917481435326 52.8
    endloop
  endfacet
  facet normal 0.13052619222004871 -0.9914448613738108 0
    outer loop
      vertex 184.17419203565566 -20.686055420696178 52.8
      vertex 185.25383687237058 -20.543917481435326 54.19999999850988
      vertex 184.17419203565566 -20.686055420696178 54.19999999850988
    endloop
  endfacet
  facet normal -0.10980682563982821 0.8340656474590212 -0.5406264484574059
    outer loop
      vertex 185.25383687237058 -20.543917481435326 52.8
      vertex 184.1271542276525 -20.238520572226314 53.50000000298023
      vertex 185.1834413638018 -20.099457732582824 53.50000000298023
    endloop
  endfacet
  facet normal -0.022021691897958412 0.8409744846967535 0.5406264525298234
    outer loop
      vertex 183.0650367096219 -20.322111033743653 53.50000000298023
      vertex 182 -20.799999997019768 54.19999999850988
      vertex 183.08858788969727 -20.771494319918986 54.19999999850988
    endloop
  endfacet
  facet normal -0.06600471576708634 0.8386694320896181 0.5406264525298256
    outer loop
      vertex 184.1271542276525 -20.238520572226314 53.50000000298023
      vertex 183.08858788969727 -20.771494319918986 54.19999999850988
      vertex 184.17419203565566 -20.686055420696178 54.19999999850988
    endloop
  endfacet
  facet normal -0.10980682529822756 0.834065644864323 0.5406264525298272
    outer loop
      vertex 185.1834413638018 -20.099457732582824 53.50000000298023
      vertex 184.17419203565566 -20.686055420696178 54.19999999850988
      vertex 185.25383687237058 -20.543917481435326 54.19999999850988
    endloop
  endfacet
  facet normal 0.13052619222004871 -0.9914448613738108 0
    outer loop
      vertex 184.17419203565566 -20.686055420696178 52.8
      vertex 185.25383687237058 -20.543917481435326 52.8
      vertex 185.25383687237058 -20.543917481435326 54.19999999850988
    endloop
  endfacet
  facet normal -0.15330796243073538 0.827175744254912 -0.5406264484574063
    outer loop
      vertex 185.25383687237058 -20.543917481435326 52.8
      vertex 185.1834413638018 -20.099457732582824 53.50000000298023
      vertex 186.32456316838977 -20.34547009234805 52.8
    endloop
  endfacet
  facet normal -0.15330796195380797 0.8271757416816476 0.5406264525298276
    outer loop
      vertex 185.1834413638018 -20.099457732582824 53.50000000298023
      vertex 185.25383687237058 -20.543917481435326 54.19999999850988
      vertex 186.23100290845122 -19.9053036763905 53.50000000298023
    endloop
  endfacet
  facet normal 0.1822355254921461 -0.9832549075639548 0
    outer loop
      vertex 185.25383687237058 -20.543917481435326 52.8
      vertex 186.32456316838977 -20.34547009234805 54.19999999850988
      vertex 185.25383687237058 -20.543917481435326 54.19999999850988
    endloop
  endfacet
  facet normal 0.1822355254921461 -0.9832549075639548 0
    outer loop
      vertex 185.25383687237058 -20.543917481435326 52.8
      vertex 186.32456316838977 -20.34547009234805 52.8
      vertex 186.32456316838977 -20.34547009234805 54.19999999850988
    endloop
  endfacet
  facet normal 0.23344536385590803 -0.9723699203976759 0
    outer loop
      vertex 186.32456316838977 -20.34547009234805 52.8
      vertex 187.3834361373611 -20.091257183933937 52.8
      vertex 187.3834361373611 -20.091257183933937 54.19999999850988
    endloop
  endfacet
  facet normal 0.23344536385590803 -0.9723699203976759 0
    outer loop
      vertex 186.32456316838977 -20.34547009234805 52.8
      vertex 187.3834361373611 -20.091257183933937 54.19999999850988
      vertex 186.32456316838977 -20.34547009234805 54.19999999850988
    endloop
  endfacet
  facet normal -0.15330796195380908 0.8271757416816481 0.5406264525298264
    outer loop
      vertex 186.23100290845122 -19.9053036763905 53.50000000298023
      vertex 185.25383687237058 -20.543917481435326 54.19999999850988
      vertex 186.32456316838977 -20.34547009234805 54.19999999850988
    endloop
  endfacet
  facet normal -0.15330796243073452 0.827175744254913 -0.540626448457405
    outer loop
      vertex 186.32456316838977 -20.34547009234805 52.8
      vertex 185.1834413638018 -20.099457732582824 53.50000000298023
      vertex 186.23100290845122 -19.9053036763905 53.50000000298023
    endloop
  endfacet
  facet normal -0.19638889275293 0.8180186098320812 -0.5406264484574053
    outer loop
      vertex 186.32456316838977 -20.34547009234805 52.8
      vertex 186.23100290845122 -19.9053036763905 53.50000000298023
      vertex 187.3834361373611 -20.091257183933937 52.8
    endloop
  endfacet
  facet normal -0.1963888921419821 0.8180186072873038 0.5406264525298266
    outer loop
      vertex 186.23100290845122 -19.9053036763905 53.50000000298023
      vertex 186.32456316838977 -20.34547009234805 54.19999999850988
      vertex 187.26696756822196 -19.656590566421883 53.50000000298023
    endloop
  endfacet
  facet normal -0.19638889275292928 0.818018609832082 -0.5406264484574043
    outer loop
      vertex 187.3834361373611 -20.091257183933937 52.8
      vertex 186.23100290845122 -19.9053036763905 53.50000000298023
      vertex 187.26696756822196 -19.656590566421883 53.50000000298023
    endloop
  endfacet
  facet normal -0.23893153477090717 0.8066193432594783 -0.5406264484574046
    outer loop
      vertex 187.3834361373611 -20.091257183933937 52.8
      vertex 187.26696756822196 -19.656590566421883 53.50000000298023
      vertex 188.42755348207797 -19.781975536104824 52.8
    endloop
  endfacet
  facet normal 0.2840153447039218 -0.9588197348681934 0
    outer loop
      vertex 187.3834361373611 -20.091257183933937 52.8
      vertex 188.42755348207797 -19.781975536104824 54.19999999850988
      vertex 187.3834361373611 -20.091257183933937 54.19999999850988
    endloop
  endfacet
  facet normal -0.23893153402761277 0.8066193407501631 0.5406264525298259
    outer loop
      vertex 187.26696756822196 -19.656590566421883 53.50000000298023
      vertex 187.3834361373611 -20.091257183933937 54.19999999850988
      vertex 188.28849583599066 -19.35400010802356 53.50000000298023
    endloop
  endfacet
  facet normal -0.19638889214198313 0.8180186072873041 0.5406264525298257
    outer loop
      vertex 187.26696756822196 -19.656590566421883 53.50000000298023
      vertex 186.32456316838977 -20.34547009234805 54.19999999850988
      vertex 187.3834361373611 -20.091257183933937 54.19999999850988
    endloop
  endfacet
  facet normal 0.2840153447039218 -0.9588197348681934 0
    outer loop
      vertex 187.3834361373611 -20.091257183933937 52.8
      vertex 188.42755348207797 -19.781975536104824 52.8
      vertex 188.42755348207797 -19.781975536104824 54.19999999850988
    endloop
  endfacet
  facet normal -0.23893153477090617 0.8066193432594796 -0.5406264484574032
    outer loop
      vertex 188.42755348207797 -19.781975536104824 52.8
      vertex 187.26696756822196 -19.656590566421883 53.50000000298023
      vertex 188.28849583599066 -19.35400010802356 53.50000000298023
    endloop
  endfacet
  facet normal -0.2808192820600073 0.7930091891344243 -0.5406264484574032
    outer loop
      vertex 188.42755348207797 -19.781975536104824 52.8
      vertex 188.28849583599066 -19.35400010802356 53.50000000298023
      vertex 189.45405334947424 -19.41847286835951 52.8
    endloop
  endfacet
  facet normal 0.3338068592337695 -0.9426414910921789 0
    outer loop
      vertex 188.42755348207797 -19.781975536104824 52.8
      vertex 189.45405334947424 -19.41847286835951 54.19999999850988
      vertex 188.42755348207797 -19.781975536104824 54.19999999850988
    endloop
  endfacet
  facet normal 0.3338068592337695 -0.9426414910921789 0
    outer loop
      vertex 188.42755348207797 -19.781975536104824 52.8
      vertex 189.45405334947424 -19.41847286835951 52.8
      vertex 189.45405334947424 -19.41847286835951 54.19999999850988
    endloop
  endfacet
  facet normal -0.2808192811864065 0.7930091866674481 0.5406264525298244
    outer loop
      vertex 188.28849583599066 -19.35400010802356 53.50000000298023
      vertex 188.42755348207797 -19.781975536104824 54.19999999850988
      vertex 189.29278777378087 -18.9983616806092 53.50000000298023
    endloop
  endfacet
  facet normal -0.2808192820600081 0.793009189134423 -0.5406264484574044
    outer loop
      vertex 189.45405334947424 -19.41847286835951 52.8
      vertex 188.28849583599066 -19.35400010802356 53.50000000298023
      vertex 189.29278777378087 -18.9983616806092 53.50000000298023
    endloop
  endfacet
  facet normal -0.3219373232164919 0.7772254519433426 -0.5406264484574047
    outer loop
      vertex 189.45405334947424 -19.41847286835951 52.8
      vertex 189.29278777378087 -18.9983616806092 53.50000000298023
      vertex 190.46012217476448 -19.00174551624352 52.8
    endloop
  endfacet
  facet normal 0.38268343236509095 -0.9238795325112863 0
    outer loop
      vertex 189.45405334947424 -19.41847286835951 52.8
      vertex 190.46012217476448 -19.00174551624352 54.19999999850988
      vertex 189.45405334947424 -19.41847286835951 54.19999999850988
    endloop
  endfacet
  facet normal -0.32193732221497884 0.7772254495254672 0.5406264525298259
    outer loop
      vertex 189.29278777378087 -18.9983616806092 53.50000000298023
      vertex 189.45405334947424 -19.41847286835951 54.19999999850988
      vertex 190.2770906871986 -18.590650064388218 53.50000000298023
    endloop
  endfacet
  facet normal 0.38268343236509095 -0.9238795325112863 0
    outer loop
      vertex 189.45405334947424 -19.41847286835951 52.8
      vertex 190.46012217476448 -19.00174551624352 52.8
      vertex 190.46012217476448 -19.00174551624352 54.19999999850988
    endloop
  endfacet
  facet normal -0.3219373232164941 0.777225451943339 -0.5406264484574085
    outer loop
      vertex 190.46012217476448 -19.00174551624352 52.8
      vertex 189.29278777378087 -18.9983616806092 53.50000000298023
      vertex 190.2770906871986 -18.590650064388218 53.50000000298023
    endloop
  endfacet
  facet normal -0.23893153402761425 0.8066193407501635 0.5406264525298244
    outer loop
      vertex 188.28849583599066 -19.35400010802356 53.50000000298023
      vertex 187.3834361373611 -20.091257183933937 54.19999999850988
      vertex 188.42755348207797 -19.781975536104824 54.19999999850988
    endloop
  endfacet
  facet normal -0.2808192811864051 0.7930091866674477 0.5406264525298256
    outer loop
      vertex 189.29278777378087 -18.9983616806092 53.50000000298023
      vertex 188.42755348207797 -19.781975536104824 54.19999999850988
      vertex 189.45405334947424 -19.41847286835951 54.19999999850988
    endloop
  endfacet
  facet normal -0.3219373222149748 0.7772254495254663 0.5406264525298297
    outer loop
      vertex 190.2770906871986 -18.590650064388218 53.50000000298023
      vertex 189.45405334947424 -19.41847286835951 54.19999999850988
      vertex 190.46012217476448 -19.00174551624352 54.19999999850988
    endloop
  endfacet
  facet normal -0.36217295654763043 0.7593113938127604 -0.5406264484574089
    outer loop
      vertex 190.46012217476448 -19.00174551624352 52.8
      vertex 190.2770906871986 -18.590650064388218 53.50000000298023
      vertex 191.44300239322956 -18.532935700462644 52.8
    endloop
  endfacet
  facet normal 0.4305110968083015 -0.9025852843498576 0
    outer loop
      vertex 190.46012217476448 -19.00174551624352 52.8
      vertex 191.44300239322956 -18.532935700462644 54.19999999850988
      vertex 190.46012217476448 -19.00174551624352 54.19999999850988
    endloop
  endfacet
  facet normal 0.4305110968083015 -0.9025852843498576 0
    outer loop
      vertex 190.46012217476448 -19.00174551624352 52.8
      vertex 191.44300239322956 -18.532935700462644 52.8
      vertex 191.44300239322956 -18.532935700462644 54.19999999850988
    endloop
  endfacet
  facet normal -0.36217295542093564 0.7593113914506194 0.5406264525298303
    outer loop
      vertex 190.2770906871986 -18.590650064388218 53.50000000298023
      vertex 190.46012217476448 -19.00174551624352 54.19999999850988
      vertex 191.23870667037627 -18.13198276856099 53.50000000298023
    endloop
  endfacet
  facet normal -0.3621729565476242 0.7593113938127714 -0.5406264484573977
    outer loop
      vertex 191.44300239322956 -18.532935700462644 52.8
      vertex 190.2770906871986 -18.590650064388218 53.50000000298023
      vertex 191.23870667037627 -18.13198276856099 53.50000000298023
    endloop
  endfacet
  facet normal -0.4014158989791951 0.7393161159308417 -0.5406264484573975
    outer loop
      vertex 191.44300239322956 -18.532935700462644 52.8
      vertex 191.23870667037627 -18.13198276856099 53.50000000298023
      vertex 192.39999999850988 -18.013328396135368 52.8
    endloop
  endfacet
  facet normal -0.40141589773043557 0.7393161136308962 0.5406264525298187
    outer loop
      vertex 191.23870667037627 -18.13198276856099 53.50000000298023
      vertex 191.44300239322956 -18.532935700462644 54.19999999850988
      vertex 192.17500000074506 -17.623616968303804 53.50000000298023
    endloop
  endfacet
  facet normal 0.4771587602596022 -0.8788171126619686 0
    outer loop
      vertex 191.44300239322956 -18.532935700462644 52.8
      vertex 192.39999999850988 -18.013328396135368 54.19999999850988
      vertex 191.44300239322956 -18.532935700462644 54.19999999850988
    endloop
  endfacet
  facet normal -0.4014158989791994 0.7393161159308331 -0.5406264484574059
    outer loop
      vertex 192.39999999850988 -18.013328396135368 52.8
      vertex 191.23870667037627 -18.13198276856099 53.50000000298023
      vertex 192.17500000074506 -17.623616968303804 53.50000000298023
    endloop
  endfacet
  facet normal 0.4771587602596022 -0.8788171126619686 0
    outer loop
      vertex 191.44300239322956 -18.532935700462644 52.8
      vertex 192.39999999850988 -18.013328396135368 52.8
      vertex 192.39999999850988 -18.013328396135368 54.19999999850988
    endloop
  endfacet
  facet normal -0.4395585883337415 0.717294423964372 -0.5406264484574059
    outer loop
      vertex 192.39999999850988 -18.013328396135368 52.8
      vertex 192.17500000074506 -17.623616968303804 53.50000000298023
      vertex 193.32849192668942 -17.444347810765386 52.8
    endloop
  endfacet
  facet normal 0.5224985647159454 -0.8526401643540944 0
    outer loop
      vertex 192.39999999850988 -18.013328396135368 52.8
      vertex 193.32849192668942 -17.444347810765386 54.19999999850988
      vertex 192.39999999850988 -18.013328396135368 54.19999999850988
    endloop
  endfacet
  facet normal -0.4395585869663185 0.7172944217329366 0.5406264525298272
    outer loop
      vertex 192.17500000074506 -17.623616968303804 53.50000000298023
      vertex 192.39999999850988 -18.013328396135368 54.19999999850988
      vertex 193.08340436336738 -17.066946058939095 53.50000000298023
    endloop
  endfacet
  facet normal 0.5224985647159454 -0.8526401643540944 0
    outer loop
      vertex 192.39999999850988 -18.013328396135368 52.8
      vertex 193.32849192668942 -17.444347810765386 52.8
      vertex 193.32849192668942 -17.444347810765386 54.19999999850988
    endloop
  endfacet
  facet normal -0.4395585883337425 0.7172944239643697 -0.5406264484574081
    outer loop
      vertex 193.32849192668942 -17.444347810765386 52.8
      vertex 192.17500000074506 -17.623616968303804 53.50000000298023
      vertex 193.08340436336738 -17.066946058939095 53.50000000298023
    endloop
  endfacet
  facet normal -0.36217295542094796 0.7593113914506217 0.5406264525298192
    outer loop
      vertex 191.23870667037627 -18.13198276856099 53.50000000298023
      vertex 190.46012217476448 -19.00174551624352 54.19999999850988
      vertex 191.44300239322956 -18.532935700462644 54.19999999850988
    endloop
  endfacet
  facet normal -0.40141589773042613 0.7393161136308951 0.5406264525298272
    outer loop
      vertex 192.17500000074506 -17.623616968303804 53.50000000298023
      vertex 191.44300239322956 -18.532935700462644 54.19999999850988
      vertex 192.39999999850988 -18.013328396135368 54.19999999850988
    endloop
  endfacet
  facet normal -0.4395585869663161 0.7172944217329363 0.5406264525298294
    outer loop
      vertex 193.08340436336738 -17.066946058939095 53.50000000298023
      vertex 192.39999999850988 -18.013328396135368 54.19999999850988
      vertex 193.32849192668942 -17.444347810765386 54.19999999850988
    endloop
  endfacet
  facet normal -0.4764964766686804 0.6933066756835286 0.5406264525298298
    outer loop
      vertex 193.08340436336738 -17.066946058939095 53.50000000298023
      vertex 193.32849192668942 -17.444347810765386 54.19999999850988
      vertex 193.96142988502768 -16.46349583673571 53.50000000298023
    endloop
  endfacet
  facet normal -0.47649647815101037 0.6933066778403426 -0.5406264484574085
    outer loop
      vertex 193.32849192668942 -17.444347810765386 52.8
      vertex 193.08340436336738 -17.066946058939095 53.50000000298023
      vertex 194.2259332459317 -16.82755348058785 52.8
    endloop
  endfacet
  facet normal 0.5664062369248327 -0.8241261886220158 0
    outer loop
      vertex 193.32849192668942 -17.444347810765386 52.8
      vertex 194.2259332459317 -16.82755348058785 54.19999999850988
      vertex 193.32849192668942 -17.444347810765386 54.19999999850988
    endloop
  endfacet
  facet normal -0.476496478151013 0.6933066778403358 -0.5406264484574149
    outer loop
      vertex 194.2259332459317 -16.82755348058785 52.8
      vertex 193.08340436336738 -17.066946058939095 53.50000000298023
      vertex 193.96142988502768 -16.46349583673571 53.50000000298023
    endloop
  endfacet
  facet normal 0.5664062369248327 -0.8241261886220158 0
    outer loop
      vertex 193.32849192668942 -17.444347810765386 52.8
      vertex 194.2259332459317 -16.82755348058785 52.8
      vertex 194.2259332459317 -16.82755348058785 54.19999999850988
    endloop
  endfacet
  facet normal 0.6087614290087264 -0.7933533402912306 0
    outer loop
      vertex 194.2259332459317 -16.82755348058785 52.8
      vertex 195.0898641319611 -16.16463599598892 54.19999999850988
      vertex 194.2259332459317 -16.82755348058785 54.19999999850988
    endloop
  endfacet
  facet normal -0.5121283242425316 0.6674186263035051 -0.5406264484574156
    outer loop
      vertex 194.2259332459317 -16.82755348058785 52.8
      vertex 193.96142988502768 -16.46349583673571 53.50000000298023
      vertex 195.0898641319611 -16.16463599598892 52.8
    endloop
  endfacet
  facet normal -0.5121283226493365 0.6674186242272394 0.5406264525298371
    outer loop
      vertex 193.96142988502768 -16.46349583673571 53.50000000298023
      vertex 194.2259332459317 -16.82755348058785 54.19999999850988
      vertex 194.80666995880196 -15.814920316807395 53.50000000298023
    endloop
  endfacet
  facet normal 0.6087614290087264 -0.7933533402912306 0
    outer loop
      vertex 194.2259332459317 -16.82755348058785 52.8
      vertex 195.0898641319611 -16.16463599598892 52.8
      vertex 195.0898641319611 -16.16463599598892 54.19999999850988
    endloop
  endfacet
  facet normal -0.5121283242425256 0.6674186263035238 -0.5406264484573979
    outer loop
      vertex 195.0898641319611 -16.16463599598892 52.8
      vertex 193.96142988502768 -16.46349583673571 53.50000000298023
      vertex 194.80666995880196 -15.814920316807395 53.50000000298023
    endloop
  endfacet
  facet normal 0.6494480483301833 -0.7604059656000313 0
    outer loop
      vertex 195.0898641319611 -16.16463599598892 52.8
      vertex 195.91791661027008 -15.457412367715056 54.19999999850988
      vertex 195.0898641319611 -16.16463599598892 54.19999999850988
    endloop
  endfacet
  facet normal -0.5463564621949074 0.6397012267036899 -0.5406264484573975
    outer loop
      vertex 195.0898641319611 -16.16463599598892 52.8
      vertex 194.80666995880196 -15.814920316807395 53.50000000298023
      vertex 195.91791661027008 -15.457412367715056 52.8
    endloop
  endfacet
  facet normal -0.5463564604952501 0.6397012247136359 0.5406264525298188
    outer loop
      vertex 194.80666995880196 -15.814920316807395 53.50000000298023
      vertex 195.0898641319611 -16.16463599598892 54.19999999850988
      vertex 195.61680784039984 -15.122997199572344 53.50000000298023
    endloop
  endfacet
  facet normal -0.5463564621949095 0.6397012267036813 -0.5406264484574054
    outer loop
      vertex 195.91791661027008 -15.457412367715056 52.8
      vertex 194.80666995880196 -15.814920316807395 53.50000000298023
      vertex 195.61680784039984 -15.122997199572344 53.50000000298023
    endloop
  endfacet
  facet normal 0.6494480483301833 -0.7604059656000313 0
    outer loop
      vertex 195.0898641319611 -16.16463599598892 52.8
      vertex 195.91791661027008 -15.457412367715056 52.8
      vertex 195.91791661027008 -15.457412367715056 54.19999999850988
    endloop
  endfacet
  facet normal -0.5790870750611667 0.6102304505065566 -0.5406264484574054
    outer loop
      vertex 195.91791661027008 -15.457412367715056 52.8
      vertex 195.61680784039984 -15.122997199572344 53.50000000298023
      vertex 196.70782104657286 -14.707821046572848 52.8
    endloop
  endfacet
  facet normal 0.6883545756937455 -0.7253743710122957 0
    outer loop
      vertex 195.91791661027008 -15.457412367715056 52.8
      vertex 196.70782104657286 -14.707821046572848 54.19999999850988
      vertex 195.91791661027008 -15.457412367715056 54.19999999850988
    endloop
  endfacet
  facet normal -0.579087073259688 0.6102304486081825 0.5406264525298266
    outer loop
      vertex 195.61680784039984 -15.122997199572344 53.50000000298023
      vertex 195.91791661027008 -15.457412367715056 54.19999999850988
      vertex 196.3896229981999 -14.389622998199915 53.50000000298023
    endloop
  endfacet
  facet normal -0.5790870750611687 0.6102304505065472 -0.5406264484574141
    outer loop
      vertex 196.70782104657286 -14.707821046572848 52.8
      vertex 195.61680784039984 -15.122997199572344 53.50000000298023
      vertex 196.3896229981999 -14.389622998199915 53.50000000298023
    endloop
  endfacet
  facet normal -0.4764964766686732 0.6933066756835284 0.5406264525298362
    outer loop
      vertex 193.96142988502768 -16.46349583673571 53.50000000298023
      vertex 193.32849192668942 -17.444347810765386 54.19999999850988
      vertex 194.2259332459317 -16.82755348058785 54.19999999850988
    endloop
  endfacet
  facet normal -0.5121283226493563 0.6674186242272384 0.5406264525298194
    outer loop
      vertex 194.80666995880196 -15.814920316807395 53.50000000298023
      vertex 194.2259332459317 -16.82755348058785 54.19999999850988
      vertex 195.0898641319611 -16.16463599598892 54.19999999850988
    endloop
  endfacet
  facet normal -0.5463564604952414 0.6397012247136368 0.5406264525298267
    outer loop
      vertex 195.61680784039984 -15.122997199572344 53.50000000298023
      vertex 195.0898641319611 -16.16463599598892 54.19999999850988
      vertex 195.91791661027008 -15.457412367715056 54.19999999850988
    endloop
  endfacet
  facet normal -0.5790870732596785 0.610230448608184 0.5406264525298352
    outer loop
      vertex 196.3896229981999 -14.389622998199915 53.50000000298023
      vertex 195.91791661027008 -15.457412367715056 54.19999999850988
      vertex 196.70782104657286 -14.707821046572848 54.19999999850988
    endloop
  endfacet
  facet normal 0.6883545756937455 -0.7253743710122957 0
    outer loop
      vertex 195.91791661027008 -15.457412367715056 52.8
      vertex 196.70782104657286 -14.707821046572848 52.8
      vertex 196.70782104657286 -14.707821046572848 54.19999999850988
    endloop
  endfacet
  facet normal 0.7253743710122968 -0.6883545756937443 0
    outer loop
      vertex 196.70782104657286 -14.707821046572848 52.8
      vertex 197.45741236771505 -13.917916610270087 54.19999999850988
      vertex 196.70782104657286 -14.707821046572848 54.19999999850988
    endloop
  endfacet
  facet normal -0.6102304505065533 0.5790870750611617 -0.5406264484574145
    outer loop
      vertex 196.70782104657286 -14.707821046572848 52.8
      vertex 196.3896229981999 -14.389622998199915 53.50000000298023
      vertex 197.45741236771505 -13.917916610270087 52.8
    endloop
  endfacet
  facet normal -0.6102304486081733 0.5790870732596891 0.540626452529836
    outer loop
      vertex 196.3896229981999 -14.389622998199915 53.50000000298023
      vertex 196.70782104657286 -14.707821046572848 54.19999999850988
      vertex 197.12299719957235 -13.616807840399847 53.50000000298023
    endloop
  endfacet
  facet normal -0.6102304505065503 0.5790870750611816 -0.5406264484573965
    outer loop
      vertex 197.45741236771505 -13.917916610270087 52.8
      vertex 196.3896229981999 -14.389622998199915 53.50000000298023
      vertex 197.12299719957235 -13.616807840399847 53.50000000298023
    endloop
  endfacet
  facet normal 0.7253743710122968 -0.6883545756937443 0
    outer loop
      vertex 196.70782104657286 -14.707821046572848 52.8
      vertex 197.45741236771505 -13.917916610270087 52.8
      vertex 197.45741236771505 -13.917916610270087 54.19999999850988
    endloop
  endfacet
  facet normal -0.6397012267036845 0.5463564621949151 -0.5406264484573963
    outer loop
      vertex 197.45741236771505 -13.917916610270087 52.8
      vertex 197.12299719957235 -13.616807840399847 53.50000000298023
      vertex 198.16463599598893 -13.089864131961097 52.8
    endloop
  endfacet
  facet normal -0.6397012247136477 0.546356460495238 0.5406264525298173
    outer loop
      vertex 197.12299719957235 -13.616807840399847 53.50000000298023
      vertex 197.45741236771505 -13.917916610270087 54.19999999850988
      vertex 197.8149203168074 -12.806669958801951 53.50000000298023
    endloop
  endfacet
  facet normal 0.7604059656000239 -0.6494480483301918 0
    outer loop
      vertex 197.45741236771505 -13.917916610270087 52.8
      vertex 198.16463599598893 -13.089864131961097 54.19999999850988
      vertex 197.45741236771505 -13.917916610270087 54.19999999850988
    endloop
  endfacet
  facet normal -0.6397012267036866 0.5463564621948919 -0.540626448457417
    outer loop
      vertex 198.16463599598893 -13.089864131961097 52.8
      vertex 197.12299719957235 -13.616807840399847 53.50000000298023
      vertex 197.8149203168074 -12.806669958801951 53.50000000298023
    endloop
  endfacet
  facet normal 0.7604059656000239 -0.6494480483301918 0
    outer loop
      vertex 197.45741236771505 -13.917916610270087 52.8
      vertex 198.16463599598893 -13.089864131961097 52.8
      vertex 198.16463599598893 -13.089864131961097 54.19999999850988
    endloop
  endfacet
  facet normal -0.6674186242272263 0.5121283226493516 0.5406264525298388
    outer loop
      vertex 197.8149203168074 -12.806669958801951 53.50000000298023
      vertex 198.16463599598893 -13.089864131961097 54.19999999850988
      vertex 198.46349583673572 -11.961429885027696 53.50000000298023
    endloop
  endfacet
  facet normal -0.6674186263035105 0.5121283242425229 -0.5406264484574174
    outer loop
      vertex 198.16463599598893 -13.089864131961097 52.8
      vertex 197.8149203168074 -12.806669958801951 53.50000000298023
      vertex 198.82755348058785 -12.225933245931705 52.8
    endloop
  endfacet
  facet normal 0.793353340291238 -0.6087614290087168 0
    outer loop
      vertex 198.16463599598893 -13.089864131961097 52.8
      vertex 198.82755348058785 -12.225933245931705 54.19999999850988
      vertex 198.16463599598893 -13.089864131961097 54.19999999850988
    endloop
  endfacet
  facet normal -0.6674186263035097 0.51212832424254 -0.5406264484574022
    outer loop
      vertex 198.82755348058785 -12.225933245931705 52.8
      vertex 197.8149203168074 -12.806669958801951 53.50000000298023
      vertex 198.46349583673572 -11.961429885027696 53.50000000298023
    endloop
  endfacet
  facet normal 0.793353340291238 -0.6087614290087168 0
    outer loop
      vertex 198.16463599598893 -13.089864131961097 52.8
      vertex 198.82755348058785 -12.225933245931705 52.8
      vertex 198.82755348058785 -12.225933245931705 54.19999999850988
    endloop
  endfacet
  facet normal -0.6933066756835382 0.4764964766686736 0.5406264525298233
    outer loop
      vertex 198.46349583673572 -11.961429885027696 53.50000000298023
      vertex 198.82755348058785 -12.225933245931705 54.19999999850988
      vertex 199.0669460589391 -11.083404363367377 53.50000000298023
    endloop
  endfacet
  facet normal 0.8241261886220209 -0.5664062369248254 0
    outer loop
      vertex 198.82755348058785 -12.225933245931705 52.8
      vertex 199.44434781076538 -11.328491926689413 54.19999999850988
      vertex 198.82755348058785 -12.225933245931705 54.19999999850988
    endloop
  endfacet
  facet normal -0.6933066778403504 0.47649647815100654 -0.540626448457402
    outer loop
      vertex 198.82755348058785 -12.225933245931705 52.8
      vertex 198.46349583673572 -11.961429885027696 53.50000000298023
      vertex 199.44434781076538 -11.328491926689413 52.8
    endloop
  endfacet
  facet normal 0.8241261886220209 -0.5664062369248254 0
    outer loop
      vertex 198.82755348058785 -12.225933245931705 52.8
      vertex 199.44434781076538 -11.328491926689413 52.8
      vertex 199.44434781076538 -11.328491926689413 54.19999999850988
    endloop
  endfacet
  facet normal -0.6102304486081931 0.5790870732596851 0.5406264525298181
    outer loop
      vertex 197.12299719957235 -13.616807840399847 53.50000000298023
      vertex 196.70782104657286 -14.707821046572848 54.19999999850988
      vertex 197.45741236771505 -13.917916610270087 54.19999999850988
    endloop
  endfacet
  facet normal -0.639701224713625 0.5463564604952438 0.5406264525298381
    outer loop
      vertex 197.8149203168074 -12.806669958801951 53.50000000298023
      vertex 197.45741236771505 -13.917916610270087 54.19999999850988
      vertex 198.16463599598893 -13.089864131961097 54.19999999850988
    endloop
  endfacet
  facet normal -0.6674186242272426 0.5121283226493466 0.5406264525298236
    outer loop
      vertex 198.46349583673572 -11.961429885027696 53.50000000298023
      vertex 198.16463599598893 -13.089864131961097 54.19999999850988
      vertex 198.82755348058785 -12.225933245931705 54.19999999850988
    endloop
  endfacet
  facet normal -0.6933066756835411 0.47649647666867256 0.5406264525298207
    outer loop
      vertex 199.0669460589391 -11.083404363367377 53.50000000298023
      vertex 198.82755348058785 -12.225933245931705 54.19999999850988
      vertex 199.44434781076538 -11.328491926689413 54.19999999850988
    endloop
  endfacet
  facet normal -0.6933066778403504 0.47649647815100965 -0.5406264484573993
    outer loop
      vertex 199.44434781076538 -11.328491926689413 52.8
      vertex 198.46349583673572 -11.961429885027696 53.50000000298023
      vertex 199.0669460589391 -11.083404363367377 53.50000000298023
    endloop
  endfacet
  facet normal -0.7172944239643723 0.43955858833374944 -0.5406264484573992
    outer loop
      vertex 199.44434781076538 -11.328491926689413 52.8
      vertex 199.0669460589391 -11.083404363367377 53.50000000298023
      vertex 200.01332839613536 -10.399999998509884 52.8
    endloop
  endfacet
  facet normal -0.7172944217329437 0.4395585869663154 0.5406264525298203
    outer loop
      vertex 199.0669460589391 -11.083404363367377 53.50000000298023
      vertex 199.44434781076538 -11.328491926689413 54.19999999850988
      vertex 199.6236169683038 -10.175000000745058 53.50000000298023
    endloop
  endfacet
  facet normal 0.8526401643540903 -0.522498564715952 0
    outer loop
      vertex 199.44434781076538 -11.328491926689413 52.8
      vertex 200.01332839613536 -10.399999998509884 54.19999999850988
      vertex 199.44434781076538 -11.328491926689413 54.19999999850988
    endloop
  endfacet
  facet normal -0.7172944239643714 0.43955858833373607 -0.5406264484574111
    outer loop
      vertex 200.01332839613536 -10.399999998509884 52.8
      vertex 199.0669460589391 -11.083404363367377 53.50000000298023
      vertex 199.6236169683038 -10.175000000745058 53.50000000298023
    endloop
  endfacet
  facet normal 0.8526401643540903 -0.522498564715952 0
    outer loop
      vertex 199.44434781076538 -11.328491926689413 52.8
      vertex 200.01332839613536 -10.399999998509884 52.8
      vertex 200.01332839613536 -10.399999998509884 54.19999999850988
    endloop
  endfacet
  facet normal 0.8788171126619648 -0.4771587602596096 0
    outer loop
      vertex 200.01332839613536 -10.399999998509884 52.8
      vertex 200.53293570046264 -9.443002393229575 54.19999999850988
      vertex 200.01332839613536 -10.399999998509884 54.19999999850988
    endloop
  endfacet
  facet normal -0.7393161136308859 0.4014158977304356 0.5406264525298325
    outer loop
      vertex 199.6236169683038 -10.175000000745058 53.50000000298023
      vertex 200.01332839613536 -10.399999998509884 54.19999999850988
      vertex 200.131982768561 -9.238706670376274 53.50000000298023
    endloop
  endfacet
  facet normal -0.7393161159308305 0.40141589897919705 -0.5406264484574113
    outer loop
      vertex 200.01332839613536 -10.399999998509884 52.8
      vertex 199.6236169683038 -10.175000000745058 53.50000000298023
      vertex 200.53293570046264 -9.443002393229575 52.8
    endloop
  endfacet
  facet normal -0.7393161159308312 0.401415898979204 -0.540626448457405
    outer loop
      vertex 200.53293570046264 -9.443002393229575 52.8
      vertex 199.6236169683038 -10.175000000745058 53.50000000298023
      vertex 200.131982768561 -9.238706670376274 53.50000000298023
    endloop
  endfacet
  facet normal 0.8788171126619648 -0.4771587602596096 0
    outer loop
      vertex 200.01332839613536 -10.399999998509884 52.8
      vertex 200.53293570046264 -9.443002393229575 52.8
      vertex 200.53293570046264 -9.443002393229575 54.19999999850988
    endloop
  endfacet
  facet normal -0.759311393812766 0.3621729565476245 -0.540626448457405
    outer loop
      vertex 200.53293570046264 -9.443002393229575 52.8
      vertex 200.131982768561 -9.238706670376274 53.50000000298023
      vertex 201.00174551624352 -8.460122174764475 52.8
    endloop
  endfacet
  facet normal -0.7593113914506159 0.3621729554209491 0.5406264525298264
    outer loop
      vertex 200.131982768561 -9.238706670376274 53.50000000298023
      vertex 200.53293570046264 -9.443002393229575 54.19999999850988
      vertex 200.59065006438823 -8.27709068719862 53.50000000298023
    endloop
  endfacet
  facet normal -0.7593113938127682 0.36217295654763804 -0.5406264484573928
    outer loop
      vertex 201.00174551624352 -8.460122174764475 52.8
      vertex 200.131982768561 -9.238706670376274 53.50000000298023
      vertex 200.59065006438823 -8.27709068719862 53.50000000298023
    endloop
  endfacet
  facet normal 0.9025852843498616 -0.4305110968082932 0
    outer loop
      vertex 200.53293570046264 -9.443002393229575 52.8
      vertex 201.00174551624352 -8.460122174764475 54.19999999850988
      vertex 200.53293570046264 -9.443002393229575 54.19999999850988
    endloop
  endfacet
  facet normal 0.9025852843498616 -0.4305110968082932 0
    outer loop
      vertex 200.53293570046264 -9.443002393229575 52.8
      vertex 201.00174551624352 -8.460122174764475 52.8
      vertex 201.00174551624352 -8.460122174764475 54.19999999850988
    endloop
  endfacet
  facet normal -0.7172944217329313 0.4395585869663207 0.5406264525298323
    outer loop
      vertex 199.44434781076538 -11.328491926689413 54.19999999850988
      vertex 200.01332839613536 -10.399999998509884 54.19999999850988
      vertex 199.6236169683038 -10.175000000745058 53.50000000298023
    endloop
  endfacet
  facet normal -0.7393161136308922 0.4014158977304324 0.5406264525298263
    outer loop
      vertex 200.131982768561 -9.238706670376274 53.50000000298023
      vertex 200.01332839613536 -10.399999998509884 54.19999999850988
      vertex 200.53293570046264 -9.443002393229575 54.19999999850988
    endloop
  endfacet
  facet normal -0.7593113914506279 0.3621729554209424 0.5406264525298141
    outer loop
      vertex 200.59065006438823 -8.27709068719862 53.50000000298023
      vertex 200.53293570046264 -9.443002393229575 54.19999999850988
      vertex 201.00174551624352 -8.460122174764475 54.19999999850988
    endloop
  endfacet
  facet normal -0.7772254519433476 0.3219373232164999 -0.5406264484573926
    outer loop
      vertex 201.00174551624352 -8.460122174764475 52.8
      vertex 200.59065006438823 -8.27709068719862 53.50000000298023
      vertex 201.41847286835952 -7.454053349474226 52.8
    endloop
  endfacet
  facet normal -0.777225449525477 0.32193732221497573 0.5406264525298139
    outer loop
      vertex 200.59065006438823 -8.27709068719862 53.50000000298023
      vertex 201.00174551624352 -8.460122174764475 54.19999999850988
      vertex 200.9983616806092 -7.29278777378087 53.50000000298023
    endloop
  endfacet
  facet normal 0.9238795325112837 -0.382683432365097 0
    outer loop
      vertex 201.00174551624352 -8.460122174764475 52.8
      vertex 201.41847286835952 -7.454053349474226 54.19999999850988
      vertex 201.00174551624352 -8.460122174764475 54.19999999850988
    endloop
  endfacet
  facet normal -0.7772254519433454 0.32193732321648955 -0.5406264484574022
    outer loop
      vertex 201.41847286835952 -7.454053349474226 52.8
      vertex 200.59065006438823 -8.27709068719862 53.50000000298023
      vertex 200.9983616806092 -7.29278777378087 53.50000000298023
    endloop
  endfacet
  facet normal 0.9238795325112837 -0.382683432365097 0
    outer loop
      vertex 201.00174551624352 -8.460122174764475 52.8
      vertex 201.41847286835952 -7.454053349474226 52.8
      vertex 201.41847286835952 -7.454053349474226 54.19999999850988
    endloop
  endfacet
  facet normal -0.7930091891344261 0.2808192820600041 -0.540626448457402
    outer loop
      vertex 201.41847286835952 -7.454053349474226 52.8
      vertex 200.9983616806092 -7.29278777378087 53.50000000298023
      vertex 201.78197553610482 -6.427553482077964 52.8
    endloop
  endfacet
  facet normal -0.7930091866674484 0.2808192811864078 0.5406264525298234
    outer loop
      vertex 200.9983616806092 -7.29278777378087 53.50000000298023
      vertex 201.41847286835952 -7.454053349474226 54.19999999850988
      vertex 201.35400010802357 -6.288495835990651 53.50000000298023
    endloop
  endfacet
  facet normal -0.793009189134428 0.28081928206001117 -0.5406264484573955
    outer loop
      vertex 201.78197553610482 -6.427553482077964 52.8
      vertex 200.9983616806092 -7.29278777378087 53.50000000298023
      vertex 201.35400010802357 -6.288495835990651 53.50000000298023
    endloop
  endfacet
  facet normal 0.9426414910921803 -0.33380685923376546 0
    outer loop
      vertex 201.41847286835952 -7.454053349474226 52.8
      vertex 201.78197553610482 -6.427553482077964 54.19999999850988
      vertex 201.41847286835952 -7.454053349474226 54.19999999850988
    endloop
  endfacet
  facet normal 0.9426414910921803 -0.33380685923376546 0
    outer loop
      vertex 201.41847286835952 -7.454053349474226 52.8
      vertex 201.78197553610482 -6.427553482077964 52.8
      vertex 201.78197553610482 -6.427553482077964 54.19999999850988
    endloop
  endfacet
  facet normal -0.8066193432594811 0.2389315347709179 -0.5406264484573955
    outer loop
      vertex 201.78197553610482 -6.427553482077964 52.8
      vertex 201.35400010802357 -6.288495835990651 53.50000000298023
      vertex 202.09125718393395 -5.38343613736109 52.8
    endloop
  endfacet
  facet normal -0.806619340750173 0.23893153402760026 0.5406264525298164
    outer loop
      vertex 201.35400010802357 -6.288495835990651 53.50000000298023
      vertex 201.78197553610482 -6.427553482077964 54.19999999850988
      vertex 201.65659056642187 -5.266967568221967 53.50000000298023
    endloop
  endfacet
  facet normal 0.95881973486819 -0.2840153447039325 0
    outer loop
      vertex 201.78197553610482 -6.427553482077964 52.8
      vertex 202.09125718393395 -5.38343613736109 54.19999999850988
      vertex 201.78197553610482 -6.427553482077964 54.19999999850988
    endloop
  endfacet
  facet normal -0.777225449525468 0.32193732221498145 0.5406264525298233
    outer loop
      vertex 200.9983616806092 -7.29278777378087 53.50000000298023
      vertex 201.00174551624352 -8.460122174764475 54.19999999850988
      vertex 201.41847286835952 -7.454053349474226 54.19999999850988
    endloop
  endfacet
  facet normal -0.7930091866674542 0.2808192811864036 0.5406264525298169
    outer loop
      vertex 201.35400010802357 -6.288495835990651 53.50000000298023
      vertex 201.41847286835952 -7.454053349474226 54.19999999850988
      vertex 201.78197553610482 -6.427553482077964 54.19999999850988
    endloop
  endfacet
  facet normal -0.8066193432594713 0.23893153477088824 -0.5406264484574234
    outer loop
      vertex 202.09125718393395 -5.38343613736109 52.8
      vertex 201.35400010802357 -6.288495835990651 53.50000000298023
      vertex 201.65659056642187 -5.266967568221967 53.50000000298023
    endloop
  endfacet
  facet normal 0.95881973486819 -0.2840153447039325 0
    outer loop
      vertex 201.78197553610482 -6.427553482077964 52.8
      vertex 202.09125718393395 -5.38343613736109 52.8
      vertex 202.09125718393395 -5.38343613736109 54.19999999850988
    endloop
  endfacet
  facet normal -0.8180186098320721 0.1963888927529184 -0.5406264484574234
    outer loop
      vertex 202.09125718393395 -5.38343613736109 52.8
      vertex 201.65659056642187 -5.266967568221967 53.50000000298023
      vertex 202.34547009234805 -4.324563168389769 52.8
    endloop
  endfacet
  facet normal -0.8180186072872896 0.1963888921419905 0.5406264525298449
    outer loop
      vertex 201.65659056642187 -5.266967568221967 53.50000000298023
      vertex 202.09125718393395 -5.38343613736109 54.19999999850988
      vertex 201.9053036763905 -4.231002908451215 53.50000000298023
    endloop
  endfacet
  facet normal -0.8180186098320809 0.19638889275294086 -0.5406264484574018
    outer loop
      vertex 202.34547009234805 -4.324563168389769 52.8
      vertex 201.65659056642187 -5.266967568221967 53.50000000298023
      vertex 201.9053036763905 -4.231002908451215 53.50000000298023
    endloop
  endfacet
  facet normal -0.827175741681649 0.15330796195381596 0.5406264525298233
    outer loop
      vertex 201.9053036763905 -4.231002908451215 53.50000000298023
      vertex 202.34547009234805 -4.324563168389769 54.19999999850988
      vertex 202.09945773258283 -3.1834413638018035 53.50000000298023
    endloop
  endfacet
  facet normal -0.8066193407501486 0.23893153402761974 0.5406264525298444
    outer loop
      vertex 201.65659056642187 -5.266967568221967 53.50000000298023
      vertex 201.78197553610482 -6.427553482077964 54.19999999850988
      vertex 202.09125718393395 -5.38343613736109 54.19999999850988
    endloop
  endfacet
  facet normal -0.8180186072873078 0.1963888921419745 0.5406264525298234
    outer loop
      vertex 201.9053036763905 -4.231002908451215 53.50000000298023
      vertex 202.09125718393395 -5.38343613736109 54.19999999850988
      vertex 202.34547009234805 -4.324563168389769 54.19999999850988
    endloop
  endfacet
  facet normal 0.9723699203976784 -0.23344536385589745 0
    outer loop
      vertex 202.09125718393395 -5.38343613736109 52.8
      vertex 202.34547009234805 -4.324563168389769 52.8
      vertex 202.34547009234805 -4.324563168389769 54.19999999850988
    endloop
  endfacet
  facet normal 0.9723699203976784 -0.23344536385589745 0
    outer loop
      vertex 202.09125718393395 -5.38343613736109 52.8
      vertex 202.34547009234805 -4.324563168389769 54.19999999850988
      vertex 202.09125718393395 -5.38343613736109 54.19999999850988
    endloop
  endfacet
  facet normal 0.9832549075639538 -0.18223552549215097 0
    outer loop
      vertex 202.34547009234805 -4.324563168389769 52.8
      vertex 202.54391748143533 -3.253836872370591 54.19999999850988
      vertex 202.34547009234805 -4.324563168389769 54.19999999850988
    endloop
  endfacet
  facet normal -0.827175744254914 0.15330796243073994 -0.5406264484574019
    outer loop
      vertex 202.34547009234805 -4.324563168389769 52.8
      vertex 201.9053036763905 -4.231002908451215 53.50000000298023
      vertex 202.54391748143533 -3.253836872370591 52.8
    endloop
  endfacet
  facet normal 0.9832549075639538 -0.18223552549215097 0
    outer loop
      vertex 202.34547009234805 -4.324563168389769 52.8
      vertex 202.54391748143533 -3.253836872370591 52.8
      vertex 202.54391748143533 -3.253836872370591 54.19999999850988
    endloop
  endfacet
  facet normal -0.8271757442549152 0.15330796243074266 -0.5406264484573993
    outer loop
      vertex 202.54391748143533 -3.253836872370591 52.8
      vertex 201.9053036763905 -4.231002908451215 53.50000000298023
      vertex 202.09945773258283 -3.1834413638018035 53.50000000298023
    endloop
  endfacet
  facet normal 0.9914448613738129 -0.1305261922200329 0
    outer loop
      vertex 202.54391748143533 -3.253836872370591 52.8
      vertex 202.68605542069616 -2.174192035655673 54.19999999850988
      vertex 202.54391748143533 -3.253836872370591 54.19999999850988
    endloop
  endfacet
  facet normal -0.8271757416816511 0.15330796195381383 0.5406264525298207
    outer loop
      vertex 202.09945773258283 -3.1834413638018035 53.50000000298023
      vertex 202.34547009234805 -4.324563168389769 54.19999999850988
      vertex 202.54391748143533 -3.253836872370591 54.19999999850988
    endloop
  endfacet
  facet normal -0.8340656474590277 0.1098068256398134 -0.540626448457399
    outer loop
      vertex 202.54391748143533 -3.253836872370591 52.8
      vertex 202.09945773258283 -3.1834413638018035 53.50000000298023
      vertex 202.68605542069616 -2.174192035655673 52.8
    endloop
  endfacet
  facet normal -0.8340656448643275 0.10980682529822577 0.5406264525298204
    outer loop
      vertex 202.09945773258283 -3.1834413638018035 53.50000000298023
      vertex 202.54391748143533 -3.253836872370591 54.19999999850988
      vertex 202.23852057222632 -2.1271542276525075 53.50000000298023
    endloop
  endfacet
  facet normal -0.8340656474590337 0.10980682563982534 -0.540626448457387
    outer loop
      vertex 202.68605542069616 -2.174192035655673 52.8
      vertex 202.09945773258283 -3.1834413638018035 53.50000000298023
      vertex 202.23852057222632 -2.1271542276525075 53.50000000298023
    endloop
  endfacet
  facet normal 0.9914448613738129 -0.1305261922200329 0
    outer loop
      vertex 202.54391748143533 -3.253836872370591 52.8
      vertex 202.68605542069616 -2.174192035655673 52.8
      vertex 202.68605542069616 -2.174192035655673 54.19999999850988
    endloop
  endfacet
  facet normal -0.8386694320896294 0.06600471576708349 0.5406264525298081
    outer loop
      vertex 202.23852057222632 -2.1271542276525075 53.50000000298023
      vertex 202.68605542069616 -2.174192035655673 54.19999999850988
      vertex 202.32211103374365 -1.0650367096218938 53.50000000298023
    endloop
  endfacet
  facet normal 0.996917333733127 -0.07845909572785668 0
    outer loop
      vertex 202.68605542069616 -2.174192035655673 52.8
      vertex 202.771494319919 -1.0885878896972585 54.19999999850988
      vertex 202.68605542069616 -2.174192035655673 54.19999999850988
    endloop
  endfacet
  facet normal -0.8386694346986486 0.06600471597243149 -0.5406264484573869
    outer loop
      vertex 202.68605542069616 -2.174192035655673 52.8
      vertex 202.23852057222632 -2.1271542276525075 53.50000000298023
      vertex 202.771494319919 -1.0885878896972585 52.8
    endloop
  endfacet
  facet normal 0.996917333733127 -0.07845909572785668 0
    outer loop
      vertex 202.68605542069616 -2.174192035655673 52.8
      vertex 202.771494319919 -1.0885878896972585 52.8
      vertex 202.771494319919 -1.0885878896972585 54.19999999850988
    endloop
  endfacet
  facet normal -0.8386694346986402 0.06600471597241708 -0.540626448457402
    outer loop
      vertex 202.771494319919 -1.0885878896972585 52.8
      vertex 202.23852057222632 -2.1271542276525075 53.50000000298023
      vertex 202.32211103374365 -1.0650367096218938 53.50000000298023
    endloop
  endfacet
  facet normal 0.9996573249755573 -0.026176948307875487 0
    outer loop
      vertex 202.771494319919 -1.0885878896972585 52.8
      vertex 202.79999999701977 0 54.19999999850988
      vertex 202.771494319919 -1.0885878896972585 54.19999999850988
    endloop
  endfacet
  facet normal -0.8409744846967536 0.022021691897956188 0.5406264525298232
    outer loop
      vertex 202.32211103374365 -1.0650367096218938 53.50000000298023
      vertex 202.771494319919 -1.0885878896972585 54.19999999850988
      vertex 202.35000000149012 0 53.50000000298023
    endloop
  endfacet
  facet normal -0.8409744873129447 0.02202169196646592 -0.5406264484574019
    outer loop
      vertex 202.771494319919 -1.0885878896972585 52.8
      vertex 202.32211103374365 -1.0650367096218938 53.50000000298023
      vertex 202.79999999701977 0 52.8
    endloop
  endfacet
  facet normal 0.9996573249755573 -0.026176948307875487 0
    outer loop
      vertex 202.771494319919 -1.0885878896972585 52.8
      vertex 202.79999999701977 0 52.8
      vertex 202.79999999701977 0 54.19999999850988
    endloop
  endfacet
  facet normal -0.8409744873129432 0.022021691966463523 -0.5406264484574045
    outer loop
      vertex 202.32211103374365 -1.0650367096218938 53.50000000298023
      vertex 202.35000000149012 0 53.50000000298023
      vertex 202.79999999701977 0 52.8
    endloop
  endfacet
  facet normal -0.8340656448643367 0.10980682529821584 0.5406264525298086
    outer loop
      vertex 202.23852057222632 -2.1271542276525075 53.50000000298023
      vertex 202.54391748143533 -3.253836872370591 54.19999999850988
      vertex 202.68605542069616 -2.174192035655673 54.19999999850988
    endloop
  endfacet
  facet normal -0.8386694320896189 0.06600471576709642 0.5406264525298231
    outer loop
      vertex 202.32211103374365 -1.0650367096218938 53.50000000298023
      vertex 202.68605542069616 -2.174192035655673 54.19999999850988
      vertex 202.771494319919 -1.0885878896972585 54.19999999850988
    endloop
  endfacet
  facet normal -0.840974484696752 0.022021691897958506 0.5406264525298258
    outer loop
      vertex 202.771494319919 -1.0885878896972585 54.19999999850988
      vertex 202.79999999701977 0 54.19999999850988
      vertex 202.35000000149012 0 53.50000000298023
    endloop
  endfacet
  facet normal -0.022021691966463565 -0.8409744873129431 -0.5406264484574044
    outer loop
      vertex 182 20.799999997019768 52.8
      vertex 183.0650367096219 20.322111033743653 53.50000000298023
      vertex 182 20.350000001490116 53.50000000298023
    endloop
  endfacet
  facet normal -0.022021691897956205 -0.8409744846967535 0.5406264525298234
    outer loop
      vertex 182 20.350000001490116 53.50000000298023
      vertex 183.0650367096219 20.322111033743653 53.50000000298023
      vertex 183.08858788969727 20.771494319918986 54.19999999850988
    endloop
  endfacet
  facet normal 0.02617694830787532 0.9996573249755573 0
    outer loop
      vertex 182 20.799999997019768 52.8
      vertex 182 20.799999997019768 54.19999999850988
      vertex 183.08858788969727 20.771494319918986 52.8
    endloop
  endfacet
  facet normal -0.022021691966465775 -0.8409744873129447 -0.540626448457402
    outer loop
      vertex 182 20.799999997019768 52.8
      vertex 183.08858788969727 20.771494319918986 52.8
      vertex 183.0650367096219 20.322111033743653 53.50000000298023
    endloop
  endfacet
  facet normal 0.02617694830787532 0.9996573249755573 0
    outer loop
      vertex 183.08858788969727 20.771494319918986 52.8
      vertex 182 20.799999997019768 54.19999999850988
      vertex 183.08858788969727 20.771494319918986 54.19999999850988
    endloop
  endfacet
  facet normal -0.06600471597242238 -0.8386694346986394 -0.5406264484574024
    outer loop
      vertex 183.08858788969727 20.771494319918986 52.8
      vertex 184.1271542276525 20.238520572226314 53.50000000298023
      vertex 183.0650367096219 20.322111033743653 53.50000000298023
    endloop
  endfacet
  facet normal -0.06600471576708791 -0.8386694320896179 0.5406264525298256
    outer loop
      vertex 183.0650367096219 20.322111033743653 53.50000000298023
      vertex 184.1271542276525 20.238520572226314 53.50000000298023
      vertex 184.17419203565566 20.686055420696178 54.19999999850988
    endloop
  endfacet
  facet normal 0.07845909572784485 0.996917333733128 0
    outer loop
      vertex 183.08858788969727 20.771494319918986 52.8
      vertex 183.08858788969727 20.771494319918986 54.19999999850988
      vertex 184.17419203565566 20.686055420696178 52.8
    endloop
  endfacet
  facet normal -0.06600471597242065 -0.8386694346986385 -0.5406264484574043
    outer loop
      vertex 183.08858788969727 20.771494319918986 52.8
      vertex 184.17419203565566 20.686055420696178 52.8
      vertex 184.1271542276525 20.238520572226314 53.50000000298023
    endloop
  endfacet
  facet normal 0.07845909572784485 0.996917333733128 0
    outer loop
      vertex 184.17419203565566 20.686055420696178 52.8
      vertex 183.08858788969727 20.771494319918986 54.19999999850988
      vertex 184.17419203565566 20.686055420696178 54.19999999850988
    endloop
  endfacet
  facet normal -0.10980682563982837 -0.8340656474590228 -0.5406264484574037
    outer loop
      vertex 184.17419203565566 20.686055420696178 52.8
      vertex 185.1834413638018 20.099457732582824 53.50000000298023
      vertex 184.1271542276525 20.238520572226314 53.50000000298023
    endloop
  endfacet
  facet normal -0.10980682563982613 -0.8340656474590215 -0.5406264484574059
    outer loop
      vertex 184.17419203565566 20.686055420696178 52.8
      vertex 185.25383687237058 20.543917481435326 52.8
      vertex 185.1834413638018 20.099457732582824 53.50000000298023
    endloop
  endfacet
  facet normal -0.10980682529822966 -0.8340656448643227 0.5406264525298272
    outer loop
      vertex 184.1271542276525 20.238520572226314 53.50000000298023
      vertex 185.1834413638018 20.099457732582824 53.50000000298023
      vertex 185.25383687237058 20.543917481435326 54.19999999850988
    endloop
  endfacet
  facet normal 0.13052619222004871 0.9914448613738108 0
    outer loop
      vertex 184.17419203565566 20.686055420696178 52.8
      vertex 184.17419203565566 20.686055420696178 54.19999999850988
      vertex 185.25383687237058 20.543917481435326 52.8
    endloop
  endfacet
  facet normal -0.02202169189795837 -0.840974484696752 0.5406264525298258
    outer loop
      vertex 182 20.350000001490116 53.50000000298023
      vertex 183.08858788969727 20.771494319918986 54.19999999850988
      vertex 182 20.799999997019768 54.19999999850988
    endloop
  endfacet
  facet normal -0.06600471576708637 -0.8386694320896192 0.5406264525298238
    outer loop
      vertex 183.0650367096219 20.322111033743653 53.50000000298023
      vertex 184.17419203565566 20.686055420696178 54.19999999850988
      vertex 183.08858788969727 20.771494319918986 54.19999999850988
    endloop
  endfacet
  facet normal -0.10980682529822774 -0.8340656448643244 0.540626452529825
    outer loop
      vertex 184.1271542276525 20.238520572226314 53.50000000298023
      vertex 185.25383687237058 20.543917481435326 54.19999999850988
      vertex 184.17419203565566 20.686055420696178 54.19999999850988
    endloop
  endfacet
  facet normal -0.1533079619538081 -0.8271757416816483 0.5406264525298264
    outer loop
      vertex 185.1834413638018 20.099457732582824 53.50000000298023
      vertex 186.23100290845122 19.9053036763905 53.50000000298023
      vertex 186.32456316838977 20.34547009234805 54.19999999850988
    endloop
  endfacet
  facet normal -0.19638889275292915 -0.8180186098320814 -0.5406264484574052
    outer loop
      vertex 186.32456316838977 20.34547009234805 52.8
      vertex 187.26696756822196 19.656590566421883 53.50000000298023
      vertex 186.23100290845122 19.9053036763905 53.50000000298023
    endloop
  endfacet
  facet normal -0.19638889275293017 -0.8180186098320819 -0.5406264484574044
    outer loop
      vertex 186.32456316838977 20.34547009234805 52.8
      vertex 187.3834361373611 20.091257183933937 52.8
      vertex 187.26696756822196 19.656590566421883 53.50000000298023
    endloop
  endfacet
  facet normal -0.19638889214198224 -0.8180186072873045 0.5406264525298257
    outer loop
      vertex 186.23100290845122 19.9053036763905 53.50000000298023
      vertex 187.26696756822196 19.656590566421883 53.50000000298023
      vertex 187.3834361373611 20.091257183933937 54.19999999850988
    endloop
  endfacet
  facet normal -0.23893153477090598 -0.8066193432594787 -0.5406264484574046
    outer loop
      vertex 187.3834361373611 20.091257183933937 52.8
      vertex 188.28849583599066 19.35400010802356 53.50000000298023
      vertex 187.26696756822196 19.656590566421883 53.50000000298023
    endloop
  endfacet
  facet normal 0.2840153447039218 0.9588197348681934 0
    outer loop
      vertex 187.3834361373611 20.091257183933937 52.8
      vertex 187.3834361373611 20.091257183933937 54.19999999850988
      vertex 188.42755348207797 19.781975536104824 52.8
    endloop
  endfacet
  facet normal -0.1963888921419829 -0.8180186072873036 0.5406264525298266
    outer loop
      vertex 186.23100290845122 19.9053036763905 53.50000000298023
      vertex 187.3834361373611 20.091257183933937 54.19999999850988
      vertex 186.32456316838977 20.34547009234805 54.19999999850988
    endloop
  endfacet
  facet normal -0.23893153402761402 -0.8066193407501627 0.540626452529826
    outer loop
      vertex 187.26696756822196 19.656590566421883 53.50000000298023
      vertex 188.42755348207797 19.781975536104824 54.19999999850988
      vertex 187.3834361373611 20.091257183933937 54.19999999850988
    endloop
  endfacet
  facet normal 0.13052619222004871 0.9914448613738108 0
    outer loop
      vertex 185.25383687237058 20.543917481435326 52.8
      vertex 184.17419203565566 20.686055420696178 54.19999999850988
      vertex 185.25383687237058 20.543917481435326 54.19999999850988
    endloop
  endfacet
  facet normal -0.15330796243073433 -0.8271757442549122 -0.5406264484574063
    outer loop
      vertex 185.25383687237058 20.543917481435326 52.8
      vertex 186.23100290845122 19.9053036763905 53.50000000298023
      vertex 185.1834413638018 20.099457732582824 53.50000000298023
    endloop
  endfacet
  facet normal 0.1822355254921461 0.9832549075639548 0
    outer loop
      vertex 185.25383687237058 20.543917481435326 52.8
      vertex 185.25383687237058 20.543917481435326 54.19999999850988
      vertex 186.32456316838977 20.34547009234805 52.8
    endloop
  endfacet
  facet normal -0.1533079624307355 -0.8271757442549127 -0.5406264484574052
    outer loop
      vertex 185.25383687237058 20.543917481435326 52.8
      vertex 186.32456316838977 20.34547009234805 52.8
      vertex 186.23100290845122 19.9053036763905 53.50000000298023
    endloop
  endfacet
  facet normal 0.1822355254921461 0.9832549075639548 0
    outer loop
      vertex 186.32456316838977 20.34547009234805 52.8
      vertex 185.25383687237058 20.543917481435326 54.19999999850988
      vertex 186.32456316838977 20.34547009234805 54.19999999850988
    endloop
  endfacet
  facet normal 0.23344536385590803 0.9723699203976759 0
    outer loop
      vertex 186.32456316838977 20.34547009234805 52.8
      vertex 186.32456316838977 20.34547009234805 54.19999999850988
      vertex 187.3834361373611 20.091257183933937 52.8
    endloop
  endfacet
  facet normal 0.23344536385590803 0.9723699203976759 0
    outer loop
      vertex 187.3834361373611 20.091257183933937 52.8
      vertex 186.32456316838977 20.34547009234805 54.19999999850988
      vertex 187.3834361373611 20.091257183933937 54.19999999850988
    endloop
  endfacet
  facet normal -0.15330796195380897 -0.8271757416816475 0.5406264525298276
    outer loop
      vertex 185.1834413638018 20.099457732582824 53.50000000298023
      vertex 186.32456316838977 20.34547009234805 54.19999999850988
      vertex 185.25383687237058 20.543917481435326 54.19999999850988
    endloop
  endfacet
  facet normal -0.47649647815101537 -0.6933066778403394 -0.5406264484574085
    outer loop
      vertex 193.32849192668942 17.444347810765386 52.8
      vertex 193.96142988502768 16.46349583673571 53.50000000298023
      vertex 193.08340436336738 17.066946058939095 53.50000000298023
    endloop
  endfacet
  facet normal -0.23893153477090745 -0.8066193432594791 -0.5406264484574032
    outer loop
      vertex 187.3834361373611 20.091257183933937 52.8
      vertex 188.42755348207797 19.781975536104824 52.8
      vertex 188.28849583599066 19.35400010802356 53.50000000298023
    endloop
  endfacet
  facet normal -0.238931534027613 -0.8066193407501638 0.5406264525298244
    outer loop
      vertex 188.28849583599066 19.35400010802356 53.50000000298023
      vertex 188.42755348207797 19.781975536104824 54.19999999850988
      vertex 187.26696756822196 19.656590566421883 53.50000000298023
    endloop
  endfacet
  facet normal 0.2840153447039218 0.9588197348681934 0
    outer loop
      vertex 188.42755348207797 19.781975536104824 52.8
      vertex 187.3834361373611 20.091257183933937 54.19999999850988
      vertex 188.42755348207797 19.781975536104824 54.19999999850988
    endloop
  endfacet
  facet normal -0.28081928206000834 -0.793009189134424 -0.540626448457403
    outer loop
      vertex 188.42755348207797 19.781975536104824 52.8
      vertex 189.29278777378087 18.9983616806092 53.50000000298023
      vertex 188.28849583599066 19.35400010802356 53.50000000298023
    endloop
  endfacet
  facet normal -0.28081928206000706 -0.7930091891344235 -0.5406264484574044
    outer loop
      vertex 188.42755348207797 19.781975536104824 52.8
      vertex 189.45405334947424 19.41847286835951 52.8
      vertex 189.29278777378087 18.9983616806092 53.50000000298023
    endloop
  endfacet
  facet normal -0.2808192811864062 -0.7930091866674474 0.5406264525298257
    outer loop
      vertex 188.28849583599066 19.35400010802356 53.50000000298023
      vertex 189.29278777378087 18.9983616806092 53.50000000298023
      vertex 189.45405334947424 19.41847286835951 54.19999999850988
    endloop
  endfacet
  facet normal 0.3338068592337695 0.9426414910921789 0
    outer loop
      vertex 188.42755348207797 19.781975536104824 52.8
      vertex 188.42755348207797 19.781975536104824 54.19999999850988
      vertex 189.45405334947424 19.41847286835951 52.8
    endloop
  endfacet
  facet normal 0.3338068592337695 0.9426414910921789 0
    outer loop
      vertex 189.45405334947424 19.41847286835951 52.8
      vertex 188.42755348207797 19.781975536104824 54.19999999850988
      vertex 189.45405334947424 19.41847286835951 54.19999999850988
    endloop
  endfacet
  facet normal -0.32193732321649504 -0.7772254519433414 -0.5406264484574046
    outer loop
      vertex 189.45405334947424 19.41847286835951 52.8
      vertex 190.2770906871986 18.590650064388218 53.50000000298023
      vertex 189.29278777378087 18.9983616806092 53.50000000298023
    endloop
  endfacet
  facet normal 0.38268343236509095 0.9238795325112863 0
    outer loop
      vertex 189.45405334947424 19.41847286835951 52.8
      vertex 189.45405334947424 19.41847286835951 54.19999999850988
      vertex 190.46012217476448 19.00174551624352 52.8
    endloop
  endfacet
  facet normal -0.321937323216491 -0.7772254519433405 -0.5406264484574084
    outer loop
      vertex 189.45405334947424 19.41847286835951 52.8
      vertex 190.46012217476448 19.00174551624352 52.8
      vertex 190.2770906871986 18.590650064388218 53.50000000298023
    endloop
  endfacet
  facet normal -0.32193732221497795 -0.7772254495254651 0.5406264525298298
    outer loop
      vertex 189.29278777378087 18.9983616806092 53.50000000298023
      vertex 190.2770906871986 18.590650064388218 53.50000000298023
      vertex 190.46012217476448 19.00174551624352 54.19999999850988
    endloop
  endfacet
  facet normal 0.38268343236509095 0.9238795325112863 0
    outer loop
      vertex 190.46012217476448 19.00174551624352 52.8
      vertex 189.45405334947424 19.41847286835951 54.19999999850988
      vertex 190.46012217476448 19.00174551624352 54.19999999850988
    endloop
  endfacet
  facet normal -0.28081928118640537 -0.7930091866674486 0.5406264525298243
    outer loop
      vertex 188.28849583599066 19.35400010802356 53.50000000298023
      vertex 189.45405334947424 19.41847286835951 54.19999999850988
      vertex 188.42755348207797 19.781975536104824 54.19999999850988
    endloop
  endfacet
  facet normal -0.3219373222149757 -0.7772254495254686 0.540626452529826
    outer loop
      vertex 189.29278777378087 18.9983616806092 53.50000000298023
      vertex 190.46012217476448 19.00174551624352 54.19999999850988
      vertex 189.45405334947424 19.41847286835951 54.19999999850988
    endloop
  endfacet
  facet normal -0.36217295654762105 -0.7593113938127647 -0.5406264484574089
    outer loop
      vertex 190.46012217476448 19.00174551624352 52.8
      vertex 191.23870667037627 18.13198276856099 53.50000000298023
      vertex 190.2770906871986 18.590650064388218 53.50000000298023
    endloop
  endfacet
  facet normal -0.3621729565476335 -0.7593113938127667 -0.5406264484573977
    outer loop
      vertex 190.46012217476448 19.00174551624352 52.8
      vertex 191.44300239322956 18.532935700462644 52.8
      vertex 191.23870667037627 18.13198276856099 53.50000000298023
    endloop
  endfacet
  facet normal -0.36217295542093886 -0.7593113914506261 0.540626452529819
    outer loop
      vertex 191.23870667037627 18.13198276856099 53.50000000298023
      vertex 191.44300239322956 18.532935700462644 54.19999999850988
      vertex 190.2770906871986 18.590650064388218 53.50000000298023
    endloop
  endfacet
  facet normal -0.40141589773043296 -0.7393161136308913 0.5406264525298272
    outer loop
      vertex 191.23870667037627 18.13198276856099 53.50000000298023
      vertex 192.17500000074506 17.623616968303804 53.50000000298023
      vertex 192.39999999850988 18.013328396135368 54.19999999850988
    endloop
  endfacet
  facet normal -0.40141589897920205 -0.7393161159308379 -0.5406264484573974
    outer loop
      vertex 191.44300239322956 18.532935700462644 52.8
      vertex 192.17500000074506 17.623616968303804 53.50000000298023
      vertex 191.23870667037627 18.13198276856099 53.50000000298023
    endloop
  endfacet
  facet normal -0.4014158989791925 -0.7393161159308369 -0.5406264484574058
    outer loop
      vertex 191.44300239322956 18.532935700462644 52.8
      vertex 192.39999999850988 18.013328396135368 52.8
      vertex 192.17500000074506 17.623616968303804 53.50000000298023
    endloop
  endfacet
  facet normal 0.4771587602596022 0.8788171126619686 0
    outer loop
      vertex 191.44300239322956 18.532935700462644 52.8
      vertex 191.44300239322956 18.532935700462644 54.19999999850988
      vertex 192.39999999850988 18.013328396135368 52.8
    endloop
  endfacet
  facet normal 0.4305110968083015 0.9025852843498576 0
    outer loop
      vertex 190.46012217476448 19.00174551624352 52.8
      vertex 190.46012217476448 19.00174551624352 54.19999999850988
      vertex 191.44300239322956 18.532935700462644 52.8
    endloop
  endfacet
  facet normal 0.4305110968083015 0.9025852843498576 0
    outer loop
      vertex 191.44300239322956 18.532935700462644 52.8
      vertex 190.46012217476448 19.00174551624352 54.19999999850988
      vertex 191.44300239322956 18.532935700462644 54.19999999850988
    endloop
  endfacet
  facet normal -0.4395585883337432 -0.7172944239643708 -0.5406264484574059
    outer loop
      vertex 192.39999999850988 18.013328396135368 52.8
      vertex 193.08340436336738 17.066946058939095 53.50000000298023
      vertex 192.17500000074506 17.623616968303804 53.50000000298023
    endloop
  endfacet
  facet normal 0.5224985647159454 0.8526401643540944 0
    outer loop
      vertex 192.39999999850988 18.013328396135368 52.8
      vertex 192.39999999850988 18.013328396135368 54.19999999850988
      vertex 193.32849192668942 17.444347810765386 52.8
    endloop
  endfacet
  facet normal 0.4771587602596022 0.8788171126619686 0
    outer loop
      vertex 192.39999999850988 18.013328396135368 52.8
      vertex 191.44300239322956 18.532935700462644 54.19999999850988
      vertex 192.39999999850988 18.013328396135368 54.19999999850988
    endloop
  endfacet
  facet normal -0.43955858833374073 -0.7172944239643708 -0.5406264484574081
    outer loop
      vertex 192.39999999850988 18.013328396135368 52.8
      vertex 193.32849192668942 17.444347810765386 52.8
      vertex 193.08340436336738 17.066946058939095 53.50000000298023
    endloop
  endfacet
  facet normal -0.4395585869663177 -0.7172944217329353 0.5406264525298294
    outer loop
      vertex 192.17500000074506 17.623616968303804 53.50000000298023
      vertex 193.08340436336738 17.066946058939095 53.50000000298023
      vertex 193.32849192668942 17.444347810765386 54.19999999850988
    endloop
  endfacet
  facet normal 0.5224985647159454 0.8526401643540944 0
    outer loop
      vertex 193.32849192668942 17.444347810765386 52.8
      vertex 192.39999999850988 18.013328396135368 54.19999999850988
      vertex 193.32849192668942 17.444347810765386 54.19999999850988
    endloop
  endfacet
  facet normal -0.4014158977304287 -0.7393161136308999 0.5406264525298187
    outer loop
      vertex 191.23870667037627 18.13198276856099 53.50000000298023
      vertex 192.39999999850988 18.013328396135368 54.19999999850988
      vertex 191.44300239322956 18.532935700462644 54.19999999850988
    endloop
  endfacet
  facet normal -0.36217295542094496 -0.7593113914506152 0.5406264525298302
    outer loop
      vertex 190.2770906871986 18.590650064388218 53.50000000298023
      vertex 191.44300239322956 18.532935700462644 54.19999999850988
      vertex 190.46012217476448 19.00174551624352 54.19999999850988
    endloop
  endfacet
  facet normal -0.4395585869663168 -0.7172944217329376 0.5406264525298272
    outer loop
      vertex 192.17500000074506 17.623616968303804 53.50000000298023
      vertex 193.32849192668942 17.444347810765386 54.19999999850988
      vertex 192.39999999850988 18.013328396135368 54.19999999850988
    endloop
  endfacet
  facet normal -0.6933066756835395 -0.4764964766686746 0.5406264525298207
    outer loop
      vertex 198.46349583673572 11.961429885027696 53.50000000298023
      vertex 199.0669460589391 11.083404363367377 53.50000000298023
      vertex 199.44434781076538 11.328491926689413 54.19999999850988
    endloop
  endfacet
  facet normal -0.8271757442549136 -0.15330796243074238 -0.540626448457402
    outer loop
      vertex 202.34547009234805 4.324563168389769 52.8
      vertex 202.09945773258283 3.1834413638018035 53.50000000298023
      vertex 201.9053036763905 4.231002908451215 53.50000000298023
    endloop
  endfacet
  facet normal -0.8180186098320854 -0.1963888927529216 -0.540626448457402
    outer loop
      vertex 202.34547009234805 4.324563168389769 52.8
      vertex 201.9053036763905 4.231002908451215 53.50000000298023
      vertex 202.09125718393395 5.38343613736109 52.8
    endloop
  endfacet
  facet normal -0.8180186072873032 -0.1963888921419938 0.540626452529823
    outer loop
      vertex 201.9053036763905 4.231002908451215 53.50000000298023
      vertex 202.34547009234805 4.324563168389769 54.19999999850988
      vertex 201.65659056642187 5.266967568221967 53.50000000298023
    endloop
  endfacet
  facet normal -0.8180186098320672 -0.19638889275293764 -0.5406264484574237
    outer loop
      vertex 202.09125718393395 5.38343613736109 52.8
      vertex 201.9053036763905 4.231002908451215 53.50000000298023
      vertex 201.65659056642187 5.266967568221967 53.50000000298023
    endloop
  endfacet
  facet normal -0.8066193407501557 -0.2389315340275951 0.5406264525298448
    outer loop
      vertex 201.35400010802357 6.288495835990651 53.50000000298023
      vertex 201.65659056642187 5.266967568221967 53.50000000298023
      vertex 202.09125718393395 5.38343613736109 54.19999999850988
    endloop
  endfacet
  facet normal -0.8066193432594643 -0.2389315347709129 -0.540626448457423
    outer loop
      vertex 202.09125718393395 5.38343613736109 52.8
      vertex 201.65659056642187 5.266967568221967 53.50000000298023
      vertex 201.78197553610482 6.427553482077964 52.8
    endloop
  endfacet
  facet normal 0.95881973486819 0.2840153447039325 0
    outer loop
      vertex 202.09125718393395 5.38343613736109 52.8
      vertex 201.78197553610482 6.427553482077964 54.19999999850988
      vertex 202.09125718393395 5.38343613736109 54.19999999850988
    endloop
  endfacet
  facet normal -0.8180186072872944 -0.19638889214197136 0.5406264525298446
    outer loop
      vertex 201.65659056642187 5.266967568221967 53.50000000298023
      vertex 202.34547009234805 4.324563168389769 54.19999999850988
      vertex 202.09125718393395 5.38343613736109 54.19999999850988
    endloop
  endfacet
  facet normal -0.8409744873129448 -0.022021691966463527 -0.5406264484574018
    outer loop
      vertex 202.771494319919 1.0885878896972585 52.8
      vertex 202.35000000149012 0 53.50000000298023
      vertex 202.32211103374365 1.0650367096218938 53.50000000298023
    endloop
  endfacet
  facet normal -0.840974484696752 -0.022021691897956143 0.5406264525298258
    outer loop
      vertex 202.35000000149012 0 53.50000000298023
      vertex 202.79999999701977 0 54.19999999850988
      vertex 202.32211103374365 1.0650367096218938 53.50000000298023
    endloop
  endfacet
  facet normal -0.8409744873129431 -0.02202169196646588 -0.5406264484574044
    outer loop
      vertex 202.79999999701977 0 52.8
      vertex 202.35000000149012 0 53.50000000298023
      vertex 202.771494319919 1.0885878896972585 52.8
    endloop
  endfacet
  facet normal 0.9996573249755573 0.026176948307875487 0
    outer loop
      vertex 202.79999999701977 0 52.8
      vertex 202.771494319919 1.0885878896972585 54.19999999850988
      vertex 202.79999999701977 0 54.19999999850988
    endloop
  endfacet
  facet normal -0.8386694320896199 -0.06600471576708272 0.5406264525298233
    outer loop
      vertex 202.32211103374365 1.0650367096218938 53.50000000298023
      vertex 202.771494319919 1.0885878896972585 54.19999999850988
      vertex 202.23852057222632 2.1271542276525075 53.50000000298023
    endloop
  endfacet
  facet normal 0.9996573249755573 0.026176948307875487 0
    outer loop
      vertex 202.79999999701977 0 52.8
      vertex 202.771494319919 1.0885878896972585 52.8
      vertex 202.771494319919 1.0885878896972585 54.19999999850988
    endloop
  endfacet
  facet normal -0.8386694346986499 -0.06600471597241783 -0.5406264484573868
    outer loop
      vertex 202.68605542069616 2.174192035655673 52.8
      vertex 202.32211103374365 1.0650367096218938 53.50000000298023
      vertex 202.23852057222632 2.1271542276525075 53.50000000298023
    endloop
  endfacet
  facet normal -0.8386694346986392 -0.06600471597243074 -0.5406264484574017
    outer loop
      vertex 202.771494319919 1.0885878896972585 52.8
      vertex 202.32211103374365 1.0650367096218938 53.50000000298023
      vertex 202.68605542069616 2.174192035655673 52.8
    endloop
  endfacet
  facet normal 0.996917333733127 0.07845909572785668 0
    outer loop
      vertex 202.771494319919 1.0885878896972585 52.8
      vertex 202.68605542069616 2.174192035655673 54.19999999850988
      vertex 202.771494319919 1.0885878896972585 54.19999999850988
    endloop
  endfacet
  facet normal 0.996917333733127 0.07845909572785668 0
    outer loop
      vertex 202.771494319919 1.0885878896972585 52.8
      vertex 202.68605542069616 2.174192035655673 52.8
      vertex 202.68605542069616 2.174192035655673 54.19999999850988
    endloop
  endfacet
  facet normal -0.8340656448643352 -0.1098068252982268 0.5406264525298083
    outer loop
      vertex 202.23852057222632 2.1271542276525075 53.50000000298023
      vertex 202.68605542069616 2.174192035655673 54.19999999850988
      vertex 202.09945773258283 3.1834413638018035 53.50000000298023
    endloop
  endfacet
  facet normal -0.834065647459026 -0.1098068256398243 -0.5406264484573992
    outer loop
      vertex 202.54391748143533 3.253836872370591 52.8
      vertex 202.23852057222632 2.1271542276525075 53.50000000298023
      vertex 202.09945773258283 3.1834413638018035 53.50000000298023
    endloop
  endfacet
  facet normal -0.8340656474590352 -0.10980682563981439 -0.5406264484573873
    outer loop
      vertex 202.68605542069616 2.174192035655673 52.8
      vertex 202.23852057222632 2.1271542276525075 53.50000000298023
      vertex 202.54391748143533 3.253836872370591 52.8
    endloop
  endfacet
  facet normal 0.9914448613738129 0.1305261922200329 0
    outer loop
      vertex 202.68605542069616 2.174192035655673 52.8
      vertex 202.54391748143533 3.253836872370591 54.19999999850988
      vertex 202.68605542069616 2.174192035655673 54.19999999850988
    endloop
  endfacet
  facet normal -0.8409744846967536 -0.022021691897958558 0.5406264525298232
    outer loop
      vertex 202.32211103374365 1.0650367096218938 53.50000000298023
      vertex 202.79999999701977 0 54.19999999850988
      vertex 202.771494319919 1.0885878896972585 54.19999999850988
    endloop
  endfacet
  facet normal -0.8386694320896282 -0.06600471576709716 0.5406264525298083
    outer loop
      vertex 202.23852057222632 2.1271542276525075 53.50000000298023
      vertex 202.771494319919 1.0885878896972585 54.19999999850988
      vertex 202.68605542069616 2.174192035655673 54.19999999850988
    endloop
  endfacet
  facet normal -0.8340656448643291 -0.10980682529821488 0.5406264525298203
    outer loop
      vertex 202.09945773258283 3.1834413638018035 53.50000000298023
      vertex 202.68605542069616 2.174192035655673 54.19999999850988
      vertex 202.54391748143533 3.253836872370591 54.19999999850988
    endloop
  endfacet
  facet normal -0.8271757442549157 -0.15330796243074024 -0.5406264484573993
    outer loop
      vertex 202.54391748143533 3.253836872370591 52.8
      vertex 202.09945773258283 3.1834413638018035 53.50000000298023
      vertex 202.34547009234805 4.324563168389769 52.8
    endloop
  endfacet
  facet normal -0.8271757416816506 -0.1533079619538163 0.5406264525298206
    outer loop
      vertex 202.09945773258283 3.1834413638018035 53.50000000298023
      vertex 202.54391748143533 3.253836872370591 54.19999999850988
      vertex 201.9053036763905 4.231002908451215 53.50000000298023
    endloop
  endfacet
  facet normal 0.9914448613738129 0.1305261922200329 0
    outer loop
      vertex 202.68605542069616 2.174192035655673 52.8
      vertex 202.54391748143533 3.253836872370591 52.8
      vertex 202.54391748143533 3.253836872370591 54.19999999850988
    endloop
  endfacet
  facet normal 0.9832549075639538 0.18223552549215097 0
    outer loop
      vertex 202.54391748143533 3.253836872370591 52.8
      vertex 202.34547009234805 4.324563168389769 54.19999999850988
      vertex 202.54391748143533 3.253836872370591 54.19999999850988
    endloop
  endfacet
  facet normal 0.9832549075639538 0.18223552549215097 0
    outer loop
      vertex 202.54391748143533 3.253836872370591 52.8
      vertex 202.34547009234805 4.324563168389769 52.8
      vertex 202.34547009234805 4.324563168389769 54.19999999850988
    endloop
  endfacet
  facet normal 0.9723699203976784 0.23344536385589745 0
    outer loop
      vertex 202.34547009234805 4.324563168389769 52.8
      vertex 202.09125718393395 5.38343613736109 52.8
      vertex 202.09125718393395 5.38343613736109 54.19999999850988
    endloop
  endfacet
  facet normal 0.9723699203976784 0.23344536385589745 0
    outer loop
      vertex 202.34547009234805 4.324563168389769 52.8
      vertex 202.09125718393395 5.38343613736109 54.19999999850988
      vertex 202.34547009234805 4.324563168389769 54.19999999850988
    endloop
  endfacet
  facet normal -0.8271757416816494 -0.15330796195381355 0.5406264525298233
    outer loop
      vertex 201.9053036763905 4.231002908451215 53.50000000298023
      vertex 202.54391748143533 3.253836872370591 54.19999999850988
      vertex 202.34547009234805 4.324563168389769 54.19999999850988
    endloop
  endfacet
  facet normal -0.7930091866674523 -0.28081928118640925 0.5406264525298169
    outer loop
      vertex 201.35400010802357 6.288495835990651 53.50000000298023
      vertex 201.78197553610482 6.427553482077964 54.19999999850988
      vertex 200.9983616806092 7.29278777378087 53.50000000298023
    endloop
  endfacet
  facet normal -0.793009189134424 -0.2808192820600098 -0.540626448457402
    outer loop
      vertex 201.41847286835952 7.454053349474226 52.8
      vertex 201.35400010802357 6.288495835990651 53.50000000298023
      vertex 200.9983616806092 7.29278777378087 53.50000000298023
    endloop
  endfacet
  facet normal -0.8066193432594887 -0.2389315347708934 -0.5406264484573952
    outer loop
      vertex 201.78197553610482 6.427553482077964 52.8
      vertex 201.65659056642187 5.266967568221967 53.50000000298023
      vertex 201.35400010802357 6.288495835990651 53.50000000298023
    endloop
  endfacet
  facet normal 0.95881973486819 0.2840153447039325 0
    outer loop
      vertex 202.09125718393395 5.38343613736109 52.8
      vertex 201.78197553610482 6.427553482077964 52.8
      vertex 201.78197553610482 6.427553482077964 54.19999999850988
    endloop
  endfacet
  facet normal -0.79300918913443 -0.2808192820600055 -0.5406264484573956
    outer loop
      vertex 201.41847286835952 7.454053349474226 52.8
      vertex 201.78197553610482 6.427553482077964 52.8
      vertex 201.35400010802357 6.288495835990651 53.50000000298023
    endloop
  endfacet
  facet normal 0.9426414910921803 0.33380685923376546 0
    outer loop
      vertex 201.78197553610482 6.427553482077964 52.8
      vertex 201.41847286835952 7.454053349474226 54.19999999850988
      vertex 201.78197553610482 6.427553482077964 54.19999999850988
    endloop
  endfacet
  facet normal 0.9426414910921803 0.33380685923376546 0
    outer loop
      vertex 201.41847286835952 7.454053349474226 52.8
      vertex 201.41847286835952 7.454053349474226 54.19999999850988
      vertex 201.78197553610482 6.427553482077964 52.8
    endloop
  endfacet
  facet normal -0.7772254495254713 -0.32193732221497334 0.5406264525298234
    outer loop
      vertex 200.9983616806092 7.29278777378087 53.50000000298023
      vertex 201.41847286835952 7.454053349474226 54.19999999850988
      vertex 200.59065006438823 8.27709068719862 53.50000000298023
    endloop
  endfacet
  facet normal -0.777225451943342 -0.32193732321649765 -0.5406264484574019
    outer loop
      vertex 201.41847286835952 7.454053349474226 52.8
      vertex 200.9983616806092 7.29278777378087 53.50000000298023
      vertex 201.00174551624352 8.460122174764475 52.8
    endloop
  endfacet
  facet normal 0.9238795325112837 0.382683432365097 0
    outer loop
      vertex 201.41847286835952 7.454053349474226 52.8
      vertex 201.00174551624352 8.460122174764475 54.19999999850988
      vertex 201.41847286835952 7.454053349474226 54.19999999850988
    endloop
  endfacet
  facet normal -0.7772254519433511 -0.321937323216492 -0.5406264484573926
    outer loop
      vertex 201.00174551624352 8.460122174764475 52.8
      vertex 200.9983616806092 7.29278777378087 53.50000000298023
      vertex 200.59065006438823 8.27709068719862 53.50000000298023
    endloop
  endfacet
  facet normal 0.9238795325112837 0.382683432365097 0
    outer loop
      vertex 201.41847286835952 7.454053349474226 52.8
      vertex 201.00174551624352 8.460122174764475 52.8
      vertex 201.00174551624352 8.460122174764475 54.19999999850988
    endloop
  endfacet
  facet normal -0.7930091866674503 -0.2808192811864022 0.5406264525298233
    outer loop
      vertex 200.9983616806092 7.29278777378087 53.50000000298023
      vertex 201.78197553610482 6.427553482077964 54.19999999850988
      vertex 201.41847286835952 7.454053349474226 54.19999999850988
    endloop
  endfacet
  facet normal -0.8066193407501657 -0.2389315340276248 0.5406264525298168
    outer loop
      vertex 201.35400010802357 6.288495835990651 53.50000000298023
      vertex 202.09125718393395 5.38343613736109 54.19999999850988
      vertex 201.78197553610482 6.427553482077964 54.19999999850988
    endloop
  endfacet
  facet normal -0.7772254495254737 -0.3219373222149837 0.540626452529814
    outer loop
      vertex 200.59065006438823 8.27709068719862 53.50000000298023
      vertex 201.41847286835952 7.454053349474226 54.19999999850988
      vertex 201.00174551624352 8.460122174764475 54.19999999850988
    endloop
  endfacet
  facet normal -0.7393161159308277 -0.40141589897920205 -0.5406264484574114
    outer loop
      vertex 200.01332839613536 10.399999998509884 52.8
      vertex 200.131982768561 9.238706670376274 53.50000000298023
      vertex 199.6236169683038 10.175000000745058 53.50000000298023
    endloop
  endfacet
  facet normal -0.7593113914506231 -0.36217295542095257 0.5406264525298141
    outer loop
      vertex 200.131982768561 9.238706670376274 53.50000000298023
      vertex 200.59065006438823 8.27709068719862 53.50000000298023
      vertex 201.00174551624352 8.460122174764475 54.19999999850988
    endloop
  endfacet
  facet normal -0.759311393812761 -0.36217295654763454 -0.5406264484574052
    outer loop
      vertex 200.53293570046264 9.443002393229575 52.8
      vertex 200.59065006438823 8.27709068719862 53.50000000298023
      vertex 200.131982768561 9.238706670376274 53.50000000298023
    endloop
  endfacet
  facet normal -0.739316115930834 -0.40141589897919894 -0.540626448457405
    outer loop
      vertex 200.53293570046264 9.443002393229575 52.8
      vertex 200.131982768561 9.238706670376274 53.50000000298023
      vertex 200.01332839613536 10.399999998509884 52.8
    endloop
  endfacet
  facet normal -0.7393161136308896 -0.4014158977304376 0.5406264525298263
    outer loop
      vertex 200.131982768561 9.238706670376274 53.50000000298023
      vertex 200.53293570046264 9.443002393229575 54.19999999850988
      vertex 199.6236169683038 10.175000000745058 53.50000000298023
    endloop
  endfacet
  facet normal 0.8788171126619648 0.4771587602596096 0
    outer loop
      vertex 200.53293570046264 9.443002393229575 52.8
      vertex 200.01332839613536 10.399999998509884 54.19999999850988
      vertex 200.53293570046264 9.443002393229575 54.19999999850988
    endloop
  endfacet
  facet normal -0.717294421732937 -0.43955858696631134 0.5406264525298324
    outer loop
      vertex 199.6236169683038 10.175000000745058 53.50000000298023
      vertex 200.01332839613536 10.399999998509884 54.19999999850988
      vertex 199.0669460589391 11.083404363367377 53.50000000298023
    endloop
  endfacet
  facet normal -0.7172944239643657 -0.4395585883337455 -0.540626448457411
    outer loop
      vertex 199.44434781076538 11.328491926689413 52.8
      vertex 200.01332839613536 10.399999998509884 52.8
      vertex 199.6236169683038 10.175000000745058 53.50000000298023
    endloop
  endfacet
  facet normal 0.8526401643540903 0.522498564715952 0
    outer loop
      vertex 200.01332839613536 10.399999998509884 52.8
      vertex 199.44434781076538 11.328491926689413 54.19999999850988
      vertex 200.01332839613536 10.399999998509884 54.19999999850988
    endloop
  endfacet
  facet normal -0.7172944239643781 -0.4395585883337401 -0.540626448457399
    outer loop
      vertex 199.44434781076538 11.328491926689413 52.8
      vertex 199.6236169683038 10.175000000745058 53.50000000298023
      vertex 199.0669460589391 11.083404363367377 53.50000000298023
    endloop
  endfacet
  facet normal 0.8526401643540903 0.522498564715952 0
    outer loop
      vertex 199.44434781076538 11.328491926689413 52.8
      vertex 199.44434781076538 11.328491926689413 54.19999999850988
      vertex 200.01332839613536 10.399999998509884 52.8
    endloop
  endfacet
  facet normal 0.8788171126619648 0.4771587602596096 0
    outer loop
      vertex 200.53293570046264 9.443002393229575 52.8
      vertex 200.01332839613536 10.399999998509884 52.8
      vertex 200.01332839613536 10.399999998509884 54.19999999850988
    endloop
  endfacet
  facet normal -0.7593113938127729 -0.3621729565476278 -0.5406264484573929
    outer loop
      vertex 201.00174551624352 8.460122174764475 52.8
      vertex 200.59065006438823 8.27709068719862 53.50000000298023
      vertex 200.53293570046264 9.443002393229575 52.8
    endloop
  endfacet
  facet normal 0.9025852843498616 0.4305110968082932 0
    outer loop
      vertex 201.00174551624352 8.460122174764475 52.8
      vertex 200.53293570046264 9.443002393229575 54.19999999850988
      vertex 201.00174551624352 8.460122174764475 54.19999999850988
    endloop
  endfacet
  facet normal 0.9025852843498616 0.4305110968082932 0
    outer loop
      vertex 201.00174551624352 8.460122174764475 52.8
      vertex 200.53293570046264 9.443002393229575 52.8
      vertex 200.53293570046264 9.443002393229575 54.19999999850988
    endloop
  endfacet
  facet normal -0.7593113914506209 -0.36217295542093897 0.5406264525298263
    outer loop
      vertex 200.131982768561 9.238706670376274 53.50000000298023
      vertex 201.00174551624352 8.460122174764475 54.19999999850988
      vertex 200.53293570046264 9.443002393229575 54.19999999850988
    endloop
  endfacet
  facet normal -0.7393161136308887 -0.40141589773043057 0.5406264525298325
    outer loop
      vertex 199.6236169683038 10.175000000745058 53.50000000298023
      vertex 200.53293570046264 9.443002393229575 54.19999999850988
      vertex 200.01332839613536 10.399999998509884 54.19999999850988
    endloop
  endfacet
  facet normal -0.7172944217329379 -0.4395585869663247 0.5406264525298204
    outer loop
      vertex 199.0669460589391 11.083404363367377 53.50000000298023
      vertex 200.01332839613536 10.399999998509884 54.19999999850988
      vertex 199.44434781076538 11.328491926689413 54.19999999850988
    endloop
  endfacet
  facet normal -0.476496476668678 -0.6933066756835251 0.5406264525298363
    outer loop
      vertex 193.08340436336738 17.066946058939095 53.50000000298023
      vertex 193.96142988502768 16.46349583673571 53.50000000298023
      vertex 194.2259332459317 16.82755348058785 54.19999999850988
    endloop
  endfacet
  facet normal 0.5664062369248327 0.8241261886220158 0
    outer loop
      vertex 193.32849192668942 17.444347810765386 52.8
      vertex 193.32849192668942 17.444347810765386 54.19999999850988
      vertex 194.2259332459317 16.82755348058785 52.8
    endloop
  endfacet
  facet normal -0.4764964781510081 -0.6933066778403393 -0.5406264484574149
    outer loop
      vertex 193.32849192668942 17.444347810765386 52.8
      vertex 194.2259332459317 16.82755348058785 52.8
      vertex 193.96142988502768 16.46349583673571 53.50000000298023
    endloop
  endfacet
  facet normal 0.5664062369248327 0.8241261886220158 0
    outer loop
      vertex 194.2259332459317 16.82755348058785 52.8
      vertex 193.32849192668942 17.444347810765386 54.19999999850988
      vertex 194.2259332459317 16.82755348058785 54.19999999850988
    endloop
  endfacet
  facet normal -0.5121283242425186 -0.6674186263035148 -0.5406264484574158
    outer loop
      vertex 194.2259332459317 16.82755348058785 52.8
      vertex 194.80666995880196 15.814920316807395 53.50000000298023
      vertex 193.96142988502768 16.46349583673571 53.50000000298023
    endloop
  endfacet
  facet normal -0.5121283226493435 -0.6674186242272485 0.5406264525298192
    outer loop
      vertex 193.96142988502768 16.46349583673571 53.50000000298023
      vertex 194.80666995880196 15.814920316807395 53.50000000298023
      vertex 195.0898641319611 16.16463599598892 54.19999999850988
    endloop
  endfacet
  facet normal -0.5121283242425384 -0.667418626303514 -0.540626448457398
    outer loop
      vertex 194.2259332459317 16.82755348058785 52.8
      vertex 195.0898641319611 16.16463599598892 52.8
      vertex 194.80666995880196 15.814920316807395 53.50000000298023
    endloop
  endfacet
  facet normal 0.6087614290087264 0.7933533402912306 0
    outer loop
      vertex 195.0898641319611 16.16463599598892 52.8
      vertex 194.2259332459317 16.82755348058785 54.19999999850988
      vertex 195.0898641319611 16.16463599598892 54.19999999850988
    endloop
  endfacet
  facet normal 0.6087614290087264 0.7933533402912306 0
    outer loop
      vertex 194.2259332459317 16.82755348058785 52.8
      vertex 194.2259332459317 16.82755348058785 54.19999999850988
      vertex 195.0898641319611 16.16463599598892 52.8
    endloop
  endfacet
  facet normal -0.5463564621949129 -0.6397012267036852 -0.5406264484573974
    outer loop
      vertex 195.0898641319611 16.16463599598892 52.8
      vertex 195.61680784039984 15.122997199572344 53.50000000298023
      vertex 194.80666995880196 15.814920316807395 53.50000000298023
    endloop
  endfacet
  facet normal -0.5463564621949041 -0.639701226703686 -0.5406264484574053
    outer loop
      vertex 195.91791661027008 15.457412367715056 52.8
      vertex 195.61680784039984 15.122997199572344 53.50000000298023
      vertex 195.0898641319611 16.16463599598892 52.8
    endloop
  endfacet
  facet normal -0.5463564604952469 -0.639701224713632 0.5406264525298267
    outer loop
      vertex 195.61680784039984 15.122997199572344 53.50000000298023
      vertex 195.91791661027008 15.457412367715056 54.19999999850988
      vertex 194.80666995880196 15.814920316807395 53.50000000298023
    endloop
  endfacet
  facet normal 0.6494480483301833 0.7604059656000313 0
    outer loop
      vertex 195.91791661027008 15.457412367715056 52.8
      vertex 195.0898641319611 16.16463599598892 54.19999999850988
      vertex 195.91791661027008 15.457412367715056 54.19999999850988
    endloop
  endfacet
  facet normal -0.5790870750611725 -0.6102304505065512 -0.5406264484574054
    outer loop
      vertex 195.91791661027008 15.457412367715056 52.8
      vertex 196.3896229981999 14.389622998199915 53.50000000298023
      vertex 195.61680784039984 15.122997199572344 53.50000000298023
    endloop
  endfacet
  facet normal -0.579087075061163 -0.6102304505065526 -0.5406264484574139
    outer loop
      vertex 195.91791661027008 15.457412367715056 52.8
      vertex 196.70782104657286 14.707821046572848 52.8
      vertex 196.3896229981999 14.389622998199915 53.50000000298023
    endloop
  endfacet
  facet normal -0.5790870732596841 -0.6102304486081784 0.5406264525298354
    outer loop
      vertex 195.61680784039984 15.122997199572344 53.50000000298023
      vertex 196.3896229981999 14.389622998199915 53.50000000298023
      vertex 196.70782104657286 14.707821046572848 54.19999999850988
    endloop
  endfacet
  facet normal 0.6883545756937455 0.7253743710122957 0
    outer loop
      vertex 195.91791661027008 15.457412367715056 52.8
      vertex 195.91791661027008 15.457412367715056 54.19999999850988
      vertex 196.70782104657286 14.707821046572848 52.8
    endloop
  endfacet
  facet normal 0.6494480483301833 0.7604059656000313 0
    outer loop
      vertex 195.91791661027008 15.457412367715056 52.8
      vertex 195.0898641319611 16.16463599598892 52.8
      vertex 195.0898641319611 16.16463599598892 54.19999999850988
    endloop
  endfacet
  facet normal -0.47649647666867545 -0.6933066756835319 0.5406264525298299
    outer loop
      vertex 193.08340436336738 17.066946058939095 53.50000000298023
      vertex 194.2259332459317 16.82755348058785 54.19999999850988
      vertex 193.32849192668942 17.444347810765386 54.19999999850988
    endloop
  endfacet
  facet normal -0.5121283226493494 -0.6674186242272295 0.5406264525298369
    outer loop
      vertex 193.96142988502768 16.46349583673571 53.50000000298023
      vertex 195.0898641319611 16.16463599598892 54.19999999850988
      vertex 194.2259332459317 16.82755348058785 54.19999999850988
    endloop
  endfacet
  facet normal -0.5463564604952448 -0.6397012247136405 0.5406264525298189
    outer loop
      vertex 194.80666995880196 15.814920316807395 53.50000000298023
      vertex 195.91791661027008 15.457412367715056 54.19999999850988
      vertex 195.0898641319611 16.16463599598892 54.19999999850988
    endloop
  endfacet
  facet normal -0.5790870732596822 -0.610230448608188 0.5406264525298267
    outer loop
      vertex 195.61680784039984 15.122997199572344 53.50000000298023
      vertex 196.70782104657286 14.707821046572848 54.19999999850988
      vertex 195.91791661027008 15.457412367715056 54.19999999850988
    endloop
  endfacet
  facet normal -0.6102304486081819 -0.5790870732596972 0.5406264525298179
    outer loop
      vertex 197.12299719957235 13.616807840399847 53.50000000298023
      vertex 197.45741236771505 13.917916610270087 54.19999999850988
      vertex 196.3896229981999 14.389622998199915 53.50000000298023
    endloop
  endfacet
  facet normal -0.6102304505065419 -0.5790870750611737 -0.5406264484574147
    outer loop
      vertex 196.70782104657286 14.707821046572848 52.8
      vertex 197.12299719957235 13.616807840399847 53.50000000298023
      vertex 196.3896229981999 14.389622998199915 53.50000000298023
    endloop
  endfacet
  facet normal -0.6397012267036745 -0.5463564621949065 -0.5406264484574168
    outer loop
      vertex 197.45741236771505 13.917916610270087 52.8
      vertex 198.16463599598893 13.089864131961097 52.8
      vertex 197.8149203168074 12.806669958801951 53.50000000298023
    endloop
  endfacet
  facet normal -0.6397012247136372 -0.5463564604952292 0.5406264525298383
    outer loop
      vertex 197.12299719957235 13.616807840399847 53.50000000298023
      vertex 197.8149203168074 12.806669958801951 53.50000000298023
      vertex 198.16463599598893 13.089864131961097 54.19999999850988
    endloop
  endfacet
  facet normal -0.6397012267036969 -0.5463564621949006 -0.540626448457396
    outer loop
      vertex 197.45741236771505 13.917916610270087 52.8
      vertex 197.8149203168074 12.806669958801951 53.50000000298023
      vertex 197.12299719957235 13.616807840399847 53.50000000298023
    endloop
  endfacet
  facet normal 0.7604059656000239 0.6494480483301918 0
    outer loop
      vertex 197.45741236771505 13.917916610270087 52.8
      vertex 197.45741236771505 13.917916610270087 54.19999999850988
      vertex 198.16463599598893 13.089864131961097 52.8
    endloop
  endfacet
  facet normal -0.6102304505065617 -0.5790870750611696 -0.5406264484573967
    outer loop
      vertex 197.45741236771505 13.917916610270087 52.8
      vertex 197.12299719957235 13.616807840399847 53.50000000298023
      vertex 196.70782104657286 14.707821046572848 52.8
    endloop
  endfacet
  facet normal 0.7253743710122968 0.6883545756937443 0
    outer loop
      vertex 197.45741236771505 13.917916610270087 52.8
      vertex 196.70782104657286 14.707821046572848 54.19999999850988
      vertex 197.45741236771505 13.917916610270087 54.19999999850988
    endloop
  endfacet
  facet normal -0.6674186263035017 -0.5121283242425338 -0.5406264484574175
    outer loop
      vertex 198.16463599598893 13.089864131961097 52.8
      vertex 198.46349583673572 11.961429885027696 53.50000000298023
      vertex 197.8149203168074 12.806669958801951 53.50000000298023
    endloop
  endfacet
  facet normal -0.6674186263035181 -0.5121283242425287 -0.5406264484574023
    outer loop
      vertex 198.82755348058785 12.225933245931705 52.8
      vertex 198.46349583673572 11.961429885027696 53.50000000298023
      vertex 198.16463599598893 13.089864131961097 52.8
    endloop
  endfacet
  facet normal -0.6674186242272342 -0.5121283226493577 0.5406264525298236
    outer loop
      vertex 197.8149203168074 12.806669958801951 53.50000000298023
      vertex 198.46349583673572 11.961429885027696 53.50000000298023
      vertex 198.82755348058785 12.225933245931705 54.19999999850988
    endloop
  endfacet
  facet normal 0.793353340291238 0.6087614290087168 0
    outer loop
      vertex 198.82755348058785 12.225933245931705 52.8
      vertex 198.16463599598893 13.089864131961097 52.8
      vertex 198.16463599598893 13.089864131961097 54.19999999850988
    endloop
  endfacet
  facet normal -0.6933066778403488 -0.4764964781510086 -0.540626448457402
    outer loop
      vertex 198.82755348058785 12.225933245931705 52.8
      vertex 199.0669460589391 11.083404363367377 53.50000000298023
      vertex 198.46349583673572 11.961429885027696 53.50000000298023
    endloop
  endfacet
  facet normal -0.6933066778403518 -0.47649647815100754 -0.5406264484573993
    outer loop
      vertex 198.82755348058785 12.225933245931705 52.8
      vertex 199.44434781076538 11.328491926689413 52.8
      vertex 199.0669460589391 11.083404363367377 53.50000000298023
    endloop
  endfacet
  facet normal 0.8241261886220209 0.5664062369248254 0
    outer loop
      vertex 199.44434781076538 11.328491926689413 52.8
      vertex 198.82755348058785 12.225933245931705 54.19999999850988
      vertex 199.44434781076538 11.328491926689413 54.19999999850988
    endloop
  endfacet
  facet normal 0.8241261886220209 0.5664062369248254 0
    outer loop
      vertex 198.82755348058785 12.225933245931705 52.8
      vertex 198.82755348058785 12.225933245931705 54.19999999850988
      vertex 199.44434781076538 11.328491926689413 52.8
    endloop
  endfacet
  facet normal 0.793353340291238 0.6087614290087168 0
    outer loop
      vertex 198.82755348058785 12.225933245931705 52.8
      vertex 198.16463599598893 13.089864131961097 54.19999999850988
      vertex 198.82755348058785 12.225933245931705 54.19999999850988
    endloop
  endfacet
  facet normal 0.7604059656000239 0.6494480483301918 0
    outer loop
      vertex 198.16463599598893 13.089864131961097 52.8
      vertex 197.45741236771505 13.917916610270087 54.19999999850988
      vertex 198.16463599598893 13.089864131961097 54.19999999850988
    endloop
  endfacet
  facet normal -0.6102304486081849 -0.5790870732596772 0.5406264525298358
    outer loop
      vertex 196.3896229981999 14.389622998199915 53.50000000298023
      vertex 197.45741236771505 13.917916610270087 54.19999999850988
      vertex 196.70782104657286 14.707821046572848 54.19999999850988
    endloop
  endfacet
  facet normal -0.6397012247136351 -0.5463564604952524 0.5406264525298176
    outer loop
      vertex 197.12299719957235 13.616807840399847 53.50000000298023
      vertex 198.16463599598893 13.089864131961097 54.19999999850988
      vertex 197.45741236771505 13.917916610270087 54.19999999850988
    endloop
  endfacet
  facet normal -0.6674186242272349 -0.5121283226493406 0.5406264525298387
    outer loop
      vertex 197.8149203168074 12.806669958801951 53.50000000298023
      vertex 198.82755348058785 12.225933245931705 54.19999999850988
      vertex 198.16463599598893 13.089864131961097 54.19999999850988
    endloop
  endfacet
  facet normal -0.6933066756835397 -0.4764964766686716 0.5406264525298234
    outer loop
      vertex 198.46349583673572 11.961429885027696 53.50000000298023
      vertex 199.44434781076538 11.328491926689413 54.19999999850988
      vertex 198.82755348058785 12.225933245931705 54.19999999850988
    endloop
  endfacet
  facet normal 0.6883545756937455 0.7253743710122957 0
    outer loop
      vertex 196.70782104657286 14.707821046572848 52.8
      vertex 195.91791661027008 15.457412367715056 54.19999999850988
      vertex 196.70782104657286 14.707821046572848 54.19999999850988
    endloop
  endfacet
  facet normal 0.7253743710122968 0.6883545756937443 0
    outer loop
      vertex 197.45741236771505 13.917916610270087 52.8
      vertex 196.70782104657286 14.707821046572848 52.8
      vertex 196.70782104657286 14.707821046572848 54.19999999850988
    endloop
  endfacet
endsolid OpenSCAD_Model
