solid OpenSCAD_Model
  facet normal 0.555570233019605 0.8314696123025435 0
    outer loop
      vertex 25.875 7.051442841485013 9
      vertex 25.63028678473038 7.214954984344721 9
      vertex 25.63028678473038 7.214954984344721 12
    endloop
  endfacet
  facet normal 0.7518398074789769 0.6593458151000693 0
    outer loop
      vertex 25.214954984344722 7.630286784730378 9
      vertex 25.214954984344722 7.630286784730378 12
      vertex 25.40900974233027 7.409009742330268 9
    endloop
  endfacet
  facet normal 0.8314696123025439 0.5555702330196042 0
    outer loop
      vertex 25.214954984344722 7.630286784730378 9
      vertex 25.051442841485013 7.875 9
      vertex 25.051442841485013 7.875 12
    endloop
  endfacet
  facet normal 0.6593458151000676 0.7518398074789785 0
    outer loop
      vertex 25.40900974233027 7.409009742330268 9
      vertex 25.40900974233027 7.409009742330268 12
      vertex 25.63028678473038 7.214954984344721 9
    endloop
  endfacet
  facet normal 0.4422886902189995 0.8968727415326891 0
    outer loop
      vertex 25.875 7.051442841485013 9
      vertex 25.875 7.051442841485013 12
      vertex 26.13896227717855 6.921271051849605 9
    endloop
  endfacet
  facet normal 0.32143946530316275 0.9469301294951052 0
    outer loop
      vertex 26.13896227717855 6.921271051849605 9
      vertex 26.13896227717855 6.921271051849605 12
      vertex 26.41765714851933 6.826666890849596 9
    endloop
  endfacet
  facet normal 0.19509032201612972 0.9807852804032302 0
    outer loop
      vertex 26.41765714851933 6.826666890849596 9
      vertex 26.41765714851933 6.826666890849596 12
      vertex 26.706316067504883 6.769249061908926 9
    endloop
  endfacet
  facet normal 0.06540312923014181 0.9978589232386037 0
    outer loop
      vertex 26.706316067504883 6.769249061908926 9
      vertex 26.706316067504883 6.769249061908926 12
      vertex 27 6.75 9
    endloop
  endfacet
  facet normal 0.896872741532688 0.4422886902190019 0
    outer loop
      vertex 25.051442841485013 7.875 9
      vertex 24.921271051849605 8.138962277178548 9
      vertex 24.921271051849605 8.138962277178548 12
    endloop
  endfacet
  facet normal 0.946930129495104 0.3214394653031663 0
    outer loop
      vertex 24.921271051849605 8.138962277178548 9
      vertex 24.826666890849594 8.417657148519329 9
      vertex 24.826666890849594 8.417657148519329 12
    endloop
  endfacet
  facet normal 0.9807852804032315 0.19509032201612275 0
    outer loop
      vertex 24.769249061908926 8.706316067504885 9
      vertex 24.769249061908926 8.706316067504885 12
      vertex 24.826666890849594 8.417657148519329 9
    endloop
  endfacet
  facet normal 0.9978589232386036 0.0654031292301422 0
    outer loop
      vertex 24.769249061908926 8.706316067504885 9
      vertex 24.75 9 9
      vertex 24.75 9 12
    endloop
  endfacet
  facet normal 0.6593458151000676 0.7518398074789785 0
    outer loop
      vertex 25.63028678473038 7.214954984344721 9
      vertex 25.40900974233027 7.409009742330268 12
      vertex 25.63028678473038 7.214954984344721 12
    endloop
  endfacet
  facet normal 0.555570233019605 0.8314696123025435 0
    outer loop
      vertex 25.875 7.051442841485013 9
      vertex 25.63028678473038 7.214954984344721 12
      vertex 25.875 7.051442841485013 12
    endloop
  endfacet
  facet normal 0.8314696123025439 0.5555702330196042 0
    outer loop
      vertex 25.214954984344722 7.630286784730378 9
      vertex 25.051442841485013 7.875 12
      vertex 25.214954984344722 7.630286784730378 12
    endloop
  endfacet
  facet normal 0.7518398074789769 0.6593458151000693 0
    outer loop
      vertex 25.40900974233027 7.409009742330268 9
      vertex 25.214954984344722 7.630286784730378 12
      vertex 25.40900974233027 7.409009742330268 12
    endloop
  endfacet
  facet normal 0.4422886902189995 0.8968727415326891 0
    outer loop
      vertex 26.13896227717855 6.921271051849605 9
      vertex 25.875 7.051442841485013 12
      vertex 26.13896227717855 6.921271051849605 12
    endloop
  endfacet
  facet normal 0.32143946530316275 0.9469301294951052 0
    outer loop
      vertex 26.41765714851933 6.826666890849596 9
      vertex 26.13896227717855 6.921271051849605 12
      vertex 26.41765714851933 6.826666890849596 12
    endloop
  endfacet
  facet normal 0.19509032201612972 0.9807852804032302 0
    outer loop
      vertex 26.706316067504883 6.769249061908926 9
      vertex 26.41765714851933 6.826666890849596 12
      vertex 26.706316067504883 6.769249061908926 12
    endloop
  endfacet
  facet normal 0.06540312923014181 0.9978589232386037 0
    outer loop
      vertex 27 6.75 9
      vertex 26.706316067504883 6.769249061908926 12
      vertex 27 6.75 12
    endloop
  endfacet
  facet normal 0.896872741532688 0.4422886902190019 0
    outer loop
      vertex 25.051442841485013 7.875 9
      vertex 24.921271051849605 8.138962277178548 12
      vertex 25.051442841485013 7.875 12
    endloop
  endfacet
  facet normal 0.946930129495104 0.3214394653031663 0
    outer loop
      vertex 24.921271051849605 8.138962277178548 9
      vertex 24.826666890849594 8.417657148519329 12
      vertex 24.921271051849605 8.138962277178548 12
    endloop
  endfacet
  facet normal 0.9807852804032315 0.19509032201612275 0
    outer loop
      vertex 24.826666890849594 8.417657148519329 9
      vertex 24.769249061908926 8.706316067504885 12
      vertex 24.826666890849594 8.417657148519329 12
    endloop
  endfacet
  facet normal 0.9978589232386036 0.0654031292301422 0
    outer loop
      vertex 24.769249061908926 8.706316067504885 9
      vertex 24.75 9 12
      vertex 24.769249061908926 8.706316067504885 12
    endloop
  endfacet
  facet normal -0.06540312923014181 0.9978589232386037 0
    outer loop
      vertex 27 6.75 9
      vertex 27 6.75 12
      vertex 27.293683932495117 6.769249061908926 9
    endloop
  endfacet
  facet normal -0.19509032201612972 0.9807852804032302 0
    outer loop
      vertex 27.293683932495117 6.769249061908926 9
      vertex 27.293683932495117 6.769249061908926 12
      vertex 27.58234285148067 6.826666890849596 9
    endloop
  endfacet
  facet normal -0.32143946530316275 0.9469301294951052 0
    outer loop
      vertex 27.58234285148067 6.826666890849596 9
      vertex 27.58234285148067 6.826666890849596 12
      vertex 27.86103772282145 6.921271051849605 9
    endloop
  endfacet
  facet normal -0.4422886902189995 0.8968727415326891 0
    outer loop
      vertex 27.86103772282145 6.921271051849605 9
      vertex 27.86103772282145 6.921271051849605 12
      vertex 28.125 7.051442841485013 9
    endloop
  endfacet
  facet normal -0.555570233019605 0.8314696123025435 0
    outer loop
      vertex 28.125 7.051442841485013 9
      vertex 28.125 7.051442841485013 12
      vertex 28.36971321526962 7.214954984344721 9
    endloop
  endfacet
  facet normal -0.6593458151000676 0.7518398074789785 0
    outer loop
      vertex 28.36971321526962 7.214954984344721 9
      vertex 28.36971321526962 7.214954984344721 12
      vertex 28.59099025766973 7.409009742330268 9
    endloop
  endfacet
  facet normal -0.7518398074789769 0.6593458151000693 0
    outer loop
      vertex 28.59099025766973 7.409009742330268 9
      vertex 28.59099025766973 7.409009742330268 12
      vertex 28.785045015655278 7.630286784730378 9
    endloop
  endfacet
  facet normal -0.8314696123025439 0.5555702330196042 0
    outer loop
      vertex 28.785045015655278 7.630286784730378 9
      vertex 28.785045015655278 7.630286784730378 12
      vertex 28.948557158514987 7.875 9
    endloop
  endfacet
  facet normal -0.896872741532688 0.4422886902190019 0
    outer loop
      vertex 28.948557158514987 7.875 9
      vertex 28.948557158514987 7.875 12
      vertex 29.078728948150395 8.138962277178548 9
    endloop
  endfacet
  facet normal -0.946930129495104 0.3214394653031663 0
    outer loop
      vertex 29.078728948150395 8.138962277178548 9
      vertex 29.078728948150395 8.138962277178548 12
      vertex 29.173333109150406 8.417657148519329 9
    endloop
  endfacet
  facet normal -0.9807852804032315 0.19509032201612275 0
    outer loop
      vertex 29.173333109150406 8.417657148519329 9
      vertex 29.173333109150406 8.417657148519329 12
      vertex 29.230750938091074 8.706316067504885 9
    endloop
  endfacet
  facet normal -0.9978589232386036 0.0654031292301422 0
    outer loop
      vertex 29.230750938091074 8.706316067504885 9
      vertex 29.230750938091074 8.706316067504885 12
      vertex 29.25 9 9
    endloop
  endfacet
  facet normal -0.06540312923014181 0.9978589232386037 0
    outer loop
      vertex 27.293683932495117 6.769249061908926 9
      vertex 27 6.75 12
      vertex 27.293683932495117 6.769249061908926 12
    endloop
  endfacet
  facet normal -0.19509032201612972 0.9807852804032302 0
    outer loop
      vertex 27.58234285148067 6.826666890849596 9
      vertex 27.293683932495117 6.769249061908926 12
      vertex 27.58234285148067 6.826666890849596 12
    endloop
  endfacet
  facet normal -0.32143946530316275 0.9469301294951052 0
    outer loop
      vertex 27.86103772282145 6.921271051849605 9
      vertex 27.58234285148067 6.826666890849596 12
      vertex 27.86103772282145 6.921271051849605 12
    endloop
  endfacet
  facet normal -0.4422886902189995 0.8968727415326891 0
    outer loop
      vertex 28.125 7.051442841485013 9
      vertex 27.86103772282145 6.921271051849605 12
      vertex 28.125 7.051442841485013 12
    endloop
  endfacet
  facet normal -0.555570233019605 0.8314696123025435 0
    outer loop
      vertex 28.36971321526962 7.214954984344721 9
      vertex 28.125 7.051442841485013 12
      vertex 28.36971321526962 7.214954984344721 12
    endloop
  endfacet
  facet normal -0.6593458151000676 0.7518398074789785 0
    outer loop
      vertex 28.59099025766973 7.409009742330268 9
      vertex 28.36971321526962 7.214954984344721 12
      vertex 28.59099025766973 7.409009742330268 12
    endloop
  endfacet
  facet normal -0.7518398074789769 0.6593458151000693 0
    outer loop
      vertex 28.785045015655278 7.630286784730378 9
      vertex 28.59099025766973 7.409009742330268 12
      vertex 28.785045015655278 7.630286784730378 12
    endloop
  endfacet
  facet normal -0.8314696123025439 0.5555702330196042 0
    outer loop
      vertex 28.948557158514987 7.875 9
      vertex 28.785045015655278 7.630286784730378 12
      vertex 28.948557158514987 7.875 12
    endloop
  endfacet
  facet normal -0.896872741532688 0.4422886902190019 0
    outer loop
      vertex 29.078728948150395 8.138962277178548 9
      vertex 28.948557158514987 7.875 12
      vertex 29.078728948150395 8.138962277178548 12
    endloop
  endfacet
  facet normal -0.946930129495104 0.3214394653031663 0
    outer loop
      vertex 29.173333109150406 8.417657148519329 9
      vertex 29.078728948150395 8.138962277178548 12
      vertex 29.173333109150406 8.417657148519329 12
    endloop
  endfacet
  facet normal -0.9807852804032315 0.19509032201612275 0
    outer loop
      vertex 29.230750938091074 8.706316067504885 9
      vertex 29.173333109150406 8.417657148519329 12
      vertex 29.230750938091074 8.706316067504885 12
    endloop
  endfacet
  facet normal -0.9978589232386036 0.0654031292301422 0
    outer loop
      vertex 29.25 9 9
      vertex 29.230750938091074 8.706316067504885 12
      vertex 29.25 9 12
    endloop
  endfacet
  facet normal 0.9978589232386036 -0.0654031292301422 0
    outer loop
      vertex 24.75 9 9
      vertex 24.769249061908926 9.293683932495115 9
      vertex 24.769249061908926 9.293683932495115 12
    endloop
  endfacet
  facet normal 0.9807852804032315 -0.19509032201612275 0
    outer loop
      vertex 24.769249061908926 9.293683932495115 9
      vertex 24.826666890849594 9.582342851480671 9
      vertex 24.826666890849594 9.582342851480671 12
    endloop
  endfacet
  facet normal 0.946930129495104 -0.3214394653031663 0
    outer loop
      vertex 24.826666890849594 9.582342851480671 9
      vertex 24.921271051849605 9.861037722821452 9
      vertex 24.921271051849605 9.861037722821452 12
    endloop
  endfacet
  facet normal 0.896872741532688 -0.4422886902190019 0
    outer loop
      vertex 24.921271051849605 9.861037722821452 9
      vertex 25.051442841485013 10.125 9
      vertex 25.051442841485013 10.125 12
    endloop
  endfacet
  facet normal 0.8314696123025439 -0.5555702330196042 0
    outer loop
      vertex 25.051442841485013 10.125 9
      vertex 25.214954984344722 10.369713215269622 9
      vertex 25.214954984344722 10.369713215269622 12
    endloop
  endfacet
  facet normal 0.7518398074789769 -0.6593458151000693 0
    outer loop
      vertex 25.214954984344722 10.369713215269622 9
      vertex 25.40900974233027 10.590990257669732 9
      vertex 25.40900974233027 10.590990257669732 12
    endloop
  endfacet
  facet normal 0.659345815100066 -0.75183980747898 0
    outer loop
      vertex 25.40900974233027 10.590990257669732 9
      vertex 25.63028678473038 10.785045015655278 9
      vertex 25.63028678473038 10.785045015655278 12
    endloop
  endfacet
  facet normal 0.5555702330196071 -0.831469612302542 0
    outer loop
      vertex 25.63028678473038 10.785045015655278 9
      vertex 25.875 10.948557158514987 9
      vertex 25.875 10.948557158514987 12
    endloop
  endfacet
  facet normal 0.4422886902189995 -0.8968727415326891 0
    outer loop
      vertex 25.875 10.948557158514987 9
      vertex 26.13896227717855 11.078728948150395 9
      vertex 26.13896227717855 11.078728948150395 12
    endloop
  endfacet
  facet normal 0.32143946530316275 -0.9469301294951052 0
    outer loop
      vertex 26.13896227717855 11.078728948150395 9
      vertex 26.41765714851933 11.173333109150404 9
      vertex 26.41765714851933 11.173333109150404 12
    endloop
  endfacet
  facet normal 0.19509032201612972 -0.9807852804032302 0
    outer loop
      vertex 26.41765714851933 11.173333109150404 9
      vertex 26.706316067504883 11.230750938091074 9
      vertex 26.706316067504883 11.230750938091074 12
    endloop
  endfacet
  facet normal 0.06540312923014181 -0.9978589232386037 0
    outer loop
      vertex 26.706316067504883 11.230750938091074 9
      vertex 27 11.25 9
      vertex 27 11.25 12
    endloop
  endfacet
  facet normal 0.9978589232386036 -0.0654031292301422 0
    outer loop
      vertex 24.75 9 9
      vertex 24.769249061908926 9.293683932495115 12
      vertex 24.75 9 12
    endloop
  endfacet
  facet normal 0.9807852804032315 -0.19509032201612275 0
    outer loop
      vertex 24.769249061908926 9.293683932495115 9
      vertex 24.826666890849594 9.582342851480671 12
      vertex 24.769249061908926 9.293683932495115 12
    endloop
  endfacet
  facet normal 0.946930129495104 -0.3214394653031663 0
    outer loop
      vertex 24.826666890849594 9.582342851480671 9
      vertex 24.921271051849605 9.861037722821452 12
      vertex 24.826666890849594 9.582342851480671 12
    endloop
  endfacet
  facet normal 0.896872741532688 -0.4422886902190019 0
    outer loop
      vertex 24.921271051849605 9.861037722821452 9
      vertex 25.051442841485013 10.125 12
      vertex 24.921271051849605 9.861037722821452 12
    endloop
  endfacet
  facet normal 0.8314696123025439 -0.5555702330196042 0
    outer loop
      vertex 25.051442841485013 10.125 9
      vertex 25.214954984344722 10.369713215269622 12
      vertex 25.051442841485013 10.125 12
    endloop
  endfacet
  facet normal 0.7518398074789769 -0.6593458151000693 0
    outer loop
      vertex 25.214954984344722 10.369713215269622 9
      vertex 25.40900974233027 10.590990257669732 12
      vertex 25.214954984344722 10.369713215269622 12
    endloop
  endfacet
  facet normal 0.659345815100066 -0.75183980747898 0
    outer loop
      vertex 25.40900974233027 10.590990257669732 9
      vertex 25.63028678473038 10.785045015655278 12
      vertex 25.40900974233027 10.590990257669732 12
    endloop
  endfacet
  facet normal 0.5555702330196071 -0.831469612302542 0
    outer loop
      vertex 25.63028678473038 10.785045015655278 9
      vertex 25.875 10.948557158514987 12
      vertex 25.63028678473038 10.785045015655278 12
    endloop
  endfacet
  facet normal 0.4422886902189995 -0.8968727415326891 0
    outer loop
      vertex 25.875 10.948557158514987 9
      vertex 26.13896227717855 11.078728948150395 12
      vertex 25.875 10.948557158514987 12
    endloop
  endfacet
  facet normal 0.32143946530316275 -0.9469301294951052 0
    outer loop
      vertex 26.13896227717855 11.078728948150395 9
      vertex 26.41765714851933 11.173333109150404 12
      vertex 26.13896227717855 11.078728948150395 12
    endloop
  endfacet
  facet normal 0.19509032201612972 -0.9807852804032302 0
    outer loop
      vertex 26.41765714851933 11.173333109150404 9
      vertex 26.706316067504883 11.230750938091074 12
      vertex 26.41765714851933 11.173333109150404 12
    endloop
  endfacet
  facet normal 0.06540312923014181 -0.9978589232386037 0
    outer loop
      vertex 26.706316067504883 11.230750938091074 9
      vertex 27 11.25 12
      vertex 26.706316067504883 11.230750938091074 12
    endloop
  endfacet
  facet normal -0.9978589232386036 -0.0654031292301422 0
    outer loop
      vertex 29.25 9 9
      vertex 29.25 9 12
      vertex 29.230750938091074 9.293683932495115 9
    endloop
  endfacet
  facet normal -0.9807852804032315 -0.19509032201612275 0
    outer loop
      vertex 29.230750938091074 9.293683932495115 9
      vertex 29.230750938091074 9.293683932495115 12
      vertex 29.173333109150406 9.582342851480671 9
    endloop
  endfacet
  facet normal -0.946930129495104 -0.3214394653031663 0
    outer loop
      vertex 29.173333109150406 9.582342851480671 9
      vertex 29.173333109150406 9.582342851480671 12
      vertex 29.078728948150395 9.861037722821452 9
    endloop
  endfacet
  facet normal -0.896872741532688 -0.4422886902190019 0
    outer loop
      vertex 29.078728948150395 9.861037722821452 9
      vertex 29.078728948150395 9.861037722821452 12
      vertex 28.948557158514987 10.125 9
    endloop
  endfacet
  facet normal -0.06540312923014181 -0.9978589232386037 0
    outer loop
      vertex 27 11.25 9
      vertex 27.293683932495117 11.230750938091074 9
      vertex 27.293683932495117 11.230750938091074 12
    endloop
  endfacet
  facet normal -0.19509032201612972 -0.9807852804032302 0
    outer loop
      vertex 27.293683932495117 11.230750938091074 9
      vertex 27.58234285148067 11.173333109150404 9
      vertex 27.58234285148067 11.173333109150404 12
    endloop
  endfacet
  facet normal -0.32143946530316275 -0.9469301294951052 0
    outer loop
      vertex 27.58234285148067 11.173333109150404 9
      vertex 27.86103772282145 11.078728948150395 9
      vertex 27.86103772282145 11.078728948150395 12
    endloop
  endfacet
  facet normal -0.4422886902189995 -0.8968727415326891 0
    outer loop
      vertex 27.86103772282145 11.078728948150395 9
      vertex 28.125 10.948557158514987 9
      vertex 28.125 10.948557158514987 12
    endloop
  endfacet
  facet normal -0.659345815100066 -0.75183980747898 0
    outer loop
      vertex 28.36971321526962 10.785045015655278 9
      vertex 28.59099025766973 10.590990257669732 9
      vertex 28.59099025766973 10.590990257669732 12
    endloop
  endfacet
  facet normal -0.8314696123025439 -0.5555702330196042 0
    outer loop
      vertex 28.785045015655278 10.369713215269622 9
      vertex 28.948557158514987 10.125 9
      vertex 28.948557158514987 10.125 12
    endloop
  endfacet
  facet normal -0.7518398074789769 -0.6593458151000693 0
    outer loop
      vertex 28.785045015655278 10.369713215269622 9
      vertex 28.785045015655278 10.369713215269622 12
      vertex 28.59099025766973 10.590990257669732 9
    endloop
  endfacet
  facet normal -0.5555702330196071 -0.831469612302542 0
    outer loop
      vertex 28.36971321526962 10.785045015655278 9
      vertex 28.36971321526962 10.785045015655278 12
      vertex 28.125 10.948557158514987 9
    endloop
  endfacet
  facet normal -0.9978589232386036 -0.0654031292301422 0
    outer loop
      vertex 29.230750938091074 9.293683932495115 9
      vertex 29.25 9 12
      vertex 29.230750938091074 9.293683932495115 12
    endloop
  endfacet
  facet normal -0.9807852804032315 -0.19509032201612275 0
    outer loop
      vertex 29.173333109150406 9.582342851480671 9
      vertex 29.230750938091074 9.293683932495115 12
      vertex 29.173333109150406 9.582342851480671 12
    endloop
  endfacet
  facet normal -0.946930129495104 -0.3214394653031663 0
    outer loop
      vertex 29.078728948150395 9.861037722821452 9
      vertex 29.173333109150406 9.582342851480671 12
      vertex 29.078728948150395 9.861037722821452 12
    endloop
  endfacet
  facet normal -0.896872741532688 -0.4422886902190019 0
    outer loop
      vertex 28.948557158514987 10.125 9
      vertex 29.078728948150395 9.861037722821452 12
      vertex 28.948557158514987 10.125 12
    endloop
  endfacet
  facet normal -0.06540312923014181 -0.9978589232386037 0
    outer loop
      vertex 27 11.25 9
      vertex 27.293683932495117 11.230750938091074 12
      vertex 27 11.25 12
    endloop
  endfacet
  facet normal -0.19509032201612972 -0.9807852804032302 0
    outer loop
      vertex 27.293683932495117 11.230750938091074 9
      vertex 27.58234285148067 11.173333109150404 12
      vertex 27.293683932495117 11.230750938091074 12
    endloop
  endfacet
  facet normal -0.32143946530316275 -0.9469301294951052 0
    outer loop
      vertex 27.58234285148067 11.173333109150404 9
      vertex 27.86103772282145 11.078728948150395 12
      vertex 27.58234285148067 11.173333109150404 12
    endloop
  endfacet
  facet normal -0.4422886902189995 -0.8968727415326891 0
    outer loop
      vertex 27.86103772282145 11.078728948150395 9
      vertex 28.125 10.948557158514987 12
      vertex 27.86103772282145 11.078728948150395 12
    endloop
  endfacet
  facet normal -0.7518398074789769 -0.6593458151000693 0
    outer loop
      vertex 28.59099025766973 10.590990257669732 9
      vertex 28.785045015655278 10.369713215269622 12
      vertex 28.59099025766973 10.590990257669732 12
    endloop
  endfacet
  facet normal -0.8314696123025439 -0.5555702330196042 0
    outer loop
      vertex 28.785045015655278 10.369713215269622 9
      vertex 28.948557158514987 10.125 12
      vertex 28.785045015655278 10.369713215269622 12
    endloop
  endfacet
  facet normal -0.5555702330196071 -0.831469612302542 0
    outer loop
      vertex 28.125 10.948557158514987 9
      vertex 28.36971321526962 10.785045015655278 12
      vertex 28.125 10.948557158514987 12
    endloop
  endfacet
  facet normal -0.659345815100066 -0.75183980747898 0
    outer loop
      vertex 28.36971321526962 10.785045015655278 9
      vertex 28.59099025766973 10.590990257669732 12
      vertex 28.36971321526962 10.785045015655278 12
    endloop
  endfacet
  facet normal 0.5555702330196022 0.8314696123025453 0
    outer loop
      vertex 7.875 7.051442841485013 9
      vertex 7.630286784730378 7.214954984344721 9
      vertex 7.630286784730378 7.214954984344721 12
    endloop
  endfacet
  facet normal 0.7518398074789785 0.6593458151000676 0
    outer loop
      vertex 7.409009742330268 7.409009742330268 9
      vertex 7.214954984344721 7.630286784730378 9
      vertex 7.214954984344721 7.630286784730378 12
    endloop
  endfacet
  facet normal 0.8314696123025453 0.5555702330196022 0
    outer loop
      vertex 7.051442841485013 7.875 9
      vertex 7.051442841485013 7.875 12
      vertex 7.214954984344721 7.630286784730378 9
    endloop
  endfacet
  facet normal 0.6593458151000676 0.7518398074789785 0
    outer loop
      vertex 7.409009742330268 7.409009742330268 9
      vertex 7.409009742330268 7.409009742330268 12
      vertex 7.630286784730378 7.214954984344721 9
    endloop
  endfacet
  facet normal 0.4422886902190019 0.896872741532688 0
    outer loop
      vertex 7.875 7.051442841485013 9
      vertex 7.875 7.051442841485013 12
      vertex 8.138962277178548 6.921271051849605 9
    endloop
  endfacet
  facet normal 0.3214394653031609 0.9469301294951059 0
    outer loop
      vertex 8.138962277178548 6.921271051849605 9
      vertex 8.138962277178548 6.921271051849605 12
      vertex 8.417657148519329 6.826666890849596 9
    endloop
  endfacet
  facet normal 0.19509032201612858 0.9807852804032304 0
    outer loop
      vertex 8.417657148519329 6.826666890849596 9
      vertex 8.417657148519329 6.826666890849596 12
      vertex 8.706316067504885 6.769249061908926 9
    endloop
  endfacet
  facet normal 0.0654031292301422 0.9978589232386036 0
    outer loop
      vertex 8.706316067504885 6.769249061908926 9
      vertex 8.706316067504885 6.769249061908926 12
      vertex 9 6.75 9
    endloop
  endfacet
  facet normal 0.896872741532688 0.4422886902190019 0
    outer loop
      vertex 7.051442841485013 7.875 9
      vertex 6.921271051849605 8.138962277178548 9
      vertex 6.921271051849605 8.138962277178548 12
    endloop
  endfacet
  facet normal 0.9469301294951059 0.3214394653031609 0
    outer loop
      vertex 6.921271051849605 8.138962277178548 9
      vertex 6.826666890849596 8.417657148519329 9
      vertex 6.826666890849596 8.417657148519329 12
    endloop
  endfacet
  facet normal 0.9807852804032304 0.19509032201612858 0
    outer loop
      vertex 6.826666890849596 8.417657148519329 9
      vertex 6.769249061908926 8.706316067504885 9
      vertex 6.769249061908926 8.706316067504885 12
    endloop
  endfacet
  facet normal 0.9978589232386036 0.0654031292301422 0
    outer loop
      vertex 6.769249061908926 8.706316067504885 9
      vertex 6.75 9 9
      vertex 6.75 9 12
    endloop
  endfacet
  facet normal 0.6593458151000676 0.7518398074789785 0
    outer loop
      vertex 7.630286784730378 7.214954984344721 9
      vertex 7.409009742330268 7.409009742330268 12
      vertex 7.630286784730378 7.214954984344721 12
    endloop
  endfacet
  facet normal 0.5555702330196022 0.8314696123025453 0
    outer loop
      vertex 7.875 7.051442841485013 9
      vertex 7.630286784730378 7.214954984344721 12
      vertex 7.875 7.051442841485013 12
    endloop
  endfacet
  facet normal 0.8314696123025453 0.5555702330196022 0
    outer loop
      vertex 7.214954984344721 7.630286784730378 9
      vertex 7.051442841485013 7.875 12
      vertex 7.214954984344721 7.630286784730378 12
    endloop
  endfacet
  facet normal 0.7518398074789785 0.6593458151000676 0
    outer loop
      vertex 7.409009742330268 7.409009742330268 9
      vertex 7.214954984344721 7.630286784730378 12
      vertex 7.409009742330268 7.409009742330268 12
    endloop
  endfacet
  facet normal 0.4422886902190019 0.896872741532688 0
    outer loop
      vertex 8.138962277178548 6.921271051849605 9
      vertex 7.875 7.051442841485013 12
      vertex 8.138962277178548 6.921271051849605 12
    endloop
  endfacet
  facet normal 0.3214394653031609 0.9469301294951059 0
    outer loop
      vertex 8.417657148519329 6.826666890849596 9
      vertex 8.138962277178548 6.921271051849605 12
      vertex 8.417657148519329 6.826666890849596 12
    endloop
  endfacet
  facet normal 0.19509032201612858 0.9807852804032304 0
    outer loop
      vertex 8.706316067504885 6.769249061908926 9
      vertex 8.417657148519329 6.826666890849596 12
      vertex 8.706316067504885 6.769249061908926 12
    endloop
  endfacet
  facet normal 0.0654031292301422 0.9978589232386036 0
    outer loop
      vertex 9 6.75 9
      vertex 8.706316067504885 6.769249061908926 12
      vertex 9 6.75 12
    endloop
  endfacet
  facet normal 0.896872741532688 0.4422886902190019 0
    outer loop
      vertex 7.051442841485013 7.875 9
      vertex 6.921271051849605 8.138962277178548 12
      vertex 7.051442841485013 7.875 12
    endloop
  endfacet
  facet normal 0.9469301294951059 0.3214394653031609 0
    outer loop
      vertex 6.921271051849605 8.138962277178548 9
      vertex 6.826666890849596 8.417657148519329 12
      vertex 6.921271051849605 8.138962277178548 12
    endloop
  endfacet
  facet normal 0.9807852804032304 0.19509032201612858 0
    outer loop
      vertex 6.826666890849596 8.417657148519329 9
      vertex 6.769249061908926 8.706316067504885 12
      vertex 6.826666890849596 8.417657148519329 12
    endloop
  endfacet
  facet normal 0.9978589232386036 0.0654031292301422 0
    outer loop
      vertex 6.769249061908926 8.706316067504885 9
      vertex 6.75 9 12
      vertex 6.769249061908926 8.706316067504885 12
    endloop
  endfacet
  facet normal -0.0654031292301422 0.9978589232386036 0
    outer loop
      vertex 9 6.75 9
      vertex 9 6.75 12
      vertex 9.293683932495115 6.769249061908926 9
    endloop
  endfacet
  facet normal -0.19509032201612858 0.9807852804032304 0
    outer loop
      vertex 9.293683932495115 6.769249061908926 9
      vertex 9.293683932495115 6.769249061908926 12
      vertex 9.582342851480671 6.826666890849596 9
    endloop
  endfacet
  facet normal -0.3214394653031609 0.9469301294951059 0
    outer loop
      vertex 9.582342851480671 6.826666890849596 9
      vertex 9.582342851480671 6.826666890849596 12
      vertex 9.861037722821452 6.921271051849605 9
    endloop
  endfacet
  facet normal -0.4422886902190019 0.896872741532688 0
    outer loop
      vertex 9.861037722821452 6.921271051849605 9
      vertex 9.861037722821452 6.921271051849605 12
      vertex 10.125 7.051442841485013 9
    endloop
  endfacet
  facet normal -0.5555702330196022 0.8314696123025453 0
    outer loop
      vertex 10.125 7.051442841485013 9
      vertex 10.125 7.051442841485013 12
      vertex 10.369713215269622 7.214954984344721 9
    endloop
  endfacet
  facet normal -0.6593458151000676 0.7518398074789785 0
    outer loop
      vertex 10.369713215269622 7.214954984344721 9
      vertex 10.369713215269622 7.214954984344721 12
      vertex 10.590990257669732 7.409009742330268 9
    endloop
  endfacet
  facet normal -0.75183980747898 0.659345815100066 0
    outer loop
      vertex 10.590990257669732 7.409009742330268 9
      vertex 10.590990257669732 7.409009742330268 12
      vertex 10.785045015655278 7.630286784730378 9
    endloop
  endfacet
  facet normal -0.8314696123025439 0.5555702330196042 0
    outer loop
      vertex 10.785045015655278 7.630286784730378 9
      vertex 10.785045015655278 7.630286784730378 12
      vertex 10.948557158514987 7.875 9
    endloop
  endfacet
  facet normal -0.896872741532688 0.4422886902190019 0
    outer loop
      vertex 10.948557158514987 7.875 9
      vertex 10.948557158514987 7.875 12
      vertex 11.078728948150395 8.138962277178548 9
    endloop
  endfacet
  facet normal -0.9469301294951059 0.3214394653031609 0
    outer loop
      vertex 11.078728948150395 8.138962277178548 9
      vertex 11.078728948150395 8.138962277178548 12
      vertex 11.173333109150404 8.417657148519329 9
    endloop
  endfacet
  facet normal -0.9807852804032304 0.19509032201612858 0
    outer loop
      vertex 11.173333109150404 8.417657148519329 9
      vertex 11.173333109150404 8.417657148519329 12
      vertex 11.230750938091074 8.706316067504885 9
    endloop
  endfacet
  facet normal -0.9978589232386036 0.0654031292301422 0
    outer loop
      vertex 11.230750938091074 8.706316067504885 9
      vertex 11.230750938091074 8.706316067504885 12
      vertex 11.25 9 9
    endloop
  endfacet
  facet normal -0.0654031292301422 0.9978589232386036 0
    outer loop
      vertex 9.293683932495115 6.769249061908926 9
      vertex 9 6.75 12
      vertex 9.293683932495115 6.769249061908926 12
    endloop
  endfacet
  facet normal -0.19509032201612858 0.9807852804032304 0
    outer loop
      vertex 9.582342851480671 6.826666890849596 9
      vertex 9.293683932495115 6.769249061908926 12
      vertex 9.582342851480671 6.826666890849596 12
    endloop
  endfacet
  facet normal -0.3214394653031609 0.9469301294951059 0
    outer loop
      vertex 9.861037722821452 6.921271051849605 9
      vertex 9.582342851480671 6.826666890849596 12
      vertex 9.861037722821452 6.921271051849605 12
    endloop
  endfacet
  facet normal -0.4422886902190019 0.896872741532688 0
    outer loop
      vertex 10.125 7.051442841485013 9
      vertex 9.861037722821452 6.921271051849605 12
      vertex 10.125 7.051442841485013 12
    endloop
  endfacet
  facet normal -0.5555702330196022 0.8314696123025453 0
    outer loop
      vertex 10.369713215269622 7.214954984344721 9
      vertex 10.125 7.051442841485013 12
      vertex 10.369713215269622 7.214954984344721 12
    endloop
  endfacet
  facet normal -0.6593458151000676 0.7518398074789785 0
    outer loop
      vertex 10.590990257669732 7.409009742330268 9
      vertex 10.369713215269622 7.214954984344721 12
      vertex 10.590990257669732 7.409009742330268 12
    endloop
  endfacet
  facet normal -0.75183980747898 0.659345815100066 0
    outer loop
      vertex 10.785045015655278 7.630286784730378 9
      vertex 10.590990257669732 7.409009742330268 12
      vertex 10.785045015655278 7.630286784730378 12
    endloop
  endfacet
  facet normal -0.8314696123025439 0.5555702330196042 0
    outer loop
      vertex 10.948557158514987 7.875 9
      vertex 10.785045015655278 7.630286784730378 12
      vertex 10.948557158514987 7.875 12
    endloop
  endfacet
  facet normal -0.896872741532688 0.4422886902190019 0
    outer loop
      vertex 11.078728948150395 8.138962277178548 9
      vertex 10.948557158514987 7.875 12
      vertex 11.078728948150395 8.138962277178548 12
    endloop
  endfacet
  facet normal -0.9469301294951059 0.3214394653031609 0
    outer loop
      vertex 11.173333109150404 8.417657148519329 9
      vertex 11.078728948150395 8.138962277178548 12
      vertex 11.173333109150404 8.417657148519329 12
    endloop
  endfacet
  facet normal -0.9807852804032304 0.19509032201612858 0
    outer loop
      vertex 11.230750938091074 8.706316067504885 9
      vertex 11.173333109150404 8.417657148519329 12
      vertex 11.230750938091074 8.706316067504885 12
    endloop
  endfacet
  facet normal -0.9978589232386036 0.0654031292301422 0
    outer loop
      vertex 11.25 9 9
      vertex 11.230750938091074 8.706316067504885 12
      vertex 11.25 9 12
    endloop
  endfacet
  facet normal 0.9978589232386036 -0.0654031292301422 0
    outer loop
      vertex 6.75 9 9
      vertex 6.769249061908926 9.293683932495115 9
      vertex 6.769249061908926 9.293683932495115 12
    endloop
  endfacet
  facet normal 0.9807852804032304 -0.19509032201612858 0
    outer loop
      vertex 6.769249061908926 9.293683932495115 9
      vertex 6.826666890849596 9.582342851480671 9
      vertex 6.826666890849596 9.582342851480671 12
    endloop
  endfacet
  facet normal 0.9469301294951059 -0.3214394653031609 0
    outer loop
      vertex 6.826666890849596 9.582342851480671 9
      vertex 6.921271051849605 9.861037722821452 9
      vertex 6.921271051849605 9.861037722821452 12
    endloop
  endfacet
  facet normal 0.896872741532688 -0.4422886902190019 0
    outer loop
      vertex 6.921271051849605 9.861037722821452 9
      vertex 7.051442841485013 10.125 9
      vertex 7.051442841485013 10.125 12
    endloop
  endfacet
  facet normal 0.8314696123025453 -0.5555702330196022 0
    outer loop
      vertex 7.051442841485013 10.125 9
      vertex 7.214954984344721 10.369713215269622 9
      vertex 7.214954984344721 10.369713215269622 12
    endloop
  endfacet
  facet normal 0.7518398074789785 -0.6593458151000676 0
    outer loop
      vertex 7.214954984344721 10.369713215269622 9
      vertex 7.409009742330268 10.590990257669732 9
      vertex 7.409009742330268 10.590990257669732 12
    endloop
  endfacet
  facet normal 0.659345815100066 -0.75183980747898 0
    outer loop
      vertex 7.409009742330268 10.590990257669732 9
      vertex 7.630286784730378 10.785045015655278 9
      vertex 7.630286784730378 10.785045015655278 12
    endloop
  endfacet
  facet normal 0.5555702330196042 -0.8314696123025439 0
    outer loop
      vertex 7.630286784730378 10.785045015655278 9
      vertex 7.875 10.948557158514987 9
      vertex 7.875 10.948557158514987 12
    endloop
  endfacet
  facet normal 0.4422886902190019 -0.896872741532688 0
    outer loop
      vertex 7.875 10.948557158514987 9
      vertex 8.138962277178548 11.078728948150395 9
      vertex 8.138962277178548 11.078728948150395 12
    endloop
  endfacet
  facet normal 0.3214394653031609 -0.9469301294951059 0
    outer loop
      vertex 8.138962277178548 11.078728948150395 9
      vertex 8.417657148519329 11.173333109150404 9
      vertex 8.417657148519329 11.173333109150404 12
    endloop
  endfacet
  facet normal 0.19509032201612858 -0.9807852804032304 0
    outer loop
      vertex 8.417657148519329 11.173333109150404 9
      vertex 8.706316067504885 11.230750938091074 9
      vertex 8.706316067504885 11.230750938091074 12
    endloop
  endfacet
  facet normal 0.0654031292301422 -0.9978589232386036 0
    outer loop
      vertex 8.706316067504885 11.230750938091074 9
      vertex 9 11.25 9
      vertex 9 11.25 12
    endloop
  endfacet
  facet normal 0.9978589232386036 -0.0654031292301422 0
    outer loop
      vertex 6.75 9 9
      vertex 6.769249061908926 9.293683932495115 12
      vertex 6.75 9 12
    endloop
  endfacet
  facet normal 0.9807852804032304 -0.19509032201612858 0
    outer loop
      vertex 6.769249061908926 9.293683932495115 9
      vertex 6.826666890849596 9.582342851480671 12
      vertex 6.769249061908926 9.293683932495115 12
    endloop
  endfacet
  facet normal 0.9469301294951059 -0.3214394653031609 0
    outer loop
      vertex 6.826666890849596 9.582342851480671 9
      vertex 6.921271051849605 9.861037722821452 12
      vertex 6.826666890849596 9.582342851480671 12
    endloop
  endfacet
  facet normal 0.896872741532688 -0.4422886902190019 0
    outer loop
      vertex 6.921271051849605 9.861037722821452 9
      vertex 7.051442841485013 10.125 12
      vertex 6.921271051849605 9.861037722821452 12
    endloop
  endfacet
  facet normal 0.8314696123025453 -0.5555702330196022 0
    outer loop
      vertex 7.051442841485013 10.125 9
      vertex 7.214954984344721 10.369713215269622 12
      vertex 7.051442841485013 10.125 12
    endloop
  endfacet
  facet normal 0.7518398074789785 -0.6593458151000676 0
    outer loop
      vertex 7.214954984344721 10.369713215269622 9
      vertex 7.409009742330268 10.590990257669732 12
      vertex 7.214954984344721 10.369713215269622 12
    endloop
  endfacet
  facet normal 0.659345815100066 -0.75183980747898 0
    outer loop
      vertex 7.409009742330268 10.590990257669732 9
      vertex 7.630286784730378 10.785045015655278 12
      vertex 7.409009742330268 10.590990257669732 12
    endloop
  endfacet
  facet normal 0.5555702330196042 -0.8314696123025439 0
    outer loop
      vertex 7.630286784730378 10.785045015655278 9
      vertex 7.875 10.948557158514987 12
      vertex 7.630286784730378 10.785045015655278 12
    endloop
  endfacet
  facet normal 0.4422886902190019 -0.896872741532688 0
    outer loop
      vertex 7.875 10.948557158514987 9
      vertex 8.138962277178548 11.078728948150395 12
      vertex 7.875 10.948557158514987 12
    endloop
  endfacet
  facet normal 0.3214394653031609 -0.9469301294951059 0
    outer loop
      vertex 8.138962277178548 11.078728948150395 9
      vertex 8.417657148519329 11.173333109150404 12
      vertex 8.138962277178548 11.078728948150395 12
    endloop
  endfacet
  facet normal 0.19509032201612858 -0.9807852804032304 0
    outer loop
      vertex 8.417657148519329 11.173333109150404 9
      vertex 8.706316067504885 11.230750938091074 12
      vertex 8.417657148519329 11.173333109150404 12
    endloop
  endfacet
  facet normal 0.0654031292301422 -0.9978589232386036 0
    outer loop
      vertex 8.706316067504885 11.230750938091074 9
      vertex 9 11.25 12
      vertex 8.706316067504885 11.230750938091074 12
    endloop
  endfacet
  facet normal -0.9978589232386036 -0.0654031292301422 0
    outer loop
      vertex 11.25 9 9
      vertex 11.25 9 12
      vertex 11.230750938091074 9.293683932495115 9
    endloop
  endfacet
  facet normal -0.9807852804032304 -0.19509032201612858 0
    outer loop
      vertex 11.173333109150404 9.582342851480671 9
      vertex 11.230750938091074 9.293683932495115 9
      vertex 11.230750938091074 9.293683932495115 12
    endloop
  endfacet
  facet normal -0.9469301294951059 -0.3214394653031609 0
    outer loop
      vertex 11.173333109150404 9.582342851480671 9
      vertex 11.173333109150404 9.582342851480671 12
      vertex 11.078728948150395 9.861037722821452 9
    endloop
  endfacet
  facet normal -0.896872741532688 -0.4422886902190019 0
    outer loop
      vertex 11.078728948150395 9.861037722821452 9
      vertex 11.078728948150395 9.861037722821452 12
      vertex 10.948557158514987 10.125 9
    endloop
  endfacet
  facet normal -0.0654031292301422 -0.9978589232386036 0
    outer loop
      vertex 9 11.25 9
      vertex 9.293683932495115 11.230750938091074 9
      vertex 9.293683932495115 11.230750938091074 12
    endloop
  endfacet
  facet normal -0.19509032201612858 -0.9807852804032304 0
    outer loop
      vertex 9.293683932495115 11.230750938091074 9
      vertex 9.582342851480671 11.173333109150404 9
      vertex 9.582342851480671 11.173333109150404 12
    endloop
  endfacet
  facet normal -0.3214394653031609 -0.9469301294951059 0
    outer loop
      vertex 9.582342851480671 11.173333109150404 9
      vertex 9.861037722821452 11.078728948150395 9
      vertex 9.861037722821452 11.078728948150395 12
    endloop
  endfacet
  facet normal -0.4422886902190019 -0.896872741532688 0
    outer loop
      vertex 9.861037722821452 11.078728948150395 9
      vertex 10.125 10.948557158514987 9
      vertex 10.125 10.948557158514987 12
    endloop
  endfacet
  facet normal -0.659345815100066 -0.75183980747898 0
    outer loop
      vertex 10.369713215269622 10.785045015655278 9
      vertex 10.590990257669732 10.590990257669732 9
      vertex 10.590990257669732 10.590990257669732 12
    endloop
  endfacet
  facet normal -0.8314696123025439 -0.5555702330196042 0
    outer loop
      vertex 10.948557158514987 10.125 9
      vertex 10.948557158514987 10.125 12
      vertex 10.785045015655278 10.369713215269622 9
    endloop
  endfacet
  facet normal -0.75183980747898 -0.659345815100066 0
    outer loop
      vertex 10.590990257669732 10.590990257669732 9
      vertex 10.785045015655278 10.369713215269622 9
      vertex 10.785045015655278 10.369713215269622 12
    endloop
  endfacet
  facet normal -0.5555702330196042 -0.8314696123025439 0
    outer loop
      vertex 10.369713215269622 10.785045015655278 9
      vertex 10.369713215269622 10.785045015655278 12
      vertex 10.125 10.948557158514987 9
    endloop
  endfacet
  facet normal -0.9978589232386036 -0.0654031292301422 0
    outer loop
      vertex 11.230750938091074 9.293683932495115 9
      vertex 11.25 9 12
      vertex 11.230750938091074 9.293683932495115 12
    endloop
  endfacet
  facet normal -0.9807852804032304 -0.19509032201612858 0
    outer loop
      vertex 11.173333109150404 9.582342851480671 9
      vertex 11.230750938091074 9.293683932495115 12
      vertex 11.173333109150404 9.582342851480671 12
    endloop
  endfacet
  facet normal -0.9469301294951059 -0.3214394653031609 0
    outer loop
      vertex 11.078728948150395 9.861037722821452 9
      vertex 11.173333109150404 9.582342851480671 12
      vertex 11.078728948150395 9.861037722821452 12
    endloop
  endfacet
  facet normal -0.896872741532688 -0.4422886902190019 0
    outer loop
      vertex 10.948557158514987 10.125 9
      vertex 11.078728948150395 9.861037722821452 12
      vertex 10.948557158514987 10.125 12
    endloop
  endfacet
  facet normal -0.0654031292301422 -0.9978589232386036 0
    outer loop
      vertex 9 11.25 9
      vertex 9.293683932495115 11.230750938091074 12
      vertex 9 11.25 12
    endloop
  endfacet
  facet normal -0.19509032201612858 -0.9807852804032304 0
    outer loop
      vertex 9.293683932495115 11.230750938091074 9
      vertex 9.582342851480671 11.173333109150404 12
      vertex 9.293683932495115 11.230750938091074 12
    endloop
  endfacet
  facet normal -0.3214394653031609 -0.9469301294951059 0
    outer loop
      vertex 9.582342851480671 11.173333109150404 9
      vertex 9.861037722821452 11.078728948150395 12
      vertex 9.582342851480671 11.173333109150404 12
    endloop
  endfacet
  facet normal -0.4422886902190019 -0.896872741532688 0
    outer loop
      vertex 9.861037722821452 11.078728948150395 9
      vertex 10.125 10.948557158514987 12
      vertex 9.861037722821452 11.078728948150395 12
    endloop
  endfacet
  facet normal -0.75183980747898 -0.659345815100066 0
    outer loop
      vertex 10.590990257669732 10.590990257669732 9
      vertex 10.785045015655278 10.369713215269622 12
      vertex 10.590990257669732 10.590990257669732 12
    endloop
  endfacet
  facet normal -0.8314696123025439 -0.5555702330196042 0
    outer loop
      vertex 10.785045015655278 10.369713215269622 9
      vertex 10.948557158514987 10.125 12
      vertex 10.785045015655278 10.369713215269622 12
    endloop
  endfacet
  facet normal -0.5555702330196042 -0.8314696123025439 0
    outer loop
      vertex 10.125 10.948557158514987 9
      vertex 10.369713215269622 10.785045015655278 12
      vertex 10.125 10.948557158514987 12
    endloop
  endfacet
  facet normal -0.659345815100066 -0.75183980747898 0
    outer loop
      vertex 10.369713215269622 10.785045015655278 9
      vertex 10.590990257669732 10.590990257669732 12
      vertex 10.369713215269622 10.785045015655278 12
    endloop
  endfacet
  facet normal 0.5335231345120041 0.46788723142915 -0.7045811547338255
    outer loop
      vertex 24 6.01897992329086 7.010000000000001
      vertex 24 6.698019036063117 7.4609256717590515
      vertex 24.008867956697205 6.008867956697204 7.010000000000001
    endloop
  endfacet
  facet normal 0.46788723142915006 0.5335231345120056 -0.7045811547338243
    outer loop
      vertex 24.008867956697205 6.008867956697204 7.010000000000001
      vertex 25.40900974233027 7.409009742330268 9
      vertex 24.424878582016593 5.6440364299372 7.010000000000001
    endloop
  endfacet
  facet normal 0.1384406612680077 0.6959882037086746 -0.7045811547338242
    outer loop
      vertex 25.90516968607752 4.914037642774725 7.010000000000001
      vertex 26.41765714851933 6.826666890849596 9
      vertex 26.447861219228365 4.806089585158795 7.010000000000001
    endloop
  endfacet
  facet normal 0.04641159215919267 0.7081040605074934 -0.7045811547338241
    outer loop
      vertex 26.447861219228365 4.806089585158795 7.010000000000001
      vertex 26.706316067504883 6.769249061908926 9
      vertex 27 4.769900497512438 7.010000000000001
    endloop
  endfacet
  facet normal 0.39424564809368845 0.5900303088428069 -0.7045811547338245
    outer loop
      vertex 24.424878582016593 5.6440364299372 7.010000000000001
      vertex 25.63028678473038 7.214954984344721 9
      vertex 24.88495024875622 5.336626370309856 7.010000000000001
    endloop
  endfacet
  facet normal 0.31385841241380313 0.6364419010019988 -0.7045811547338242
    outer loop
      vertex 24.88495024875622 5.336626370309856 7.010000000000001
      vertex 25.875 7.051442841485013 9
      vertex 25.3812110031422 5.091897649165565 7.010000000000001
    endloop
  endfacet
  facet normal 0.22810097227952633 0.671963795780015 -0.7045811547338242
    outer loop
      vertex 25.3812110031422 5.091897649165565 7.010000000000001
      vertex 26.13896227717855 6.921271051849605 9
      vertex 25.90516968607752 4.914037642774725 7.010000000000001
    endloop
  endfacet
  facet normal 0.31385841241380186 0.6364419010019992 -0.7045811547338243
    outer loop
      vertex 25.3812110031422 5.091897649165565 7.010000000000001
      vertex 25.875 7.051442841485013 9
      vertex 26.13896227717855 6.921271051849605 9
    endloop
  endfacet
  facet normal 0.3942456480936915 0.5900303088428053 -0.7045811547338241
    outer loop
      vertex 24.88495024875622 5.336626370309856 7.010000000000001
      vertex 25.63028678473038 7.214954984344721 9
      vertex 25.875 7.051442841485013 9
    endloop
  endfacet
  facet normal 0.13844066126800983 0.6959882037086744 -0.7045811547338239
    outer loop
      vertex 26.447861219228365 4.806089585158795 7.010000000000001
      vertex 26.41765714851933 6.826666890849596 9
      vertex 26.706316067504883 6.769249061908926 9
    endloop
  endfacet
  facet normal 0.04641159215919086 0.7081040605074933 -0.7045811547338243
    outer loop
      vertex 27 4.769900497512438 7.010000000000001
      vertex 26.706316067504883 6.769249061908926 9
      vertex 27 6.75 9
    endloop
  endfacet
  facet normal 0.2281009722795266 0.671963795780015 -0.7045811547338242
    outer loop
      vertex 25.90516968607752 4.914037642774725 7.010000000000001
      vertex 26.13896227717855 6.921271051849605 9
      vertex 26.41765714851933 6.826666890849596 9
    endloop
  endfacet
  facet normal 0.5335231345120065 0.46788723142914923 -0.7045811547338243
    outer loop
      vertex 24.008867956697205 6.008867956697204 7.010000000000001
      vertex 24 6.698019036063117 7.4609256717590515
      vertex 25.214954984344722 7.630286784730378 9
    endloop
  endfacet
  facet normal 0.590030308842807 0.3942456480936886 -0.7045811547338243
    outer loop
      vertex 24 6.698019036063117 7.4609256717590515
      vertex 24 7.267949192431122 7.779827876786555
      vertex 25.214954984344722 7.630286784730378 9
    endloop
  endfacet
  facet normal 0.6364419010019986 0.3138584124138039 -0.7045811547338239
    outer loop
      vertex 24 7.267949192431122 7.779827876786555
      vertex 24 7.757359312880714 7.997837516118431
      vertex 25.051442841485013 7.875 9
    endloop
  endfacet
  facet normal 0.6959882037086754 0.1384406612680088 -0.7045811547338232
    outer loop
      vertex 23.865546665686345 8.160125760357616 8
      vertex 23.78273676203449 8.57643925932573 8
      vertex 24.826666890849594 8.417657148519329 9
    endloop
  endfacet
  facet normal 0.6719637957800161 0.22810097227952422 -0.7045811547338237
    outer loop
      vertex 24 7.764039009925153 8
      vertex 24.921271051849605 8.138962277178548 9
      vertex 24 7.757359312880714 7.997837516118431
    endloop
  endfacet
  facet normal 0.6719637957800155 0.22810097227952597 -0.7045811547338238
    outer loop
      vertex 23.865546665686345 8.160125760357616 8
      vertex 24.921271051849605 8.138962277178548 9
      vertex 24 7.764039009925153 8
    endloop
  endfacet
  facet normal 0.6364419010019987 0.3138584124138039 -0.704581154733824
    outer loop
      vertex 24 7.757359312880714 7.997837516118431
      vertex 24.921271051849605 8.138962277178548 9
      vertex 25.051442841485013 7.875 9
    endloop
  endfacet
  facet normal 0.671963795780015 0.22810097227952955 -0.7045811547338232
    outer loop
      vertex 23.865546665686345 8.160125760357616 8
      vertex 24.826666890849594 8.417657148519329 9
      vertex 24.921271051849605 8.138962277178548 9
    endloop
  endfacet
  facet normal 0.7081040605074935 0.046411592159192716 -0.704581154733824
    outer loop
      vertex 23.78273676203449 8.57643925932573 8
      vertex 23.75497512437811 9 8
      vertex 24.769249061908926 8.706316067504885 9
    endloop
  endfacet
  facet normal 0.6959882037086755 0.13844066126800425 -0.704581154733824
    outer loop
      vertex 23.78273676203449 8.57643925932573 8
      vertex 24.769249061908926 8.706316067504885 9
      vertex 24.826666890849594 8.417657148519329 9
    endloop
  endfacet
  facet normal 0.7081040605074933 0.046411592159191474 -0.7045811547338241
    outer loop
      vertex 24.769249061908926 8.706316067504885 9
      vertex 23.75497512437811 9 8
      vertex 24.75 9 9
    endloop
  endfacet
  facet normal 0.5335231345120067 0.46788723142914906 -0.7045811547338242
    outer loop
      vertex 24.008867956697205 6.008867956697204 7.010000000000001
      vertex 25.214954984344722 7.630286784730378 9
      vertex 25.40900974233027 7.409009742330268 9
    endloop
  endfacet
  facet normal 0.46788723142914773 0.5335231345120074 -0.7045811547338247
    outer loop
      vertex 24.424878582016593 5.6440364299372 7.010000000000001
      vertex 25.40900974233027 7.409009742330268 9
      vertex 25.63028678473038 7.214954984344721 9
    endloop
  endfacet
  facet normal 0.5900303088428057 0.39424564809369117 -0.7045811547338238
    outer loop
      vertex 24 7.267949192431122 7.779827876786555
      vertex 25.051442841485013 7.875 9
      vertex 25.214954984344722 7.630286784730378 9
    endloop
  endfacet
  facet normal -0.046411592159192654 0.7081040605074932 -0.7045811547338242
    outer loop
      vertex 27 4.769900497512438 7.010000000000001
      vertex 27 6.75 9
      vertex 27.552138780771635 4.806089585158795 7.010000000000001
    endloop
  endfacet
  facet normal -0.13844066126800772 0.6959882037086748 -0.704581154733824
    outer loop
      vertex 27.552138780771635 4.806089585158795 7.010000000000001
      vertex 27.293683932495117 6.769249061908926 9
      vertex 28.09483031392248 4.914037642774725 7.010000000000001
    endloop
  endfacet
  facet normal -0.22810097227952633 0.671963795780015 -0.7045811547338242
    outer loop
      vertex 28.09483031392248 4.914037642774725 7.010000000000001
      vertex 27.58234285148067 6.826666890849596 9
      vertex 28.6187889968578 5.091897649165565 7.010000000000001
    endloop
  endfacet
  facet normal -0.31385841241380313 0.6364419010019987 -0.7045811547338242
    outer loop
      vertex 28.6187889968578 5.091897649165565 7.010000000000001
      vertex 27.86103772282145 6.921271051849605 9
      vertex 29.11504975124378 5.336626370309856 7.010000000000001
    endloop
  endfacet
  facet normal -0.39424564809368845 0.5900303088428072 -0.7045811547338242
    outer loop
      vertex 28.125 7.051442841485013 9
      vertex 29.575121417983407 5.6440364299372 7.010000000000001
      vertex 29.11504975124378 5.336626370309856 7.010000000000001
    endloop
  endfacet
  facet normal -0.04641159215919087 0.7081040605074934 -0.7045811547338241
    outer loop
      vertex 27.552138780771635 4.806089585158795 7.010000000000001
      vertex 27 6.75 9
      vertex 27.293683932495117 6.769249061908926 9
    endloop
  endfacet
  facet normal -0.13844066126800927 0.6959882037086743 -0.7045811547338243
    outer loop
      vertex 28.09483031392248 4.914037642774725 7.010000000000001
      vertex 27.293683932495117 6.769249061908926 9
      vertex 27.58234285148067 6.826666890849596 9
    endloop
  endfacet
  facet normal -0.22810097227952714 0.6719637957800145 -0.7045811547338244
    outer loop
      vertex 28.6187889968578 5.091897649165565 7.010000000000001
      vertex 27.58234285148067 6.826666890849596 9
      vertex 27.86103772282145 6.921271051849605 9
    endloop
  endfacet
  facet normal -0.3138584124138024 0.6364419010019993 -0.7045811547338241
    outer loop
      vertex 27.86103772282145 6.921271051849605 9
      vertex 28.125 7.051442841485013 9
      vertex 29.11504975124378 5.336626370309856 7.010000000000001
    endloop
  endfacet
  facet normal -0.39424564809369134 0.5900303088428047 -0.7045811547338247
    outer loop
      vertex 28.125 7.051442841485013 9
      vertex 28.36971321526962 7.214954984344721 9
      vertex 29.575121417983407 5.6440364299372 7.010000000000001
    endloop
  endfacet
  facet normal -0.46788723142914995 0.5335231345120055 -0.7045811547338244
    outer loop
      vertex 28.36971321526962 7.214954984344721 9
      vertex 29.991132043302795 6.008867956697204 7.010000000000001
      vertex 29.575121417983407 5.6440364299372 7.010000000000001
    endloop
  endfacet
  facet normal -0.5335231345120067 0.46788723142914906 -0.7045811547338242
    outer loop
      vertex 28.59099025766973 7.409009742330268 9
      vertex 30.355963570062798 6.424878582016593 7.010000000000001
      vertex 29.991132043302795 6.008867956697204 7.010000000000001
    endloop
  endfacet
  facet normal -0.46788723142914784 0.5335231345120077 -0.7045811547338242
    outer loop
      vertex 28.36971321526962 7.214954984344721 9
      vertex 28.59099025766973 7.409009742330268 9
      vertex 29.991132043302795 6.008867956697204 7.010000000000001
    endloop
  endfacet
  facet normal -0.5335231345120066 0.46788723142914895 -0.7045811547338243
    outer loop
      vertex 28.59099025766973 7.409009742330268 9
      vertex 28.785045015655278 7.630286784730378 9
      vertex 30.355963570062798 6.424878582016593 7.010000000000001
    endloop
  endfacet
  facet normal -0.590030308842807 0.3942456480936885 -0.7045811547338243
    outer loop
      vertex 28.785045015655278 7.630286784730378 9
      vertex 30.663373629690142 6.884950248756219 7.010000000000001
      vertex 30.355963570062798 6.424878582016593 7.010000000000001
    endloop
  endfacet
  facet normal -0.6364419010019989 0.31385841241380324 -0.7045811547338238
    outer loop
      vertex 30.663373629690142 6.884950248756219 7.010000000000001
      vertex 28.948557158514987 7.875 9
      vertex 30.908102350834433 7.381211003142202 7.010000000000001
    endloop
  endfacet
  facet normal -0.6719637957800151 0.22810097227952753 -0.7045811547338239
    outer loop
      vertex 30.908102350834433 7.381211003142202 7.010000000000001
      vertex 29.078728948150395 8.138962277178548 9
      vertex 31.085962357225274 7.905169686077521 7.010000000000001
    endloop
  endfacet
  facet normal -0.5900303088428057 0.3942456480936913 -0.7045811547338239
    outer loop
      vertex 28.785045015655278 7.630286784730378 9
      vertex 28.948557158514987 7.875 9
      vertex 30.663373629690142 6.884950248756219 7.010000000000001
    endloop
  endfacet
  facet normal -0.6364419010019987 0.3138584124138043 -0.7045811547338238
    outer loop
      vertex 30.908102350834433 7.381211003142202 7.010000000000001
      vertex 28.948557158514987 7.875 9
      vertex 29.078728948150395 8.138962277178548 9
    endloop
  endfacet
  facet normal -0.6959882037086746 0.13844066126800997 -0.7045811547338238
    outer loop
      vertex 31.085962357225274 7.905169686077521 7.010000000000001
      vertex 29.173333109150406 8.417657148519329 9
      vertex 31.193910414841206 8.447861219228365 7.010000000000001
    endloop
  endfacet
  facet normal -0.7081040605074932 0.046411592159191516 -0.7045811547338242
    outer loop
      vertex 31.193910414841206 8.447861219228365 7.010000000000001
      vertex 29.230750938091074 8.706316067504885 9
      vertex 31.230099502487562 9 7.010000000000001
    endloop
  endfacet
  facet normal -0.6719637957800145 0.2281009722795293 -0.7045811547338235
    outer loop
      vertex 31.085962357225274 7.905169686077521 7.010000000000001
      vertex 29.078728948150395 8.138962277178548 9
      vertex 29.173333109150406 8.417657148519329 9
    endloop
  endfacet
  facet normal -0.6959882037086752 0.1384406612680048 -0.7045811547338243
    outer loop
      vertex 31.193910414841206 8.447861219228365 7.010000000000001
      vertex 29.173333109150406 8.417657148519329 9
      vertex 29.230750938091074 8.706316067504885 9
    endloop
  endfacet
  facet normal -0.7081040605074932 0.04641159215919147 -0.7045811547338243
    outer loop
      vertex 29.230750938091074 8.706316067504885 9
      vertex 29.25 9 9
      vertex 31.230099502487562 9 7.010000000000001
    endloop
  endfacet
  facet normal 0.7081040605074933 -0.0464115921591927 -0.7045811547338241
    outer loop
      vertex 23.75497512437811 9 8
      vertex 23.78273676203449 9.42356074067427 8
      vertex 24.75 9 9
    endloop
  endfacet
  facet normal 0.6959882037086748 -0.13844066126800866 -0.7045811547338239
    outer loop
      vertex 23.78273676203449 9.42356074067427 8
      vertex 23.865546665686345 9.839874239642384 8
      vertex 24.769249061908926 9.293683932495115 9
    endloop
  endfacet
  facet normal 0.7081040605074936 -0.04641159215919149 -0.7045811547338239
    outer loop
      vertex 23.78273676203449 9.42356074067427 8
      vertex 24.769249061908926 9.293683932495115 9
      vertex 24.75 9 9
    endloop
  endfacet
  facet normal 0.671963795780016 -0.22810097227952614 -0.7045811547338232
    outer loop
      vertex 23.865546665686345 9.839874239642384 8
      vertex 24 10.235960990074847 8
      vertex 24.826666890849594 9.582342851480671 9
    endloop
  endfacet
  facet normal 0.6719637957800161 -0.22810097227952422 -0.7045811547338237
    outer loop
      vertex 24 10.235960990074847 8
      vertex 24 10.242640687119286 7.997837516118431
      vertex 24.921271051849605 9.861037722821452 9
    endloop
  endfacet
  facet normal 0.6959882037086764 -0.13844066126800442 -0.7045811547338231
    outer loop
      vertex 23.865546665686345 9.839874239642384 8
      vertex 24.826666890849594 9.582342851480671 9
      vertex 24.769249061908926 9.293683932495115 9
    endloop
  endfacet
  facet normal 0.6719637957800143 -0.22810097227952933 -0.7045811547338239
    outer loop
      vertex 24 10.235960990074847 8
      vertex 24.921271051849605 9.861037722821452 9
      vertex 24.826666890849594 9.582342851480671 9
    endloop
  endfacet
  facet normal 0.6364419010019987 -0.3138584124138039 -0.704581154733824
    outer loop
      vertex 24 10.242640687119286 7.997837516118431
      vertex 25.051442841485013 10.125 9
      vertex 24.921271051849605 9.861037722821452 9
    endloop
  endfacet
  facet normal 0.5900303088428066 -0.3942456480936893 -0.7045811547338243
    outer loop
      vertex 24 11.301980963936883 7.4609256717590515
      vertex 25.214954984344722 10.369713215269622 9
      vertex 24 10.732050807568879 7.779827876786555
    endloop
  endfacet
  facet normal 0.6364419010019988 -0.3138584124138034 -0.7045811547338239
    outer loop
      vertex 24 10.242640687119286 7.997837516118431
      vertex 24 10.732050807568879 7.779827876786555
      vertex 25.051442841485013 10.125 9
    endloop
  endfacet
  facet normal 0.5900303088428057 -0.3942456480936913 -0.704581154733824
    outer loop
      vertex 25.051442841485013 10.125 9
      vertex 24 10.732050807568879 7.779827876786555
      vertex 25.214954984344722 10.369713215269622 9
    endloop
  endfacet
  facet normal 0.5335231345120065 -0.4678872314291492 -0.7045811547338242
    outer loop
      vertex 24 11.301980963936883 7.4609256717590515
      vertex 25.40900974233027 10.590990257669732 9
      vertex 25.214954984344722 10.369713215269622 9
    endloop
  endfacet
  facet normal 0.4678872314291467 -0.533523134512009 -0.7045811547338242
    outer loop
      vertex 24.008867956697205 11.991132043302796 7.010000000000001
      vertex 25.63028678473038 10.785045015655278 9
      vertex 25.40900974233027 10.590990257669732 9
    endloop
  endfacet
  facet normal 0.533523134512026 -0.46788723142912825 -0.7045811547338234
    outer loop
      vertex 24 11.98102007670914 7.010000000000001
      vertex 24.008867956697205 11.991132043302796 7.010000000000001
      vertex 25.40900974233027 10.590990257669732 9
    endloop
  endfacet
  facet normal 0.5335231345120062 -0.46788723142914973 -0.7045811547338242
    outer loop
      vertex 24 11.301980963936883 7.4609256717590515
      vertex 24 11.98102007670914 7.010000000000001
      vertex 25.40900974233027 10.590990257669732 9
    endloop
  endfacet
  facet normal 0.4678872314291499 -0.5335231345120054 -0.7045811547338245
    outer loop
      vertex 24.008867956697205 11.991132043302796 7.010000000000001
      vertex 24.424878582016593 12.3559635700628 7.010000000000001
      vertex 25.63028678473038 10.785045015655278 9
    endloop
  endfacet
  facet normal 0.39424564809368856 -0.590030308842807 -0.7045811547338243
    outer loop
      vertex 24.424878582016593 12.3559635700628 7.010000000000001
      vertex 24.88495024875622 12.663373629690144 7.010000000000001
      vertex 25.875 10.948557158514987 9
    endloop
  endfacet
  facet normal 0.31385841241380313 -0.6364419010019987 -0.7045811547338242
    outer loop
      vertex 24.88495024875622 12.663373629690144 7.010000000000001
      vertex 25.3812110031422 12.908102350834435 7.010000000000001
      vertex 26.13896227717855 11.078728948150395 9
    endloop
  endfacet
  facet normal 0.39424564809369256 -0.5900303088428038 -0.7045811547338248
    outer loop
      vertex 24.424878582016593 12.3559635700628 7.010000000000001
      vertex 25.875 10.948557158514987 9
      vertex 25.63028678473038 10.785045015655278 9
    endloop
  endfacet
  facet normal 0.31385841241380247 -0.6364419010019988 -0.7045811547338244
    outer loop
      vertex 24.88495024875622 12.663373629690144 7.010000000000001
      vertex 26.13896227717855 11.078728948150395 9
      vertex 25.875 10.948557158514987 9
    endloop
  endfacet
  facet normal 0.22810097227952666 -0.6719637957800147 -0.7045811547338242
    outer loop
      vertex 26.13896227717855 11.078728948150395 9
      vertex 25.3812110031422 12.908102350834435 7.010000000000001
      vertex 26.41765714851933 11.173333109150404 9
    endloop
  endfacet
  facet normal 0.13844066126800916 -0.6959882037086744 -0.704581154733824
    outer loop
      vertex 26.41765714851933 11.173333109150404 9
      vertex 25.90516968607752 13.085962357225274 7.010000000000001
      vertex 26.706316067504883 11.230750938091074 9
    endloop
  endfacet
  facet normal 0.04641159215919118 -0.7081040605074933 -0.7045811547338242
    outer loop
      vertex 26.706316067504883 11.230750938091074 9
      vertex 26.447861219228365 13.193910414841206 7.010000000000001
      vertex 27 11.25 9
    endloop
  endfacet
  facet normal 0.2281009722795256 -0.6719637957800154 -0.7045811547338241
    outer loop
      vertex 26.41765714851933 11.173333109150404 9
      vertex 25.3812110031422 12.908102350834435 7.010000000000001
      vertex 25.90516968607752 13.085962357225274 7.010000000000001
    endloop
  endfacet
  facet normal 0.1384406612680098 -0.6959882037086743 -0.7045811547338241
    outer loop
      vertex 26.706316067504883 11.230750938091074 9
      vertex 25.90516968607752 13.085962357225274 7.010000000000001
      vertex 26.447861219228365 13.193910414841206 7.010000000000001
    endloop
  endfacet
  facet normal 0.04641159215919154 -0.7081040605074932 -0.7045811547338242
    outer loop
      vertex 27 11.25 9
      vertex 26.447861219228365 13.193910414841206 7.010000000000001
      vertex 27 13.230099502487562 7.010000000000001
    endloop
  endfacet
  facet normal -0.4678872314291463 -0.5335231345120084 -0.7045811547338248
    outer loop
      vertex 28.36971321526962 10.785045015655278 9
      vertex 29.575121417983407 12.3559635700628 7.010000000000001
      vertex 28.59099025766973 10.590990257669732 9
    endloop
  endfacet
  facet normal -0.5335231345120066 -0.46788723142914895 -0.7045811547338243
    outer loop
      vertex 28.785045015655278 10.369713215269622 9
      vertex 28.59099025766973 10.590990257669732 9
      vertex 29.991132043302795 11.991132043302796 7.010000000000001
    endloop
  endfacet
  facet normal -0.7081040605074932 -0.046411592159191516 -0.7045811547338242
    outer loop
      vertex 31.230099502487562 9 7.010000000000001
      vertex 29.25 9 9
      vertex 31.193910414841206 9.552138780771635 7.010000000000001
    endloop
  endfacet
  facet normal -0.6959882037086742 -0.13844066126800988 -0.7045811547338242
    outer loop
      vertex 31.193910414841206 9.552138780771635 7.010000000000001
      vertex 29.230750938091074 9.293683932495115 9
      vertex 31.085962357225274 10.094830313922479 7.010000000000001
    endloop
  endfacet
  facet normal -0.6719637957800151 -0.22810097227952755 -0.7045811547338237
    outer loop
      vertex 31.085962357225274 10.094830313922479 7.010000000000001
      vertex 29.173333109150406 9.582342851480671 9
      vertex 30.908102350834433 10.618788996857798 7.010000000000001
    endloop
  endfacet
  facet normal -0.7081040605074933 -0.04641159215919115 -0.7045811547338244
    outer loop
      vertex 31.193910414841206 9.552138780771635 7.010000000000001
      vertex 29.25 9 9
      vertex 29.230750938091074 9.293683932495115 9
    endloop
  endfacet
  facet normal -0.6719637957800141 -0.2281009722795298 -0.704581154733824
    outer loop
      vertex 30.908102350834433 10.618788996857798 7.010000000000001
      vertex 29.173333109150406 9.582342851480671 9
      vertex 29.078728948150395 9.861037722821452 9
    endloop
  endfacet
  facet normal -0.6959882037086761 -0.13844066126800444 -0.7045811547338235
    outer loop
      vertex 31.085962357225274 10.094830313922479 7.010000000000001
      vertex 29.230750938091074 9.293683932495115 9
      vertex 29.173333109150406 9.582342851480671 9
    endloop
  endfacet
  facet normal -0.636441901001999 -0.3138584124138033 -0.7045811547338238
    outer loop
      vertex 30.663373629690142 11.115049751243781 7.010000000000001
      vertex 30.908102350834433 10.618788996857798 7.010000000000001
      vertex 29.078728948150395 9.861037722821452 9
    endloop
  endfacet
  facet normal -0.5900303088428073 -0.3942456480936887 -0.7045811547338241
    outer loop
      vertex 30.663373629690142 11.115049751243781 7.010000000000001
      vertex 28.948557158514987 10.125 9
      vertex 30.355963570062798 11.575121417983407 7.010000000000001
    endloop
  endfacet
  facet normal -0.6364419010019983 -0.3138584124138043 -0.7045811547338242
    outer loop
      vertex 30.663373629690142 11.115049751243781 7.010000000000001
      vertex 29.078728948150395 9.861037722821452 9
      vertex 28.948557158514987 10.125 9
    endloop
  endfacet
  facet normal -0.5900303088428053 -0.394245648093691 -0.7045811547338243
    outer loop
      vertex 28.785045015655278 10.369713215269622 9
      vertex 30.355963570062798 11.575121417983407 7.010000000000001
      vertex 28.948557158514987 10.125 9
    endloop
  endfacet
  facet normal -0.22810097227952525 -0.6719637957800153 -0.7045811547338241
    outer loop
      vertex 27.86103772282145 11.078728948150395 9
      vertex 28.09483031392248 13.085962357225274 7.010000000000001
      vertex 28.6187889968578 12.908102350834435 7.010000000000001
    endloop
  endfacet
  facet normal -0.3138584124138031 -0.6364419010019988 -0.7045811547338242
    outer loop
      vertex 28.125 10.948557158514987 9
      vertex 28.6187889968578 12.908102350834435 7.010000000000001
      vertex 29.11504975124378 12.663373629690144 7.010000000000001
    endloop
  endfacet
  facet normal -0.39424564809368823 -0.5900303088428066 -0.7045811547338247
    outer loop
      vertex 28.36971321526962 10.785045015655278 9
      vertex 29.11504975124378 12.663373629690144 7.010000000000001
      vertex 29.575121417983407 12.3559635700628 7.010000000000001
    endloop
  endfacet
  facet normal -0.22810097227952672 -0.671963795780015 -0.704581154733824
    outer loop
      vertex 27.58234285148067 11.173333109150404 9
      vertex 28.09483031392248 13.085962357225274 7.010000000000001
      vertex 27.86103772282145 11.078728948150395 9
    endloop
  endfacet
  facet normal -0.04641159215919118 -0.7081040605074933 -0.7045811547338242
    outer loop
      vertex 27 11.25 9
      vertex 27 13.230099502487562 7.010000000000001
      vertex 27.293683932495117 11.230750938091074 9
    endloop
  endfacet
  facet normal -0.13844066126800916 -0.6959882037086743 -0.7045811547338242
    outer loop
      vertex 27.293683932495117 11.230750938091074 9
      vertex 27.552138780771635 13.193910414841206 7.010000000000001
      vertex 27.58234285148067 11.173333109150404 9
    endloop
  endfacet
  facet normal -0.39424564809369317 -0.5900303088428042 -0.7045811547338241
    outer loop
      vertex 28.36971321526962 10.785045015655278 9
      vertex 28.125 10.948557158514987 9
      vertex 29.11504975124378 12.663373629690144 7.010000000000001
    endloop
  endfacet
  facet normal -0.3138584124138023 -0.636441901001999 -0.7045811547338242
    outer loop
      vertex 27.86103772282145 11.078728948150395 9
      vertex 28.6187889968578 12.908102350834435 7.010000000000001
      vertex 28.125 10.948557158514987 9
    endloop
  endfacet
  facet normal -0.04641159215919155 -0.7081040605074933 -0.7045811547338242
    outer loop
      vertex 27.293683932495117 11.230750938091074 9
      vertex 27 13.230099502487562 7.010000000000001
      vertex 27.552138780771635 13.193910414841206 7.010000000000001
    endloop
  endfacet
  facet normal -0.13844066126801005 -0.6959882037086742 -0.7045811547338241
    outer loop
      vertex 27.58234285148067 11.173333109150404 9
      vertex 27.552138780771635 13.193910414841206 7.010000000000001
      vertex 28.09483031392248 13.085962357225274 7.010000000000001
    endloop
  endfacet
  facet normal -0.5335231345120067 -0.467887231429149 -0.7045811547338243
    outer loop
      vertex 28.785045015655278 10.369713215269622 9
      vertex 29.991132043302795 11.991132043302796 7.010000000000001
      vertex 30.355963570062798 11.575121417983407 7.010000000000001
    endloop
  endfacet
  facet normal -0.46788723142915023 -0.5335231345120057 -0.7045811547338242
    outer loop
      vertex 28.59099025766973 10.590990257669732 9
      vertex 29.575121417983407 12.3559635700628 7.010000000000001
      vertex 29.991132043302795 11.991132043302796 7.010000000000001
    endloop
  endfacet
  facet normal 0.46788723142914845 0.5335231345120072 -0.7045811547338242
    outer loop
      vertex 6.008867956697204 6.008867956697204 7.010000000000001
      vertex 7.409009742330268 7.409009742330268 9
      vertex 6.424878582016594 5.6440364299372 7.010000000000001
    endloop
  endfacet
  facet normal 0.5335231345120066 0.46788723142914895 -0.7045811547338244
    outer loop
      vertex 5.6440364299372 6.424878582016593 7.010000000000001
      vertex 7.214954984344721 7.630286784730378 9
      vertex 6.008867956697204 6.008867956697204 7.010000000000001
    endloop
  endfacet
  facet normal 0.1384406612680077 0.6959882037086746 -0.7045811547338242
    outer loop
      vertex 7.905169686077521 4.914037642774725 7.010000000000001
      vertex 8.417657148519329 6.826666890849596 9
      vertex 8.447861219228365 4.806089585158795 7.010000000000001
    endloop
  endfacet
  facet normal 0.04641159215919266 0.7081040605074933 -0.7045811547338242
    outer loop
      vertex 8.447861219228365 4.806089585158795 7.010000000000001
      vertex 8.706316067504885 6.769249061908926 9
      vertex 9 4.769900497512438 7.010000000000001
    endloop
  endfacet
  facet normal 0.39424564809368906 0.5900303088428067 -0.7045811547338242
    outer loop
      vertex 6.424878582016594 5.6440364299372 7.010000000000001
      vertex 7.630286784730378 7.214954984344721 9
      vertex 6.884950248756219 5.336626370309856 7.010000000000001
    endloop
  endfacet
  facet normal 0.31385841241380313 0.6364419010019988 -0.7045811547338242
    outer loop
      vertex 6.884950248756219 5.336626370309856 7.010000000000001
      vertex 7.875 7.051442841485013 9
      vertex 7.381211003142202 5.091897649165565 7.010000000000001
    endloop
  endfacet
  facet normal 0.2281009722795264 0.6719637957800151 -0.7045811547338241
    outer loop
      vertex 7.381211003142202 5.091897649165565 7.010000000000001
      vertex 8.138962277178548 6.921271051849605 9
      vertex 7.905169686077521 4.914037642774725 7.010000000000001
    endloop
  endfacet
  facet normal 0.31385841241380363 0.6364419010019986 -0.7045811547338241
    outer loop
      vertex 7.381211003142202 5.091897649165565 7.010000000000001
      vertex 7.875 7.051442841485013 9
      vertex 8.138962277178548 6.921271051849605 9
    endloop
  endfacet
  facet normal 0.3942456480936895 0.5900303088428065 -0.7045811547338242
    outer loop
      vertex 6.884950248756219 5.336626370309856 7.010000000000001
      vertex 7.630286784730378 7.214954984344721 9
      vertex 7.875 7.051442841485013 9
    endloop
  endfacet
  facet normal 0.138440661268009 0.6959882037086746 -0.704581154733824
    outer loop
      vertex 8.447861219228365 4.806089585158795 7.010000000000001
      vertex 8.417657148519329 6.826666890849596 9
      vertex 8.706316067504885 6.769249061908926 9
    endloop
  endfacet
  facet normal 0.04641159215919115 0.7081040605074933 -0.7045811547338244
    outer loop
      vertex 9 4.769900497512438 7.010000000000001
      vertex 8.706316067504885 6.769249061908926 9
      vertex 9 6.75 9
    endloop
  endfacet
  facet normal 0.22810097227952528 0.6719637957800154 -0.7045811547338241
    outer loop
      vertex 7.905169686077521 4.914037642774725 7.010000000000001
      vertex 8.138962277178548 6.921271051849605 9
      vertex 8.417657148519329 6.826666890849596 9
    endloop
  endfacet
  facet normal 0.590030308842807 0.39424564809368856 -0.7045811547338243
    outer loop
      vertex 5.6440364299372 6.424878582016593 7.010000000000001
      vertex 5.336626370309856 6.884950248756219 7.010000000000001
      vertex 7.051442841485013 7.875 9
    endloop
  endfacet
  facet normal 0.6364419010019988 0.3138584124138032 -0.7045811547338241
    outer loop
      vertex 5.091897649165565 7.381211003142202 7.010000000000001
      vertex 6.921271051849605 8.138962277178548 9
      vertex 5.336626370309856 6.884950248756219 7.010000000000001
    endloop
  endfacet
  facet normal 0.5900303088428066 0.39424564809368934 -0.7045811547338242
    outer loop
      vertex 5.6440364299372 6.424878582016593 7.010000000000001
      vertex 7.051442841485013 7.875 9
      vertex 7.214954984344721 7.630286784730378 9
    endloop
  endfacet
  facet normal 0.6364419010019979 0.31385841241380413 -0.7045811547338244
    outer loop
      vertex 5.336626370309856 6.884950248756219 7.010000000000001
      vertex 6.921271051849605 8.138962277178548 9
      vertex 7.051442841485013 7.875 9
    endloop
  endfacet
  facet normal 0.671963795780015 0.22810097227952633 -0.7045811547338242
    outer loop
      vertex 5.091897649165565 7.381211003142202 7.010000000000001
      vertex 4.914037642774725 7.905169686077521 7.010000000000001
      vertex 6.826666890849596 8.417657148519329 9
    endloop
  endfacet
  facet normal 0.6959882037086748 0.13844066126800772 -0.7045811547338241
    outer loop
      vertex 4.914037642774725 7.905169686077521 7.010000000000001
      vertex 4.806089585158795 8.447861219228365 7.010000000000001
      vertex 6.769249061908926 8.706316067504885 9
    endloop
  endfacet
  facet normal 0.7081040605074932 0.046411592159192654 -0.7045811547338242
    outer loop
      vertex 4.806089585158795 8.447861219228365 7.010000000000001
      vertex 4.769900497512438 9 7.010000000000001
      vertex 6.75 9 9
    endloop
  endfacet
  facet normal 0.6959882037086745 0.13844066126800844 -0.7045811547338242
    outer loop
      vertex 4.914037642774725 7.905169686077521 7.010000000000001
      vertex 6.769249061908926 8.706316067504885 9
      vertex 6.826666890849596 8.417657148519329 9
    endloop
  endfacet
  facet normal 0.6719637957800151 0.22810097227952583 -0.7045811547338242
    outer loop
      vertex 5.091897649165565 7.381211003142202 7.010000000000001
      vertex 6.826666890849596 8.417657148519329 9
      vertex 6.921271051849605 8.138962277178548 9
    endloop
  endfacet
  facet normal 0.7081040605074934 0.04641159215919115 -0.7045811547338242
    outer loop
      vertex 4.806089585158795 8.447861219228365 7.010000000000001
      vertex 6.75 9 9
      vertex 6.769249061908926 8.706316067504885 9
    endloop
  endfacet
  facet normal 0.5335231345120077 0.46788723142914784 -0.7045811547338242
    outer loop
      vertex 6.008867956697204 6.008867956697204 7.010000000000001
      vertex 7.214954984344721 7.630286784730378 9
      vertex 7.409009742330268 7.409009742330268 9
    endloop
  endfacet
  facet normal 0.46788723142914795 0.5335231345120076 -0.7045811547338242
    outer loop
      vertex 6.424878582016594 5.6440364299372 7.010000000000001
      vertex 7.409009742330268 7.409009742330268 9
      vertex 7.630286784730378 7.214954984344721 9
    endloop
  endfacet
  facet normal -0.046411592159192654 0.7081040605074932 -0.7045811547338242
    outer loop
      vertex 9 4.769900497512438 7.010000000000001
      vertex 9 6.75 9
      vertex 9.552138780771635 4.806089585158795 7.010000000000001
    endloop
  endfacet
  facet normal -0.13844066126800772 0.6959882037086748 -0.704581154733824
    outer loop
      vertex 9.552138780771635 4.806089585158795 7.010000000000001
      vertex 9.293683932495115 6.769249061908926 9
      vertex 10.094830313922479 4.914037642774725 7.010000000000001
    endloop
  endfacet
  facet normal -0.22810097227952633 0.671963795780015 -0.7045811547338242
    outer loop
      vertex 10.094830313922479 4.914037642774725 7.010000000000001
      vertex 9.582342851480671 6.826666890849596 9
      vertex 10.618788996857798 5.091897649165565 7.010000000000001
    endloop
  endfacet
  facet normal -0.3138584124138032 0.6364419010019988 -0.7045811547338241
    outer loop
      vertex 10.618788996857798 5.091897649165565 7.010000000000001
      vertex 9.861037722821452 6.921271051849605 9
      vertex 11.115049751243781 5.336626370309856 7.010000000000001
    endloop
  endfacet
  facet normal -0.39424564809368845 0.5900303088428072 -0.7045811547338242
    outer loop
      vertex 10.125 7.051442841485013 9
      vertex 11.575121417983407 5.6440364299372 7.010000000000001
      vertex 11.115049751243781 5.336626370309856 7.010000000000001
    endloop
  endfacet
  facet normal -0.04641159215919115 0.7081040605074934 -0.7045811547338242
    outer loop
      vertex 9.552138780771635 4.806089585158795 7.010000000000001
      vertex 9 6.75 9
      vertex 9.293683932495115 6.769249061908926 9
    endloop
  endfacet
  facet normal -0.13844066126800844 0.6959882037086745 -0.7045811547338242
    outer loop
      vertex 10.094830313922479 4.914037642774725 7.010000000000001
      vertex 9.293683932495115 6.769249061908926 9
      vertex 9.582342851480671 6.826666890849596 9
    endloop
  endfacet
  facet normal -0.22810097227952583 0.6719637957800151 -0.7045811547338242
    outer loop
      vertex 10.618788996857798 5.091897649165565 7.010000000000001
      vertex 9.582342851480671 6.826666890849596 9
      vertex 9.861037722821452 6.921271051849605 9
    endloop
  endfacet
  facet normal -0.313858412413804 0.6364419010019983 -0.7045811547338242
    outer loop
      vertex 9.861037722821452 6.921271051849605 9
      vertex 10.125 7.051442841485013 9
      vertex 11.115049751243781 5.336626370309856 7.010000000000001
    endloop
  endfacet
  facet normal -0.3942456480936895 0.5900303088428063 -0.7045811547338244
    outer loop
      vertex 10.125 7.051442841485013 9
      vertex 10.369713215269622 7.214954984344721 9
      vertex 11.575121417983407 5.6440364299372 7.010000000000001
    endloop
  endfacet
  facet normal -0.4678872314291489 0.5335231345120066 -0.7045811547338242
    outer loop
      vertex 10.369713215269622 7.214954984344721 9
      vertex 11.991132043302796 6.008867956697204 7.010000000000001
      vertex 11.575121417983407 5.6440364299372 7.010000000000001
    endloop
  endfacet
  facet normal -0.5335231345120083 0.4678872314291478 -0.7045811547338239
    outer loop
      vertex 10.590990257669732 7.409009742330268 9
      vertex 12 6.018979923290858 7.010000000000001
      vertex 11.991132043302796 6.008867956697204 7.010000000000001
    endloop
  endfacet
  facet normal -0.5335231345120064 0.4678872314291492 -0.7045811547338242
    outer loop
      vertex 10.590990257669732 7.409009742330268 9
      vertex 12 6.698019036063118 7.460925671759053
      vertex 12 6.018979923290858 7.010000000000001
    endloop
  endfacet
  facet normal -0.46788723142914784 0.5335231345120077 -0.7045811547338242
    outer loop
      vertex 10.369713215269622 7.214954984344721 9
      vertex 10.590990257669732 7.409009742330268 9
      vertex 11.991132043302796 6.008867956697204 7.010000000000001
    endloop
  endfacet
  facet normal -0.5335231345120085 0.4678872314291464 -0.7045811547338247
    outer loop
      vertex 10.590990257669732 7.409009742330268 9
      vertex 10.785045015655278 7.630286784730378 9
      vertex 12 6.698019036063118 7.460925671759053
    endloop
  endfacet
  facet normal -0.5900303088428054 0.3942456480936906 -0.7045811547338244
    outer loop
      vertex 12 7.267949192431122 7.779827876786557
      vertex 10.785045015655278 7.630286784730378 9
      vertex 10.948557158514987 7.875 9
    endloop
  endfacet
  facet normal -0.590030308842806 0.39424564809368945 -0.7045811547338247
    outer loop
      vertex 12 6.698019036063118 7.460925671759053
      vertex 10.785045015655278 7.630286784730378 9
      vertex 12 7.267949192431122 7.779827876786557
    endloop
  endfacet
  facet normal -0.636441901001999 0.3138584124138023 -0.7045811547338243
    outer loop
      vertex 12 7.267949192431122 7.779827876786557
      vertex 10.948557158514987 7.875 9
      vertex 12 7.757359312880715 7.997837516118432
    endloop
  endfacet
  facet normal -0.671963795780017 0.22810097227952159 -0.7045811547338239
    outer loop
      vertex 12 7.764039009925151 8
      vertex 12 7.757359312880715 7.997837516118432
      vertex 11.078728948150395 8.138962277178548 9
    endloop
  endfacet
  facet normal -0.6719637957800143 0.22810097227952755 -0.7045811547338244
    outer loop
      vertex 12 7.764039009925151 8
      vertex 11.173333109150404 8.417657148519329 9
      vertex 12.134453334313656 8.160125760357616 8
    endloop
  endfacet
  facet normal -0.6364419010019985 0.3138584124138041 -0.704581154733824
    outer loop
      vertex 12 7.757359312880715 7.997837516118432
      vertex 10.948557158514987 7.875 9
      vertex 11.078728948150395 8.138962277178548 9
    endloop
  endfacet
  facet normal -0.6719637957800154 0.22810097227952544 -0.7045811547338241
    outer loop
      vertex 12 7.764039009925151 8
      vertex 11.078728948150395 8.138962277178548 9
      vertex 11.173333109150404 8.417657148519329 9
    endloop
  endfacet
  facet normal -0.6959882037086743 0.1384406612680083 -0.7045811547338244
    outer loop
      vertex 12.134453334313656 8.160125760357616 8
      vertex 11.173333109150404 8.417657148519329 9
      vertex 11.230750938091074 8.706316067504885 9
    endloop
  endfacet
  facet normal -0.6959882037086753 0.1384406612680058 -0.704581154733824
    outer loop
      vertex 12.134453334313656 8.160125760357616 8
      vertex 11.230750938091074 8.706316067504885 9
      vertex 12.217263237965511 8.57643925932573 8
    endloop
  endfacet
  facet normal -0.7081040605074933 0.0464115921591927 -0.7045811547338241
    outer loop
      vertex 12.217263237965511 8.57643925932573 8
      vertex 11.25 9 9
      vertex 12.24502487562189 9 8
    endloop
  endfacet
  facet normal -0.7081040605074936 0.04641159215919149 -0.7045811547338239
    outer loop
      vertex 12.217263237965511 8.57643925932573 8
      vertex 11.230750938091074 8.706316067504885 9
      vertex 11.25 9 9
    endloop
  endfacet
  facet normal 0.7081040605074933 -0.04641159215919266 -0.7045811547338242
    outer loop
      vertex 4.769900497512438 9 7.010000000000001
      vertex 4.806089585158795 9.552138780771635 7.010000000000001
      vertex 6.769249061908926 9.293683932495115 9
    endloop
  endfacet
  facet normal 0.6959882037086748 -0.13844066126800772 -0.7045811547338241
    outer loop
      vertex 4.806089585158795 9.552138780771635 7.010000000000001
      vertex 4.914037642774725 10.094830313922479 7.010000000000001
      vertex 6.826666890849596 9.582342851480671 9
    endloop
  endfacet
  facet normal 0.7081040605074933 -0.04641159215919115 -0.7045811547338244
    outer loop
      vertex 4.769900497512438 9 7.010000000000001
      vertex 6.769249061908926 9.293683932495115 9
      vertex 6.75 9 9
    endloop
  endfacet
  facet normal 0.6959882037086746 -0.138440661268009 -0.704581154733824
    outer loop
      vertex 4.806089585158795 9.552138780771635 7.010000000000001
      vertex 6.826666890849596 9.582342851480671 9
      vertex 6.769249061908926 9.293683932495115 9
    endloop
  endfacet
  facet normal 0.6719637957800154 -0.22810097227952528 -0.7045811547338241
    outer loop
      vertex 4.914037642774725 10.094830313922479 7.010000000000001
      vertex 6.921271051849605 9.861037722821452 9
      vertex 6.826666890849596 9.582342851480671 9
    endloop
  endfacet
  facet normal 0.6719637957800151 -0.2281009722795264 -0.7045811547338241
    outer loop
      vertex 4.914037642774725 10.094830313922479 7.010000000000001
      vertex 5.091897649165565 10.618788996857798 7.010000000000001
      vertex 6.921271051849605 9.861037722821452 9
    endloop
  endfacet
  facet normal 0.6364419010019988 -0.31385841241380313 -0.7045811547338242
    outer loop
      vertex 5.091897649165565 10.618788996857798 7.010000000000001
      vertex 5.336626370309856 11.115049751243781 7.010000000000001
      vertex 7.051442841485013 10.125 9
    endloop
  endfacet
  facet normal 0.5900303088428069 -0.3942456480936885 -0.7045811547338243
    outer loop
      vertex 5.336626370309856 11.115049751243781 7.010000000000001
      vertex 5.6440364299372 11.575121417983407 7.010000000000001
      vertex 7.214954984344721 10.369713215269622 9
    endloop
  endfacet
  facet normal 0.6364419010019986 -0.31385841241380363 -0.7045811547338241
    outer loop
      vertex 5.091897649165565 10.618788996857798 7.010000000000001
      vertex 7.051442841485013 10.125 9
      vertex 6.921271051849605 9.861037722821452 9
    endloop
  endfacet
  facet normal 0.5900303088428065 -0.3942456480936895 -0.7045811547338242
    outer loop
      vertex 5.336626370309856 11.115049751243781 7.010000000000001
      vertex 7.214954984344721 10.369713215269622 9
      vertex 7.051442841485013 10.125 9
    endloop
  endfacet
  facet normal 0.5335231345120074 -0.4678872314291478 -0.7045811547338244
    outer loop
      vertex 5.6440364299372 11.575121417983407 7.010000000000001
      vertex 7.409009742330268 10.590990257669732 9
      vertex 7.214954984344721 10.369713215269622 9
    endloop
  endfacet
  facet normal 0.4678872314291467 -0.533523134512009 -0.7045811547338242
    outer loop
      vertex 6.008867956697204 11.991132043302796 7.010000000000001
      vertex 7.630286784730378 10.785045015655278 9
      vertex 7.409009742330268 10.590990257669732 9
    endloop
  endfacet
  facet normal 0.5335231345120067 -0.467887231429149 -0.7045811547338242
    outer loop
      vertex 5.6440364299372 11.575121417983407 7.010000000000001
      vertex 6.008867956697204 11.991132043302796 7.010000000000001
      vertex 7.409009742330268 10.590990257669732 9
    endloop
  endfacet
  facet normal 0.46788723142914834 -0.5335231345120071 -0.7045811547338244
    outer loop
      vertex 6.008867956697204 11.991132043302796 7.010000000000001
      vertex 6.424878582016594 12.3559635700628 7.010000000000001
      vertex 7.630286784730378 10.785045015655278 9
    endloop
  endfacet
  facet normal 0.39424564809368906 -0.5900303088428067 -0.7045811547338242
    outer loop
      vertex 6.424878582016594 12.3559635700628 7.010000000000001
      vertex 6.884950248756219 12.663373629690144 7.010000000000001
      vertex 7.875 10.948557158514987 9
    endloop
  endfacet
  facet normal 0.3138584124138032 -0.6364419010019988 -0.7045811547338241
    outer loop
      vertex 6.884950248756219 12.663373629690144 7.010000000000001
      vertex 7.381211003142202 12.908102350834435 7.010000000000001
      vertex 8.138962277178548 11.078728948150395 9
    endloop
  endfacet
  facet normal 0.3942456480936908 -0.5900303088428055 -0.7045811547338243
    outer loop
      vertex 6.424878582016594 12.3559635700628 7.010000000000001
      vertex 7.875 10.948557158514987 9
      vertex 7.630286784730378 10.785045015655278 9
    endloop
  endfacet
  facet normal 0.31385841241380413 -0.6364419010019979 -0.7045811547338244
    outer loop
      vertex 6.884950248756219 12.663373629690144 7.010000000000001
      vertex 8.138962277178548 11.078728948150395 9
      vertex 7.875 10.948557158514987 9
    endloop
  endfacet
  facet normal 0.22810097227952544 -0.6719637957800154 -0.7045811547338241
    outer loop
      vertex 8.138962277178548 11.078728948150395 9
      vertex 7.381211003142202 12.908102350834435 7.010000000000001
      vertex 8.417657148519329 11.173333109150404 9
    endloop
  endfacet
  facet normal 0.13844066126800836 -0.6959882037086748 -0.7045811547338241
    outer loop
      vertex 8.417657148519329 11.173333109150404 9
      vertex 7.905169686077521 13.085962357225274 7.010000000000001
      vertex 8.706316067504885 11.230750938091074 9
    endloop
  endfacet
  facet normal 0.046411592159191474 -0.7081040605074933 -0.7045811547338242
    outer loop
      vertex 8.706316067504885 11.230750938091074 9
      vertex 8.447861219228365 13.193910414841206 7.010000000000001
      vertex 9 11.25 9
    endloop
  endfacet
  facet normal 0.2281009722795256 -0.6719637957800154 -0.7045811547338241
    outer loop
      vertex 8.417657148519329 11.173333109150404 9
      vertex 7.381211003142202 12.908102350834435 7.010000000000001
      vertex 7.905169686077521 13.085962357225274 7.010000000000001
    endloop
  endfacet
  facet normal 0.1384406612680098 -0.6959882037086743 -0.7045811547338241
    outer loop
      vertex 8.706316067504885 11.230750938091074 9
      vertex 7.905169686077521 13.085962357225274 7.010000000000001
      vertex 8.447861219228365 13.193910414841206 7.010000000000001
    endloop
  endfacet
  facet normal 0.04641159215919154 -0.7081040605074932 -0.7045811547338242
    outer loop
      vertex 9 11.25 9
      vertex 8.447861219228365 13.193910414841206 7.010000000000001
      vertex 9 13.230099502487562 7.010000000000001
    endloop
  endfacet
  facet normal -0.5900303088428055 -0.3942456480936911 -0.7045811547338241
    outer loop
      vertex 10.948557158514987 10.125 9
      vertex 10.785045015655278 10.369713215269622 9
      vertex 12 10.732050807568877 7.779827876786557
    endloop
  endfacet
  facet normal -0.46788723142914646 -0.5335231345120086 -0.7045811547338245
    outer loop
      vertex 10.369713215269622 10.785045015655278 9
      vertex 11.575121417983407 12.3559635700628 7.010000000000001
      vertex 10.590990257669732 10.590990257669732 9
    endloop
  endfacet
  facet normal -0.5335231345120088 -0.4678872314291467 -0.7045811547338241
    outer loop
      vertex 10.590990257669732 10.590990257669732 9
      vertex 11.991132043302796 11.991132043302796 7.010000000000001
      vertex 10.785045015655278 10.369713215269622 9
    endloop
  endfacet
  facet normal -0.7081040605074935 -0.046411592159192716 -0.704581154733824
    outer loop
      vertex 12.24502487562189 9 8
      vertex 11.230750938091074 9.293683932495115 9
      vertex 12.217263237965511 9.42356074067427 8
    endloop
  endfacet
  facet normal -0.7081040605074933 -0.046411592159191474 -0.7045811547338241
    outer loop
      vertex 12.24502487562189 9 8
      vertex 11.25 9 9
      vertex 11.230750938091074 9.293683932495115 9
    endloop
  endfacet
  facet normal -0.6959882037086748 -0.13844066126800839 -0.7045811547338239
    outer loop
      vertex 12.217263237965511 9.42356074067427 8
      vertex 11.230750938091074 9.293683932495115 9
      vertex 11.173333109150404 9.582342851480671 9
    endloop
  endfacet
  facet normal -0.6719637957800149 -0.2281009722795267 -0.7045811547338242
    outer loop
      vertex 12 10.235960990074851 8
      vertex 12.134453334313656 9.839874239642384 8
      vertex 11.078728948150395 9.861037722821452 9
    endloop
  endfacet
  facet normal -0.6719637957800053 -0.2281009722795523 -0.7045811547338251
    outer loop
      vertex 12 10.235960990074851 8
      vertex 11.078728948150395 9.861037722821452 9
      vertex 12 10.242640687119286 7.997837516118432
    endloop
  endfacet
  facet normal -0.695988203708675 -0.13844066126800572 -0.7045811547338244
    outer loop
      vertex 12.217263237965511 9.42356074067427 8
      vertex 11.173333109150404 9.582342851480671 9
      vertex 12.134453334313656 9.839874239642384 8
    endloop
  endfacet
  facet normal -0.671963795780015 -0.22810097227952528 -0.7045811547338245
    outer loop
      vertex 12.134453334313656 9.839874239642384 8
      vertex 11.173333109150404 9.582342851480671 9
      vertex 11.078728948150395 9.861037722821452 9
    endloop
  endfacet
  facet normal -0.6364419010019984 -0.313858412413804 -0.7045811547338242
    outer loop
      vertex 12 10.242640687119286 7.997837516118432
      vertex 11.078728948150395 9.861037722821452 9
      vertex 10.948557158514987 10.125 9
    endloop
  endfacet
  facet normal -0.5335231345120067 -0.4678872314291485 -0.7045811547338244
    outer loop
      vertex 12 11.301980963936881 7.460925671759053
      vertex 10.785045015655278 10.369713215269622 9
      vertex 11.991132043302796 11.991132043302796 7.010000000000001
    endloop
  endfacet
  facet normal -0.5900303088428063 -0.39424564809368934 -0.7045811547338244
    outer loop
      vertex 12 11.301980963936881 7.460925671759053
      vertex 12 10.732050807568877 7.779827876786557
      vertex 10.785045015655278 10.369713215269622 9
    endloop
  endfacet
  facet normal -0.6364419010019986 -0.31385841241380347 -0.7045811547338243
    outer loop
      vertex 12 10.242640687119286 7.997837516118432
      vertex 10.948557158514987 10.125 9
      vertex 12 10.732050807568877 7.779827876786557
    endloop
  endfacet
  facet normal -0.5335231345119804 -0.4678872314291574 -0.7045811547338385
    outer loop
      vertex 12 11.301980963936881 7.460925671759053
      vertex 11.991132043302796 11.991132043302796 7.010000000000001
      vertex 12 11.981020076709143 7.010000000000001
    endloop
  endfacet
  facet normal -0.22810097227952533 -0.6719637957800155 -0.7045811547338241
    outer loop
      vertex 9.861037722821452 11.078728948150395 9
      vertex 10.094830313922479 13.085962357225274 7.010000000000001
      vertex 10.618788996857798 12.908102350834435 7.010000000000001
    endloop
  endfacet
  facet normal -0.3138584124138031 -0.6364419010019988 -0.7045811547338242
    outer loop
      vertex 10.125 10.948557158514987 9
      vertex 10.618788996857798 12.908102350834435 7.010000000000001
      vertex 11.115049751243781 12.663373629690144 7.010000000000001
    endloop
  endfacet
  facet normal -0.39424564809368834 -0.5900303088428068 -0.7045811547338245
    outer loop
      vertex 10.369713215269622 10.785045015655278 9
      vertex 11.115049751243781 12.663373629690144 7.010000000000001
      vertex 11.575121417983407 12.3559635700628 7.010000000000001
    endloop
  endfacet
  facet normal -0.22810097227952544 -0.6719637957800154 -0.7045811547338241
    outer loop
      vertex 9.582342851480671 11.173333109150404 9
      vertex 10.094830313922479 13.085962357225274 7.010000000000001
      vertex 9.861037722821452 11.078728948150395 9
    endloop
  endfacet
  facet normal -0.04641159215919147 -0.7081040605074932 -0.7045811547338243
    outer loop
      vertex 9 11.25 9
      vertex 9 13.230099502487562 7.010000000000001
      vertex 9.293683932495115 11.230750938091074 9
    endloop
  endfacet
  facet normal -0.1384406612680083 -0.6959882037086744 -0.7045811547338242
    outer loop
      vertex 9.293683932495115 11.230750938091074 9
      vertex 9.552138780771635 13.193910414841206 7.010000000000001
      vertex 9.582342851480671 11.173333109150404 9
    endloop
  endfacet
  facet normal -0.3942456480936911 -0.5900303088428055 -0.7045811547338241
    outer loop
      vertex 10.369713215269622 10.785045015655278 9
      vertex 10.125 10.948557158514987 9
      vertex 11.115049751243781 12.663373629690144 7.010000000000001
    endloop
  endfacet
  facet normal -0.3138584124138041 -0.6364419010019984 -0.704581154733824
    outer loop
      vertex 9.861037722821452 11.078728948150395 9
      vertex 10.618788996857798 12.908102350834435 7.010000000000001
      vertex 10.125 10.948557158514987 9
    endloop
  endfacet
  facet normal -0.04641159215919155 -0.7081040605074933 -0.7045811547338242
    outer loop
      vertex 9.293683932495115 11.230750938091074 9
      vertex 9 13.230099502487562 7.010000000000001
      vertex 9.552138780771635 13.193910414841206 7.010000000000001
    endloop
  endfacet
  facet normal -0.13844066126801005 -0.6959882037086742 -0.7045811547338241
    outer loop
      vertex 9.582342851480671 11.173333109150404 9
      vertex 9.552138780771635 13.193910414841206 7.010000000000001
      vertex 10.094830313922479 13.085962357225274 7.010000000000001
    endloop
  endfacet
  facet normal -0.46788723142914906 -0.5335231345120067 -0.7045811547338242
    outer loop
      vertex 10.590990257669732 10.590990257669732 9
      vertex 11.575121417983407 12.3559635700628 7.010000000000001
      vertex 11.991132043302796 11.991132043302796 7.010000000000001
    endloop
  endfacet
  facet normal 0.5555702330196025 0.831469612302545 -8.285009465264672e-17
    outer loop
      vertex 24 4.403904938665413 3
      vertex 24.25 4.236860279185588 0
      vertex 23.651812140452037 4.636556628398207 3
    endloop
  endfacet
  facet normal 0.44228869021900025 0.8968727415326887 0
    outer loop
      vertex 24.25 4.236860279185588 7.010000000000001
      vertex 24.895241121992008 3.918662571187923 0
      vertex 24.25 4.236860279185588 0
    endloop
  endfacet
  facet normal 0.32143946530316164 0.9469301294951056 0
    outer loop
      vertex 24.895241121992008 3.918662571187923 7.010000000000001
      vertex 25.576495251936137 3.6874079554101247 0
      vertex 24.895241121992008 3.918662571187923 0
    endloop
  endfacet
  facet normal 0.1950903220161293 0.9807852804032302 0
    outer loop
      vertex 25.576495251936137 3.6874079554101247 7.010000000000001
      vertex 26.282105942789716 3.5470532624440425 0
      vertex 25.576495251936137 3.6874079554101247 0
    endloop
  endfacet
  facet normal 0.06540312923014274 0.9978589232386035 0
    outer loop
      vertex 26.282105942789716 3.5470532624440425 7.010000000000001
      vertex 27 3.5 0
      vertex 26.282105942789716 3.5470532624440425 0
    endloop
  endfacet
  facet normal 0.5555702330196032 0.8314696123025446 0
    outer loop
      vertex 24 4.403904938665413 3
      vertex 24 4.403904938665413 7.010000000000001
      vertex 24.25 4.236860279185588 0
    endloop
  endfacet
  facet normal 0.5555702330196032 0.8314696123025446 0
    outer loop
      vertex 24.25 4.236860279185588 7.010000000000001
      vertex 24.25 4.236860279185588 0
      vertex 24 4.403904938665413 7.010000000000001
    endloop
  endfacet
  facet normal 0.44228869021900025 0.8968727415326887 0
    outer loop
      vertex 24.895241121992008 3.918662571187923 7.010000000000001
      vertex 24.895241121992008 3.918662571187923 0
      vertex 24.25 4.236860279185588 7.010000000000001
    endloop
  endfacet
  facet normal 0.32143946530316164 0.9469301294951056 0
    outer loop
      vertex 24.895241121992008 3.918662571187923 7.010000000000001
      vertex 25.576495251936137 3.6874079554101247 7.010000000000001
      vertex 25.576495251936137 3.6874079554101247 0
    endloop
  endfacet
  facet normal 0.1950903220161293 0.9807852804032302 0
    outer loop
      vertex 25.576495251936137 3.6874079554101247 7.010000000000001
      vertex 26.282105942789716 3.5470532624440425 7.010000000000001
      vertex 26.282105942789716 3.5470532624440425 0
    endloop
  endfacet
  facet normal 0.06540312923014274 0.9978589232386035 0
    outer loop
      vertex 26.282105942789716 3.5470532624440425 7.010000000000001
      vertex 27 3.5 7.010000000000001
      vertex 27 3.5 0
    endloop
  endfacet
  facet normal 0.8314696123025458 0.5555702330196014 0
    outer loop
      vertex 22.23686027918559 6.25 3
      vertex 22.636556628398207 5.651812140452036 0
      vertex 22.23686027918559 6.25 0
    endloop
  endfacet
  facet normal 0.8968727415326878 0.44228869021900225 0
    outer loop
      vertex 21.918662571187923 6.895241121992006 3
      vertex 22.23686027918559 6.25 0
      vertex 21.918662571187923 6.895241121992006 0
    endloop
  endfacet
  facet normal 0.8968727415326878 0.44228869021900225 0
    outer loop
      vertex 22.23686027918559 6.25 3
      vertex 22.23686027918559 6.25 0
      vertex 21.918662571187923 6.895241121992006 3
    endloop
  endfacet
  facet normal 0.9469301294951048 0.32143946530316386 0
    outer loop
      vertex 21.687407955410123 7.5764952519361355 3
      vertex 21.918662571187923 6.895241121992006 0
      vertex 21.687407955410123 7.5764952519361355 0
    endloop
  endfacet
  facet normal 0.9807852804032307 0.1950903220161277 0
    outer loop
      vertex 21.54705326244404 8.282105942789716 3
      vertex 21.687407955410123 7.5764952519361355 0
      vertex 21.54705326244404 8.282105942789716 0
    endloop
  endfacet
  facet normal 0.9978589232386036 0.06540312923014151 0
    outer loop
      vertex 21.5 9 3
      vertex 21.54705326244404 8.282105942789716 0
      vertex 21.5 9 0
    endloop
  endfacet
  facet normal 0.9469301294951048 0.32143946530316386 0
    outer loop
      vertex 21.918662571187923 6.895241121992006 3
      vertex 21.918662571187923 6.895241121992006 0
      vertex 21.687407955410123 7.5764952519361355 3
    endloop
  endfacet
  facet normal 0.9807852804032307 0.1950903220161277 0
    outer loop
      vertex 21.54705326244404 8.282105942789716 3
      vertex 21.687407955410123 7.5764952519361355 3
      vertex 21.687407955410123 7.5764952519361355 0
    endloop
  endfacet
  facet normal 0.9978589232386036 0.06540312923014151 0
    outer loop
      vertex 21.54705326244404 8.282105942789716 3
      vertex 21.54705326244404 8.282105942789716 0
      vertex 21.5 9 3
    endloop
  endfacet
  facet normal 0.6593458151000682 0.7518398074789778 0
    outer loop
      vertex 23.11091270347399 5.110912703473988 3
      vertex 23.651812140452037 4.636556628398207 0
      vertex 23.11091270347399 5.110912703473988 0
    endloop
  endfacet
  facet normal 0.7518398074789774 0.6593458151000691 0
    outer loop
      vertex 22.636556628398207 5.651812140452036 3
      vertex 23.11091270347399 5.110912703473988 0
      vertex 22.636556628398207 5.651812140452036 0
    endloop
  endfacet
  facet normal 0.5555702330196027 0.8314696123025448 0
    outer loop
      vertex 23.651812140452037 4.636556628398207 3
      vertex 24.25 4.236860279185588 0
      vertex 23.651812140452037 4.636556628398207 0
    endloop
  endfacet
  facet normal 0.6593458151000682 0.7518398074789778 0
    outer loop
      vertex 23.11091270347399 5.110912703473988 3
      vertex 23.651812140452037 4.636556628398207 3
      vertex 23.651812140452037 4.636556628398207 0
    endloop
  endfacet
  facet normal 0.7518398074789774 0.6593458151000691 0
    outer loop
      vertex 23.11091270347399 5.110912703473988 3
      vertex 23.11091270347399 5.110912703473988 0
      vertex 22.636556628398207 5.651812140452036 3
    endloop
  endfacet
  facet normal 0.8314696123025458 0.5555702330196014 0
    outer loop
      vertex 22.23686027918559 6.25 3
      vertex 22.636556628398207 5.651812140452036 3
      vertex 22.636556628398207 5.651812140452036 0
    endloop
  endfacet
  facet normal -0.06540312923014274 0.9978589232386035 0
    outer loop
      vertex 27 3.5 7.010000000000001
      vertex 27.717894057210284 3.5470532624440425 0
      vertex 27 3.5 0
    endloop
  endfacet
  facet normal -0.1950903220161293 0.9807852804032302 0
    outer loop
      vertex 27.717894057210284 3.5470532624440425 7.010000000000001
      vertex 28.423504748063863 3.6874079554101247 0
      vertex 27.717894057210284 3.5470532624440425 0
    endloop
  endfacet
  facet normal -0.32143946530316164 0.9469301294951056 0
    outer loop
      vertex 28.423504748063863 3.6874079554101247 7.010000000000001
      vertex 29.104758878007992 3.918662571187923 0
      vertex 28.423504748063863 3.6874079554101247 0
    endloop
  endfacet
  facet normal -0.44228869021900025 0.8968727415326887 0
    outer loop
      vertex 29.104758878007992 3.918662571187923 7.010000000000001
      vertex 29.75 4.236860279185588 0
      vertex 29.104758878007992 3.918662571187923 0
    endloop
  endfacet
  facet normal -0.5555702330196028 0.8314696123025449 0
    outer loop
      vertex 29.75 4.236860279185588 7.010000000000001
      vertex 30.348187859547963 4.636556628398207 0
      vertex 29.75 4.236860279185588 0
    endloop
  endfacet
  facet normal -0.06540312923014274 0.9978589232386035 0
    outer loop
      vertex 27 3.5 7.010000000000001
      vertex 27.717894057210284 3.5470532624440425 7.010000000000001
      vertex 27.717894057210284 3.5470532624440425 0
    endloop
  endfacet
  facet normal -0.1950903220161293 0.9807852804032302 0
    outer loop
      vertex 27.717894057210284 3.5470532624440425 7.010000000000001
      vertex 28.423504748063863 3.6874079554101247 7.010000000000001
      vertex 28.423504748063863 3.6874079554101247 0
    endloop
  endfacet
  facet normal -0.32143946530316164 0.9469301294951056 0
    outer loop
      vertex 28.423504748063863 3.6874079554101247 7.010000000000001
      vertex 29.104758878007992 3.918662571187923 7.010000000000001
      vertex 29.104758878007992 3.918662571187923 0
    endloop
  endfacet
  facet normal -0.44228869021900025 0.8968727415326887 0
    outer loop
      vertex 29.104758878007992 3.918662571187923 7.010000000000001
      vertex 29.75 4.236860279185588 7.010000000000001
      vertex 29.75 4.236860279185588 0
    endloop
  endfacet
  facet normal -0.6593458151000683 0.7518398074789779 0
    outer loop
      vertex 30.348187859547963 4.636556628398207 7.010000000000001
      vertex 30.88908729652601 5.110912703473988 0
      vertex 30.348187859547963 4.636556628398207 0
    endloop
  endfacet
  facet normal -0.7518398074789773 0.659345815100069 0
    outer loop
      vertex 30.88908729652601 5.110912703473988 7.010000000000001
      vertex 31.363443371601793 5.651812140452036 0
      vertex 30.88908729652601 5.110912703473988 0
    endloop
  endfacet
  facet normal -0.8314696123025458 0.5555702330196014 0
    outer loop
      vertex 31.363443371601793 5.651812140452036 7.010000000000001
      vertex 31.76313972081441 6.25 0
      vertex 31.363443371601793 5.651812140452036 0
    endloop
  endfacet
  facet normal -0.8968727415326878 0.44228869021900225 0
    outer loop
      vertex 31.76313972081441 6.25 7.010000000000001
      vertex 32.08133742881208 6.895241121992006 0
      vertex 31.76313972081441 6.25 0
    endloop
  endfacet
  facet normal -0.9469301294951049 0.32143946530316386 0
    outer loop
      vertex 32.08133742881208 6.895241121992006 7.010000000000001
      vertex 32.31259204458988 7.5764952519361355 0
      vertex 32.08133742881208 6.895241121992006 0
    endloop
  endfacet
  facet normal -0.9807852804032314 0.1950903220161229 0
    outer loop
      vertex 32.31259204458988 7.5764952519361355 7.010000000000001
      vertex 32.452946737555955 8.282105942789716 0
      vertex 32.31259204458988 7.5764952519361355 0
    endloop
  endfacet
  facet normal -0.9978589232386034 0.06540312923014642 0
    outer loop
      vertex 32.452946737555955 8.282105942789716 7.010000000000001
      vertex 32.5 9 0
      vertex 32.452946737555955 8.282105942789716 0
    endloop
  endfacet
  facet normal -0.5555702330196028 0.8314696123025449 0
    outer loop
      vertex 29.75 4.236860279185588 7.010000000000001
      vertex 30.348187859547963 4.636556628398207 7.010000000000001
      vertex 30.348187859547963 4.636556628398207 0
    endloop
  endfacet
  facet normal -0.6593458151000683 0.7518398074789779 0
    outer loop
      vertex 30.348187859547963 4.636556628398207 7.010000000000001
      vertex 30.88908729652601 5.110912703473988 7.010000000000001
      vertex 30.88908729652601 5.110912703473988 0
    endloop
  endfacet
  facet normal -0.7518398074789773 0.659345815100069 0
    outer loop
      vertex 30.88908729652601 5.110912703473988 7.010000000000001
      vertex 31.363443371601793 5.651812140452036 7.010000000000001
      vertex 31.363443371601793 5.651812140452036 0
    endloop
  endfacet
  facet normal -0.8314696123025458 0.5555702330196014 0
    outer loop
      vertex 31.363443371601793 5.651812140452036 7.010000000000001
      vertex 31.76313972081441 6.25 7.010000000000001
      vertex 31.76313972081441 6.25 0
    endloop
  endfacet
  facet normal -0.8968727415326878 0.44228869021900225 0
    outer loop
      vertex 31.76313972081441 6.25 7.010000000000001
      vertex 32.08133742881208 6.895241121992006 7.010000000000001
      vertex 32.08133742881208 6.895241121992006 0
    endloop
  endfacet
  facet normal -0.9469301294951049 0.32143946530316386 0
    outer loop
      vertex 32.08133742881208 6.895241121992006 7.010000000000001
      vertex 32.31259204458988 7.5764952519361355 7.010000000000001
      vertex 32.31259204458988 7.5764952519361355 0
    endloop
  endfacet
  facet normal -0.9807852804032314 0.1950903220161229 0
    outer loop
      vertex 32.31259204458988 7.5764952519361355 7.010000000000001
      vertex 32.452946737555955 8.282105942789716 7.010000000000001
      vertex 32.452946737555955 8.282105942789716 0
    endloop
  endfacet
  facet normal -0.9978589232386034 0.06540312923014642 0
    outer loop
      vertex 32.452946737555955 8.282105942789716 7.010000000000001
      vertex 32.5 9 7.010000000000001
      vertex 32.5 9 0
    endloop
  endfacet
  facet normal 0 0 -1
    outer loop
      vertex 24.895241121992008 3.918662571187923 7.010000000000001
      vertex 24.25 4.236860279185588 7.010000000000001
      vertex 24.88495024875622 5.336626370309856 7.010000000000001
    endloop
  endfacet
  facet normal 0 0 -1
    outer loop
      vertex 24.895241121992008 3.918662571187923 7.010000000000001
      vertex 25.90516968607752 4.914037642774725 7.010000000000001
      vertex 25.576495251936137 3.6874079554101247 7.010000000000001
    endloop
  endfacet
  facet normal 0 0 -1
    outer loop
      vertex 25.576495251936137 3.6874079554101247 7.010000000000001
      vertex 26.447861219228365 4.806089585158795 7.010000000000001
      vertex 26.282105942789716 3.5470532624440425 7.010000000000001
    endloop
  endfacet
  facet normal 0 0 -1
    outer loop
      vertex 25.576495251936137 3.6874079554101247 7.010000000000001
      vertex 25.90516968607752 4.914037642774725 7.010000000000001
      vertex 26.447861219228365 4.806089585158795 7.010000000000001
    endloop
  endfacet
  facet normal 0 0 -1
    outer loop
      vertex 26.282105942789716 3.5470532624440425 7.010000000000001
      vertex 27 4.769900497512438 7.010000000000001
      vertex 27 3.5 7.010000000000001
    endloop
  endfacet
  facet normal 0 0 -1
    outer loop
      vertex 26.282105942789716 3.5470532624440425 7.010000000000001
      vertex 26.447861219228365 4.806089585158795 7.010000000000001
      vertex 27 4.769900497512438 7.010000000000001
    endloop
  endfacet
  facet normal 0 0 -1
    outer loop
      vertex 24.25 4.236860279185588 7.010000000000001
      vertex 24 4.403904938665413 7.010000000000001
      vertex 24.424878582016593 5.6440364299372 7.010000000000001
    endloop
  endfacet
  facet normal 0 0 -1
    outer loop
      vertex 24 4.403904938665413 7.010000000000001
      vertex 24 6.01897992329086 7.010000000000001
      vertex 24.008867956697205 6.008867956697204 7.010000000000001
    endloop
  endfacet
  facet normal 0 0 -1
    outer loop
      vertex 24 4.403904938665413 7.010000000000001
      vertex 24.008867956697205 6.008867956697204 7.010000000000001
      vertex 24.424878582016593 5.6440364299372 7.010000000000001
    endloop
  endfacet
  facet normal 0 0 -1
    outer loop
      vertex 24.25 4.236860279185588 7.010000000000001
      vertex 24.424878582016593 5.6440364299372 7.010000000000001
      vertex 24.88495024875622 5.336626370309856 7.010000000000001
    endloop
  endfacet
  facet normal 0 0 -1
    outer loop
      vertex 24.895241121992008 3.918662571187923 7.010000000000001
      vertex 24.88495024875622 5.336626370309856 7.010000000000001
      vertex 25.3812110031422 5.091897649165565 7.010000000000001
    endloop
  endfacet
  facet normal 0 0 -1
    outer loop
      vertex 24.895241121992008 3.918662571187923 7.010000000000001
      vertex 25.3812110031422 5.091897649165565 7.010000000000001
      vertex 25.90516968607752 4.914037642774725 7.010000000000001
    endloop
  endfacet
  facet normal 0 0 -1
    outer loop
      vertex 27 3.5 7.010000000000001
      vertex 27.552138780771635 4.806089585158795 7.010000000000001
      vertex 27.717894057210284 3.5470532624440425 7.010000000000001
    endloop
  endfacet
  facet normal 0 0 -1
    outer loop
      vertex 27 3.5 7.010000000000001
      vertex 27 4.769900497512438 7.010000000000001
      vertex 27.552138780771635 4.806089585158795 7.010000000000001
    endloop
  endfacet
  facet normal 0 0 -1
    outer loop
      vertex 27.717894057210284 3.5470532624440425 7.010000000000001
      vertex 28.09483031392248 4.914037642774725 7.010000000000001
      vertex 28.423504748063863 3.6874079554101247 7.010000000000001
    endloop
  endfacet
  facet normal 0 0 -1
    outer loop
      vertex 27.717894057210284 3.5470532624440425 7.010000000000001
      vertex 27.552138780771635 4.806089585158795 7.010000000000001
      vertex 28.09483031392248 4.914037642774725 7.010000000000001
    endloop
  endfacet
  facet normal 0 0 -1
    outer loop
      vertex 28.423504748063863 3.6874079554101247 7.010000000000001
      vertex 28.6187889968578 5.091897649165565 7.010000000000001
      vertex 29.104758878007992 3.918662571187923 7.010000000000001
    endloop
  endfacet
  facet normal 0 0 -1
    outer loop
      vertex 29.104758878007992 3.918662571187923 7.010000000000001
      vertex 29.11504975124378 5.336626370309856 7.010000000000001
      vertex 29.75 4.236860279185588 7.010000000000001
    endloop
  endfacet
  facet normal 0 0 -1
    outer loop
      vertex 28.423504748063863 3.6874079554101247 7.010000000000001
      vertex 28.09483031392248 4.914037642774725 7.010000000000001
      vertex 28.6187889968578 5.091897649165565 7.010000000000001
    endloop
  endfacet
  facet normal 0 0 -1
    outer loop
      vertex 29.104758878007992 3.918662571187923 7.010000000000001
      vertex 28.6187889968578 5.091897649165565 7.010000000000001
      vertex 29.11504975124378 5.336626370309856 7.010000000000001
    endloop
  endfacet
  facet normal 0 0 -1
    outer loop
      vertex 29.75 4.236860279185588 7.010000000000001
      vertex 29.991132043302795 6.008867956697204 7.010000000000001
      vertex 30.348187859547963 4.636556628398207 7.010000000000001
    endloop
  endfacet
  facet normal 0 0 -1
    outer loop
      vertex 29.75 4.236860279185588 7.010000000000001
      vertex 29.11504975124378 5.336626370309856 7.010000000000001
      vertex 29.575121417983407 5.6440364299372 7.010000000000001
    endloop
  endfacet
  facet normal 0 0 -1
    outer loop
      vertex 29.75 4.236860279185588 7.010000000000001
      vertex 29.575121417983407 5.6440364299372 7.010000000000001
      vertex 29.991132043302795 6.008867956697204 7.010000000000001
    endloop
  endfacet
  facet normal 0 0 -1
    outer loop
      vertex 30.348187859547963 4.636556628398207 7.010000000000001
      vertex 30.355963570062798 6.424878582016593 7.010000000000001
      vertex 30.88908729652601 5.110912703473988 7.010000000000001
    endloop
  endfacet
  facet normal 0 0 -1
    outer loop
      vertex 30.348187859547963 4.636556628398207 7.010000000000001
      vertex 29.991132043302795 6.008867956697204 7.010000000000001
      vertex 30.355963570062798 6.424878582016593 7.010000000000001
    endloop
  endfacet
  facet normal 0 0 -1
    outer loop
      vertex 30.355963570062798 6.424878582016593 7.010000000000001
      vertex 30.663373629690142 6.884950248756219 7.010000000000001
      vertex 30.88908729652601 5.110912703473988 7.010000000000001
    endloop
  endfacet
  facet normal 0 0 -1
    outer loop
      vertex 30.88908729652601 5.110912703473988 7.010000000000001
      vertex 30.908102350834433 7.381211003142202 7.010000000000001
      vertex 31.363443371601793 5.651812140452036 7.010000000000001
    endloop
  endfacet
  facet normal 0 0 -1
    outer loop
      vertex 30.88908729652601 5.110912703473988 7.010000000000001
      vertex 30.663373629690142 6.884950248756219 7.010000000000001
      vertex 30.908102350834433 7.381211003142202 7.010000000000001
    endloop
  endfacet
  facet normal 0 0 -1
    outer loop
      vertex 31.363443371601793 5.651812140452036 7.010000000000001
      vertex 30.908102350834433 7.381211003142202 7.010000000000001
      vertex 31.085962357225274 7.905169686077521 7.010000000000001
    endloop
  endfacet
  facet normal 0 0 -1
    outer loop
      vertex 31.363443371601793 5.651812140452036 7.010000000000001
      vertex 31.085962357225274 7.905169686077521 7.010000000000001
      vertex 31.193910414841206 8.447861219228365 7.010000000000001
    endloop
  endfacet
  facet normal 0 0 -1
    outer loop
      vertex 31.363443371601793 5.651812140452036 7.010000000000001
      vertex 31.193910414841206 8.447861219228365 7.010000000000001
      vertex 31.230099502487562 9 7.010000000000001
    endloop
  endfacet
  facet normal 0 0 -1
    outer loop
      vertex 31.363443371601793 5.651812140452036 7.010000000000001
      vertex 31.363443371601793 12.348187859547963 7.010000000000001
      vertex 31.76313972081441 6.25 7.010000000000001
    endloop
  endfacet
  facet normal 0 0 -1
    outer loop
      vertex 31.76313972081441 6.25 7.010000000000001
      vertex 31.76313972081441 11.75 7.010000000000001
      vertex 32.08133742881208 6.895241121992006 7.010000000000001
    endloop
  endfacet
  facet normal 0 0 -1
    outer loop
      vertex 32.08133742881208 6.895241121992006 7.010000000000001
      vertex 32.08133742881208 11.104758878007994 7.010000000000001
      vertex 32.31259204458988 7.5764952519361355 7.010000000000001
    endloop
  endfacet
  facet normal 0 0 -1
    outer loop
      vertex 32.31259204458988 7.5764952519361355 7.010000000000001
      vertex 32.31259204458988 10.423504748063865 7.010000000000001
      vertex 32.452946737555955 8.282105942789716 7.010000000000001
    endloop
  endfacet
  facet normal 0.9978589232386036 -0.06540312923014151 0
    outer loop
      vertex 21.54705326244404 9.717894057210284 3
      vertex 21.5 9 0
      vertex 21.54705326244404 9.717894057210284 0
    endloop
  endfacet
  facet normal 0.9807852804032307 -0.1950903220161277 0
    outer loop
      vertex 21.687407955410123 10.423504748063865 3
      vertex 21.54705326244404 9.717894057210284 0
      vertex 21.687407955410123 10.423504748063865 0
    endloop
  endfacet
  facet normal 0.9469301294951048 -0.32143946530316386 0
    outer loop
      vertex 21.918662571187923 11.104758878007994 3
      vertex 21.687407955410123 10.423504748063865 0
      vertex 21.918662571187923 11.104758878007994 0
    endloop
  endfacet
  facet normal 0.9978589232386036 -0.06540312923014151 0
    outer loop
      vertex 21.5 9 3
      vertex 21.5 9 0
      vertex 21.54705326244404 9.717894057210284 3
    endloop
  endfacet
  facet normal 0.9807852804032307 -0.1950903220161277 0
    outer loop
      vertex 21.54705326244404 9.717894057210284 3
      vertex 21.54705326244404 9.717894057210284 0
      vertex 21.687407955410123 10.423504748063865 3
    endloop
  endfacet
  facet normal 0.9469301294951048 -0.32143946530316386 0
    outer loop
      vertex 21.687407955410123 10.423504748063865 3
      vertex 21.687407955410123 10.423504748063865 0
      vertex 21.918662571187923 11.104758878007994 3
    endloop
  endfacet
  facet normal 0.8968727415326878 -0.44228869021900225 0
    outer loop
      vertex 22.23686027918559 11.75 3
      vertex 21.918662571187923 11.104758878007994 0
      vertex 22.23686027918559 11.75 0
    endloop
  endfacet
  facet normal 0.8968727415326878 -0.44228869021900225 0
    outer loop
      vertex 21.918662571187923 11.104758878007994 3
      vertex 21.918662571187923 11.104758878007994 0
      vertex 22.23686027918559 11.75 3
    endloop
  endfacet
  facet normal 0.8314696123025455 -0.555570233019602 0
    outer loop
      vertex 22.23686027918559 11.75 3
      vertex 22.23686027918559 11.75 0
      vertex 22.636556628398207 12.348187859547963 3
    endloop
  endfacet
  facet normal 0.8314696123025455 -0.555570233019602 0
    outer loop
      vertex 22.636556628398207 12.348187859547963 3
      vertex 22.23686027918559 11.75 0
      vertex 22.636556628398207 12.348187859547963 0
    endloop
  endfacet
  facet normal 0.7518398074789774 -0.6593458151000691 0
    outer loop
      vertex 23.11091270347399 12.88908729652601 3
      vertex 22.636556628398207 12.348187859547963 0
      vertex 23.11091270347399 12.88908729652601 0
    endloop
  endfacet
  facet normal 0.6593458151000691 -0.7518398074789774 0
    outer loop
      vertex 23.651812140452037 13.363443371601793 3
      vertex 23.11091270347399 12.88908729652601 0
      vertex 23.651812140452037 13.363443371601793 0
    endloop
  endfacet
  facet normal 0.7518398074789774 -0.6593458151000691 0
    outer loop
      vertex 22.636556628398207 12.348187859547963 3
      vertex 22.636556628398207 12.348187859547963 0
      vertex 23.11091270347399 12.88908729652601 3
    endloop
  endfacet
  facet normal 0.6593458151000691 -0.7518398074789774 0
    outer loop
      vertex 23.11091270347399 12.88908729652601 3
      vertex 23.11091270347399 12.88908729652601 0
      vertex 23.651812140452037 13.363443371601793 3
    endloop
  endfacet
  facet normal 0.5555702330196025 -0.831469612302545 0
    outer loop
      vertex 23.651812140452037 13.363443371601793 3
      vertex 23.651812140452037 13.363443371601793 0
      vertex 24 13.596095061334587 3
    endloop
  endfacet
  facet normal 0.555570233019602 -0.8314696123025455 9.644928983430232e-17
    outer loop
      vertex 24 13.596095061334587 3
      vertex 23.651812140452037 13.363443371601793 0
      vertex 24.25 13.763139720814412 0
    endloop
  endfacet
  facet normal 0.44228869021900125 -0.8968727415326883 0
    outer loop
      vertex 24.895241121992008 14.081337428812077 7.010000000000001
      vertex 24.25 13.763139720814412 0
      vertex 24.895241121992008 14.081337428812077 0
    endloop
  endfacet
  facet normal 0.32143946530316164 -0.9469301294951056 0
    outer loop
      vertex 25.576495251936137 14.312592044589875 7.010000000000001
      vertex 24.895241121992008 14.081337428812077 0
      vertex 25.576495251936137 14.312592044589875 0
    endloop
  endfacet
  facet normal 0.19509032201613052 -0.9807852804032301 0
    outer loop
      vertex 26.282105942789716 14.452946737555958 7.010000000000001
      vertex 25.576495251936137 14.312592044589875 0
      vertex 26.282105942789716 14.452946737555958 0
    endloop
  endfacet
  facet normal 0.06540312923014151 -0.9978589232386035 0
    outer loop
      vertex 27 14.5 7.010000000000001
      vertex 26.282105942789716 14.452946737555958 0
      vertex 27 14.5 0
    endloop
  endfacet
  facet normal 0.5555702330196012 -0.831469612302546 0
    outer loop
      vertex 24 13.596095061334587 3
      vertex 24.25 13.763139720814412 0
      vertex 24.25 13.763139720814412 7.010000000000001
    endloop
  endfacet
  facet normal 0.44228869021900125 -0.8968727415326883 0
    outer loop
      vertex 24.25 13.763139720814412 7.010000000000001
      vertex 24.25 13.763139720814412 0
      vertex 24.895241121992008 14.081337428812077 7.010000000000001
    endloop
  endfacet
  facet normal 0.5555702330196012 -0.831469612302546 0
    outer loop
      vertex 24 13.596095061334587 3
      vertex 24.25 13.763139720814412 7.010000000000001
      vertex 24 13.596095061334587 7.010000000000001
    endloop
  endfacet
  facet normal 0.32143946530316164 -0.9469301294951056 0
    outer loop
      vertex 24.895241121992008 14.081337428812077 7.010000000000001
      vertex 24.895241121992008 14.081337428812077 0
      vertex 25.576495251936137 14.312592044589875 7.010000000000001
    endloop
  endfacet
  facet normal 0.19509032201613052 -0.9807852804032301 0
    outer loop
      vertex 25.576495251936137 14.312592044589875 7.010000000000001
      vertex 25.576495251936137 14.312592044589875 0
      vertex 26.282105942789716 14.452946737555958 7.010000000000001
    endloop
  endfacet
  facet normal 0.06540312923014151 -0.9978589232386035 0
    outer loop
      vertex 26.282105942789716 14.452946737555958 7.010000000000001
      vertex 26.282105942789716 14.452946737555958 0
      vertex 27 14.5 7.010000000000001
    endloop
  endfacet
  facet normal -0.555570233019602 -0.8314696123025455 0
    outer loop
      vertex 30.348187859547963 13.363443371601793 7.010000000000001
      vertex 29.75 13.763139720814412 0
      vertex 30.348187859547963 13.363443371601793 0
    endloop
  endfacet
  facet normal -0.7518398074789773 -0.659345815100069 0
    outer loop
      vertex 31.363443371601793 12.348187859547963 7.010000000000001
      vertex 30.88908729652601 12.88908729652601 0
      vertex 31.363443371601793 12.348187859547963 0
    endloop
  endfacet
  facet normal -0.659345815100069 -0.7518398074789773 0
    outer loop
      vertex 30.88908729652601 12.88908729652601 7.010000000000001
      vertex 30.348187859547963 13.363443371601793 0
      vertex 30.88908729652601 12.88908729652601 0
    endloop
  endfacet
  facet normal -0.9978589232386034 -0.06540312923014642 0
    outer loop
      vertex 32.5 9 7.010000000000001
      vertex 32.452946737555955 9.717894057210284 0
      vertex 32.5 9 0
    endloop
  endfacet
  facet normal -0.9807852804032314 -0.1950903220161229 0
    outer loop
      vertex 32.452946737555955 9.717894057210284 7.010000000000001
      vertex 32.31259204458988 10.423504748063865 0
      vertex 32.452946737555955 9.717894057210284 0
    endloop
  endfacet
  facet normal -0.9469301294951049 -0.32143946530316386 0
    outer loop
      vertex 32.31259204458988 10.423504748063865 7.010000000000001
      vertex 32.08133742881208 11.104758878007994 0
      vertex 32.31259204458988 10.423504748063865 0
    endloop
  endfacet
  facet normal -0.8968727415326878 -0.44228869021900225 0
    outer loop
      vertex 32.08133742881208 11.104758878007994 7.010000000000001
      vertex 31.76313972081441 11.75 0
      vertex 32.08133742881208 11.104758878007994 0
    endloop
  endfacet
  facet normal -0.8314696123025455 -0.555570233019602 0
    outer loop
      vertex 31.76313972081441 11.75 7.010000000000001
      vertex 31.363443371601793 12.348187859547963 0
      vertex 31.76313972081441 11.75 0
    endloop
  endfacet
  facet normal -0.8314696123025455 -0.555570233019602 0
    outer loop
      vertex 31.363443371601793 12.348187859547963 7.010000000000001
      vertex 31.363443371601793 12.348187859547963 0
      vertex 31.76313972081441 11.75 7.010000000000001
    endloop
  endfacet
  facet normal -0.7518398074789773 -0.659345815100069 0
    outer loop
      vertex 31.363443371601793 12.348187859547963 7.010000000000001
      vertex 30.88908729652601 12.88908729652601 7.010000000000001
      vertex 30.88908729652601 12.88908729652601 0
    endloop
  endfacet
  facet normal -0.659345815100069 -0.7518398074789773 0
    outer loop
      vertex 30.348187859547963 13.363443371601793 7.010000000000001
      vertex 30.348187859547963 13.363443371601793 0
      vertex 30.88908729652601 12.88908729652601 7.010000000000001
    endloop
  endfacet
  facet normal -0.9978589232386034 -0.06540312923014642 0
    outer loop
      vertex 32.5 9 7.010000000000001
      vertex 32.452946737555955 9.717894057210284 7.010000000000001
      vertex 32.452946737555955 9.717894057210284 0
    endloop
  endfacet
  facet normal -0.9807852804032314 -0.1950903220161229 0
    outer loop
      vertex 32.452946737555955 9.717894057210284 7.010000000000001
      vertex 32.31259204458988 10.423504748063865 7.010000000000001
      vertex 32.31259204458988 10.423504748063865 0
    endloop
  endfacet
  facet normal -0.9469301294951049 -0.32143946530316386 0
    outer loop
      vertex 32.31259204458988 10.423504748063865 7.010000000000001
      vertex 32.08133742881208 11.104758878007994 7.010000000000001
      vertex 32.08133742881208 11.104758878007994 0
    endloop
  endfacet
  facet normal -0.8968727415326878 -0.44228869021900225 0
    outer loop
      vertex 32.08133742881208 11.104758878007994 7.010000000000001
      vertex 31.76313972081441 11.75 7.010000000000001
      vertex 31.76313972081441 11.75 0
    endloop
  endfacet
  facet normal -0.06540312923014151 -0.9978589232386035 0
    outer loop
      vertex 27.717894057210284 14.452946737555958 7.010000000000001
      vertex 27 14.5 0
      vertex 27.717894057210284 14.452946737555958 0
    endloop
  endfacet
  facet normal -0.19509032201613052 -0.9807852804032301 0
    outer loop
      vertex 28.423504748063863 14.312592044589875 7.010000000000001
      vertex 27.717894057210284 14.452946737555958 0
      vertex 28.423504748063863 14.312592044589875 0
    endloop
  endfacet
  facet normal -0.32143946530316164 -0.9469301294951056 0
    outer loop
      vertex 29.104758878007992 14.081337428812077 7.010000000000001
      vertex 28.423504748063863 14.312592044589875 0
      vertex 29.104758878007992 14.081337428812077 0
    endloop
  endfacet
  facet normal -0.44228869021900125 -0.8968727415326883 0
    outer loop
      vertex 29.75 13.763139720814412 7.010000000000001
      vertex 29.104758878007992 14.081337428812077 0
      vertex 29.75 13.763139720814412 0
    endloop
  endfacet
  facet normal -0.06540312923014151 -0.9978589232386035 0
    outer loop
      vertex 27 14.5 7.010000000000001
      vertex 27 14.5 0
      vertex 27.717894057210284 14.452946737555958 7.010000000000001
    endloop
  endfacet
  facet normal -0.19509032201613052 -0.9807852804032301 0
    outer loop
      vertex 27.717894057210284 14.452946737555958 7.010000000000001
      vertex 27.717894057210284 14.452946737555958 0
      vertex 28.423504748063863 14.312592044589875 7.010000000000001
    endloop
  endfacet
  facet normal -0.32143946530316164 -0.9469301294951056 0
    outer loop
      vertex 28.423504748063863 14.312592044589875 7.010000000000001
      vertex 28.423504748063863 14.312592044589875 0
      vertex 29.104758878007992 14.081337428812077 7.010000000000001
    endloop
  endfacet
  facet normal -0.44228869021900125 -0.8968727415326883 0
    outer loop
      vertex 29.75 13.763139720814412 7.010000000000001
      vertex 29.104758878007992 14.081337428812077 7.010000000000001
      vertex 29.104758878007992 14.081337428812077 0
    endloop
  endfacet
  facet normal -0.555570233019602 -0.8314696123025455 0
    outer loop
      vertex 29.75 13.763139720814412 7.010000000000001
      vertex 29.75 13.763139720814412 0
      vertex 30.348187859547963 13.363443371601793 7.010000000000001
    endloop
  endfacet
  facet normal 0 0 -1
    outer loop
      vertex 24 11.98102007670914 7.010000000000001
      vertex 24 13.596095061334587 7.010000000000001
      vertex 24.008867956697205 11.991132043302796 7.010000000000001
    endloop
  endfacet
  facet normal 0 0 -1
    outer loop
      vertex 24.008867956697205 11.991132043302796 7.010000000000001
      vertex 24.25 13.763139720814412 7.010000000000001
      vertex 24.424878582016593 12.3559635700628 7.010000000000001
    endloop
  endfacet
  facet normal 0 0 -1
    outer loop
      vertex 24.424878582016593 12.3559635700628 7.010000000000001
      vertex 24.25 13.763139720814412 7.010000000000001
      vertex 24.88495024875622 12.663373629690144 7.010000000000001
    endloop
  endfacet
  facet normal 0 0 -1
    outer loop
      vertex 24.008867956697205 11.991132043302796 7.010000000000001
      vertex 24 13.596095061334587 7.010000000000001
      vertex 24.25 13.763139720814412 7.010000000000001
    endloop
  endfacet
  facet normal 0 0 -1
    outer loop
      vertex 24.88495024875622 12.663373629690144 7.010000000000001
      vertex 24.895241121992008 14.081337428812077 7.010000000000001
      vertex 25.3812110031422 12.908102350834435 7.010000000000001
    endloop
  endfacet
  facet normal 0 0 -1
    outer loop
      vertex 25.3812110031422 12.908102350834435 7.010000000000001
      vertex 25.576495251936137 14.312592044589875 7.010000000000001
      vertex 25.90516968607752 13.085962357225274 7.010000000000001
    endloop
  endfacet
  facet normal 0 0 -1
    outer loop
      vertex 24.88495024875622 12.663373629690144 7.010000000000001
      vertex 24.25 13.763139720814412 7.010000000000001
      vertex 24.895241121992008 14.081337428812077 7.010000000000001
    endloop
  endfacet
  facet normal 0 0 -1
    outer loop
      vertex 24.895241121992008 14.081337428812077 7.010000000000001
      vertex 25.576495251936137 14.312592044589875 7.010000000000001
      vertex 25.3812110031422 12.908102350834435 7.010000000000001
    endloop
  endfacet
  facet normal 0 0 -1
    outer loop
      vertex 25.90516968607752 13.085962357225274 7.010000000000001
      vertex 26.282105942789716 14.452946737555958 7.010000000000001
      vertex 26.447861219228365 13.193910414841206 7.010000000000001
    endloop
  endfacet
  facet normal 0 0 -1
    outer loop
      vertex 25.90516968607752 13.085962357225274 7.010000000000001
      vertex 25.576495251936137 14.312592044589875 7.010000000000001
      vertex 26.282105942789716 14.452946737555958 7.010000000000001
    endloop
  endfacet
  facet normal 0 0 -1
    outer loop
      vertex 26.447861219228365 13.193910414841206 7.010000000000001
      vertex 27 14.5 7.010000000000001
      vertex 27 13.230099502487562 7.010000000000001
    endloop
  endfacet
  facet normal 0 0 -1
    outer loop
      vertex 26.447861219228365 13.193910414841206 7.010000000000001
      vertex 26.282105942789716 14.452946737555958 7.010000000000001
      vertex 27 14.5 7.010000000000001
    endloop
  endfacet
  facet normal 0 0 -1
    outer loop
      vertex 31.363443371601793 5.651812140452036 7.010000000000001
      vertex 31.230099502487562 9 7.010000000000001
      vertex 31.363443371601793 12.348187859547963 7.010000000000001
    endloop
  endfacet
  facet normal 0 0 -1
    outer loop
      vertex 31.230099502487562 9 7.010000000000001
      vertex 31.193910414841206 9.552138780771635 7.010000000000001
      vertex 31.363443371601793 12.348187859547963 7.010000000000001
    endloop
  endfacet
  facet normal 0 0 -1
    outer loop
      vertex 31.193910414841206 9.552138780771635 7.010000000000001
      vertex 31.085962357225274 10.094830313922479 7.010000000000001
      vertex 31.363443371601793 12.348187859547963 7.010000000000001
    endloop
  endfacet
  facet normal 0 0 -1
    outer loop
      vertex 31.085962357225274 10.094830313922479 7.010000000000001
      vertex 30.908102350834433 10.618788996857798 7.010000000000001
      vertex 31.363443371601793 12.348187859547963 7.010000000000001
    endloop
  endfacet
  facet normal 0 0 -1
    outer loop
      vertex 28.09483031392248 13.085962357225274 7.010000000000001
      vertex 29.104758878007992 14.081337428812077 7.010000000000001
      vertex 28.6187889968578 12.908102350834435 7.010000000000001
    endloop
  endfacet
  facet normal 0 0 -1
    outer loop
      vertex 28.6187889968578 12.908102350834435 7.010000000000001
      vertex 29.104758878007992 14.081337428812077 7.010000000000001
      vertex 29.11504975124378 12.663373629690144 7.010000000000001
    endloop
  endfacet
  facet normal 0 0 -1
    outer loop
      vertex 29.991132043302795 11.991132043302796 7.010000000000001
      vertex 30.348187859547963 13.363443371601793 7.010000000000001
      vertex 30.355963570062798 11.575121417983407 7.010000000000001
    endloop
  endfacet
  facet normal 0 0 -1
    outer loop
      vertex 30.663373629690142 11.115049751243781 7.010000000000001
      vertex 30.88908729652601 12.88908729652601 7.010000000000001
      vertex 30.908102350834433 10.618788996857798 7.010000000000001
    endloop
  endfacet
  facet normal 0 0 -1
    outer loop
      vertex 30.663373629690142 11.115049751243781 7.010000000000001
      vertex 30.355963570062798 11.575121417983407 7.010000000000001
      vertex 30.88908729652601 12.88908729652601 7.010000000000001
    endloop
  endfacet
  facet normal 0 0 -1
    outer loop
      vertex 30.908102350834433 10.618788996857798 7.010000000000001
      vertex 30.88908729652601 12.88908729652601 7.010000000000001
      vertex 31.363443371601793 12.348187859547963 7.010000000000001
    endloop
  endfacet
  facet normal 0 0 -1
    outer loop
      vertex 29.11504975124378 12.663373629690144 7.010000000000001
      vertex 29.75 13.763139720814412 7.010000000000001
      vertex 29.575121417983407 12.3559635700628 7.010000000000001
    endloop
  endfacet
  facet normal 0 0 -1
    outer loop
      vertex 29.575121417983407 12.3559635700628 7.010000000000001
      vertex 30.348187859547963 13.363443371601793 7.010000000000001
      vertex 29.991132043302795 11.991132043302796 7.010000000000001
    endloop
  endfacet
  facet normal 0 0 -1
    outer loop
      vertex 29.575121417983407 12.3559635700628 7.010000000000001
      vertex 29.75 13.763139720814412 7.010000000000001
      vertex 30.348187859547963 13.363443371601793 7.010000000000001
    endloop
  endfacet
  facet normal 0 0 -1
    outer loop
      vertex 30.355963570062798 11.575121417983407 7.010000000000001
      vertex 30.348187859547963 13.363443371601793 7.010000000000001
      vertex 30.88908729652601 12.88908729652601 7.010000000000001
    endloop
  endfacet
  facet normal 0 0 -1
    outer loop
      vertex 32.452946737555955 8.282105942789716 7.010000000000001
      vertex 32.452946737555955 9.717894057210284 7.010000000000001
      vertex 32.5 9 7.010000000000001
    endloop
  endfacet
  facet normal 0 0 -1
    outer loop
      vertex 32.452946737555955 8.282105942789716 7.010000000000001
      vertex 32.31259204458988 10.423504748063865 7.010000000000001
      vertex 32.452946737555955 9.717894057210284 7.010000000000001
    endloop
  endfacet
  facet normal 0 0 -1
    outer loop
      vertex 31.76313972081441 6.25 7.010000000000001
      vertex 31.363443371601793 12.348187859547963 7.010000000000001
      vertex 31.76313972081441 11.75 7.010000000000001
    endloop
  endfacet
  facet normal 0 0 -1
    outer loop
      vertex 32.08133742881208 6.895241121992006 7.010000000000001
      vertex 31.76313972081441 11.75 7.010000000000001
      vertex 32.08133742881208 11.104758878007994 7.010000000000001
    endloop
  endfacet
  facet normal 0 0 -1
    outer loop
      vertex 32.31259204458988 7.5764952519361355 7.010000000000001
      vertex 32.08133742881208 11.104758878007994 7.010000000000001
      vertex 32.31259204458988 10.423504748063865 7.010000000000001
    endloop
  endfacet
  facet normal 0 0 -1
    outer loop
      vertex 27 13.230099502487562 7.010000000000001
      vertex 27.717894057210284 14.452946737555958 7.010000000000001
      vertex 27.552138780771635 13.193910414841206 7.010000000000001
    endloop
  endfacet
  facet normal 0 0 -1
    outer loop
      vertex 27 13.230099502487562 7.010000000000001
      vertex 27 14.5 7.010000000000001
      vertex 27.717894057210284 14.452946737555958 7.010000000000001
    endloop
  endfacet
  facet normal 0 0 -1
    outer loop
      vertex 27.552138780771635 13.193910414841206 7.010000000000001
      vertex 28.423504748063863 14.312592044589875 7.010000000000001
      vertex 28.09483031392248 13.085962357225274 7.010000000000001
    endloop
  endfacet
  facet normal 0 0 -1
    outer loop
      vertex 27.552138780771635 13.193910414841206 7.010000000000001
      vertex 27.717894057210284 14.452946737555958 7.010000000000001
      vertex 28.423504748063863 14.312592044589875 7.010000000000001
    endloop
  endfacet
  facet normal 0 0 -1
    outer loop
      vertex 28.09483031392248 13.085962357225274 7.010000000000001
      vertex 28.423504748063863 14.312592044589875 7.010000000000001
      vertex 29.104758878007992 14.081337428812077 7.010000000000001
    endloop
  endfacet
  facet normal 0 0 -1
    outer loop
      vertex 29.11504975124378 12.663373629690144 7.010000000000001
      vertex 29.104758878007992 14.081337428812077 7.010000000000001
      vertex 29.75 13.763139720814412 7.010000000000001
    endloop
  endfacet
  facet normal 0.44228869021900125 0.8968727415326883 0
    outer loop
      vertex 6.25 4.236860279185588 7.010000000000001
      vertex 6.895241121992006 3.918662571187923 0
      vertex 6.25 4.236860279185588 0
    endloop
  endfacet
  facet normal 0.32143946530316164 0.9469301294951056 0
    outer loop
      vertex 6.895241121992006 3.918662571187923 7.010000000000001
      vertex 7.5764952519361355 3.6874079554101247 0
      vertex 6.895241121992006 3.918662571187923 0
    endloop
  endfacet
  facet normal 0.19509032201612883 0.9807852804032303 0
    outer loop
      vertex 7.5764952519361355 3.6874079554101247 7.010000000000001
      vertex 8.282105942789716 3.5470532624440425 0
      vertex 7.5764952519361355 3.6874079554101247 0
    endloop
  endfacet
  facet normal 0.06540312923014274 0.9978589232386035 0
    outer loop
      vertex 8.282105942789716 3.5470532624440425 7.010000000000001
      vertex 9 3.5 0
      vertex 8.282105942789716 3.5470532624440425 0
    endloop
  endfacet
  facet normal 0.5555702330196023 0.8314696123025452 0
    outer loop
      vertex 5.651812140452036 4.636556628398207 7.010000000000001
      vertex 6.25 4.236860279185588 7.010000000000001
      vertex 6.25 4.236860279185588 0
    endloop
  endfacet
  facet normal 0.44228869021900125 0.8968727415326883 0
    outer loop
      vertex 6.895241121992006 3.918662571187923 7.010000000000001
      vertex 6.895241121992006 3.918662571187923 0
      vertex 6.25 4.236860279185588 7.010000000000001
    endloop
  endfacet
  facet normal 0.32143946530316164 0.9469301294951056 0
    outer loop
      vertex 6.895241121992006 3.918662571187923 7.010000000000001
      vertex 7.5764952519361355 3.6874079554101247 7.010000000000001
      vertex 7.5764952519361355 3.6874079554101247 0
    endloop
  endfacet
  facet normal 0.19509032201612883 0.9807852804032303 0
    outer loop
      vertex 7.5764952519361355 3.6874079554101247 7.010000000000001
      vertex 8.282105942789716 3.5470532624440425 7.010000000000001
      vertex 8.282105942789716 3.5470532624440425 0
    endloop
  endfacet
  facet normal 0.06540312923014274 0.9978589232386035 0
    outer loop
      vertex 8.282105942789716 3.5470532624440425 7.010000000000001
      vertex 9 3.5 7.010000000000001
      vertex 9 3.5 0
    endloop
  endfacet
  facet normal 0.8314696123025452 0.5555702330196023 0
    outer loop
      vertex 4.236860279185588 6.25 7.010000000000001
      vertex 4.636556628398207 5.651812140452036 0
      vertex 4.236860279185588 6.25 0
    endloop
  endfacet
  facet normal 0.8968727415326883 0.44228869021900125 0
    outer loop
      vertex 3.918662571187923 6.895241121992006 7.010000000000001
      vertex 4.236860279185588 6.25 0
      vertex 3.918662571187923 6.895241121992006 0
    endloop
  endfacet
  facet normal 0.9469301294951056 0.32143946530316164 0
    outer loop
      vertex 3.6874079554101247 7.5764952519361355 7.010000000000001
      vertex 3.918662571187923 6.895241121992006 0
      vertex 3.6874079554101247 7.5764952519361355 0
    endloop
  endfacet
  facet normal 0.9807852804032303 0.19509032201612883 0
    outer loop
      vertex 3.5470532624440425 8.282105942789716 7.010000000000001
      vertex 3.6874079554101247 7.5764952519361355 0
      vertex 3.5470532624440425 8.282105942789716 0
    endloop
  endfacet
  facet normal 0.9978589232386035 0.06540312923014274 0
    outer loop
      vertex 3.5 9 7.010000000000001
      vertex 3.5470532624440425 8.282105942789716 0
      vertex 3.5 9 0
    endloop
  endfacet
  facet normal 0.6593458151000683 0.7518398074789779 0
    outer loop
      vertex 5.110912703473988 5.110912703473988 7.010000000000001
      vertex 5.651812140452036 4.636556628398207 0
      vertex 5.110912703473988 5.110912703473988 0
    endloop
  endfacet
  facet normal 0.7518398074789779 0.6593458151000683 0
    outer loop
      vertex 4.636556628398207 5.651812140452036 7.010000000000001
      vertex 5.110912703473988 5.110912703473988 0
      vertex 4.636556628398207 5.651812140452036 0
    endloop
  endfacet
  facet normal 0.5555702330196023 0.8314696123025452 0
    outer loop
      vertex 5.651812140452036 4.636556628398207 7.010000000000001
      vertex 6.25 4.236860279185588 0
      vertex 5.651812140452036 4.636556628398207 0
    endloop
  endfacet
  facet normal 0.8968727415326883 0.44228869021900125 0
    outer loop
      vertex 4.236860279185588 6.25 7.010000000000001
      vertex 4.236860279185588 6.25 0
      vertex 3.918662571187923 6.895241121992006 7.010000000000001
    endloop
  endfacet
  facet normal 0.9469301294951056 0.32143946530316164 0
    outer loop
      vertex 3.918662571187923 6.895241121992006 7.010000000000001
      vertex 3.918662571187923 6.895241121992006 0
      vertex 3.6874079554101247 7.5764952519361355 7.010000000000001
    endloop
  endfacet
  facet normal 0.9807852804032303 0.19509032201612883 0
    outer loop
      vertex 3.6874079554101247 7.5764952519361355 7.010000000000001
      vertex 3.6874079554101247 7.5764952519361355 0
      vertex 3.5470532624440425 8.282105942789716 7.010000000000001
    endloop
  endfacet
  facet normal 0.9978589232386035 0.06540312923014274 0
    outer loop
      vertex 3.5470532624440425 8.282105942789716 7.010000000000001
      vertex 3.5470532624440425 8.282105942789716 0
      vertex 3.5 9 7.010000000000001
    endloop
  endfacet
  facet normal 0.6593458151000683 0.7518398074789779 0
    outer loop
      vertex 5.110912703473988 5.110912703473988 7.010000000000001
      vertex 5.651812140452036 4.636556628398207 7.010000000000001
      vertex 5.651812140452036 4.636556628398207 0
    endloop
  endfacet
  facet normal 0.7518398074789779 0.6593458151000683 0
    outer loop
      vertex 5.110912703473988 5.110912703473988 7.010000000000001
      vertex 5.110912703473988 5.110912703473988 0
      vertex 4.636556628398207 5.651812140452036 7.010000000000001
    endloop
  endfacet
  facet normal 0.8314696123025452 0.5555702330196023 0
    outer loop
      vertex 4.236860279185588 6.25 7.010000000000001
      vertex 4.636556628398207 5.651812140452036 7.010000000000001
      vertex 4.636556628398207 5.651812140452036 0
    endloop
  endfacet
  facet normal -0.5555702330196027 0.8314696123025448 -4.8224644917151116e-17
    outer loop
      vertex 12 4.403904938665413 3
      vertex 12.348187859547963 4.636556628398207 0
      vertex 11.75 4.236860279185588 0
    endloop
  endfacet
  facet normal -0.06540312923014274 0.9978589232386035 0
    outer loop
      vertex 9 3.5 7.010000000000001
      vertex 9.717894057210284 3.5470532624440425 0
      vertex 9 3.5 0
    endloop
  endfacet
  facet normal -0.19509032201612883 0.9807852804032303 0
    outer loop
      vertex 9.717894057210284 3.5470532624440425 7.010000000000001
      vertex 10.423504748063865 3.6874079554101247 0
      vertex 9.717894057210284 3.5470532624440425 0
    endloop
  endfacet
  facet normal -0.32143946530316164 0.9469301294951056 0
    outer loop
      vertex 10.423504748063865 3.6874079554101247 7.010000000000001
      vertex 11.104758878007994 3.918662571187923 0
      vertex 10.423504748063865 3.6874079554101247 0
    endloop
  endfacet
  facet normal -0.44228869021900125 0.8968727415326883 0
    outer loop
      vertex 11.104758878007994 3.918662571187923 7.010000000000001
      vertex 11.75 4.236860279185588 0
      vertex 11.104758878007994 3.918662571187923 0
    endloop
  endfacet
  facet normal -0.5555702330196032 0.8314696123025446 0
    outer loop
      vertex 12 4.403904938665413 3
      vertex 11.75 4.236860279185588 0
      vertex 11.75 4.236860279185588 7.010000000000001
    endloop
  endfacet
  facet normal -0.06540312923014274 0.9978589232386035 0
    outer loop
      vertex 9 3.5 7.010000000000001
      vertex 9.717894057210284 3.5470532624440425 7.010000000000001
      vertex 9.717894057210284 3.5470532624440425 0
    endloop
  endfacet
  facet normal -0.19509032201612883 0.9807852804032303 0
    outer loop
      vertex 9.717894057210284 3.5470532624440425 7.010000000000001
      vertex 10.423504748063865 3.6874079554101247 7.010000000000001
      vertex 10.423504748063865 3.6874079554101247 0
    endloop
  endfacet
  facet normal -0.32143946530316164 0.9469301294951056 0
    outer loop
      vertex 10.423504748063865 3.6874079554101247 7.010000000000001
      vertex 11.104758878007994 3.918662571187923 7.010000000000001
      vertex 11.104758878007994 3.918662571187923 0
    endloop
  endfacet
  facet normal -0.44228869021900125 0.8968727415326883 0
    outer loop
      vertex 11.104758878007994 3.918662571187923 7.010000000000001
      vertex 11.75 4.236860279185588 7.010000000000001
      vertex 11.75 4.236860279185588 0
    endloop
  endfacet
  facet normal -0.5555702330196032 0.8314696123025446 0
    outer loop
      vertex 12 4.403904938665413 3
      vertex 11.75 4.236860279185588 7.010000000000001
      vertex 12 4.403904938665413 7.010000000000001
    endloop
  endfacet
  facet normal -0.6593458151000682 0.7518398074789778 0
    outer loop
      vertex 12.348187859547963 4.636556628398207 3
      vertex 12.88908729652601 5.110912703473988 0
      vertex 12.348187859547963 4.636556628398207 0
    endloop
  endfacet
  facet normal -0.7518398074789774 0.6593458151000691 0
    outer loop
      vertex 12.88908729652601 5.110912703473988 3
      vertex 13.363443371601793 5.651812140452036 0
      vertex 12.88908729652601 5.110912703473988 0
    endloop
  endfacet
  facet normal -0.8314696123025458 0.5555702330196014 0
    outer loop
      vertex 13.363443371601793 5.651812140452036 3
      vertex 13.763139720814412 6.25 0
      vertex 13.363443371601793 5.651812140452036 0
    endloop
  endfacet
  facet normal -0.5555702330196025 0.831469612302545 0
    outer loop
      vertex 12 4.403904938665413 3
      vertex 12.348187859547963 4.636556628398207 3
      vertex 12.348187859547963 4.636556628398207 0
    endloop
  endfacet
  facet normal -0.6593458151000682 0.7518398074789778 0
    outer loop
      vertex 12.348187859547963 4.636556628398207 3
      vertex 12.88908729652601 5.110912703473988 3
      vertex 12.88908729652601 5.110912703473988 0
    endloop
  endfacet
  facet normal -0.7518398074789774 0.6593458151000691 0
    outer loop
      vertex 12.88908729652601 5.110912703473988 3
      vertex 13.363443371601793 5.651812140452036 3
      vertex 13.363443371601793 5.651812140452036 0
    endloop
  endfacet
  facet normal -0.8968727415326878 0.44228869021900225 0
    outer loop
      vertex 13.763139720814412 6.25 3
      vertex 14.081337428812077 6.895241121992006 0
      vertex 13.763139720814412 6.25 0
    endloop
  endfacet
  facet normal -0.8314696123025458 0.5555702330196014 0
    outer loop
      vertex 13.363443371601793 5.651812140452036 3
      vertex 13.763139720814412 6.25 3
      vertex 13.763139720814412 6.25 0
    endloop
  endfacet
  facet normal -0.8968727415326878 0.44228869021900225 0
    outer loop
      vertex 13.763139720814412 6.25 3
      vertex 14.081337428812077 6.895241121992006 3
      vertex 14.081337428812077 6.895241121992006 0
    endloop
  endfacet
  facet normal -0.9469301294951056 0.32143946530316164 0
    outer loop
      vertex 14.081337428812077 6.895241121992006 3
      vertex 14.312592044589875 7.5764952519361355 0
      vertex 14.081337428812077 6.895241121992006 0
    endloop
  endfacet
  facet normal -0.9807852804032301 0.19509032201613002 0
    outer loop
      vertex 14.312592044589875 7.5764952519361355 3
      vertex 14.452946737555958 8.282105942789716 0
      vertex 14.312592044589875 7.5764952519361355 0
    endloop
  endfacet
  facet normal -0.9978589232386036 0.06540312923014151 0
    outer loop
      vertex 14.452946737555958 8.282105942789716 3
      vertex 14.5 9 0
      vertex 14.452946737555958 8.282105942789716 0
    endloop
  endfacet
  facet normal -0.9469301294951056 0.32143946530316164 0
    outer loop
      vertex 14.081337428812077 6.895241121992006 3
      vertex 14.312592044589875 7.5764952519361355 3
      vertex 14.312592044589875 7.5764952519361355 0
    endloop
  endfacet
  facet normal -0.9807852804032301 0.19509032201613002 0
    outer loop
      vertex 14.312592044589875 7.5764952519361355 3
      vertex 14.452946737555958 8.282105942789716 3
      vertex 14.452946737555958 8.282105942789716 0
    endloop
  endfacet
  facet normal -0.9978589232386036 0.06540312923014151 0
    outer loop
      vertex 14.452946737555958 8.282105942789716 3
      vertex 14.5 9 3
      vertex 14.5 9 0
    endloop
  endfacet
  facet normal 0 0 -1
    outer loop
      vertex 6.895241121992006 3.918662571187923 7.010000000000001
      vertex 6.25 4.236860279185588 7.010000000000001
      vertex 6.884950248756219 5.336626370309856 7.010000000000001
    endloop
  endfacet
  facet normal 0 0 -1
    outer loop
      vertex 6.895241121992006 3.918662571187923 7.010000000000001
      vertex 7.905169686077521 4.914037642774725 7.010000000000001
      vertex 7.5764952519361355 3.6874079554101247 7.010000000000001
    endloop
  endfacet
  facet normal 0 0 -1
    outer loop
      vertex 7.5764952519361355 3.6874079554101247 7.010000000000001
      vertex 8.447861219228365 4.806089585158795 7.010000000000001
      vertex 8.282105942789716 3.5470532624440425 7.010000000000001
    endloop
  endfacet
  facet normal 0 0 -1
    outer loop
      vertex 7.5764952519361355 3.6874079554101247 7.010000000000001
      vertex 7.905169686077521 4.914037642774725 7.010000000000001
      vertex 8.447861219228365 4.806089585158795 7.010000000000001
    endloop
  endfacet
  facet normal 0 0 -1
    outer loop
      vertex 8.282105942789716 3.5470532624440425 7.010000000000001
      vertex 9 4.769900497512438 7.010000000000001
      vertex 9 3.5 7.010000000000001
    endloop
  endfacet
  facet normal 0 0 -1
    outer loop
      vertex 8.282105942789716 3.5470532624440425 7.010000000000001
      vertex 8.447861219228365 4.806089585158795 7.010000000000001
      vertex 9 4.769900497512438 7.010000000000001
    endloop
  endfacet
  facet normal 0 0 -1
    outer loop
      vertex 3.918662571187923 6.895241121992006 7.010000000000001
      vertex 3.6874079554101247 7.5764952519361355 7.010000000000001
      vertex 3.6874079554101247 10.423504748063865 7.010000000000001
    endloop
  endfacet
  facet normal 0 0 -1
    outer loop
      vertex 4.236860279185588 6.25 7.010000000000001
      vertex 3.918662571187923 6.895241121992006 7.010000000000001
      vertex 3.918662571187923 11.104758878007994 7.010000000000001
    endloop
  endfacet
  facet normal 0 0 -1
    outer loop
      vertex 4.236860279185588 6.25 7.010000000000001
      vertex 4.236860279185588 11.75 7.010000000000001
      vertex 4.636556628398207 5.651812140452036 7.010000000000001
    endloop
  endfacet
  facet normal 0 0 -1
    outer loop
      vertex 3.6874079554101247 7.5764952519361355 7.010000000000001
      vertex 3.5470532624440425 8.282105942789716 7.010000000000001
      vertex 3.5470532624440425 9.717894057210284 7.010000000000001
    endloop
  endfacet
  facet normal 0 0 -1
    outer loop
      vertex 5.110912703473988 5.110912703473988 7.010000000000001
      vertex 5.6440364299372 6.424878582016593 7.010000000000001
      vertex 5.651812140452036 4.636556628398207 7.010000000000001
    endloop
  endfacet
  facet normal 0 0 -1
    outer loop
      vertex 5.651812140452036 4.636556628398207 7.010000000000001
      vertex 6.424878582016594 5.6440364299372 7.010000000000001
      vertex 6.25 4.236860279185588 7.010000000000001
    endloop
  endfacet
  facet normal 0 0 -1
    outer loop
      vertex 5.651812140452036 4.636556628398207 7.010000000000001
      vertex 6.008867956697204 6.008867956697204 7.010000000000001
      vertex 6.424878582016594 5.6440364299372 7.010000000000001
    endloop
  endfacet
  facet normal 0 0 -1
    outer loop
      vertex 6.25 4.236860279185588 7.010000000000001
      vertex 6.424878582016594 5.6440364299372 7.010000000000001
      vertex 6.884950248756219 5.336626370309856 7.010000000000001
    endloop
  endfacet
  facet normal 0 0 -1
    outer loop
      vertex 5.110912703473988 5.110912703473988 7.010000000000001
      vertex 4.636556628398207 5.651812140452036 7.010000000000001
      vertex 5.091897649165565 7.381211003142202 7.010000000000001
    endloop
  endfacet
  facet normal 0 0 -1
    outer loop
      vertex 5.110912703473988 5.110912703473988 7.010000000000001
      vertex 5.336626370309856 6.884950248756219 7.010000000000001
      vertex 5.6440364299372 6.424878582016593 7.010000000000001
    endloop
  endfacet
  facet normal 0 0 -1
    outer loop
      vertex 5.110912703473988 5.110912703473988 7.010000000000001
      vertex 5.091897649165565 7.381211003142202 7.010000000000001
      vertex 5.336626370309856 6.884950248756219 7.010000000000001
    endloop
  endfacet
  facet normal 0 0 -1
    outer loop
      vertex 5.651812140452036 4.636556628398207 7.010000000000001
      vertex 5.6440364299372 6.424878582016593 7.010000000000001
      vertex 6.008867956697204 6.008867956697204 7.010000000000001
    endloop
  endfacet
  facet normal 0 0 -1
    outer loop
      vertex 6.895241121992006 3.918662571187923 7.010000000000001
      vertex 6.884950248756219 5.336626370309856 7.010000000000001
      vertex 7.381211003142202 5.091897649165565 7.010000000000001
    endloop
  endfacet
  facet normal 0 0 -1
    outer loop
      vertex 6.895241121992006 3.918662571187923 7.010000000000001
      vertex 7.381211003142202 5.091897649165565 7.010000000000001
      vertex 7.905169686077521 4.914037642774725 7.010000000000001
    endloop
  endfacet
  facet normal 0 0 -1
    outer loop
      vertex 4.636556628398207 5.651812140452036 7.010000000000001
      vertex 4.914037642774725 7.905169686077521 7.010000000000001
      vertex 5.091897649165565 7.381211003142202 7.010000000000001
    endloop
  endfacet
  facet normal 0 0 -1
    outer loop
      vertex 4.636556628398207 5.651812140452036 7.010000000000001
      vertex 4.806089585158795 8.447861219228365 7.010000000000001
      vertex 4.914037642774725 7.905169686077521 7.010000000000001
    endloop
  endfacet
  facet normal 0 0 -1
    outer loop
      vertex 4.636556628398207 5.651812140452036 7.010000000000001
      vertex 4.769900497512438 9 7.010000000000001
      vertex 4.806089585158795 8.447861219228365 7.010000000000001
    endloop
  endfacet
  facet normal 0 0 -1
    outer loop
      vertex 9 3.5 7.010000000000001
      vertex 9.552138780771635 4.806089585158795 7.010000000000001
      vertex 9.717894057210284 3.5470532624440425 7.010000000000001
    endloop
  endfacet
  facet normal 0 0 -1
    outer loop
      vertex 9 3.5 7.010000000000001
      vertex 9 4.769900497512438 7.010000000000001
      vertex 9.552138780771635 4.806089585158795 7.010000000000001
    endloop
  endfacet
  facet normal 0 0 -1
    outer loop
      vertex 9.717894057210284 3.5470532624440425 7.010000000000001
      vertex 10.094830313922479 4.914037642774725 7.010000000000001
      vertex 10.423504748063865 3.6874079554101247 7.010000000000001
    endloop
  endfacet
  facet normal 0 0 -1
    outer loop
      vertex 9.717894057210284 3.5470532624440425 7.010000000000001
      vertex 9.552138780771635 4.806089585158795 7.010000000000001
      vertex 10.094830313922479 4.914037642774725 7.010000000000001
    endloop
  endfacet
  facet normal 0 0 -1
    outer loop
      vertex 10.423504748063865 3.6874079554101247 7.010000000000001
      vertex 10.618788996857798 5.091897649165565 7.010000000000001
      vertex 11.104758878007994 3.918662571187923 7.010000000000001
    endloop
  endfacet
  facet normal 0 0 -1
    outer loop
      vertex 11.104758878007994 3.918662571187923 7.010000000000001
      vertex 11.115049751243781 5.336626370309856 7.010000000000001
      vertex 11.75 4.236860279185588 7.010000000000001
    endloop
  endfacet
  facet normal 0 0 -1
    outer loop
      vertex 10.423504748063865 3.6874079554101247 7.010000000000001
      vertex 10.094830313922479 4.914037642774725 7.010000000000001
      vertex 10.618788996857798 5.091897649165565 7.010000000000001
    endloop
  endfacet
  facet normal 0 0 -1
    outer loop
      vertex 10.618788996857798 5.091897649165565 7.010000000000001
      vertex 11.115049751243781 5.336626370309856 7.010000000000001
      vertex 11.104758878007994 3.918662571187923 7.010000000000001
    endloop
  endfacet
  facet normal 0 0 -1
    outer loop
      vertex 11.75 4.236860279185588 7.010000000000001
      vertex 11.991132043302796 6.008867956697204 7.010000000000001
      vertex 12 4.403904938665413 7.010000000000001
    endloop
  endfacet
  facet normal 0 0 -1
    outer loop
      vertex 11.75 4.236860279185588 7.010000000000001
      vertex 11.115049751243781 5.336626370309856 7.010000000000001
      vertex 11.575121417983407 5.6440364299372 7.010000000000001
    endloop
  endfacet
  facet normal 0 0 -1
    outer loop
      vertex 11.75 4.236860279185588 7.010000000000001
      vertex 11.575121417983407 5.6440364299372 7.010000000000001
      vertex 11.991132043302796 6.008867956697204 7.010000000000001
    endloop
  endfacet
  facet normal 0 0 -1
    outer loop
      vertex 12 4.403904938665413 7.010000000000001
      vertex 11.991132043302796 6.008867956697204 7.010000000000001
      vertex 12 6.018979923290858 7.010000000000001
    endloop
  endfacet
  facet normal 0.9978589232386035 -0.06540312923014274 0
    outer loop
      vertex 3.5470532624440425 9.717894057210284 7.010000000000001
      vertex 3.5 9 0
      vertex 3.5470532624440425 9.717894057210284 0
    endloop
  endfacet
  facet normal 0.9807852804032303 -0.19509032201612883 0
    outer loop
      vertex 3.6874079554101247 10.423504748063865 7.010000000000001
      vertex 3.5470532624440425 9.717894057210284 0
      vertex 3.6874079554101247 10.423504748063865 0
    endloop
  endfacet
  facet normal 0.9469301294951056 -0.32143946530316164 0
    outer loop
      vertex 3.918662571187923 11.104758878007994 7.010000000000001
      vertex 3.6874079554101247 10.423504748063865 0
      vertex 3.918662571187923 11.104758878007994 0
    endloop
  endfacet
  facet normal 0.8968727415326883 -0.44228869021900125 0
    outer loop
      vertex 4.236860279185588 11.75 7.010000000000001
      vertex 3.918662571187923 11.104758878007994 0
      vertex 4.236860279185588 11.75 0
    endloop
  endfacet
  facet normal 0.8314696123025449 -0.5555702330196028 0
    outer loop
      vertex 4.636556628398207 12.348187859547963 7.010000000000001
      vertex 4.236860279185588 11.75 0
      vertex 4.636556628398207 12.348187859547963 0
    endloop
  endfacet
  facet normal 0.7518398074789779 -0.6593458151000683 0
    outer loop
      vertex 5.110912703473988 12.88908729652601 7.010000000000001
      vertex 4.636556628398207 12.348187859547963 0
      vertex 5.110912703473988 12.88908729652601 0
    endloop
  endfacet
  facet normal 0.659345815100069 -0.7518398074789773 0
    outer loop
      vertex 5.651812140452036 13.363443371601793 7.010000000000001
      vertex 5.110912703473988 12.88908729652601 0
      vertex 5.651812140452036 13.363443371601793 0
    endloop
  endfacet
  facet normal 0.9978589232386035 -0.06540312923014274 0
    outer loop
      vertex 3.5 9 7.010000000000001
      vertex 3.5 9 0
      vertex 3.5470532624440425 9.717894057210284 7.010000000000001
    endloop
  endfacet
  facet normal 0.9807852804032303 -0.19509032201612883 0
    outer loop
      vertex 3.5470532624440425 9.717894057210284 7.010000000000001
      vertex 3.5470532624440425 9.717894057210284 0
      vertex 3.6874079554101247 10.423504748063865 7.010000000000001
    endloop
  endfacet
  facet normal 0.9469301294951056 -0.32143946530316164 0
    outer loop
      vertex 3.6874079554101247 10.423504748063865 7.010000000000001
      vertex 3.6874079554101247 10.423504748063865 0
      vertex 3.918662571187923 11.104758878007994 7.010000000000001
    endloop
  endfacet
  facet normal 0.8968727415326883 -0.44228869021900125 0
    outer loop
      vertex 3.918662571187923 11.104758878007994 7.010000000000001
      vertex 3.918662571187923 11.104758878007994 0
      vertex 4.236860279185588 11.75 7.010000000000001
    endloop
  endfacet
  facet normal 0.8314696123025449 -0.5555702330196028 0
    outer loop
      vertex 4.236860279185588 11.75 7.010000000000001
      vertex 4.236860279185588 11.75 0
      vertex 4.636556628398207 12.348187859547963 7.010000000000001
    endloop
  endfacet
  facet normal 0.7518398074789779 -0.6593458151000683 0
    outer loop
      vertex 4.636556628398207 12.348187859547963 7.010000000000001
      vertex 4.636556628398207 12.348187859547963 0
      vertex 5.110912703473988 12.88908729652601 7.010000000000001
    endloop
  endfacet
  facet normal 0.659345815100069 -0.7518398074789773 0
    outer loop
      vertex 5.110912703473988 12.88908729652601 7.010000000000001
      vertex 5.110912703473988 12.88908729652601 0
      vertex 5.651812140452036 13.363443371601793 7.010000000000001
    endloop
  endfacet
  facet normal 0.5555702330196014 -0.8314696123025458 0
    outer loop
      vertex 5.651812140452036 13.363443371601793 7.010000000000001
      vertex 5.651812140452036 13.363443371601793 0
      vertex 6.25 13.763139720814412 7.010000000000001
    endloop
  endfacet
  facet normal 0.5555702330196014 -0.8314696123025458 0
    outer loop
      vertex 6.25 13.763139720814412 7.010000000000001
      vertex 5.651812140452036 13.363443371601793 0
      vertex 6.25 13.763139720814412 0
    endloop
  endfacet
  facet normal 0.44228869021900225 -0.8968727415326878 0
    outer loop
      vertex 6.895241121992006 14.081337428812077 7.010000000000001
      vertex 6.25 13.763139720814412 0
      vertex 6.895241121992006 14.081337428812077 0
    endloop
  endfacet
  facet normal 0.32143946530316164 -0.9469301294951056 0
    outer loop
      vertex 7.5764952519361355 14.312592044589875 7.010000000000001
      vertex 6.895241121992006 14.081337428812077 0
      vertex 7.5764952519361355 14.312592044589875 0
    endloop
  endfacet
  facet normal 0.19509032201613002 -0.9807852804032301 0
    outer loop
      vertex 8.282105942789716 14.452946737555958 7.010000000000001
      vertex 7.5764952519361355 14.312592044589875 0
      vertex 8.282105942789716 14.452946737555958 0
    endloop
  endfacet
  facet normal 0.06540312923014151 -0.9978589232386035 0
    outer loop
      vertex 9 14.5 7.010000000000001
      vertex 8.282105942789716 14.452946737555958 0
      vertex 9 14.5 0
    endloop
  endfacet
  facet normal 0.44228869021900225 -0.8968727415326878 0
    outer loop
      vertex 6.25 13.763139720814412 7.010000000000001
      vertex 6.25 13.763139720814412 0
      vertex 6.895241121992006 14.081337428812077 7.010000000000001
    endloop
  endfacet
  facet normal 0.32143946530316164 -0.9469301294951056 0
    outer loop
      vertex 6.895241121992006 14.081337428812077 7.010000000000001
      vertex 6.895241121992006 14.081337428812077 0
      vertex 7.5764952519361355 14.312592044589875 7.010000000000001
    endloop
  endfacet
  facet normal 0.19509032201613002 -0.9807852804032301 0
    outer loop
      vertex 7.5764952519361355 14.312592044589875 7.010000000000001
      vertex 7.5764952519361355 14.312592044589875 0
      vertex 8.282105942789716 14.452946737555958 7.010000000000001
    endloop
  endfacet
  facet normal 0.06540312923014151 -0.9978589232386035 0
    outer loop
      vertex 8.282105942789716 14.452946737555958 7.010000000000001
      vertex 8.282105942789716 14.452946737555958 0
      vertex 9 14.5 7.010000000000001
    endloop
  endfacet
  facet normal -0.555570233019602 -0.8314696123025455 0
    outer loop
      vertex 12.348187859547963 13.363443371601793 3
      vertex 11.75 13.763139720814412 0
      vertex 12.348187859547963 13.363443371601793 0
    endloop
  endfacet
  facet normal -0.7518398074789774 -0.6593458151000691 0
    outer loop
      vertex 13.363443371601793 12.348187859547963 3
      vertex 12.88908729652601 12.88908729652601 0
      vertex 13.363443371601793 12.348187859547963 0
    endloop
  endfacet
  facet normal -0.6593458151000691 -0.7518398074789774 0
    outer loop
      vertex 12.88908729652601 12.88908729652601 3
      vertex 12.348187859547963 13.363443371601793 0
      vertex 12.88908729652601 12.88908729652601 0
    endloop
  endfacet
  facet normal -0.8314696123025455 -0.555570233019602 0
    outer loop
      vertex 13.363443371601793 12.348187859547963 3
      vertex 13.363443371601793 12.348187859547963 0
      vertex 13.763139720814412 11.75 3
    endloop
  endfacet
  facet normal -0.7518398074789774 -0.6593458151000691 0
    outer loop
      vertex 13.363443371601793 12.348187859547963 3
      vertex 12.88908729652601 12.88908729652601 3
      vertex 12.88908729652601 12.88908729652601 0
    endloop
  endfacet
  facet normal -0.6593458151000691 -0.7518398074789774 0
    outer loop
      vertex 12.348187859547963 13.363443371601793 3
      vertex 12.348187859547963 13.363443371601793 0
      vertex 12.88908729652601 12.88908729652601 3
    endloop
  endfacet
  facet normal -0.9978589232386036 -0.06540312923014151 0
    outer loop
      vertex 14.5 9 3
      vertex 14.452946737555958 9.717894057210284 0
      vertex 14.5 9 0
    endloop
  endfacet
  facet normal -0.9807852804032301 -0.19509032201613002 0
    outer loop
      vertex 14.452946737555958 9.717894057210284 3
      vertex 14.312592044589875 10.423504748063865 0
      vertex 14.452946737555958 9.717894057210284 0
    endloop
  endfacet
  facet normal -0.9469301294951056 -0.32143946530316164 0
    outer loop
      vertex 14.312592044589875 10.423504748063865 3
      vertex 14.081337428812077 11.104758878007994 0
      vertex 14.312592044589875 10.423504748063865 0
    endloop
  endfacet
  facet normal -0.9978589232386036 -0.06540312923014151 0
    outer loop
      vertex 14.5 9 3
      vertex 14.452946737555958 9.717894057210284 3
      vertex 14.452946737555958 9.717894057210284 0
    endloop
  endfacet
  facet normal -0.9807852804032301 -0.19509032201613002 0
    outer loop
      vertex 14.312592044589875 10.423504748063865 3
      vertex 14.312592044589875 10.423504748063865 0
      vertex 14.452946737555958 9.717894057210284 3
    endloop
  endfacet
  facet normal -0.9469301294951056 -0.32143946530316164 0
    outer loop
      vertex 14.312592044589875 10.423504748063865 3
      vertex 14.081337428812077 11.104758878007994 3
      vertex 14.081337428812077 11.104758878007994 0
    endloop
  endfacet
  facet normal -0.8968727415326878 -0.44228869021900225 0
    outer loop
      vertex 14.081337428812077 11.104758878007994 3
      vertex 13.763139720814412 11.75 0
      vertex 14.081337428812077 11.104758878007994 0
    endloop
  endfacet
  facet normal -0.8314696123025455 -0.555570233019602 0
    outer loop
      vertex 13.763139720814412 11.75 3
      vertex 13.363443371601793 12.348187859547963 0
      vertex 13.763139720814412 11.75 0
    endloop
  endfacet
  facet normal -0.8968727415326878 -0.44228869021900225 0
    outer loop
      vertex 14.081337428812077 11.104758878007994 3
      vertex 13.763139720814412 11.75 3
      vertex 13.763139720814412 11.75 0
    endloop
  endfacet
  facet normal -0.06540312923014151 -0.9978589232386035 0
    outer loop
      vertex 9.717894057210284 14.452946737555958 7.010000000000001
      vertex 9 14.5 0
      vertex 9.717894057210284 14.452946737555958 0
    endloop
  endfacet
  facet normal -0.19509032201613002 -0.9807852804032301 0
    outer loop
      vertex 10.423504748063865 14.312592044589875 7.010000000000001
      vertex 9.717894057210284 14.452946737555958 0
      vertex 10.423504748063865 14.312592044589875 0
    endloop
  endfacet
  facet normal -0.32143946530316164 -0.9469301294951056 0
    outer loop
      vertex 11.104758878007994 14.081337428812077 7.010000000000001
      vertex 10.423504748063865 14.312592044589875 0
      vertex 11.104758878007994 14.081337428812077 0
    endloop
  endfacet
  facet normal -0.5555702330196025 -0.831469612302545 1.5465351001827388e-16
    outer loop
      vertex 12.348187859547963 13.363443371601793 3
      vertex 12 13.596095061334587 3
      vertex 11.75 13.763139720814412 0
    endloop
  endfacet
  facet normal -0.44228869021900225 -0.8968727415326878 0
    outer loop
      vertex 11.75 13.763139720814412 7.010000000000001
      vertex 11.104758878007994 14.081337428812077 0
      vertex 11.75 13.763139720814412 0
    endloop
  endfacet
  facet normal -0.5555702330196012 -0.831469612302546 0
    outer loop
      vertex 12 13.596095061334587 3
      vertex 12 13.596095061334587 7.010000000000001
      vertex 11.75 13.763139720814412 0
    endloop
  endfacet
  facet normal -0.06540312923014151 -0.9978589232386035 0
    outer loop
      vertex 9 14.5 7.010000000000001
      vertex 9 14.5 0
      vertex 9.717894057210284 14.452946737555958 7.010000000000001
    endloop
  endfacet
  facet normal -0.19509032201613002 -0.9807852804032301 0
    outer loop
      vertex 9.717894057210284 14.452946737555958 7.010000000000001
      vertex 9.717894057210284 14.452946737555958 0
      vertex 10.423504748063865 14.312592044589875 7.010000000000001
    endloop
  endfacet
  facet normal -0.32143946530316164 -0.9469301294951056 0
    outer loop
      vertex 10.423504748063865 14.312592044589875 7.010000000000001
      vertex 10.423504748063865 14.312592044589875 0
      vertex 11.104758878007994 14.081337428812077 7.010000000000001
    endloop
  endfacet
  facet normal -0.44228869021900225 -0.8968727415326878 0
    outer loop
      vertex 11.75 13.763139720814412 7.010000000000001
      vertex 11.104758878007994 14.081337428812077 7.010000000000001
      vertex 11.104758878007994 14.081337428812077 0
    endloop
  endfacet
  facet normal -0.5555702330196012 -0.831469612302546 0
    outer loop
      vertex 12 13.596095061334587 7.010000000000001
      vertex 11.75 13.763139720814412 7.010000000000001
      vertex 11.75 13.763139720814412 0
    endloop
  endfacet
  facet normal 0 0 -1
    outer loop
      vertex 3.5470532624440425 8.282105942789716 7.010000000000001
      vertex 3.5 9 7.010000000000001
      vertex 3.5470532624440425 9.717894057210284 7.010000000000001
    endloop
  endfacet
  facet normal 0 0 -1
    outer loop
      vertex 3.6874079554101247 7.5764952519361355 7.010000000000001
      vertex 3.5470532624440425 9.717894057210284 7.010000000000001
      vertex 3.6874079554101247 10.423504748063865 7.010000000000001
    endloop
  endfacet
  facet normal 0 0 -1
    outer loop
      vertex 3.918662571187923 6.895241121992006 7.010000000000001
      vertex 3.6874079554101247 10.423504748063865 7.010000000000001
      vertex 3.918662571187923 11.104758878007994 7.010000000000001
    endloop
  endfacet
  facet normal 0 0 -1
    outer loop
      vertex 4.236860279185588 6.25 7.010000000000001
      vertex 3.918662571187923 11.104758878007994 7.010000000000001
      vertex 4.236860279185588 11.75 7.010000000000001
    endloop
  endfacet
  facet normal 0 0 -1
    outer loop
      vertex 4.636556628398207 5.651812140452036 7.010000000000001
      vertex 4.636556628398207 12.348187859547963 7.010000000000001
      vertex 4.769900497512438 9 7.010000000000001
    endloop
  endfacet
  facet normal 0 0 -1
    outer loop
      vertex 4.636556628398207 5.651812140452036 7.010000000000001
      vertex 4.236860279185588 11.75 7.010000000000001
      vertex 4.636556628398207 12.348187859547963 7.010000000000001
    endloop
  endfacet
  facet normal 0 0 -1
    outer loop
      vertex 4.769900497512438 9 7.010000000000001
      vertex 4.636556628398207 12.348187859547963 7.010000000000001
      vertex 4.806089585158795 9.552138780771635 7.010000000000001
    endloop
  endfacet
  facet normal 0 0 -1
    outer loop
      vertex 4.806089585158795 9.552138780771635 7.010000000000001
      vertex 4.636556628398207 12.348187859547963 7.010000000000001
      vertex 4.914037642774725 10.094830313922479 7.010000000000001
    endloop
  endfacet
  facet normal 0 0 -1
    outer loop
      vertex 4.914037642774725 10.094830313922479 7.010000000000001
      vertex 4.636556628398207 12.348187859547963 7.010000000000001
      vertex 5.091897649165565 10.618788996857798 7.010000000000001
    endloop
  endfacet
  facet normal 0 0 -1
    outer loop
      vertex 5.091897649165565 10.618788996857798 7.010000000000001
      vertex 5.110912703473988 12.88908729652601 7.010000000000001
      vertex 5.336626370309856 11.115049751243781 7.010000000000001
    endloop
  endfacet
  facet normal 0 0 -1
    outer loop
      vertex 5.091897649165565 10.618788996857798 7.010000000000001
      vertex 4.636556628398207 12.348187859547963 7.010000000000001
      vertex 5.110912703473988 12.88908729652601 7.010000000000001
    endloop
  endfacet
  facet normal 0 0 -1
    outer loop
      vertex 5.336626370309856 11.115049751243781 7.010000000000001
      vertex 5.110912703473988 12.88908729652601 7.010000000000001
      vertex 5.6440364299372 11.575121417983407 7.010000000000001
    endloop
  endfacet
  facet normal 0 0 -1
    outer loop
      vertex 5.6440364299372 11.575121417983407 7.010000000000001
      vertex 5.651812140452036 13.363443371601793 7.010000000000001
      vertex 6.008867956697204 11.991132043302796 7.010000000000001
    endloop
  endfacet
  facet normal 0 0 -1
    outer loop
      vertex 5.110912703473988 12.88908729652601 7.010000000000001
      vertex 5.651812140452036 13.363443371601793 7.010000000000001
      vertex 5.6440364299372 11.575121417983407 7.010000000000001
    endloop
  endfacet
  facet normal 0 0 -1
    outer loop
      vertex 6.008867956697204 11.991132043302796 7.010000000000001
      vertex 6.25 13.763139720814412 7.010000000000001
      vertex 6.424878582016594 12.3559635700628 7.010000000000001
    endloop
  endfacet
  facet normal 0 0 -1
    outer loop
      vertex 6.424878582016594 12.3559635700628 7.010000000000001
      vertex 6.25 13.763139720814412 7.010000000000001
      vertex 6.884950248756219 12.663373629690144 7.010000000000001
    endloop
  endfacet
  facet normal 0 0 -1
    outer loop
      vertex 6.008867956697204 11.991132043302796 7.010000000000001
      vertex 5.651812140452036 13.363443371601793 7.010000000000001
      vertex 6.25 13.763139720814412 7.010000000000001
    endloop
  endfacet
  facet normal 0 0 -1
    outer loop
      vertex 6.884950248756219 12.663373629690144 7.010000000000001
      vertex 6.895241121992006 14.081337428812077 7.010000000000001
      vertex 7.381211003142202 12.908102350834435 7.010000000000001
    endloop
  endfacet
  facet normal 0 0 -1
    outer loop
      vertex 7.381211003142202 12.908102350834435 7.010000000000001
      vertex 7.5764952519361355 14.312592044589875 7.010000000000001
      vertex 7.905169686077521 13.085962357225274 7.010000000000001
    endloop
  endfacet
  facet normal 0 0 -1
    outer loop
      vertex 6.884950248756219 12.663373629690144 7.010000000000001
      vertex 6.25 13.763139720814412 7.010000000000001
      vertex 6.895241121992006 14.081337428812077 7.010000000000001
    endloop
  endfacet
  facet normal 0 0 -1
    outer loop
      vertex 7.381211003142202 12.908102350834435 7.010000000000001
      vertex 6.895241121992006 14.081337428812077 7.010000000000001
      vertex 7.5764952519361355 14.312592044589875 7.010000000000001
    endloop
  endfacet
  facet normal 0 0 -1
    outer loop
      vertex 7.905169686077521 13.085962357225274 7.010000000000001
      vertex 8.282105942789716 14.452946737555958 7.010000000000001
      vertex 8.447861219228365 13.193910414841206 7.010000000000001
    endloop
  endfacet
  facet normal 0 0 -1
    outer loop
      vertex 7.905169686077521 13.085962357225274 7.010000000000001
      vertex 7.5764952519361355 14.312592044589875 7.010000000000001
      vertex 8.282105942789716 14.452946737555958 7.010000000000001
    endloop
  endfacet
  facet normal 0 0 -1
    outer loop
      vertex 8.447861219228365 13.193910414841206 7.010000000000001
      vertex 9 14.5 7.010000000000001
      vertex 9 13.230099502487562 7.010000000000001
    endloop
  endfacet
  facet normal 0 0 -1
    outer loop
      vertex 8.447861219228365 13.193910414841206 7.010000000000001
      vertex 8.282105942789716 14.452946737555958 7.010000000000001
      vertex 9 14.5 7.010000000000001
    endloop
  endfacet
  facet normal 0 0 -1
    outer loop
      vertex 10.094830313922479 13.085962357225274 7.010000000000001
      vertex 11.104758878007994 14.081337428812077 7.010000000000001
      vertex 10.618788996857798 12.908102350834435 7.010000000000001
    endloop
  endfacet
  facet normal 0 0 -1
    outer loop
      vertex 10.618788996857798 12.908102350834435 7.010000000000001
      vertex 11.104758878007994 14.081337428812077 7.010000000000001
      vertex 11.115049751243781 12.663373629690144 7.010000000000001
    endloop
  endfacet
  facet normal 0 0 -1
    outer loop
      vertex 11.115049751243781 12.663373629690144 7.010000000000001
      vertex 11.75 13.763139720814412 7.010000000000001
      vertex 11.575121417983407 12.3559635700628 7.010000000000001
    endloop
  endfacet
  facet normal 0 0 -1
    outer loop
      vertex 11.575121417983407 12.3559635700628 7.010000000000001
      vertex 12 13.596095061334587 7.010000000000001
      vertex 11.991132043302796 11.991132043302796 7.010000000000001
    endloop
  endfacet
  facet normal 0 0 -1
    outer loop
      vertex 11.991132043302796 11.991132043302796 7.010000000000001
      vertex 12 13.596095061334587 7.010000000000001
      vertex 12 11.981020076709143 7.010000000000001
    endloop
  endfacet
  facet normal 0 0 -1
    outer loop
      vertex 11.575121417983407 12.3559635700628 7.010000000000001
      vertex 11.75 13.763139720814412 7.010000000000001
      vertex 12 13.596095061334587 7.010000000000001
    endloop
  endfacet
  facet normal 0 0 -1
    outer loop
      vertex 9 13.230099502487562 7.010000000000001
      vertex 9.717894057210284 14.452946737555958 7.010000000000001
      vertex 9.552138780771635 13.193910414841206 7.010000000000001
    endloop
  endfacet
  facet normal 0 0 -1
    outer loop
      vertex 9 13.230099502487562 7.010000000000001
      vertex 9 14.5 7.010000000000001
      vertex 9.717894057210284 14.452946737555958 7.010000000000001
    endloop
  endfacet
  facet normal 0 0 -1
    outer loop
      vertex 9.552138780771635 13.193910414841206 7.010000000000001
      vertex 10.423504748063865 14.312592044589875 7.010000000000001
      vertex 10.094830313922479 13.085962357225274 7.010000000000001
    endloop
  endfacet
  facet normal 0 0 -1
    outer loop
      vertex 9.552138780771635 13.193910414841206 7.010000000000001
      vertex 9.717894057210284 14.452946737555958 7.010000000000001
      vertex 10.423504748063865 14.312592044589875 7.010000000000001
    endloop
  endfacet
  facet normal 0 0 -1
    outer loop
      vertex 10.094830313922479 13.085962357225274 7.010000000000001
      vertex 10.423504748063865 14.312592044589875 7.010000000000001
      vertex 11.104758878007994 14.081337428812077 7.010000000000001
    endloop
  endfacet
  facet normal 0 0 -1
    outer loop
      vertex 11.115049751243781 12.663373629690144 7.010000000000001
      vertex 11.104758878007994 14.081337428812077 7.010000000000001
      vertex 11.75 13.763139720814412 7.010000000000001
    endloop
  endfacet
  facet normal 0 0 -1
    outer loop
      vertex 0 0 0
      vertex 6.25 4.236860279185588 0
      vertex 6.895241121992006 3.918662571187923 0
    endloop
  endfacet
  facet normal 0 0 -1
    outer loop
      vertex 0 0 0
      vertex 5.110912703473988 5.110912703473988 0
      vertex 5.651812140452036 4.636556628398207 0
    endloop
  endfacet
  facet normal 0 0 -1
    outer loop
      vertex 0 0 0
      vertex 5.651812140452036 4.636556628398207 0
      vertex 6.25 4.236860279185588 0
    endloop
  endfacet
  facet normal 0 0 -1
    outer loop
      vertex 0 0 0
      vertex 4.636556628398207 5.651812140452036 0
      vertex 5.110912703473988 5.110912703473988 0
    endloop
  endfacet
  facet normal 0 0 -1
    outer loop
      vertex 0 0 0
      vertex 3.918662571187923 6.895241121992006 0
      vertex 4.236860279185588 6.25 0
    endloop
  endfacet
  facet normal 0 0 -1
    outer loop
      vertex 0 0 0
      vertex 4.236860279185588 6.25 0
      vertex 4.636556628398207 5.651812140452036 0
    endloop
  endfacet
  facet normal 0 0 -1
    outer loop
      vertex 0 0 0
      vertex 6.895241121992006 3.918662571187923 0
      vertex 7.5764952519361355 3.6874079554101247 0
    endloop
  endfacet
  facet normal 0 0 -1
    outer loop
      vertex 0 0 0
      vertex 7.5764952519361355 3.6874079554101247 0
      vertex 8.282105942789716 3.5470532624440425 0
    endloop
  endfacet
  facet normal 0 0 -1
    outer loop
      vertex 0 0 0
      vertex 8.282105942789716 3.5470532624440425 0
      vertex 9 3.5 0
    endloop
  endfacet
  facet normal 0 -1 0
    outer loop
      vertex 0 0 0
      vertex 12 0 3
      vertex 12 0 8
    endloop
  endfacet
  facet normal 0 0 -1
    outer loop
      vertex 0 0 0
      vertex 3.6874079554101247 7.5764952519361355 0
      vertex 3.918662571187923 6.895241121992006 0
    endloop
  endfacet
  facet normal 0 0 -1
    outer loop
      vertex 0 0 0
      vertex 0 18 0
      vertex 3.6874079554101247 7.5764952519361355 0
    endloop
  endfacet
  facet normal 0 0 -1
    outer loop
      vertex 0 0 0
      vertex 9 3.5 0
      vertex 27 3.5 0
    endloop
  endfacet
  facet normal 0 -1 0
    outer loop
      vertex 0 0 0
      vertex 36 0 0
      vertex 12 0 3
    endloop
  endfacet
  facet normal 0 0 -1
    outer loop
      vertex 9 3.5 0
      vertex 9.717894057210284 3.5470532624440425 0
      vertex 27 3.5 0
    endloop
  endfacet
  facet normal 0 0 -1
    outer loop
      vertex 9.717894057210284 3.5470532624440425 0
      vertex 10.423504748063865 3.6874079554101247 0
      vertex 26.282105942789716 3.5470532624440425 0
    endloop
  endfacet
  facet normal 0 0 -1
    outer loop
      vertex 10.423504748063865 3.6874079554101247 0
      vertex 11.104758878007994 3.918662571187923 0
      vertex 25.576495251936137 3.6874079554101247 0
    endloop
  endfacet
  facet normal 0 0 -1
    outer loop
      vertex 11.104758878007994 3.918662571187923 0
      vertex 11.75 4.236860279185588 0
      vertex 24.895241121992008 3.918662571187923 0
    endloop
  endfacet
  facet normal 0 0 -1
    outer loop
      vertex 11.75 4.236860279185588 0
      vertex 12.348187859547963 4.636556628398207 0
      vertex 24.25 4.236860279185588 0
    endloop
  endfacet
  facet normal 0 0 -1
    outer loop
      vertex 12.348187859547963 4.636556628398207 0
      vertex 12.88908729652601 5.110912703473988 0
      vertex 23.651812140452037 4.636556628398207 0
    endloop
  endfacet
  facet normal 0 0 -1
    outer loop
      vertex 12.88908729652601 5.110912703473988 0
      vertex 13.363443371601793 5.651812140452036 0
      vertex 23.11091270347399 5.110912703473988 0
    endloop
  endfacet
  facet normal 0 0 -1
    outer loop
      vertex 13.363443371601793 5.651812140452036 0
      vertex 13.763139720814412 6.25 0
      vertex 22.636556628398207 5.651812140452036 0
    endloop
  endfacet
  facet normal 0 0 -1
    outer loop
      vertex 13.763139720814412 6.25 0
      vertex 14.081337428812077 6.895241121992006 0
      vertex 22.23686027918559 6.25 0
    endloop
  endfacet
  facet normal 0 0 -1
    outer loop
      vertex 14.081337428812077 6.895241121992006 0
      vertex 14.312592044589875 7.5764952519361355 0
      vertex 21.918662571187923 6.895241121992006 0
    endloop
  endfacet
  facet normal 0 0 -1
    outer loop
      vertex 21.687407955410123 10.423504748063865 0
      vertex 14.312592044589875 7.5764952519361355 0
      vertex 14.452946737555958 8.282105942789716 0
    endloop
  endfacet
  facet normal 0 -1 0
    outer loop
      vertex 0 0 0
      vertex 12 0 8
      vertex 0 0 12
    endloop
  endfacet
  facet normal -1 0 0
    outer loop
      vertex 0 0 0
      vertex 0 0 12
      vertex 0 18 12
    endloop
  endfacet
  facet normal 0 0 1
    outer loop
      vertex 0 0 12
      vertex 6.921271051849605 8.138962277178548 12
      vertex 0 18 12
    endloop
  endfacet
  facet normal 0 0 1
    outer loop
      vertex 0 0 12
      vertex 7.630286784730378 7.214954984344721 12
      vertex 7.409009742330268 7.409009742330268 12
    endloop
  endfacet
  facet normal 0 0 1
    outer loop
      vertex 0 0 12
      vertex 7.409009742330268 7.409009742330268 12
      vertex 7.214954984344721 7.630286784730378 12
    endloop
  endfacet
  facet normal 0 0 1
    outer loop
      vertex 0 0 12
      vertex 7.875 7.051442841485013 12
      vertex 7.630286784730378 7.214954984344721 12
    endloop
  endfacet
  facet normal 0 0 1
    outer loop
      vertex 0 0 12
      vertex 8.138962277178548 6.921271051849605 12
      vertex 7.875 7.051442841485013 12
    endloop
  endfacet
  facet normal 0 0 1
    outer loop
      vertex 0 0 12
      vertex 8.417657148519329 6.826666890849596 12
      vertex 8.138962277178548 6.921271051849605 12
    endloop
  endfacet
  facet normal 0 0 1
    outer loop
      vertex 0 0 12
      vertex 7.214954984344721 7.630286784730378 12
      vertex 7.051442841485013 7.875 12
    endloop
  endfacet
  facet normal 0 0 1
    outer loop
      vertex 0 0 12
      vertex 7.051442841485013 7.875 12
      vertex 6.921271051849605 8.138962277178548 12
    endloop
  endfacet
  facet normal 0 0 1
    outer loop
      vertex 0 0 12
      vertex 8.706316067504885 6.769249061908926 12
      vertex 8.417657148519329 6.826666890849596 12
    endloop
  endfacet
  facet normal 0 0 1
    outer loop
      vertex 0 0 12
      vertex 9 6.75 12
      vertex 8.706316067504885 6.769249061908926 12
    endloop
  endfacet
  facet normal 0 0 1
    outer loop
      vertex 0 0 12
      vertex 9.293683932495115 6.769249061908926 12
      vertex 9 6.75 12
    endloop
  endfacet
  facet normal 0 0 1
    outer loop
      vertex 0 0 12
      vertex 9.582342851480671 6.826666890849596 12
      vertex 9.293683932495115 6.769249061908926 12
    endloop
  endfacet
  facet normal 0 0 1
    outer loop
      vertex 0 0 12
      vertex 9.861037722821452 6.921271051849605 12
      vertex 9.582342851480671 6.826666890849596 12
    endloop
  endfacet
  facet normal 0 0 1
    outer loop
      vertex 0 0 12
      vertex 10.125 7.051442841485013 12
      vertex 9.861037722821452 6.921271051849605 12
    endloop
  endfacet
  facet normal 0 0 1
    outer loop
      vertex 0 0 12
      vertex 10.369713215269622 7.214954984344721 12
      vertex 10.125 7.051442841485013 12
    endloop
  endfacet
  facet normal 0 -1 0
    outer loop
      vertex 0 0 12
      vertex 12 0 8
      vertex 24 0 8
    endloop
  endfacet
  facet normal 0 0 1
    outer loop
      vertex 0 0 12
      vertex 36 0 12
      vertex 10.369713215269622 7.214954984344721 12
    endloop
  endfacet
  facet normal 0 0 -1
    outer loop
      vertex 0 18 0
      vertex 3.5470532624440425 8.282105942789716 0
      vertex 3.6874079554101247 7.5764952519361355 0
    endloop
  endfacet
  facet normal 0 0 -1
    outer loop
      vertex 0 18 0
      vertex 3.5 9 0
      vertex 3.5470532624440425 8.282105942789716 0
    endloop
  endfacet
  facet normal 0 0 -1
    outer loop
      vertex 0 18 0
      vertex 3.5470532624440425 9.717894057210284 0
      vertex 3.5 9 0
    endloop
  endfacet
  facet normal 0 0 -1
    outer loop
      vertex 0 18 0
      vertex 3.6874079554101247 10.423504748063865 0
      vertex 3.5470532624440425 9.717894057210284 0
    endloop
  endfacet
  facet normal 0 0 -1
    outer loop
      vertex 0 18 0
      vertex 3.918662571187923 11.104758878007994 0
      vertex 3.6874079554101247 10.423504748063865 0
    endloop
  endfacet
  facet normal -1 0 0
    outer loop
      vertex 0 0 0
      vertex 0 18 12
      vertex 0 18 0
    endloop
  endfacet
  facet normal 0 0 -1
    outer loop
      vertex 0 18 0
      vertex 4.236860279185588 11.75 0
      vertex 3.918662571187923 11.104758878007994 0
    endloop
  endfacet
  facet normal 0 0 -1
    outer loop
      vertex 0 18 0
      vertex 4.636556628398207 12.348187859547963 0
      vertex 4.236860279185588 11.75 0
    endloop
  endfacet
  facet normal 0 0 -1
    outer loop
      vertex 0 18 0
      vertex 5.110912703473988 12.88908729652601 0
      vertex 4.636556628398207 12.348187859547963 0
    endloop
  endfacet
  facet normal 0 0 -1
    outer loop
      vertex 0 18 0
      vertex 5.651812140452036 13.363443371601793 0
      vertex 5.110912703473988 12.88908729652601 0
    endloop
  endfacet
  facet normal 0 0 -1
    outer loop
      vertex 0 18 0
      vertex 6.25 13.763139720814412 0
      vertex 5.651812140452036 13.363443371601793 0
    endloop
  endfacet
  facet normal 0 0 -1
    outer loop
      vertex 0 18 0
      vertex 6.895241121992006 14.081337428812077 0
      vertex 6.25 13.763139720814412 0
    endloop
  endfacet
  facet normal 0 0 -1
    outer loop
      vertex 0 18 0
      vertex 7.5764952519361355 14.312592044589875 0
      vertex 6.895241121992006 14.081337428812077 0
    endloop
  endfacet
  facet normal 0 0 -1
    outer loop
      vertex 0 18 0
      vertex 8.282105942789716 14.452946737555958 0
      vertex 7.5764952519361355 14.312592044589875 0
    endloop
  endfacet
  facet normal 0 0 -1
    outer loop
      vertex 0 18 0
      vertex 9 14.5 0
      vertex 8.282105942789716 14.452946737555958 0
    endloop
  endfacet
  facet normal 0 1 0
    outer loop
      vertex 0 18 0
      vertex 12 18 8
      vertex 12 18 3
    endloop
  endfacet
  facet normal 0 0 -1
    outer loop
      vertex 21.687407955410123 10.423504748063865 0
      vertex 14.452946737555958 8.282105942789716 0
      vertex 14.5 9 0
    endloop
  endfacet
  facet normal 0 0 -1
    outer loop
      vertex 21.687407955410123 10.423504748063865 0
      vertex 14.5 9 0
      vertex 14.452946737555958 9.717894057210284 0
    endloop
  endfacet
  facet normal 0 0 -1
    outer loop
      vertex 21.687407955410123 10.423504748063865 0
      vertex 14.452946737555958 9.717894057210284 0
      vertex 14.312592044589875 10.423504748063865 0
    endloop
  endfacet
  facet normal 0 0 -1
    outer loop
      vertex 21.687407955410123 10.423504748063865 0
      vertex 14.312592044589875 10.423504748063865 0
      vertex 14.081337428812077 11.104758878007994 0
    endloop
  endfacet
  facet normal 0 0 -1
    outer loop
      vertex 14.081337428812077 11.104758878007994 0
      vertex 13.763139720814412 11.75 0
      vertex 21.918662571187923 11.104758878007994 0
    endloop
  endfacet
  facet normal 0 0 -1
    outer loop
      vertex 13.763139720814412 11.75 0
      vertex 13.363443371601793 12.348187859547963 0
      vertex 22.23686027918559 11.75 0
    endloop
  endfacet
  facet normal 0 0 -1
    outer loop
      vertex 13.363443371601793 12.348187859547963 0
      vertex 12.88908729652601 12.88908729652601 0
      vertex 22.636556628398207 12.348187859547963 0
    endloop
  endfacet
  facet normal 0 0 -1
    outer loop
      vertex 12.88908729652601 12.88908729652601 0
      vertex 12.348187859547963 13.363443371601793 0
      vertex 23.11091270347399 12.88908729652601 0
    endloop
  endfacet
  facet normal 0 0 -1
    outer loop
      vertex 12.348187859547963 13.363443371601793 0
      vertex 11.75 13.763139720814412 0
      vertex 23.651812140452037 13.363443371601793 0
    endloop
  endfacet
  facet normal 0 1 0
    outer loop
      vertex 0 18 0
      vertex 12 18 3
      vertex 24 18 3
    endloop
  endfacet
  facet normal 0 0 -1
    outer loop
      vertex 11.104758878007994 14.081337428812077 0
      vertex 24.25 13.763139720814412 0
      vertex 11.75 13.763139720814412 0
    endloop
  endfacet
  facet normal 0 0 -1
    outer loop
      vertex 9.717894057210284 14.452946737555958 0
      vertex 9 14.5 0
      vertex 26.282105942789716 14.452946737555958 0
    endloop
  endfacet
  facet normal 0 0 -1
    outer loop
      vertex 11.104758878007994 14.081337428812077 0
      vertex 10.423504748063865 14.312592044589875 0
      vertex 24.895241121992008 14.081337428812077 0
    endloop
  endfacet
  facet normal 0 0 -1
    outer loop
      vertex 10.423504748063865 14.312592044589875 0
      vertex 9.717894057210284 14.452946737555958 0
      vertex 25.576495251936137 14.312592044589875 0
    endloop
  endfacet
  facet normal 0 0 -1
    outer loop
      vertex 0 18 0
      vertex 36 18 0
      vertex 9 14.5 0
    endloop
  endfacet
  facet normal 0 0 1
    outer loop
      vertex 0 18 12
      vertex 6.921271051849605 8.138962277178548 12
      vertex 6.826666890849596 8.417657148519329 12
    endloop
  endfacet
  facet normal 0 0 1
    outer loop
      vertex 0 18 12
      vertex 6.826666890849596 8.417657148519329 12
      vertex 6.769249061908926 8.706316067504885 12
    endloop
  endfacet
  facet normal 0 0 1
    outer loop
      vertex 0 18 12
      vertex 6.769249061908926 8.706316067504885 12
      vertex 6.75 9 12
    endloop
  endfacet
  facet normal 0 0 1
    outer loop
      vertex 0 18 12
      vertex 6.75 9 12
      vertex 6.769249061908926 9.293683932495115 12
    endloop
  endfacet
  facet normal 0 0 1
    outer loop
      vertex 0 18 12
      vertex 6.769249061908926 9.293683932495115 12
      vertex 6.826666890849596 9.582342851480671 12
    endloop
  endfacet
  facet normal 0 0 1
    outer loop
      vertex 0 18 12
      vertex 6.826666890849596 9.582342851480671 12
      vertex 6.921271051849605 9.861037722821452 12
    endloop
  endfacet
  facet normal 0 0 1
    outer loop
      vertex 0 18 12
      vertex 6.921271051849605 9.861037722821452 12
      vertex 7.051442841485013 10.125 12
    endloop
  endfacet
  facet normal 0 0 1
    outer loop
      vertex 0 18 12
      vertex 7.051442841485013 10.125 12
      vertex 7.214954984344721 10.369713215269622 12
    endloop
  endfacet
  facet normal 0 0 1
    outer loop
      vertex 0 18 12
      vertex 7.214954984344721 10.369713215269622 12
      vertex 7.409009742330268 10.590990257669732 12
    endloop
  endfacet
  facet normal 0 0 1
    outer loop
      vertex 0 18 12
      vertex 7.409009742330268 10.590990257669732 12
      vertex 7.630286784730378 10.785045015655278 12
    endloop
  endfacet
  facet normal 0 0 1
    outer loop
      vertex 0 18 12
      vertex 7.630286784730378 10.785045015655278 12
      vertex 7.875 10.948557158514987 12
    endloop
  endfacet
  facet normal 0 0 1
    outer loop
      vertex 0 18 12
      vertex 7.875 10.948557158514987 12
      vertex 8.138962277178548 11.078728948150395 12
    endloop
  endfacet
  facet normal 0 0 1
    outer loop
      vertex 0 18 12
      vertex 8.138962277178548 11.078728948150395 12
      vertex 8.417657148519329 11.173333109150404 12
    endloop
  endfacet
  facet normal 0 0 1
    outer loop
      vertex 0 18 12
      vertex 8.417657148519329 11.173333109150404 12
      vertex 8.706316067504885 11.230750938091074 12
    endloop
  endfacet
  facet normal 0 0 1
    outer loop
      vertex 0 18 12
      vertex 8.706316067504885 11.230750938091074 12
      vertex 9 11.25 12
    endloop
  endfacet
  facet normal 0 0 1
    outer loop
      vertex 0 18 12
      vertex 9 11.25 12
      vertex 9.293683932495115 11.230750938091074 12
    endloop
  endfacet
  facet normal 0 0 1
    outer loop
      vertex 0 18 12
      vertex 9.293683932495115 11.230750938091074 12
      vertex 9.582342851480671 11.173333109150404 12
    endloop
  endfacet
  facet normal 0 0 1
    outer loop
      vertex 0 18 12
      vertex 9.861037722821452 11.078728948150395 12
      vertex 10.125 10.948557158514987 12
    endloop
  endfacet
  facet normal 0 0 1
    outer loop
      vertex 0 18 12
      vertex 9.582342851480671 11.173333109150404 12
      vertex 9.861037722821452 11.078728948150395 12
    endloop
  endfacet
  facet normal 0 0 1
    outer loop
      vertex 0 18 12
      vertex 10.125 10.948557158514987 12
      vertex 10.369713215269622 10.785045015655278 12
    endloop
  endfacet
  facet normal 0 1 0
    outer loop
      vertex 0 18 0
      vertex 0 18 12
      vertex 12 18 8
    endloop
  endfacet
  facet normal 0 0 1
    outer loop
      vertex 0 18 12
      vertex 10.369713215269622 10.785045015655278 12
      vertex 36 0 12
    endloop
  endfacet
  facet normal 0 0 1
    outer loop
      vertex 0 18 12
      vertex 25.40900974233027 7.409009742330268 12
      vertex 25.214954984344722 7.630286784730378 12
    endloop
  endfacet
  facet normal 0 0 1
    outer loop
      vertex 0 18 12
      vertex 25.214954984344722 7.630286784730378 12
      vertex 25.051442841485013 7.875 12
    endloop
  endfacet
  facet normal 0 0 1
    outer loop
      vertex 0 18 12
      vertex 25.63028678473038 7.214954984344721 12
      vertex 25.40900974233027 7.409009742330268 12
    endloop
  endfacet
  facet normal 0 0 1
    outer loop
      vertex 0 18 12
      vertex 24.921271051849605 8.138962277178548 12
      vertex 24.826666890849594 8.417657148519329 12
    endloop
  endfacet
  facet normal 0 0 1
    outer loop
      vertex 0 18 12
      vertex 25.051442841485013 7.875 12
      vertex 24.921271051849605 8.138962277178548 12
    endloop
  endfacet
  facet normal 0 0 1
    outer loop
      vertex 0 18 12
      vertex 24.826666890849594 8.417657148519329 12
      vertex 24.769249061908926 8.706316067504885 12
    endloop
  endfacet
  facet normal 0 0 1
    outer loop
      vertex 0 18 12
      vertex 24.769249061908926 8.706316067504885 12
      vertex 24.75 9 12
    endloop
  endfacet
  facet normal 0 0 1
    outer loop
      vertex 0 18 12
      vertex 24.75 9 12
      vertex 24.769249061908926 9.293683932495115 12
    endloop
  endfacet
  facet normal 0 0 1
    outer loop
      vertex 0 18 12
      vertex 24.769249061908926 9.293683932495115 12
      vertex 24.826666890849594 9.582342851480671 12
    endloop
  endfacet
  facet normal 0 0 1
    outer loop
      vertex 0 18 12
      vertex 24.826666890849594 9.582342851480671 12
      vertex 24.921271051849605 9.861037722821452 12
    endloop
  endfacet
  facet normal 0 0 1
    outer loop
      vertex 0 18 12
      vertex 24.921271051849605 9.861037722821452 12
      vertex 25.051442841485013 10.125 12
    endloop
  endfacet
  facet normal 0 0 1
    outer loop
      vertex 0 18 12
      vertex 25.051442841485013 10.125 12
      vertex 25.214954984344722 10.369713215269622 12
    endloop
  endfacet
  facet normal 0 0 1
    outer loop
      vertex 0 18 12
      vertex 25.214954984344722 10.369713215269622 12
      vertex 25.40900974233027 10.590990257669732 12
    endloop
  endfacet
  facet normal 0 0 1
    outer loop
      vertex 0 18 12
      vertex 25.40900974233027 10.590990257669732 12
      vertex 25.63028678473038 10.785045015655278 12
    endloop
  endfacet
  facet normal 0 0 1
    outer loop
      vertex 0 18 12
      vertex 25.63028678473038 10.785045015655278 12
      vertex 25.875 10.948557158514987 12
    endloop
  endfacet
  facet normal 0 0 1
    outer loop
      vertex 0 18 12
      vertex 25.875 10.948557158514987 12
      vertex 26.13896227717855 11.078728948150395 12
    endloop
  endfacet
  facet normal 0 0 1
    outer loop
      vertex 0 18 12
      vertex 26.13896227717855 11.078728948150395 12
      vertex 26.41765714851933 11.173333109150404 12
    endloop
  endfacet
  facet normal 0 0 1
    outer loop
      vertex 0 18 12
      vertex 26.41765714851933 11.173333109150404 12
      vertex 26.706316067504883 11.230750938091074 12
    endloop
  endfacet
  facet normal 0 0 1
    outer loop
      vertex 0 18 12
      vertex 26.706316067504883 11.230750938091074 12
      vertex 27 11.25 12
    endloop
  endfacet
  facet normal 0 1 0
    outer loop
      vertex 0 18 12
      vertex 36 18 12
      vertex 12 18 8
    endloop
  endfacet
  facet normal 0 0 -1
    outer loop
      vertex 0 0 0
      vertex 27 3.5 0
      vertex 36 0 0
    endloop
  endfacet
  facet normal 0 0 -1
    outer loop
      vertex 10.423504748063865 3.6874079554101247 0
      vertex 25.576495251936137 3.6874079554101247 0
      vertex 26.282105942789716 3.5470532624440425 0
    endloop
  endfacet
  facet normal 0 0 -1
    outer loop
      vertex 11.104758878007994 3.918662571187923 0
      vertex 24.895241121992008 3.918662571187923 0
      vertex 25.576495251936137 3.6874079554101247 0
    endloop
  endfacet
  facet normal 0 0 -1
    outer loop
      vertex 9.717894057210284 3.5470532624440425 0
      vertex 26.282105942789716 3.5470532624440425 0
      vertex 27 3.5 0
    endloop
  endfacet
  facet normal 0 0 -1
    outer loop
      vertex 11.75 4.236860279185588 0
      vertex 24.25 4.236860279185588 0
      vertex 24.895241121992008 3.918662571187923 0
    endloop
  endfacet
  facet normal 0 -1 0
    outer loop
      vertex 36 0 0
      vertex 24 0 3
      vertex 12 0 3
    endloop
  endfacet
  facet normal 0 0 -1
    outer loop
      vertex 12.348187859547963 4.636556628398207 0
      vertex 23.651812140452037 4.636556628398207 0
      vertex 24.25 4.236860279185588 0
    endloop
  endfacet
  facet normal 0 0 -1
    outer loop
      vertex 12.88908729652601 5.110912703473988 0
      vertex 23.11091270347399 5.110912703473988 0
      vertex 23.651812140452037 4.636556628398207 0
    endloop
  endfacet
  facet normal 0 0 -1
    outer loop
      vertex 13.363443371601793 5.651812140452036 0
      vertex 22.636556628398207 5.651812140452036 0
      vertex 23.11091270347399 5.110912703473988 0
    endloop
  endfacet
  facet normal 0 0 -1
    outer loop
      vertex 13.763139720814412 6.25 0
      vertex 22.23686027918559 6.25 0
      vertex 22.636556628398207 5.651812140452036 0
    endloop
  endfacet
  facet normal 0 0 -1
    outer loop
      vertex 14.081337428812077 6.895241121992006 0
      vertex 21.918662571187923 6.895241121992006 0
      vertex 22.23686027918559 6.25 0
    endloop
  endfacet
  facet normal 0 0 -1
    outer loop
      vertex 14.312592044589875 7.5764952519361355 0
      vertex 21.687407955410123 7.5764952519361355 0
      vertex 21.918662571187923 6.895241121992006 0
    endloop
  endfacet
  facet normal 0 0 -1
    outer loop
      vertex 14.312592044589875 7.5764952519361355 0
      vertex 21.54705326244404 8.282105942789716 0
      vertex 21.687407955410123 7.5764952519361355 0
    endloop
  endfacet
  facet normal 0 0 -1
    outer loop
      vertex 14.312592044589875 7.5764952519361355 0
      vertex 21.5 9 0
      vertex 21.54705326244404 8.282105942789716 0
    endloop
  endfacet
  facet normal 0 0 -1
    outer loop
      vertex 14.312592044589875 7.5764952519361355 0
      vertex 21.54705326244404 9.717894057210284 0
      vertex 21.5 9 0
    endloop
  endfacet
  facet normal 0 0 -1
    outer loop
      vertex 36 0 0
      vertex 27 3.5 0
      vertex 27.717894057210284 3.5470532624440425 0
    endloop
  endfacet
  facet normal 0 0 -1
    outer loop
      vertex 36 0 0
      vertex 27.717894057210284 3.5470532624440425 0
      vertex 28.423504748063863 3.6874079554101247 0
    endloop
  endfacet
  facet normal 0 0 -1
    outer loop
      vertex 36 0 0
      vertex 28.423504748063863 3.6874079554101247 0
      vertex 29.104758878007992 3.918662571187923 0
    endloop
  endfacet
  facet normal 0 0 -1
    outer loop
      vertex 36 0 0
      vertex 29.104758878007992 3.918662571187923 0
      vertex 29.75 4.236860279185588 0
    endloop
  endfacet
  facet normal 0 0 -1
    outer loop
      vertex 36 0 0
      vertex 29.75 4.236860279185588 0
      vertex 30.348187859547963 4.636556628398207 0
    endloop
  endfacet
  facet normal 0 0 -1
    outer loop
      vertex 36 0 0
      vertex 30.348187859547963 4.636556628398207 0
      vertex 30.88908729652601 5.110912703473988 0
    endloop
  endfacet
  facet normal 0 0 -1
    outer loop
      vertex 36 0 0
      vertex 30.88908729652601 5.110912703473988 0
      vertex 31.363443371601793 5.651812140452036 0
    endloop
  endfacet
  facet normal 0 0 -1
    outer loop
      vertex 36 0 0
      vertex 31.363443371601793 5.651812140452036 0
      vertex 31.76313972081441 6.25 0
    endloop
  endfacet
  facet normal 0 0 -1
    outer loop
      vertex 36 0 0
      vertex 31.76313972081441 6.25 0
      vertex 32.08133742881208 6.895241121992006 0
    endloop
  endfacet
  facet normal 0 -1 0
    outer loop
      vertex 36 0 0
      vertex 24 0 8
      vertex 24 0 3
    endloop
  endfacet
  facet normal 0 0 -1
    outer loop
      vertex 36 0 0
      vertex 32.08133742881208 6.895241121992006 0
      vertex 32.31259204458988 7.5764952519361355 0
    endloop
  endfacet
  facet normal 0 0 -1
    outer loop
      vertex 36 0 0
      vertex 32.31259204458988 7.5764952519361355 0
      vertex 32.452946737555955 8.282105942789716 0
    endloop
  endfacet
  facet normal 0 0 -1
    outer loop
      vertex 36 0 0
      vertex 32.452946737555955 8.282105942789716 0
      vertex 32.5 9 0
    endloop
  endfacet
  facet normal 0 0 -1
    outer loop
      vertex 36 0 0
      vertex 32.5 9 0
      vertex 32.452946737555955 9.717894057210284 0
    endloop
  endfacet
  facet normal 0 0 -1
    outer loop
      vertex 36 0 0
      vertex 32.452946737555955 9.717894057210284 0
      vertex 32.31259204458988 10.423504748063865 0
    endloop
  endfacet
  facet normal 1 0 0
    outer loop
      vertex 36 0 0
      vertex 36 18 0
      vertex 36 0 12
    endloop
  endfacet
  facet normal 0 -1 0
    outer loop
      vertex 0 0 12
      vertex 24 0 8
      vertex 36 0 12
    endloop
  endfacet
  facet normal 0 0 1
    outer loop
      vertex 36 0 12
      vertex 10.590990257669732 7.409009742330268 12
      vertex 10.369713215269622 7.214954984344721 12
    endloop
  endfacet
  facet normal 0 0 1
    outer loop
      vertex 36 0 12
      vertex 10.785045015655278 7.630286784730378 12
      vertex 10.590990257669732 7.409009742330268 12
    endloop
  endfacet
  facet normal 0 0 1
    outer loop
      vertex 36 0 12
      vertex 10.948557158514987 7.875 12
      vertex 10.785045015655278 7.630286784730378 12
    endloop
  endfacet
  facet normal 0 0 1
    outer loop
      vertex 36 0 12
      vertex 11.078728948150395 8.138962277178548 12
      vertex 10.948557158514987 7.875 12
    endloop
  endfacet
  facet normal 0 0 1
    outer loop
      vertex 36 0 12
      vertex 11.173333109150404 8.417657148519329 12
      vertex 11.078728948150395 8.138962277178548 12
    endloop
  endfacet
  facet normal 0 0 1
    outer loop
      vertex 36 0 12
      vertex 11.230750938091074 8.706316067504885 12
      vertex 11.173333109150404 8.417657148519329 12
    endloop
  endfacet
  facet normal 0 0 1
    outer loop
      vertex 36 0 12
      vertex 11.25 9 12
      vertex 11.230750938091074 8.706316067504885 12
    endloop
  endfacet
  facet normal 0 0 1
    outer loop
      vertex 36 0 12
      vertex 11.230750938091074 9.293683932495115 12
      vertex 11.25 9 12
    endloop
  endfacet
  facet normal 0 0 1
    outer loop
      vertex 36 0 12
      vertex 11.173333109150404 9.582342851480671 12
      vertex 11.230750938091074 9.293683932495115 12
    endloop
  endfacet
  facet normal 0 0 1
    outer loop
      vertex 36 0 12
      vertex 10.948557158514987 10.125 12
      vertex 11.078728948150395 9.861037722821452 12
    endloop
  endfacet
  facet normal 0 0 1
    outer loop
      vertex 36 0 12
      vertex 11.078728948150395 9.861037722821452 12
      vertex 11.173333109150404 9.582342851480671 12
    endloop
  endfacet
  facet normal 0 0 1
    outer loop
      vertex 36 0 12
      vertex 10.369713215269622 10.785045015655278 12
      vertex 10.590990257669732 10.590990257669732 12
    endloop
  endfacet
  facet normal 0 0 1
    outer loop
      vertex 36 0 12
      vertex 10.785045015655278 10.369713215269622 12
      vertex 10.948557158514987 10.125 12
    endloop
  endfacet
  facet normal 0 0 1
    outer loop
      vertex 36 0 12
      vertex 10.590990257669732 10.590990257669732 12
      vertex 10.785045015655278 10.369713215269622 12
    endloop
  endfacet
  facet normal 0 0 1
    outer loop
      vertex 0 18 12
      vertex 36 0 12
      vertex 25.63028678473038 7.214954984344721 12
    endloop
  endfacet
  facet normal 0 -1 0
    outer loop
      vertex 36 0 0
      vertex 36 0 12
      vertex 24 0 8
    endloop
  endfacet
  facet normal 0 0 1
    outer loop
      vertex 36 0 12
      vertex 25.875 7.051442841485013 12
      vertex 25.63028678473038 7.214954984344721 12
    endloop
  endfacet
  facet normal 0 0 1
    outer loop
      vertex 36 0 12
      vertex 26.41765714851933 6.826666890849596 12
      vertex 26.13896227717855 6.921271051849605 12
    endloop
  endfacet
  facet normal 0 0 1
    outer loop
      vertex 36 0 12
      vertex 26.13896227717855 6.921271051849605 12
      vertex 25.875 7.051442841485013 12
    endloop
  endfacet
  facet normal 0 0 1
    outer loop
      vertex 36 0 12
      vertex 26.706316067504883 6.769249061908926 12
      vertex 26.41765714851933 6.826666890849596 12
    endloop
  endfacet
  facet normal 0 0 1
    outer loop
      vertex 36 0 12
      vertex 27 6.75 12
      vertex 26.706316067504883 6.769249061908926 12
    endloop
  endfacet
  facet normal 0 0 1
    outer loop
      vertex 36 0 12
      vertex 27.293683932495117 6.769249061908926 12
      vertex 27 6.75 12
    endloop
  endfacet
  facet normal 0 0 1
    outer loop
      vertex 36 0 12
      vertex 27.58234285148067 6.826666890849596 12
      vertex 27.293683932495117 6.769249061908926 12
    endloop
  endfacet
  facet normal 0 0 1
    outer loop
      vertex 36 0 12
      vertex 27.86103772282145 6.921271051849605 12
      vertex 27.58234285148067 6.826666890849596 12
    endloop
  endfacet
  facet normal 0 0 1
    outer loop
      vertex 36 0 12
      vertex 28.125 7.051442841485013 12
      vertex 27.86103772282145 6.921271051849605 12
    endloop
  endfacet
  facet normal 0 0 1
    outer loop
      vertex 36 0 12
      vertex 28.36971321526962 7.214954984344721 12
      vertex 28.125 7.051442841485013 12
    endloop
  endfacet
  facet normal 0 0 1
    outer loop
      vertex 36 0 12
      vertex 28.59099025766973 7.409009742330268 12
      vertex 28.36971321526962 7.214954984344721 12
    endloop
  endfacet
  facet normal 0 0 1
    outer loop
      vertex 36 0 12
      vertex 28.785045015655278 7.630286784730378 12
      vertex 28.59099025766973 7.409009742330268 12
    endloop
  endfacet
  facet normal 0 0 1
    outer loop
      vertex 36 0 12
      vertex 28.948557158514987 7.875 12
      vertex 28.785045015655278 7.630286784730378 12
    endloop
  endfacet
  facet normal 0 0 1
    outer loop
      vertex 36 0 12
      vertex 29.078728948150395 8.138962277178548 12
      vertex 28.948557158514987 7.875 12
    endloop
  endfacet
  facet normal 0 0 1
    outer loop
      vertex 36 0 12
      vertex 29.173333109150406 8.417657148519329 12
      vertex 29.078728948150395 8.138962277178548 12
    endloop
  endfacet
  facet normal 0 0 1
    outer loop
      vertex 36 0 12
      vertex 29.230750938091074 8.706316067504885 12
      vertex 29.173333109150406 8.417657148519329 12
    endloop
  endfacet
  facet normal 0 0 1
    outer loop
      vertex 36 0 12
      vertex 29.25 9 12
      vertex 29.230750938091074 8.706316067504885 12
    endloop
  endfacet
  facet normal 0 0 -1
    outer loop
      vertex 14.312592044589875 7.5764952519361355 0
      vertex 21.687407955410123 10.423504748063865 0
      vertex 21.54705326244404 9.717894057210284 0
    endloop
  endfacet
  facet normal 0 0 -1
    outer loop
      vertex 14.081337428812077 11.104758878007994 0
      vertex 21.918662571187923 11.104758878007994 0
      vertex 21.687407955410123 10.423504748063865 0
    endloop
  endfacet
  facet normal 0 0 -1
    outer loop
      vertex 13.763139720814412 11.75 0
      vertex 22.23686027918559 11.75 0
      vertex 21.918662571187923 11.104758878007994 0
    endloop
  endfacet
  facet normal 0 0 -1
    outer loop
      vertex 13.363443371601793 12.348187859547963 0
      vertex 22.636556628398207 12.348187859547963 0
      vertex 22.23686027918559 11.75 0
    endloop
  endfacet
  facet normal 0 0 -1
    outer loop
      vertex 12.88908729652601 12.88908729652601 0
      vertex 23.11091270347399 12.88908729652601 0
      vertex 22.636556628398207 12.348187859547963 0
    endloop
  endfacet
  facet normal 0 0 -1
    outer loop
      vertex 12.348187859547963 13.363443371601793 0
      vertex 23.651812140452037 13.363443371601793 0
      vertex 23.11091270347399 12.88908729652601 0
    endloop
  endfacet
  facet normal 0 0 -1
    outer loop
      vertex 11.75 13.763139720814412 0
      vertex 24.25 13.763139720814412 0
      vertex 23.651812140452037 13.363443371601793 0
    endloop
  endfacet
  facet normal 0 0 -1
    outer loop
      vertex 11.104758878007994 14.081337428812077 0
      vertex 24.895241121992008 14.081337428812077 0
      vertex 24.25 13.763139720814412 0
    endloop
  endfacet
  facet normal 0 0 -1
    outer loop
      vertex 10.423504748063865 14.312592044589875 0
      vertex 25.576495251936137 14.312592044589875 0
      vertex 24.895241121992008 14.081337428812077 0
    endloop
  endfacet
  facet normal 0 0 -1
    outer loop
      vertex 9.717894057210284 14.452946737555958 0
      vertex 26.282105942789716 14.452946737555958 0
      vertex 25.576495251936137 14.312592044589875 0
    endloop
  endfacet
  facet normal 0 0 -1
    outer loop
      vertex 9 14.5 0
      vertex 27 14.5 0
      vertex 26.282105942789716 14.452946737555958 0
    endloop
  endfacet
  facet normal 0 1 0
    outer loop
      vertex 0 18 0
      vertex 24 18 3
      vertex 36 18 0
    endloop
  endfacet
  facet normal 0 0 -1
    outer loop
      vertex 36 18 0
      vertex 27 14.5 0
      vertex 9 14.5 0
    endloop
  endfacet
  facet normal 0 0 -1
    outer loop
      vertex 36 0 0
      vertex 32.31259204458988 10.423504748063865 0
      vertex 36 18 0
    endloop
  endfacet
  facet normal 0 0 -1
    outer loop
      vertex 36 18 0
      vertex 32.31259204458988 10.423504748063865 0
      vertex 32.08133742881208 11.104758878007994 0
    endloop
  endfacet
  facet normal 0 0 -1
    outer loop
      vertex 36 18 0
      vertex 27.717894057210284 14.452946737555958 0
      vertex 27 14.5 0
    endloop
  endfacet
  facet normal 0 0 -1
    outer loop
      vertex 36 18 0
      vertex 28.423504748063863 14.312592044589875 0
      vertex 27.717894057210284 14.452946737555958 0
    endloop
  endfacet
  facet normal 0 0 -1
    outer loop
      vertex 36 18 0
      vertex 29.104758878007992 14.081337428812077 0
      vertex 28.423504748063863 14.312592044589875 0
    endloop
  endfacet
  facet normal 0 0 -1
    outer loop
      vertex 36 18 0
      vertex 31.76313972081441 11.75 0
      vertex 31.363443371601793 12.348187859547963 0
    endloop
  endfacet
  facet normal 0 0 -1
    outer loop
      vertex 36 18 0
      vertex 32.08133742881208 11.104758878007994 0
      vertex 31.76313972081441 11.75 0
    endloop
  endfacet
  facet normal 0 0 -1
    outer loop
      vertex 36 18 0
      vertex 31.363443371601793 12.348187859547963 0
      vertex 30.88908729652601 12.88908729652601 0
    endloop
  endfacet
  facet normal 0 0 -1
    outer loop
      vertex 36 18 0
      vertex 30.348187859547963 13.363443371601793 0
      vertex 29.75 13.763139720814412 0
    endloop
  endfacet
  facet normal 0 0 -1
    outer loop
      vertex 36 18 0
      vertex 30.88908729652601 12.88908729652601 0
      vertex 30.348187859547963 13.363443371601793 0
    endloop
  endfacet
  facet normal 0 0 -1
    outer loop
      vertex 36 18 0
      vertex 29.75 13.763139720814412 0
      vertex 29.104758878007992 14.081337428812077 0
    endloop
  endfacet
  facet normal 0 1 0
    outer loop
      vertex 36 18 0
      vertex 24 18 3
      vertex 24 18 8
    endloop
  endfacet
  facet normal 0 0 1
    outer loop
      vertex 0 18 12
      vertex 27 11.25 12
      vertex 27.293683932495117 11.230750938091074 12
    endloop
  endfacet
  facet normal 0 0 1
    outer loop
      vertex 0 18 12
      vertex 27.293683932495117 11.230750938091074 12
      vertex 27.58234285148067 11.173333109150404 12
    endloop
  endfacet
  facet normal 0 0 1
    outer loop
      vertex 0 18 12
      vertex 27.58234285148067 11.173333109150404 12
      vertex 36 18 12
    endloop
  endfacet
  facet normal 0 1 0
    outer loop
      vertex 36 18 12
      vertex 24 18 8
      vertex 12 18 8
    endloop
  endfacet
  facet normal 1 0 0
    outer loop
      vertex 36 0 12
      vertex 36 18 0
      vertex 36 18 12
    endloop
  endfacet
  facet normal 0 0 1
    outer loop
      vertex 36 18 12
      vertex 29.230750938091074 9.293683932495115 12
      vertex 29.25 9 12
    endloop
  endfacet
  facet normal 0 0 1
    outer loop
      vertex 36 18 12
      vertex 29.173333109150406 9.582342851480671 12
      vertex 29.230750938091074 9.293683932495115 12
    endloop
  endfacet
  facet normal 0 0 1
    outer loop
      vertex 36 18 12
      vertex 29.078728948150395 9.861037722821452 12
      vertex 29.173333109150406 9.582342851480671 12
    endloop
  endfacet
  facet normal 0 0 1
    outer loop
      vertex 36 18 12
      vertex 28.948557158514987 10.125 12
      vertex 29.078728948150395 9.861037722821452 12
    endloop
  endfacet
  facet normal 0 0 1
    outer loop
      vertex 36 18 12
      vertex 28.785045015655278 10.369713215269622 12
      vertex 28.948557158514987 10.125 12
    endloop
  endfacet
  facet normal 0 0 1
    outer loop
      vertex 36 18 12
      vertex 27.58234285148067 11.173333109150404 12
      vertex 27.86103772282145 11.078728948150395 12
    endloop
  endfacet
  facet normal 0 0 1
    outer loop
      vertex 36 18 12
      vertex 27.86103772282145 11.078728948150395 12
      vertex 28.125 10.948557158514987 12
    endloop
  endfacet
  facet normal 0 0 1
    outer loop
      vertex 36 18 12
      vertex 28.125 10.948557158514987 12
      vertex 28.36971321526962 10.785045015655278 12
    endloop
  endfacet
  facet normal 0 0 1
    outer loop
      vertex 36 18 12
      vertex 28.59099025766973 10.590990257669732 12
      vertex 28.785045015655278 10.369713215269622 12
    endloop
  endfacet
  facet normal 0 0 1
    outer loop
      vertex 36 18 12
      vertex 28.36971321526962 10.785045015655278 12
      vertex 28.59099025766973 10.590990257669732 12
    endloop
  endfacet
  facet normal 0 0 1
    outer loop
      vertex 36 0 12
      vertex 36 18 12
      vertex 29.25 9 12
    endloop
  endfacet
  facet normal 0 1 0
    outer loop
      vertex 36 18 0
      vertex 24 18 8
      vertex 36 18 12
    endloop
  endfacet
  facet normal 1 0 0
    outer loop
      vertex 12 4.403904938665413 3
      vertex 12 0 8
      vertex 12 0 3
    endloop
  endfacet
  facet normal 0 0 1
    outer loop
      vertex 12 4.403904938665413 3
      vertex 12 0 3
      vertex 12.348187859547963 4.636556628398207 3
    endloop
  endfacet
  facet normal 0 0 1
    outer loop
      vertex 12.348187859547963 4.636556628398207 3
      vertex 12 0 3
      vertex 12.88908729652601 5.110912703473988 3
    endloop
  endfacet
  facet normal 0 0 1
    outer loop
      vertex 12.88908729652601 5.110912703473988 3
      vertex 12 0 3
      vertex 13.363443371601793 5.651812140452036 3
    endloop
  endfacet
  facet normal 0 0 1
    outer loop
      vertex 13.363443371601793 5.651812140452036 3
      vertex 12 0 3
      vertex 24 18 3
    endloop
  endfacet
  facet normal 1 0 0
    outer loop
      vertex 12 4.403904938665413 3
      vertex 12 4.403904938665413 7.010000000000001
      vertex 12 0 8
    endloop
  endfacet
  facet normal 1 0 0
    outer loop
      vertex 12 4.403904938665413 7.010000000000001
      vertex 12 7.267949192431122 7.779827876786557
      vertex 12 0 8
    endloop
  endfacet
  facet normal 0 0 -1
    outer loop
      vertex 12 7.764039009925151 8
      vertex 24 0 8
      vertex 12 0 8
    endloop
  endfacet
  facet normal 1 0 0
    outer loop
      vertex 12 4.403904938665413 7.010000000000001
      vertex 12 6.018979923290858 7.010000000000001
      vertex 12 6.698019036063118 7.460925671759053
    endloop
  endfacet
  facet normal 1 0 0
    outer loop
      vertex 12 4.403904938665413 7.010000000000001
      vertex 12 6.698019036063118 7.460925671759053
      vertex 12 7.267949192431122 7.779827876786557
    endloop
  endfacet
  facet normal 1 0 0
    outer loop
      vertex 12 7.267949192431122 7.779827876786557
      vertex 12 7.757359312880715 7.997837516118432
      vertex 12 0 8
    endloop
  endfacet
  facet normal 1 0 0
    outer loop
      vertex 12 7.764039009925151 8
      vertex 12 0 8
      vertex 12 7.757359312880715 7.997837516118432
    endloop
  endfacet
  facet normal 0 0 -1
    outer loop
      vertex 12 7.764039009925151 8
      vertex 12.134453334313656 8.160125760357616 8
      vertex 24 0 8
    endloop
  endfacet
  facet normal 0 0 -1
    outer loop
      vertex 12.134453334313656 8.160125760357616 8
      vertex 12.217263237965511 8.57643925932573 8
      vertex 24 0 8
    endloop
  endfacet
  facet normal 0 0 -1
    outer loop
      vertex 12.217263237965511 8.57643925932573 8
      vertex 12.24502487562189 9 8
      vertex 24 0 8
    endloop
  endfacet
  facet normal 0 0 -1
    outer loop
      vertex 12.24502487562189 9 8
      vertex 12.217263237965511 9.42356074067427 8
      vertex 24 0 8
    endloop
  endfacet
  facet normal 0 0 -1
    outer loop
      vertex 12.217263237965511 9.42356074067427 8
      vertex 12.134453334313656 9.839874239642384 8
      vertex 24 0 8
    endloop
  endfacet
  facet normal 0 0 -1
    outer loop
      vertex 12 10.235960990074851 8
      vertex 24 0 8
      vertex 12.134453334313656 9.839874239642384 8
    endloop
  endfacet
  facet normal 0 0 1
    outer loop
      vertex 13.363443371601793 5.651812140452036 3
      vertex 24 18 3
      vertex 13.763139720814412 6.25 3
    endloop
  endfacet
  facet normal 0 0 1
    outer loop
      vertex 13.763139720814412 6.25 3
      vertex 24 18 3
      vertex 14.081337428812077 6.895241121992006 3
    endloop
  endfacet
  facet normal 0 0 1
    outer loop
      vertex 14.081337428812077 6.895241121992006 3
      vertex 24 18 3
      vertex 14.312592044589875 7.5764952519361355 3
    endloop
  endfacet
  facet normal 0 0 1
    outer loop
      vertex 14.312592044589875 7.5764952519361355 3
      vertex 24 18 3
      vertex 14.452946737555958 8.282105942789716 3
    endloop
  endfacet
  facet normal 0 0 1
    outer loop
      vertex 14.452946737555958 8.282105942789716 3
      vertex 24 18 3
      vertex 14.5 9 3
    endloop
  endfacet
  facet normal 0 0 1
    outer loop
      vertex 14.5 9 3
      vertex 24 18 3
      vertex 14.452946737555958 9.717894057210284 3
    endloop
  endfacet
  facet normal 0 0 1
    outer loop
      vertex 14.312592044589875 10.423504748063865 3
      vertex 14.452946737555958 9.717894057210284 3
      vertex 24 18 3
    endloop
  endfacet
  facet normal 0 0 1
    outer loop
      vertex 14.312592044589875 10.423504748063865 3
      vertex 24 18 3
      vertex 14.081337428812077 11.104758878007994 3
    endloop
  endfacet
  facet normal 1 0 0
    outer loop
      vertex 12 13.596095061334587 3
      vertex 12 18 3
      vertex 12 13.596095061334587 7.010000000000001
    endloop
  endfacet
  facet normal 0 0 1
    outer loop
      vertex 13.363443371601793 12.348187859547963 3
      vertex 24 18 3
      vertex 12.88908729652601 12.88908729652601 3
    endloop
  endfacet
  facet normal 0 0 1
    outer loop
      vertex 14.081337428812077 11.104758878007994 3
      vertex 24 18 3
      vertex 13.763139720814412 11.75 3
    endloop
  endfacet
  facet normal 0 0 1
    outer loop
      vertex 13.363443371601793 12.348187859547963 3
      vertex 13.763139720814412 11.75 3
      vertex 24 18 3
    endloop
  endfacet
  facet normal 0 0 1
    outer loop
      vertex 12.348187859547963 13.363443371601793 3
      vertex 24 18 3
      vertex 12 13.596095061334587 3
    endloop
  endfacet
  facet normal 0 0 1
    outer loop
      vertex 12.348187859547963 13.363443371601793 3
      vertex 12.88908729652601 12.88908729652601 3
      vertex 24 18 3
    endloop
  endfacet
  facet normal 0 0 1
    outer loop
      vertex 12 13.596095061334587 3
      vertex 24 18 3
      vertex 12 18 3
    endloop
  endfacet
  facet normal 1 0 0
    outer loop
      vertex 12 11.301980963936881 7.460925671759053
      vertex 12 13.596095061334587 7.010000000000001
      vertex 12 10.732050807568877 7.779827876786557
    endloop
  endfacet
  facet normal 1 0 0
    outer loop
      vertex 12 11.301980963936881 7.460925671759053
      vertex 12 11.981020076709143 7.010000000000001
      vertex 12 13.596095061334587 7.010000000000001
    endloop
  endfacet
  facet normal 1 0 0
    outer loop
      vertex 12 10.242640687119286 7.997837516118432
      vertex 12 10.732050807568877 7.779827876786557
      vertex 12 13.596095061334587 7.010000000000001
    endloop
  endfacet
  facet normal 1 0 0
    outer loop
      vertex 12 10.235960990074851 8
      vertex 12 10.242640687119286 7.997837516118432
      vertex 12 18 8
    endloop
  endfacet
  facet normal 0 0 -1
    outer loop
      vertex 12 10.235960990074851 8
      vertex 12 18 8
      vertex 24 0 8
    endloop
  endfacet
  facet normal 1 0 0
    outer loop
      vertex 12 10.242640687119286 7.997837516118432
      vertex 12 13.596095061334587 7.010000000000001
      vertex 12 18 8
    endloop
  endfacet
  facet normal 1 0 0
    outer loop
      vertex 12 13.596095061334587 7.010000000000001
      vertex 12 18 3
      vertex 12 18 8
    endloop
  endfacet
  facet normal 0 0 1
    outer loop
      vertex 24 4.403904938665413 3
      vertex 12 0 3
      vertex 24 0 3
    endloop
  endfacet
  facet normal 0 0 1
    outer loop
      vertex 23.11091270347399 5.110912703473988 3
      vertex 12 0 3
      vertex 23.651812140452037 4.636556628398207 3
    endloop
  endfacet
  facet normal 0 0 1
    outer loop
      vertex 24 4.403904938665413 3
      vertex 23.651812140452037 4.636556628398207 3
      vertex 12 0 3
    endloop
  endfacet
  facet normal 0 0 1
    outer loop
      vertex 22.23686027918559 6.25 3
      vertex 12 0 3
      vertex 22.636556628398207 5.651812140452036 3
    endloop
  endfacet
  facet normal 0 0 1
    outer loop
      vertex 22.23686027918559 6.25 3
      vertex 21.918662571187923 6.895241121992006 3
      vertex 12 0 3
    endloop
  endfacet
  facet normal 0 0 1
    outer loop
      vertex 23.11091270347399 5.110912703473988 3
      vertex 22.636556628398207 5.651812140452036 3
      vertex 12 0 3
    endloop
  endfacet
  facet normal -1 0 0
    outer loop
      vertex 24 4.403904938665413 3
      vertex 24 0 3
      vertex 24 4.403904938665413 7.010000000000001
    endloop
  endfacet
  facet normal 0 0 1
    outer loop
      vertex 21.918662571187923 6.895241121992006 3
      vertex 21.687407955410123 7.5764952519361355 3
      vertex 12 0 3
    endloop
  endfacet
  facet normal 0 0 1
    outer loop
      vertex 21.54705326244404 8.282105942789716 3
      vertex 12 0 3
      vertex 21.687407955410123 7.5764952519361355 3
    endloop
  endfacet
  facet normal 0 0 1
    outer loop
      vertex 21.54705326244404 8.282105942789716 3
      vertex 21.5 9 3
      vertex 12 0 3
    endloop
  endfacet
  facet normal 0 0 1
    outer loop
      vertex 21.5 9 3
      vertex 21.54705326244404 9.717894057210284 3
      vertex 12 0 3
    endloop
  endfacet
  facet normal 0 0 1
    outer loop
      vertex 21.54705326244404 9.717894057210284 3
      vertex 21.687407955410123 10.423504748063865 3
      vertex 12 0 3
    endloop
  endfacet
  facet normal 0 0 1
    outer loop
      vertex 21.687407955410123 10.423504748063865 3
      vertex 21.918662571187923 11.104758878007994 3
      vertex 12 0 3
    endloop
  endfacet
  facet normal 0 0 1
    outer loop
      vertex 21.918662571187923 11.104758878007994 3
      vertex 22.23686027918559 11.75 3
      vertex 12 0 3
    endloop
  endfacet
  facet normal 0 0 1
    outer loop
      vertex 22.23686027918559 11.75 3
      vertex 22.636556628398207 12.348187859547963 3
      vertex 12 0 3
    endloop
  endfacet
  facet normal -1 0 0
    outer loop
      vertex 24 4.403904938665413 7.010000000000001
      vertex 24 0 3
      vertex 24 0 8
    endloop
  endfacet
  facet normal -1 0 0
    outer loop
      vertex 24 4.403904938665413 7.010000000000001
      vertex 24 0 8
      vertex 24 7.757359312880714 7.997837516118431
    endloop
  endfacet
  facet normal 0 0 -1
    outer loop
      vertex 24 7.764039009925153 8
      vertex 24 0 8
      vertex 12 18 8
    endloop
  endfacet
  facet normal -1 0 0
    outer loop
      vertex 24 4.403904938665413 7.010000000000001
      vertex 24 6.698019036063117 7.4609256717590515
      vertex 24 6.01897992329086 7.010000000000001
    endloop
  endfacet
  facet normal -1 0 0
    outer loop
      vertex 24 4.403904938665413 7.010000000000001
      vertex 24 7.267949192431122 7.779827876786555
      vertex 24 6.698019036063117 7.4609256717590515
    endloop
  endfacet
  facet normal -1 0 0
    outer loop
      vertex 24 7.764039009925153 8
      vertex 24 7.757359312880714 7.997837516118431
      vertex 24 0 8
    endloop
  endfacet
  facet normal -1 0 0
    outer loop
      vertex 24 4.403904938665413 7.010000000000001
      vertex 24 7.757359312880714 7.997837516118431
      vertex 24 7.267949192431122 7.779827876786555
    endloop
  endfacet
  facet normal 0 0 1
    outer loop
      vertex 22.636556628398207 12.348187859547963 3
      vertex 24 18 3
      vertex 12 0 3
    endloop
  endfacet
  facet normal 0 0 1
    outer loop
      vertex 22.636556628398207 12.348187859547963 3
      vertex 23.11091270347399 12.88908729652601 3
      vertex 24 18 3
    endloop
  endfacet
  facet normal 0 0 1
    outer loop
      vertex 23.11091270347399 12.88908729652601 3
      vertex 23.651812140452037 13.363443371601793 3
      vertex 24 18 3
    endloop
  endfacet
  facet normal 0 0 1
    outer loop
      vertex 23.651812140452037 13.363443371601793 3
      vertex 24 13.596095061334587 3
      vertex 24 18 3
    endloop
  endfacet
  facet normal -1 0 0
    outer loop
      vertex 24 13.596095061334587 3
      vertex 24 18 8
      vertex 24 18 3
    endloop
  endfacet
  facet normal 0 0 -1
    outer loop
      vertex 23.865546665686345 8.160125760357616 8
      vertex 24 7.764039009925153 8
      vertex 12 18 8
    endloop
  endfacet
  facet normal 0 0 -1
    outer loop
      vertex 23.865546665686345 8.160125760357616 8
      vertex 12 18 8
      vertex 23.78273676203449 8.57643925932573 8
    endloop
  endfacet
  facet normal 0 0 -1
    outer loop
      vertex 23.78273676203449 8.57643925932573 8
      vertex 12 18 8
      vertex 23.75497512437811 9 8
    endloop
  endfacet
  facet normal 0 0 -1
    outer loop
      vertex 23.75497512437811 9 8
      vertex 12 18 8
      vertex 23.78273676203449 9.42356074067427 8
    endloop
  endfacet
  facet normal 0 0 -1
    outer loop
      vertex 23.78273676203449 9.42356074067427 8
      vertex 12 18 8
      vertex 23.865546665686345 9.839874239642384 8
    endloop
  endfacet
  facet normal 0 0 -1
    outer loop
      vertex 23.865546665686345 9.839874239642384 8
      vertex 12 18 8
      vertex 24 10.235960990074847 8
    endloop
  endfacet
  facet normal -1 0 0
    outer loop
      vertex 24 11.301980963936883 7.4609256717590515
      vertex 24 10.732050807568879 7.779827876786555
      vertex 24 13.596095061334587 7.010000000000001
    endloop
  endfacet
  facet normal -1 0 0
    outer loop
      vertex 24 11.301980963936883 7.4609256717590515
      vertex 24 13.596095061334587 7.010000000000001
      vertex 24 11.98102007670914 7.010000000000001
    endloop
  endfacet
  facet normal -1 0 0
    outer loop
      vertex 24 10.235960990074847 8
      vertex 24 18 8
      vertex 24 10.242640687119286 7.997837516118431
    endloop
  endfacet
  facet normal -1 0 0
    outer loop
      vertex 24 10.242640687119286 7.997837516118431
      vertex 24 18 8
      vertex 24 10.732050807568879 7.779827876786555
    endloop
  endfacet
  facet normal 0 0 -1
    outer loop
      vertex 24 10.235960990074847 8
      vertex 12 18 8
      vertex 24 18 8
    endloop
  endfacet
  facet normal -1 0 0
    outer loop
      vertex 24 13.596095061334587 3
      vertex 24 13.596095061334587 7.010000000000001
      vertex 24 18 8
    endloop
  endfacet
  facet normal -1 0 0
    outer loop
      vertex 24 10.732050807568879 7.779827876786555
      vertex 24 18 8
      vertex 24 13.596095061334587 7.010000000000001
    endloop
  endfacet
endsolid OpenSCAD_Model
